date,ghi
2012-12-11 16:00:00,
2012-12-11 17:00:00,
2012-12-11 18:00:00,
2012-12-11 19:00:00,
2012-12-11 20:00:00,
2012-12-11 21:00:00,
2012-12-11 22:00:00,
2012-12-11 23:00:00,
2012-12-12 00:00:00,
2012-12-12 01:00:00,
2012-12-12 02:00:00,
2012-12-12 03:00:00,
2012-12-12 04:00:00,
2012-12-12 05:00:00,
2012-12-12 06:00:00,
2012-12-12 07:00:00,
2012-12-12 08:00:00,
2012-12-12 09:00:00,
2012-12-12 10:00:00,168.31788079470198
2012-12-12 11:00:00,402.48233995584985
2012-12-12 12:00:00,629.6479028697572
2012-12-12 13:00:00,825.6291390728477
2012-12-12 14:00:00,965.3200883002207
2012-12-12 15:00:00,1040.916114790287
2012-12-12 16:00:00,1055.6291390728477
2012-12-12 17:00:00,1011.7218543046358
2012-12-12 18:00:00,906.7218543046358
2012-12-12 19:00:00,642.7119205298012
2012-12-12 20:00:00,430.63576158940396
2012-12-12 21:00:00,262.4128035320088
2012-12-12 22:00:00,13.054083885209712
2012-12-12 23:00:00,
2012-12-13 00:00:00,
2012-12-13 01:00:00,
2012-12-13 02:00:00,
2012-12-13 03:00:00,
2012-12-13 04:00:00,
2012-12-13 05:00:00,
2012-12-13 06:00:00,
2012-12-13 07:00:00,
2012-12-13 08:00:00,
2012-12-13 09:00:00,
2012-12-13 10:00:00,121.47682119205298
2012-12-13 11:00:00,402.81456953642385
2012-12-13 12:00:00,663.6578366445916
2012-12-13 13:00:00,742.1379690949227
2012-12-13 14:00:00,898.9304635761589
2012-12-13 15:00:00,904.5386313465784
2012-12-13 16:00:00,1060.7836644591612
2012-12-13 17:00:00,713.4470198675497
2012-12-13 18:00:00,599.6975717439293
2012-12-13 19:00:00,460.5805739514348
2012-12-13 20:00:00,142.50883002207505
2012-12-13 21:00:00,119.52869757174393
2012-12-13 22:00:00,48.41059602649007
2012-12-13 23:00:00,
2012-12-14 00:00:00,
2012-12-14 01:00:00,
2012-12-14 02:00:00,
2012-12-14 03:00:00,
2012-12-14 04:00:00,
2012-12-14 05:00:00,
2012-12-14 06:00:00,
2012-12-14 07:00:00,
2012-12-14 08:00:00,
2012-12-14 09:00:00,
2012-12-14 10:00:00,184.15783664459158
2012-12-14 11:00:00,411.7119205298013
2012-12-14 12:00:00,636.2251655629138
2012-12-14 13:00:00,825.5408388520971
2012-12-14 14:00:00,962.8366445916114
2012-12-14 15:00:00,1033.653421633554
2012-12-14 16:00:00,1046.7328918322296
2012-12-14 17:00:00,1004.7792494481236
2012-12-14 18:00:00,904.0397350993377
2012-12-14 19:00:00,747.0529801324503
2012-12-14 20:00:00,530.6026490066225
2012-12-14 21:00:00,289.81788079470203
2012-12-14 22:00:00,74.05739514348785
2012-12-14 23:00:00,
2012-12-15 00:00:00,
2012-12-15 01:00:00,
2012-12-15 02:00:00,
2012-12-15 03:00:00,
2012-12-15 04:00:00,
2012-12-15 05:00:00,
2012-12-15 06:00:00,
2012-12-15 07:00:00,
2012-12-15 08:00:00,
2012-12-15 09:00:00,
2012-12-15 10:00:00,164.93708609271522
2012-12-15 11:00:00,304.22185430463577
2012-12-15 12:00:00,665.5187637969095
2012-12-15 13:00:00,854.3487858719647
2012-12-15 14:00:00,993.2119205298012
2012-12-15 15:00:00,565.167770419426
2012-12-15 16:00:00,187.89293598233996
2012-12-15 17:00:00,820.4403973509933
2012-12-15 18:00:00,370.2295805739514
2012-12-15 19:00:00,210.95805739514347
2012-12-15 20:00:00,102.38520971302428
2012-12-15 21:00:00,77.86423841059603
2012-12-15 22:00:00,12.131346578366445
2012-12-15 23:00:00,
2012-12-16 00:00:00,
2012-12-16 01:00:00,
2012-12-16 02:00:00,
2012-12-16 03:00:00,
2012-12-16 04:00:00,
2012-12-16 05:00:00,
2012-12-16 06:00:00,
2012-12-16 07:00:00,
2012-12-16 08:00:00,
2012-12-16 09:00:00,
2012-12-16 10:00:00,184.73841059602648
2012-12-16 11:00:00,407.9381898454746
2012-12-16 12:00:00,632.51766004415
2012-12-16 13:00:00,822.6600441501104
2012-12-16 14:00:00,960.8167770419425
2012-12-16 15:00:00,1031.953642384106
2012-12-16 16:00:00,1045.4083885209714
2012-12-16 17:00:00,1011.7328918322295
2012-12-16 18:00:00,910.7064017660044
2012-12-16 19:00:00,772.0883002207505
2012-12-16 20:00:00,436.3962472406181
2012-12-16 21:00:00,307.6412803532009
2012-12-16 22:00:00,70.32339955849889
2012-12-16 23:00:00,
2012-12-17 00:00:00,
2012-12-17 01:00:00,
2012-12-17 02:00:00,
2012-12-17 03:00:00,
2012-12-17 04:00:00,
2012-12-17 05:00:00,
2012-12-17 06:00:00,
2012-12-17 07:00:00,
2012-12-17 08:00:00,
2012-12-17 09:00:00,
2012-12-17 10:00:00,180.9646799116998
2012-12-17 11:00:00,406.95584988962474
2012-12-17 12:00:00,627.4326710816778
2012-12-17 13:00:00,816.7218543046358
2012-12-17 14:00:00,964.4812362030905
2012-12-17 15:00:00,961.7593818984548
2012-12-17 16:00:00,1050.1434878587197
2012-12-17 17:00:00,1028.9271523178807
2012-12-17 18:00:00,963.9790286975717
2012-12-17 19:00:00,563.1578366445916
2012-12-17 20:00:00,313.4679911699779
2012-12-17 21:00:00,53.877483443708606
2012-12-17 22:00:00,20.34326710816777
2012-12-17 23:00:00,
2012-12-18 00:00:00,
2012-12-18 01:00:00,
2012-12-18 02:00:00,
2012-12-18 03:00:00,
2012-12-18 04:00:00,
2012-12-18 05:00:00,
2012-12-18 06:00:00,
2012-12-18 07:00:00,
2012-12-18 08:00:00,
2012-12-18 09:00:00,
2012-12-18 10:00:00,170.11037527593817
2012-12-18 11:00:00,406.4746136865342
2012-12-18 12:00:00,636.5496688741721
2012-12-18 13:00:00,829.8013245033112
2012-12-18 14:00:00,966.3907284768212
2012-12-18 15:00:00,1043.1015452538632
2012-12-18 16:00:00,1057.2406181015454
2012-12-18 17:00:00,1004.5364238410596
2012-12-18 18:00:00,872.6136865342163
2012-12-18 19:00:00,749.7682119205298
2012-12-18 20:00:00,540.1865342163355
2012-12-18 21:00:00,253.64348785871965
2012-12-18 22:00:00,26.281456953642383
2012-12-18 23:00:00,
2012-12-19 00:00:00,
2012-12-19 01:00:00,
2012-12-19 02:00:00,
2012-12-19 03:00:00,
2012-12-19 04:00:00,
2012-12-19 05:00:00,
2012-12-19 06:00:00,
2012-12-19 07:00:00,
2012-12-19 08:00:00,
2012-12-19 09:00:00,
2012-12-19 10:00:00,186.19757174392936
2012-12-19 11:00:00,430.4426048565121
2012-12-19 12:00:00,640.1214128035319
2012-12-19 13:00:00,837.4282560706401
2012-12-19 14:00:00,973.6865342163354
2012-12-19 15:00:00,1055.6401766004415
2012-12-19 16:00:00,1071.8543046357615
2012-12-19 17:00:00,1039.757174392936
2012-12-19 18:00:00,931.3576158940397
2012-12-19 19:00:00,766.1479028697572
2012-12-19 20:00:00,547.7626931567328
2012-12-19 21:00:00,191.72075055187636
2012-12-19 22:00:00,24.486754966887418
2012-12-19 23:00:00,
2012-12-20 00:00:00,
2012-12-20 01:00:00,
2012-12-20 02:00:00,
2012-12-20 03:00:00,
2012-12-20 04:00:00,
2012-12-20 05:00:00,
2012-12-20 06:00:00,
2012-12-20 07:00:00,
2012-12-20 08:00:00,
2012-12-20 09:00:00,
2012-12-20 10:00:00,116.7748344370861
2012-12-20 11:00:00,420.01434878587196
2012-12-20 12:00:00,653.774834437086
2012-12-20 13:00:00,855.176600441501
2012-12-20 14:00:00,978.0022075055188
2012-12-20 15:00:00,1030.8940397350993
2012-12-20 16:00:00,1041.5673289183223
2012-12-20 17:00:00,1003.6754966887418
2012-12-20 18:00:00,904.7240618101545
2012-12-20 19:00:00,690.8675496688742
2012-12-20 20:00:00,277.0176600441501
2012-12-20 21:00:00,47.833333333333336
2012-12-20 22:00:00,22.38852097130243
2012-12-20 23:00:00,
2012-12-21 00:00:00,
2012-12-21 01:00:00,
2012-12-21 02:00:00,
2012-12-21 03:00:00,
2012-12-21 04:00:00,
2012-12-21 05:00:00,
2012-12-21 06:00:00,
2012-12-21 07:00:00,
2012-12-21 08:00:00,
2012-12-21 09:00:00,
2012-12-21 10:00:00,99.80242825607064
2012-12-21 11:00:00,297.24944812362025
2012-12-21 12:00:00,492.3454746136865
2012-12-21 13:00:00,827.439293598234
2012-12-21 14:00:00,949.4260485651214
2012-12-21 15:00:00,1025.242825607064
2012-12-21 16:00:00,1036.0044150110375
2012-12-21 17:00:00,1001.6114790286975
2012-12-21 18:00:00,913.719646799117
2012-12-21 19:00:00,771.8520971302428
2012-12-21 20:00:00,350.5706401766004
2012-12-21 21:00:00,111.15894039735099
2012-12-21 22:00:00,44.74724061810154
2012-12-21 23:00:00,
2012-12-22 00:00:00,
2012-12-22 01:00:00,
2012-12-22 02:00:00,
2012-12-22 03:00:00,
2012-12-22 04:00:00,
2012-12-22 05:00:00,
2012-12-22 06:00:00,
2012-12-22 07:00:00,
2012-12-22 08:00:00,
2012-12-22 09:00:00,
2012-12-22 10:00:00,173.46357615894038
2012-12-22 11:00:00,392.97350993377484
2012-12-22 12:00:00,598.6004415011037
2012-12-22 13:00:00,804.9668874172186
2012-12-22 14:00:00,951.4238410596026
2012-12-22 15:00:00,1030.618101545254
2012-12-22 16:00:00,1018.7527593818984
2012-12-22 17:00:00,973.3664459161148
2012-12-22 18:00:00,920.5077262693156
2012-12-22 19:00:00,773.1015452538632
2012-12-22 20:00:00,503.1743929359823
2012-12-22 21:00:00,312.6655629139073
2012-12-22 22:00:00,88.89735099337749
2012-12-22 23:00:00,
2012-12-23 00:00:00,
2012-12-23 01:00:00,
2012-12-23 02:00:00,
2012-12-23 03:00:00,
2012-12-23 04:00:00,
2012-12-23 05:00:00,
2012-12-23 06:00:00,
2012-12-23 07:00:00,
2012-12-23 08:00:00,
2012-12-23 09:00:00,
2012-12-23 10:00:00,170.6887417218543
2012-12-23 11:00:00,392.71964679911696
2012-12-23 12:00:00,612.6854304635762
2012-12-23 13:00:00,799.5474613686533
2012-12-23 14:00:00,941.4238410596026
2012-12-23 15:00:00,1016.766004415011
2012-12-23 16:00:00,1028.5430463576158
2012-12-23 17:00:00,998.1346578366446
2012-12-23 18:00:00,909.5584988962472
2012-12-23 19:00:00,747.2185430463576
2012-12-23 20:00:00,455.0827814569536
2012-12-23 21:00:00,237.8024282560706
2012-12-23 22:00:00,45.49448123620309
2012-12-23 23:00:00,
2012-12-24 00:00:00,
2012-12-24 01:00:00,
2012-12-24 02:00:00,
2012-12-24 03:00:00,
2012-12-24 04:00:00,
2012-12-24 05:00:00,
2012-12-24 06:00:00,
2012-12-24 07:00:00,
2012-12-24 08:00:00,
2012-12-24 09:00:00,
2012-12-24 10:00:00,135.2626931567329
2012-12-24 11:00:00,385.0496688741722
2012-12-24 12:00:00,578.6545253863135
2012-12-24 13:00:00,767.5055187637969
2012-12-24 14:00:00,933.6644591611479
2012-12-24 15:00:00,1022.0971302428256
2012-12-24 16:00:00,1038.532008830022
2012-12-24 17:00:00,994.7130242825607
2012-12-24 18:00:00,907.3509933774834
2012-12-24 19:00:00,748.6534216335541
2012-12-24 20:00:00,549.0949227373069
2012-12-24 21:00:00,302.28256070640174
2012-12-24 22:00:00,102.32229580573951
2012-12-24 23:00:00,
2012-12-25 00:00:00,
2012-12-25 01:00:00,
2012-12-25 02:00:00,
2012-12-25 03:00:00,
2012-12-25 04:00:00,
2012-12-25 05:00:00,
2012-12-25 06:00:00,
2012-12-25 07:00:00,
2012-12-25 08:00:00,
2012-12-25 09:00:00,
2012-12-25 10:00:00,167.60485651214128
2012-12-25 11:00:00,373.31677704194254
2012-12-25 12:00:00,594.4094922737307
2012-12-25 13:00:00,798.0353200883002
2012-12-25 14:00:00,935.3752759381898
2012-12-25 15:00:00,1028.6865342163355
2012-12-25 16:00:00,842.2108167770419
2012-12-25 17:00:00,884.1920529801324
2012-12-25 18:00:00,901.7880794701986
2012-12-25 19:00:00,772.1523178807946
2012-12-25 20:00:00,366.91611479028694
2012-12-25 21:00:00,148.47019867549668
2012-12-25 22:00:00,69.56512141280353
2012-12-25 23:00:00,
2012-12-26 00:00:00,
2012-12-26 01:00:00,
2012-12-26 02:00:00,
2012-12-26 03:00:00,
2012-12-26 04:00:00,
2012-12-26 05:00:00,
2012-12-26 06:00:00,
2012-12-26 07:00:00,
2012-12-26 08:00:00,
2012-12-26 09:00:00,
2012-12-26 10:00:00,49.583885209713024
2012-12-26 11:00:00,140.80132450331126
2012-12-26 12:00:00,149.00110375275938
2012-12-26 13:00:00,92.56291390728477
2012-12-26 14:00:00,237.9569536423841
2012-12-26 15:00:00,413.1567328918322
2012-12-26 16:00:00,454.2549668874172
2012-12-26 17:00:00,355.5353200883002
2012-12-26 18:00:00,307.50220750551875
2012-12-26 19:00:00,270.52649006622516
2012-12-26 20:00:00,391.31456953642385
2012-12-26 21:00:00,205.8222958057395
2012-12-26 22:00:00,65.58388520971302
2012-12-26 23:00:00,
2012-12-27 00:00:00,
2012-12-27 01:00:00,
2012-12-27 02:00:00,
2012-12-27 03:00:00,
2012-12-27 04:00:00,
2012-12-27 05:00:00,
2012-12-27 06:00:00,
2012-12-27 07:00:00,
2012-12-27 08:00:00,
2012-12-27 09:00:00,
2012-12-27 10:00:00,44.960264900662246
2012-12-27 11:00:00,186.16114790286974
2012-12-27 12:00:00,502.08940397350995
2012-12-27 13:00:00,853.2726269315673
2012-12-27 14:00:00,962.8697571743928
2012-12-27 15:00:00,1025.8278145695363
2012-12-27 16:00:00,1042.0750551876379
2012-12-27 17:00:00,1008.3112582781456
2012-12-27 18:00:00,913.5982339955849
2012-12-27 19:00:00,757.4061810154525
2012-12-27 20:00:00,560.1953642384105
2012-12-27 21:00:00,329.32450331125824
2012-12-27 22:00:00,101.2991169977925
2012-12-27 23:00:00,
2012-12-28 00:00:00,
2012-12-28 01:00:00,
2012-12-28 02:00:00,
2012-12-28 03:00:00,
2012-12-28 04:00:00,
2012-12-28 05:00:00,
2012-12-28 06:00:00,
2012-12-28 07:00:00,
2012-12-28 08:00:00,
2012-12-28 09:00:00,
2012-12-28 10:00:00,156.68322295805737
2012-12-28 11:00:00,387.0099337748344
2012-12-28 12:00:00,613.1291390728477
2012-12-28 13:00:00,807.1412803532008
2012-12-28 14:00:00,950.055187637969
2012-12-28 15:00:00,1033.2891832229582
2012-12-28 16:00:00,1053.1236203090507
2012-12-28 17:00:00,1026.7549668874171
2012-12-28 18:00:00,928.4878587196467
2012-12-28 19:00:00,770.0110375275939
2012-12-28 20:00:00,563.2052980132449
2012-12-28 21:00:00,306.719646799117
2012-12-28 22:00:00,37.650110375275936
2012-12-28 23:00:00,
2012-12-29 00:00:00,
2012-12-29 01:00:00,
2012-12-29 02:00:00,
2012-12-29 03:00:00,
2012-12-29 04:00:00,
2012-12-29 05:00:00,
2012-12-29 06:00:00,
2012-12-29 07:00:00,
2012-12-29 08:00:00,
2012-12-29 09:00:00,
2012-12-29 10:00:00,153.401766004415
2012-12-29 11:00:00,380.89183222958053
2012-12-29 12:00:00,603.3973509933774
2012-12-29 13:00:00,798.2119205298012
2012-12-29 14:00:00,949.2935982339955
2012-12-29 15:00:00,1026.9094922737306
2012-12-29 16:00:00,1047.373068432671
2012-12-29 17:00:00,1017.1456953642385
2012-12-29 18:00:00,933.0573951434877
2012-12-29 19:00:00,771.6114790286975
2012-12-29 20:00:00,462.89072847682115
2012-12-29 21:00:00,139.08388520971303
2012-12-29 22:00:00,15.364238410596025
2012-12-29 23:00:00,
2012-12-30 00:00:00,
2012-12-30 01:00:00,
2012-12-30 02:00:00,
2012-12-30 03:00:00,
2012-12-30 04:00:00,
2012-12-30 05:00:00,
2012-12-30 06:00:00,
2012-12-30 07:00:00,
2012-12-30 08:00:00,
2012-12-30 09:00:00,
2012-12-30 10:00:00,146.205298013245
2012-12-30 11:00:00,374.3090507726269
2012-12-30 12:00:00,590.2317880794702
2012-12-30 13:00:00,790.2980132450331
2012-12-30 14:00:00,930.7064017660044
2012-12-30 15:00:00,1020.4966887417218
2012-12-30 16:00:00,1033.5651214128036
2012-12-30 17:00:00,1003.9845474613686
2012-12-30 18:00:00,923.41059602649
2012-12-30 19:00:00,573.9238410596026
2012-12-30 20:00:00,317.33885209713026
2012-12-30 21:00:00,113.54856512141279
2012-12-30 22:00:00,19.658940397350992
2012-12-30 23:00:00,
2012-12-31 00:00:00,
2012-12-31 01:00:00,
2012-12-31 02:00:00,
2012-12-31 03:00:00,
2012-12-31 04:00:00,
2012-12-31 05:00:00,
2012-12-31 06:00:00,
2012-12-31 07:00:00,
2012-12-31 08:00:00,
2012-12-31 09:00:00,
2012-12-31 10:00:00,149.77593818984548
2012-12-31 11:00:00,379.6490066225166
2012-12-31 12:00:00,605.439293598234
2012-12-31 13:00:00,803.6534216335541
2012-12-31 14:00:00,954.7350993377482
2012-12-31 15:00:00,1032.7152317880796
2012-12-31 16:00:00,1056.0706401766004
2012-12-31 17:00:00,1004.3863134657837
2012-12-31 18:00:00,869.6832229580574
2012-12-31 19:00:00,734.0916114790286
2012-12-31 20:00:00,255.3465783664459
2012-12-31 21:00:00,115.80463576158941
2012-12-31 22:00:00,43.745033112582774
2012-12-31 23:00:00,
2013-01-01 00:00:00,
2013-01-01 01:00:00,
2013-01-01 02:00:00,
2013-01-01 03:00:00,
2013-01-01 04:00:00,
2013-01-01 05:00:00,
2013-01-01 06:00:00,
2013-01-01 07:00:00,
2013-01-01 08:00:00,
2013-01-01 09:00:00,
2013-01-01 10:00:00,8.44260485651214
2013-01-01 11:00:00,43.21854304635761
2013-01-01 12:00:00,77.24061810154525
2013-01-01 13:00:00,385.2560706401766
2013-01-01 14:00:00,227.44812362030905
2013-01-01 15:00:00,267.28476821192055
2013-01-01 16:00:00,634.5573951434878
2013-01-01 17:00:00,351.40618101545255
2013-01-01 18:00:00,150.40949227373068
2013-01-01 19:00:00,87.91169977924945
2013-01-01 20:00:00,55.44701986754967
2013-01-01 21:00:00,150.02207505518763
2013-01-01 22:00:00,24.02317880794702
2013-01-01 23:00:00,
2013-01-02 00:00:00,
2013-01-02 01:00:00,
2013-01-02 02:00:00,
2013-01-02 03:00:00,
2013-01-02 04:00:00,
2013-01-02 05:00:00,
2013-01-02 06:00:00,
2013-01-02 07:00:00,
2013-01-02 08:00:00,
2013-01-02 09:00:00,
2013-01-02 10:00:00,59.97350993377483
2013-01-02 11:00:00,129.9514348785872
2013-01-02 12:00:00,326.01103752759377
2013-01-02 13:00:00,656.1192052980132
2013-01-02 14:00:00,864.878587196468
2013-01-02 15:00:00,1021.5342163355409
2013-01-02 16:00:00,1036.7108167770418
2013-01-02 17:00:00,1001.9757174392936
2013-01-02 18:00:00,919.7891832229581
2013-01-02 19:00:00,687.9790286975717
2013-01-02 20:00:00,588.8156732891832
2013-01-02 21:00:00,136.34988962472406
2013-01-02 22:00:00,18.301324503311257
2013-01-02 23:00:00,
2013-01-03 00:00:00,
2013-01-03 01:00:00,
2013-01-03 02:00:00,
2013-01-03 03:00:00,
2013-01-03 04:00:00,
2013-01-03 05:00:00,
2013-01-03 06:00:00,
2013-01-03 07:00:00,
2013-01-03 08:00:00,
2013-01-03 09:00:00,
2013-01-03 10:00:00,137.01876379690947
2013-01-03 11:00:00,395.5883002207505
2013-01-03 12:00:00,601.5750551876379
2013-01-03 13:00:00,800.176600441501
2013-01-03 14:00:00,944.7240618101545
2013-01-03 15:00:00,1031.0154525386313
2013-01-03 16:00:00,1020.3532008830023
2013-01-03 17:00:00,1014.7019867549668
2013-01-03 18:00:00,927.737306843267
2013-01-03 19:00:00,779.5584988962472
2013-01-03 20:00:00,584.0662251655629
2013-01-03 21:00:00,337.24282560706405
2013-01-03 22:00:00,105.037527593819
2013-01-03 23:00:00,
2013-01-04 00:00:00,
2013-01-04 01:00:00,
2013-01-04 02:00:00,
2013-01-04 03:00:00,
2013-01-04 04:00:00,
2013-01-04 05:00:00,
2013-01-04 06:00:00,
2013-01-04 07:00:00,
2013-01-04 08:00:00,
2013-01-04 09:00:00,
2013-01-04 10:00:00,106.1512141280353
2013-01-04 11:00:00,270.6280353200883
2013-01-04 12:00:00,540.0916114790286
2013-01-04 13:00:00,664.2935982339956
2013-01-04 14:00:00,707.8587196467992
2013-01-04 15:00:00,1006.1147902869757
2013-01-04 16:00:00,968.3333333333333
2013-01-04 17:00:00,952.0309050772627
2013-01-04 18:00:00,690.1423841059602
2013-01-04 19:00:00,604.6434878587196
2013-01-04 20:00:00,325.56070640176597
2013-01-04 21:00:00,180.47792494481237
2013-01-04 22:00:00,65.77483443708608
2013-01-04 23:00:00,
2013-01-05 00:00:00,
2013-01-05 01:00:00,
2013-01-05 02:00:00,
2013-01-05 03:00:00,
2013-01-05 04:00:00,
2013-01-05 05:00:00,
2013-01-05 06:00:00,
2013-01-05 07:00:00,
2013-01-05 08:00:00,
2013-01-05 09:00:00,
2013-01-05 10:00:00,139.45253863134658
2013-01-05 11:00:00,343.81015452538634
2013-01-05 12:00:00,606.1633554083885
2013-01-05 13:00:00,806.82119205298
2013-01-05 14:00:00,920.673289183223
2013-01-05 15:00:00,658.8432671081678
2013-01-05 16:00:00,515.0717439293599
2013-01-05 17:00:00,653.0242825607063
2013-01-05 18:00:00,589.5916114790286
2013-01-05 19:00:00,498.35209713024284
2013-01-05 20:00:00,290.401766004415
2013-01-05 21:00:00,168.30132450331124
2013-01-05 22:00:00,67.66666666666667
2013-01-05 23:00:00,
2013-01-06 00:00:00,
2013-01-06 01:00:00,
2013-01-06 02:00:00,
2013-01-06 03:00:00,
2013-01-06 04:00:00,
2013-01-06 05:00:00,
2013-01-06 06:00:00,
2013-01-06 07:00:00,
2013-01-06 08:00:00,
2013-01-06 09:00:00,
2013-01-06 10:00:00,98.86203090507726
2013-01-06 11:00:00,333.7008830022075
2013-01-06 12:00:00,579.3532008830022
2013-01-06 13:00:00,766.6666666666666
2013-01-06 14:00:00,960.6181015452538
2013-01-06 15:00:00,638.826710816777
2013-01-06 16:00:00,982.8918322295806
2013-01-06 17:00:00,971.9613686534216
2013-01-06 18:00:00,712.91059602649
2013-01-06 19:00:00,337.26048565121414
2013-01-06 20:00:00,183.7980132450331
2013-01-06 21:00:00,128.74282560706402
2013-01-06 22:00:00,23.34988962472406
2013-01-06 23:00:00,
2013-01-07 00:00:00,
2013-01-07 01:00:00,
2013-01-07 02:00:00,
2013-01-07 03:00:00,
2013-01-07 04:00:00,
2013-01-07 05:00:00,
2013-01-07 06:00:00,
2013-01-07 07:00:00,
2013-01-07 08:00:00,
2013-01-07 09:00:00,
2013-01-07 10:00:00,100.29359823399558
2013-01-07 11:00:00,363.4039735099338
2013-01-07 12:00:00,586.2759381898454
2013-01-07 13:00:00,781.8101545253863
2013-01-07 14:00:00,930.3311258278146
2013-01-07 15:00:00,1021.1810154525386
2013-01-07 16:00:00,1043.1898454746138
2013-01-07 17:00:00,1014.8896247240617
2013-01-07 18:00:00,925.1545253863135
2013-01-07 19:00:00,773.300220750552
2013-01-07 20:00:00,576.9525386313466
2013-01-07 21:00:00,356.30684326710815
2013-01-07 22:00:00,128.52649006622516
2013-01-07 23:00:00,
2013-01-08 00:00:00,
2013-01-08 01:00:00,
2013-01-08 02:00:00,
2013-01-08 03:00:00,
2013-01-08 04:00:00,
2013-01-08 05:00:00,
2013-01-08 06:00:00,
2013-01-08 07:00:00,
2013-01-08 08:00:00,
2013-01-08 09:00:00,
2013-01-08 10:00:00,124.22626931567329
2013-01-08 11:00:00,351.008830022075
2013-01-08 12:00:00,573.9602649006623
2013-01-08 13:00:00,768.907284768212
2013-01-08 14:00:00,915.6401766004415
2013-01-08 15:00:00,1002.0860927152318
2013-01-08 16:00:00,1030.8609271523178
2013-01-08 17:00:00,999.7328918322295
2013-01-08 18:00:00,935.5849889624723
2013-01-08 19:00:00,737.2560706401765
2013-01-08 20:00:00,418.0507726269316
2013-01-08 21:00:00,66.4878587196468
2013-01-08 22:00:00,21.29028697571744
2013-01-08 23:00:00,
2013-01-09 00:00:00,
2013-01-09 01:00:00,
2013-01-09 02:00:00,
2013-01-09 03:00:00,
2013-01-09 04:00:00,
2013-01-09 05:00:00,
2013-01-09 06:00:00,
2013-01-09 07:00:00,
2013-01-09 08:00:00,
2013-01-09 09:00:00,
2013-01-09 10:00:00,33.41280353200883
2013-01-09 11:00:00,74.16114790286976
2013-01-09 12:00:00,101.69205298013244
2013-01-09 13:00:00,452.7295805739514
2013-01-09 14:00:00,505.1556291390728
2013-01-09 15:00:00,827.2505518763796
2013-01-09 16:00:00,1014.9999999999999
2013-01-09 17:00:00,955.023178807947
2013-01-09 18:00:00,926.0485651214128
2013-01-09 19:00:00,781.0419426048564
2013-01-09 20:00:00,417.66004415011037
2013-01-09 21:00:00,204.7395143487859
2013-01-09 22:00:00,67.27483443708608
2013-01-09 23:00:00,
2013-01-10 00:00:00,
2013-01-10 01:00:00,
2013-01-10 02:00:00,
2013-01-10 03:00:00,
2013-01-10 04:00:00,
2013-01-10 05:00:00,
2013-01-10 06:00:00,
2013-01-10 07:00:00,
2013-01-10 08:00:00,
2013-01-10 09:00:00,
2013-01-10 10:00:00,78.5176600441501
2013-01-10 11:00:00,427.3388520971302
2013-01-10 12:00:00,318.89845474613685
2013-01-10 13:00:00,628.5971302428256
2013-01-10 14:00:00,863.7637969094923
2013-01-10 15:00:00,909.6986754966888
2013-01-10 16:00:00,568.8598233995584
2013-01-10 17:00:00,952.2969094922737
2013-01-10 18:00:00,881.7350993377482
2013-01-10 19:00:00,408.74944812362025
2013-01-10 20:00:00,404.24392935982337
2013-01-10 21:00:00,169.81898454746135
2013-01-10 22:00:00,46.82119205298013
2013-01-10 23:00:00,
2013-01-11 00:00:00,
2013-01-11 01:00:00,
2013-01-11 02:00:00,
2013-01-11 03:00:00,
2013-01-11 04:00:00,
2013-01-11 05:00:00,
2013-01-11 06:00:00,
2013-01-11 07:00:00,
2013-01-11 08:00:00,
2013-01-11 09:00:00,
2013-01-11 10:00:00,124.73951434878587
2013-01-11 11:00:00,335.3841059602649
2013-01-11 12:00:00,552.5618101545255
2013-01-11 13:00:00,747.8807947019867
2013-01-11 14:00:00,896.3686534216336
2013-01-11 15:00:00,985.3642384105959
2013-01-11 16:00:00,1069.944812362031
2013-01-11 17:00:00,270.1501103752759
2013-01-11 18:00:00,302.79028697571744
2013-01-11 19:00:00,233.13796909492274
2013-01-11 20:00:00,141.35761589403972
2013-01-11 21:00:00,35.11479028697571
2013-01-11 22:00:00,12.37748344370861
2013-01-11 23:00:00,
2013-01-12 00:00:00,
2013-01-12 01:00:00,
2013-01-12 02:00:00,
2013-01-12 03:00:00,
2013-01-12 04:00:00,
2013-01-12 05:00:00,
2013-01-12 06:00:00,
2013-01-12 07:00:00,
2013-01-12 08:00:00,
2013-01-12 09:00:00,
2013-01-12 10:00:00,126.03532008830022
2013-01-12 11:00:00,417.008830022075
2013-01-12 12:00:00,564.2715231788079
2013-01-12 13:00:00,770.9271523178808
2013-01-12 14:00:00,824.3156732891832
2013-01-12 15:00:00,578.9790286975717
2013-01-12 16:00:00,699.7472406181016
2013-01-12 17:00:00,543.5397350993377
2013-01-12 18:00:00,120.44370860927151
2013-01-12 19:00:00,103.80353200883002
2013-01-12 20:00:00,212.26490066225168
2013-01-12 21:00:00,59.788079470198674
2013-01-12 22:00:00,9.77924944812362
2013-01-12 23:00:00,
2013-01-13 00:00:00,
2013-01-13 01:00:00,
2013-01-13 02:00:00,
2013-01-13 03:00:00,
2013-01-13 04:00:00,
2013-01-13 05:00:00,
2013-01-13 06:00:00,
2013-01-13 07:00:00,
2013-01-13 08:00:00,
2013-01-13 09:00:00,
2013-01-13 10:00:00,31.03090507726269
2013-01-13 11:00:00,147.09602649006624
2013-01-13 12:00:00,247.53311258278146
2013-01-13 13:00:00,712.8090507726268
2013-01-13 14:00:00,908.5507726269316
2013-01-13 15:00:00,628.1125827814569
2013-01-13 16:00:00,808.251655629139
2013-01-13 17:00:00,837.0331125827814
2013-01-13 18:00:00,341.7505518763797
2013-01-13 19:00:00,106.61037527593818
2013-01-13 20:00:00,54.511037527593814
2013-01-13 21:00:00,51.92163355408388
2013-01-13 22:00:00,34.30684326710817
2013-01-13 23:00:00,
2013-01-14 00:00:00,
2013-01-14 01:00:00,
2013-01-14 02:00:00,
2013-01-14 03:00:00,
2013-01-14 04:00:00,
2013-01-14 05:00:00,
2013-01-14 06:00:00,
2013-01-14 07:00:00,
2013-01-14 08:00:00,
2013-01-14 09:00:00,
2013-01-14 10:00:00,126.0121412803532
2013-01-14 11:00:00,157.33002207505518
2013-01-14 12:00:00,553.924944812362
2013-01-14 13:00:00,748.8189845474614
2013-01-14 14:00:00,913.1125827814569
2013-01-14 15:00:00,906.0529801324503
2013-01-14 16:00:00,808.1721854304635
2013-01-14 17:00:00,499.4503311258278
2013-01-14 18:00:00,294.0066225165563
2013-01-14 19:00:00,419.85209713024284
2013-01-14 20:00:00,126.3962472406181
2013-01-14 21:00:00,96.59933774834437
2013-01-14 22:00:00,22.075055187637968
2013-01-14 23:00:00,
2013-01-15 00:00:00,
2013-01-15 01:00:00,
2013-01-15 02:00:00,
2013-01-15 03:00:00,
2013-01-15 04:00:00,
2013-01-15 05:00:00,
2013-01-15 06:00:00,
2013-01-15 07:00:00,
2013-01-15 08:00:00,
2013-01-15 09:00:00,
2013-01-15 10:00:00,28.299116997792495
2013-01-15 11:00:00,212.71633554083886
2013-01-15 12:00:00,422.3830022075055
2013-01-15 13:00:00,775.8664459161148
2013-01-15 14:00:00,901.0706401766004
2013-01-15 15:00:00,1023.9514348785872
2013-01-15 16:00:00,1033.0794701986754
2013-01-15 17:00:00,521.4150110375275
2013-01-15 18:00:00,500.5916114790287
2013-01-15 19:00:00,169.54083885209712
2013-01-15 20:00:00,395.61147902869754
2013-01-15 21:00:00,67.66114790286976
2013-01-15 22:00:00,21.699779249448124
2013-01-15 23:00:00,
2013-01-16 00:00:00,
2013-01-16 01:00:00,
2013-01-16 02:00:00,
2013-01-16 03:00:00,
2013-01-16 04:00:00,
2013-01-16 05:00:00,
2013-01-16 06:00:00,
2013-01-16 07:00:00,
2013-01-16 08:00:00,
2013-01-16 09:00:00,
2013-01-16 10:00:00,13.274834437086092
2013-01-16 11:00:00,62.139072847682115
2013-01-16 12:00:00,182.84547461368655
2013-01-16 13:00:00,503.6125827814569
2013-01-16 14:00:00,599.2030905077263
2013-01-16 15:00:00,724.6600441501104
2013-01-16 16:00:00,889.150110375276
2013-01-16 17:00:00,985.9492273730684
2013-01-16 18:00:00,859.3918322295806
2013-01-16 19:00:00,448.0
2013-01-16 20:00:00,69.71854304635761
2013-01-16 21:00:00,47.358719646799116
2013-01-16 22:00:00,7.746136865342163
2013-01-16 23:00:00,
2013-01-17 00:00:00,
2013-01-17 01:00:00,
2013-01-17 02:00:00,
2013-01-17 03:00:00,
2013-01-17 04:00:00,
2013-01-17 05:00:00,
2013-01-17 06:00:00,
2013-01-17 07:00:00,
2013-01-17 08:00:00,
2013-01-17 09:00:00,
2013-01-17 10:00:00,49.445916114790286
2013-01-17 11:00:00,279.2505518763797
2013-01-17 12:00:00,467.6876379690949
2013-01-17 13:00:00,640.476821192053
2013-01-17 14:00:00,782.2549668874173
2013-01-17 15:00:00,563.5507726269316
2013-01-17 16:00:00,192.36865342163355
2013-01-17 17:00:00,290.7163355408389
2013-01-17 18:00:00,257.0783664459161
2013-01-17 19:00:00,250.1280353200883
2013-01-17 20:00:00,176.87637969094922
2013-01-17 21:00:00,58.980132450331126
2013-01-17 22:00:00,30.983443708609272
2013-01-17 23:00:00,
2013-01-18 00:00:00,
2013-01-18 01:00:00,
2013-01-18 02:00:00,
2013-01-18 03:00:00,
2013-01-18 04:00:00,
2013-01-18 05:00:00,
2013-01-18 06:00:00,
2013-01-18 07:00:00,
2013-01-18 08:00:00,
2013-01-18 09:00:00,
2013-01-18 10:00:00,19.249448123620308
2013-01-18 11:00:00,66.30022075055187
2013-01-18 12:00:00,210.0176600441501
2013-01-18 13:00:00,568.1865342163354
2013-01-18 14:00:00,841.1810154525386
2013-01-18 15:00:00,880.1986754966888
2013-01-18 16:00:00,946.4370860927152
2013-01-18 17:00:00,310.4514348785872
2013-01-18 18:00:00,373.57947019867544
2013-01-18 19:00:00,137.2991169977925
2013-01-18 20:00:00,90.82560706401766
2013-01-18 21:00:00,77.35871964679912
2013-01-18 22:00:00,13.799116997792494
2013-01-18 23:00:00,
2013-01-19 00:00:00,
2013-01-19 01:00:00,
2013-01-19 02:00:00,
2013-01-19 03:00:00,
2013-01-19 04:00:00,
2013-01-19 05:00:00,
2013-01-19 06:00:00,
2013-01-19 07:00:00,
2013-01-19 08:00:00,
2013-01-19 09:00:00,
2013-01-19 10:00:00,21.57064017660044
2013-01-19 11:00:00,126.33664459161147
2013-01-19 12:00:00,258.16004415011037
2013-01-19 13:00:00,452.97019867549665
2013-01-19 14:00:00,626.0033112582781
2013-01-19 15:00:00,918.9746136865342
2013-01-19 16:00:00,648.5651214128035
2013-01-19 17:00:00,328.87306843267106
2013-01-19 18:00:00,285.01434878587196
2013-01-19 19:00:00,306.53973509933775
2013-01-19 20:00:00,171.11589403973508
2013-01-19 21:00:00,25.44150110375276
2013-01-19 22:00:00,9.769315673289183
2013-01-19 23:00:00,
2013-01-20 00:00:00,
2013-01-20 01:00:00,
2013-01-20 02:00:00,
2013-01-20 03:00:00,
2013-01-20 04:00:00,
2013-01-20 05:00:00,
2013-01-20 06:00:00,
2013-01-20 07:00:00,
2013-01-20 08:00:00,
2013-01-20 09:00:00,
2013-01-20 10:00:00,25.995584988962474
2013-01-20 11:00:00,95.02759381898454
2013-01-20 12:00:00,264.29028697571744
2013-01-20 13:00:00,416.84878587196465
2013-01-20 14:00:00,521.5651214128035
2013-01-20 15:00:00,550.4977924944812
2013-01-20 16:00:00,667.610375275938
2013-01-20 17:00:00,971.4238410596026
2013-01-20 18:00:00,625.2450331125827
2013-01-20 19:00:00,141.47350993377484
2013-01-20 20:00:00,212.34768211920527
2013-01-20 21:00:00,82.75165562913907
2013-01-20 22:00:00,19.263796909492275
2013-01-20 23:00:00,
2013-01-21 00:00:00,
2013-01-21 01:00:00,
2013-01-21 02:00:00,
2013-01-21 03:00:00,
2013-01-21 04:00:00,
2013-01-21 05:00:00,
2013-01-21 06:00:00,
2013-01-21 07:00:00,
2013-01-21 08:00:00,
2013-01-21 09:00:00,
2013-01-21 10:00:00,48.45474613686534
2013-01-21 11:00:00,133.26600441501103
2013-01-21 12:00:00,264.35540838852097
2013-01-21 13:00:00,544.2549668874173
2013-01-21 14:00:00,813.3818984547462
2013-01-21 15:00:00,990.1655629139073
2013-01-21 16:00:00,1020.2207505518763
2013-01-21 17:00:00,842.0540838852097
2013-01-21 18:00:00,624.3222958057395
2013-01-21 19:00:00,491.99448123620306
2013-01-21 20:00:00,170.4083885209713
2013-01-21 21:00:00,97.22847682119205
2013-01-21 22:00:00,36.68984547461368
2013-01-21 23:00:00,
2013-01-22 00:00:00,
2013-01-22 01:00:00,
2013-01-22 02:00:00,
2013-01-22 03:00:00,
2013-01-22 04:00:00,
2013-01-22 05:00:00,
2013-01-22 06:00:00,
2013-01-22 07:00:00,
2013-01-22 08:00:00,
2013-01-22 09:00:00,
2013-01-22 10:00:00,45.03973509933774
2013-01-22 11:00:00,262.8609271523179
2013-01-22 12:00:00,489.7041942604856
2013-01-22 13:00:00,614.2119205298014
2013-01-22 14:00:00,813.7869757174393
2013-01-22 15:00:00,950.6291390728477
2013-01-22 16:00:00,956.144591611479
2013-01-22 17:00:00,913.3123620309051
2013-01-22 18:00:00,723.0375275938189
2013-01-22 19:00:00,355.5485651214128
2013-01-22 20:00:00,344.3344370860927
2013-01-22 21:00:00,172.13907284768212
2013-01-22 22:00:00,67.15562913907284
2013-01-22 23:00:00,
2013-01-23 00:00:00,
2013-01-23 01:00:00,
2013-01-23 02:00:00,
2013-01-23 03:00:00,
2013-01-23 04:00:00,
2013-01-23 05:00:00,
2013-01-23 06:00:00,
2013-01-23 07:00:00,
2013-01-23 08:00:00,
2013-01-23 09:00:00,
2013-01-23 10:00:00,79.2924944812362
2013-01-23 11:00:00,254.26379690949227
2013-01-23 12:00:00,525.1986754966887
2013-01-23 13:00:00,677.2185430463576
2013-01-23 14:00:00,884.4039735099337
2013-01-23 15:00:00,876.0596026490067
2013-01-23 16:00:00,882.8145695364238
2013-01-23 17:00:00,801.2251655629138
2013-01-23 18:00:00,606.9028697571744
2013-01-23 19:00:00,608.5706401766004
2013-01-23 20:00:00,309.0916114790287
2013-01-23 21:00:00,176.76931567328919
2013-01-23 22:00:00,22.6523178807947
2013-01-23 23:00:00,
2013-01-24 00:00:00,
2013-01-24 01:00:00,
2013-01-24 02:00:00,
2013-01-24 03:00:00,
2013-01-24 04:00:00,
2013-01-24 05:00:00,
2013-01-24 06:00:00,
2013-01-24 07:00:00,
2013-01-24 08:00:00,
2013-01-24 09:00:00,
2013-01-24 10:00:00,84.21523178807948
2013-01-24 11:00:00,305.1655629139073
2013-01-24 12:00:00,531.849889624724
2013-01-24 13:00:00,737.1081677704193
2013-01-24 14:00:00,895.5077262693156
2013-01-24 15:00:00,992.317880794702
2013-01-24 16:00:00,1020.2317880794702
2013-01-24 17:00:00,965.2130242825607
2013-01-24 18:00:00,976.7439293598234
2013-01-24 19:00:00,668.0110375275939
2013-01-24 20:00:00,427.3719646799117
2013-01-24 21:00:00,157.9878587196468
2013-01-24 22:00:00,44.71854304635761
2013-01-24 23:00:00,
2013-01-25 00:00:00,
2013-01-25 01:00:00,
2013-01-25 02:00:00,
2013-01-25 03:00:00,
2013-01-25 04:00:00,
2013-01-25 05:00:00,
2013-01-25 06:00:00,
2013-01-25 07:00:00,
2013-01-25 08:00:00,
2013-01-25 09:00:00,
2013-01-25 10:00:00,77.97240618101544
2013-01-25 11:00:00,297.2483443708609
2013-01-25 12:00:00,519.7229580573951
2013-01-25 13:00:00,688.6479028697572
2013-01-25 14:00:00,786.1412803532008
2013-01-25 15:00:00,886.1743929359823
2013-01-25 16:00:00,796.676600441501
2013-01-25 17:00:00,941.7726269315673
2013-01-25 18:00:00,909.2825607064018
2013-01-25 19:00:00,580.5463576158941
2013-01-25 20:00:00,297.24061810154524
2013-01-25 21:00:00,127.78476821192052
2013-01-25 22:00:00,23.056291390728475
2013-01-25 23:00:00,
2013-01-26 00:00:00,
2013-01-26 01:00:00,
2013-01-26 02:00:00,
2013-01-26 03:00:00,
2013-01-26 04:00:00,
2013-01-26 05:00:00,
2013-01-26 06:00:00,
2013-01-26 07:00:00,
2013-01-26 08:00:00,
2013-01-26 09:00:00,
2013-01-26 10:00:00,79.72185430463576
2013-01-26 11:00:00,306.93046357615896
2013-01-26 12:00:00,536.6501103752759
2013-01-26 13:00:00,743.1456953642385
2013-01-26 14:00:00,901.3024282560706
2013-01-26 15:00:00,992.384105960265
2013-01-26 16:00:00,1023.8631346578367
2013-01-26 17:00:00,1002.4061810154525
2013-01-26 18:00:00,920.2869757174393
2013-01-26 19:00:00,763.9039735099337
2013-01-26 20:00:00,402.08719646799113
2013-01-26 21:00:00,152.28807947019868
2013-01-26 22:00:00,21.507726269315675
2013-01-26 23:00:00,
2013-01-27 00:00:00,
2013-01-27 01:00:00,
2013-01-27 02:00:00,
2013-01-27 03:00:00,
2013-01-27 04:00:00,
2013-01-27 05:00:00,
2013-01-27 06:00:00,
2013-01-27 07:00:00,
2013-01-27 08:00:00,
2013-01-27 09:00:00,
2013-01-27 10:00:00,79.99779249448123
2013-01-27 11:00:00,310.26379690949227
2013-01-27 12:00:00,542.051876379691
2013-01-27 13:00:00,748.5982339955849
2013-01-27 14:00:00,909.9116997792495
2013-01-27 15:00:00,936.8245033112582
2013-01-27 16:00:00,1029.358719646799
2013-01-27 17:00:00,1034.0507726269316
2013-01-27 18:00:00,923.8852097130242
2013-01-27 19:00:00,711.583885209713
2013-01-27 20:00:00,466.99558498896243
2013-01-27 21:00:00,273.08609271523176
2013-01-27 22:00:00,39.841059602649004
2013-01-27 23:00:00,
2013-01-28 00:00:00,
2013-01-28 01:00:00,
2013-01-28 02:00:00,
2013-01-28 03:00:00,
2013-01-28 04:00:00,
2013-01-28 05:00:00,
2013-01-28 06:00:00,
2013-01-28 07:00:00,
2013-01-28 08:00:00,
2013-01-28 09:00:00,
2013-01-28 10:00:00,73.70971302428256
2013-01-28 11:00:00,305.61037527593817
2013-01-28 12:00:00,537.5993377483444
2013-01-28 13:00:00,744.1390728476821
2013-01-28 14:00:00,898.4437086092714
2013-01-28 15:00:00,940.3300220750551
2013-01-28 16:00:00,868.0430463576158
2013-01-28 17:00:00,860.0684326710816
2013-01-28 18:00:00,915.780353200883
2013-01-28 19:00:00,788.9735099337747
2013-01-28 20:00:00,529.3145695364238
2013-01-28 21:00:00,347.6556291390728
2013-01-28 22:00:00,50.49116997792495
2013-01-28 23:00:00,
2013-01-29 00:00:00,
2013-01-29 01:00:00,
2013-01-29 02:00:00,
2013-01-29 03:00:00,
2013-01-29 04:00:00,
2013-01-29 05:00:00,
2013-01-29 06:00:00,
2013-01-29 07:00:00,
2013-01-29 08:00:00,
2013-01-29 09:00:00,
2013-01-29 10:00:00,32.61810154525386
2013-01-29 11:00:00,133.401766004415
2013-01-29 12:00:00,325.06181015452535
2013-01-29 13:00:00,564.2527593818984
2013-01-29 14:00:00,828.8852097130242
2013-01-29 15:00:00,945.8057395143488
2013-01-29 16:00:00,924.5805739514349
2013-01-29 17:00:00,854.1280353200883
2013-01-29 18:00:00,735.4050772626931
2013-01-29 19:00:00,545.3863134657836
2013-01-29 20:00:00,470.3686534216335
2013-01-29 21:00:00,291.52207505518766
2013-01-29 22:00:00,69.47240618101546
2013-01-29 23:00:00,
2013-01-30 00:00:00,
2013-01-30 01:00:00,
2013-01-30 02:00:00,
2013-01-30 03:00:00,
2013-01-30 04:00:00,
2013-01-30 05:00:00,
2013-01-30 06:00:00,
2013-01-30 07:00:00,
2013-01-30 08:00:00,
2013-01-30 09:00:00,
2013-01-30 10:00:00,29.192950948479066
2013-01-30 11:00:00,191.88741721854302
2013-01-30 12:00:00,488.2538631346578
2013-01-30 13:00:00,729.5805739514349
2013-01-30 14:00:00,873.774834437086
2013-01-30 15:00:00,974.7902869757174
2013-01-30 16:00:00,907.2185430463576
2013-01-30 17:00:00,655.3189845474614
2013-01-30 18:00:00,197.28476821192052
2013-01-30 19:00:00,86.6335540838852
2013-01-30 20:00:00,416.51214128035315
2013-01-30 21:00:00,102.54966887417217
2013-01-30 22:00:00,33.79801324503311
2013-01-30 23:00:00,
2013-01-31 00:00:00,
2013-01-31 01:00:00,
2013-01-31 02:00:00,
2013-01-31 03:00:00,
2013-01-31 04:00:00,
2013-01-31 05:00:00,
2013-01-31 06:00:00,
2013-01-31 07:00:00,
2013-01-31 08:00:00,
2013-01-31 09:00:00,
2013-01-31 10:00:00,68.63096597396665
2013-01-31 11:00:00,296.0805739514349
2013-01-31 12:00:00,526.4966887417219
2013-01-31 13:00:00,732.2295805739515
2013-01-31 14:00:00,891.4790286975717
2013-01-31 15:00:00,985.8388520971301
2013-01-31 16:00:00,1014.381898454746
2013-01-31 17:00:00,993.6092715231788
2013-01-31 18:00:00,918.2671081677704
2013-01-31 19:00:00,692.2207505518763
2013-01-31 20:00:00,569.6512141280352
2013-01-31 21:00:00,327.5971302428256
2013-01-31 22:00:00,78.49006622516555
2013-01-31 23:00:00,
2013-02-01 00:00:00,
2013-02-01 01:00:00,
2013-02-01 02:00:00,
2013-02-01 03:00:00,
2013-02-01 04:00:00,
2013-02-01 05:00:00,
2013-02-01 06:00:00,
2013-02-01 07:00:00,
2013-02-01 08:00:00,
2013-02-01 09:00:00,
2013-02-01 10:00:00,64.75891716045079
2013-02-01 11:00:00,284.48454746136866
2013-02-01 12:00:00,512.2075055187638
2013-02-01 13:00:00,724.2052980132449
2013-02-01 14:00:00,883.1567328918321
2013-02-01 15:00:00,979.1501103752759
2013-02-01 16:00:00,1014.7792494481236
2013-02-01 17:00:00,1004.0949227373069
2013-02-01 18:00:00,944.6467991169977
2013-02-01 19:00:00,810.9602649006623
2013-02-01 20:00:00,430.55187637969095
2013-02-01 21:00:00,131.96799116997792
2013-02-01 22:00:00,15.665562913907284
2013-02-01 23:00:00,
2013-02-02 00:00:00,
2013-02-02 01:00:00,
2013-02-02 02:00:00,
2013-02-02 03:00:00,
2013-02-02 04:00:00,
2013-02-02 05:00:00,
2013-02-02 06:00:00,
2013-02-02 07:00:00,
2013-02-02 08:00:00,
2013-02-02 09:00:00,
2013-02-02 10:00:00,63.18590350047304
2013-02-02 11:00:00,282.30132450331126
2013-02-02 12:00:00,510.07615894039736
2013-02-02 13:00:00,677.4260485651214
2013-02-02 14:00:00,839.3962472406181
2013-02-02 15:00:00,975.7726269315673
2013-02-02 16:00:00,861.051876379691
2013-02-02 17:00:00,877.667770419426
2013-02-02 18:00:00,480.85540838852097
2013-02-02 19:00:00,380.77373068432667
2013-02-02 20:00:00,196.93156732891833
2013-02-02 21:00:00,243.42052980132448
2013-02-02 22:00:00,32.17439293598234
2013-02-02 23:00:00,
2013-02-03 00:00:00,
2013-02-03 01:00:00,
2013-02-03 02:00:00,
2013-02-03 03:00:00,
2013-02-03 04:00:00,
2013-02-03 05:00:00,
2013-02-03 06:00:00,
2013-02-03 07:00:00,
2013-02-03 08:00:00,
2013-02-03 09:00:00,
2013-02-03 10:00:00,14.018061408789885
2013-02-03 11:00:00,93.37527593818984
2013-02-03 12:00:00,140.78256070640177
2013-02-03 13:00:00,241.48344370860926
2013-02-03 14:00:00,633.0452538631346
2013-02-03 15:00:00,981.5242825607063
2013-02-03 16:00:00,832.251655629139
2013-02-03 17:00:00,966.167770419426
2013-02-03 18:00:00,897.7924944812362
2013-02-03 19:00:00,731.7041942604857
2013-02-03 20:00:00,412.78256070640174
2013-02-03 21:00:00,132.84988962472406
2013-02-03 22:00:00,57.91059602649007
2013-02-03 23:00:00,
2013-02-04 00:00:00,
2013-02-04 01:00:00,
2013-02-04 02:00:00,
2013-02-04 03:00:00,
2013-02-04 04:00:00,
2013-02-04 05:00:00,
2013-02-04 06:00:00,
2013-02-04 07:00:00,
2013-02-04 08:00:00,
2013-02-04 09:00:00,
2013-02-04 10:00:00,13.381095725466585
2013-02-04 11:00:00,84.41721854304636
2013-02-04 12:00:00,174.7858719646799
2013-02-04 13:00:00,492.48233995584985
2013-02-04 14:00:00,862.6810154525386
2013-02-04 15:00:00,970.0794701986755
2013-02-04 16:00:00,1046.203090507726
2013-02-04 17:00:00,799.8388520971301
2013-02-04 18:00:00,561.6799116997793
2013-02-04 19:00:00,377.8841059602649
2013-02-04 20:00:00,226.10706401766004
2013-02-04 21:00:00,82.6887417218543
2013-02-04 22:00:00,31.6158940397351
2013-02-04 23:00:00,
2013-02-05 00:00:00,
2013-02-05 01:00:00,
2013-02-05 02:00:00,
2013-02-05 03:00:00,
2013-02-05 04:00:00,
2013-02-05 05:00:00,
2013-02-05 06:00:00,
2013-02-05 07:00:00,
2013-02-05 08:00:00,
2013-02-05 09:00:00,
2013-02-05 10:00:00,26.24356144223694
2013-02-05 11:00:00,83.72958057395142
2013-02-05 12:00:00,239.61368653421633
2013-02-05 13:00:00,341.7041942604856
2013-02-05 14:00:00,772.2637969094923
2013-02-05 15:00:00,947.5088300220751
2013-02-05 16:00:00,935.2108167770419
2013-02-05 17:00:00,887.7207505518763
2013-02-05 18:00:00,440.26710816777046
2013-02-05 19:00:00,139.03421633554083
2013-02-05 20:00:00,118.34326710816777
2013-02-05 21:00:00,119.76931567328917
2013-02-05 22:00:00,10.444812362030905
2013-02-05 23:00:00,
2013-02-06 00:00:00,
2013-02-06 01:00:00,
2013-02-06 02:00:00,
2013-02-06 03:00:00,
2013-02-06 04:00:00,
2013-02-06 05:00:00,
2013-02-06 06:00:00,
2013-02-06 07:00:00,
2013-02-06 08:00:00,
2013-02-06 09:00:00,
2013-02-06 10:00:00,60.48481819317756
2013-02-06 11:00:00,258.9006622516556
2013-02-06 12:00:00,413.5849889624724
2013-02-06 13:00:00,532.4271523178808
2013-02-06 14:00:00,696.2086092715232
2013-02-06 15:00:00,846.3885209713025
2013-02-06 16:00:00,937.3730684326711
2013-02-06 17:00:00,1001.2582781456953
2013-02-06 18:00:00,526.3465783664459
2013-02-06 19:00:00,778.9635761589403
2013-02-06 20:00:00,247.68322295805737
2013-02-06 21:00:00,52.51876379690949
2013-02-06 22:00:00,70.07395143487858
2013-02-06 23:00:00,
2013-02-07 00:00:00,
2013-02-07 01:00:00,
2013-02-07 02:00:00,
2013-02-07 03:00:00,
2013-02-07 04:00:00,
2013-02-07 05:00:00,
2013-02-07 06:00:00,
2013-02-07 07:00:00,
2013-02-07 08:00:00,
2013-02-07 09:00:00,
2013-02-07 10:00:00,4.241641091907608
2013-02-07 11:00:00,61.013245033112575
2013-02-07 12:00:00,138.98896247240617
2013-02-07 13:00:00,663.9690949227373
2013-02-07 14:00:00,732.2075055187638
2013-02-07 15:00:00,766.7395143487859
2013-02-07 16:00:00,674.1876379690949
2013-02-07 17:00:00,542.9172185430464
2013-02-07 18:00:00,794.7064017660044
2013-02-07 19:00:00,719.4624724061811
2013-02-07 20:00:00,523.9911699779249
2013-02-07 21:00:00,130.63796909492274
2013-02-07 22:00:00,16.217439293598236
2013-02-07 23:00:00,
2013-02-08 00:00:00,
2013-02-08 01:00:00,
2013-02-08 02:00:00,
2013-02-08 03:00:00,
2013-02-08 04:00:00,
2013-02-08 05:00:00,
2013-02-08 06:00:00,
2013-02-08 07:00:00,
2013-02-08 08:00:00,
2013-02-08 09:00:00,
2013-02-08 10:00:00,64.99805220101285
2013-02-08 11:00:00,268.29028697571744
2013-02-08 12:00:00,498.1324503311258
2013-02-08 13:00:00,705.673289183223
2013-02-08 14:00:00,868.0353200883002
2013-02-08 15:00:00,967.737306843267
2013-02-08 16:00:00,999.9668874172186
2013-02-08 17:00:00,983.3995584988962
2013-02-08 18:00:00,970.6732891832229
2013-02-08 19:00:00,557.8200883002207
2013-02-08 20:00:00,166.56843267108167
2013-02-08 21:00:00,109.99227373068432
2013-02-08 22:00:00,25.135761589403973
2013-02-08 23:00:00,
2013-02-09 00:00:00,
2013-02-09 01:00:00,
2013-02-09 02:00:00,
2013-02-09 03:00:00,
2013-02-09 04:00:00,
2013-02-09 05:00:00,
2013-02-09 06:00:00,
2013-02-09 07:00:00,
2013-02-09 08:00:00,
2013-02-09 09:00:00,
2013-02-09 10:00:00,64.59470198675496
2013-02-09 11:00:00,158.44591611479026
2013-02-09 12:00:00,439.1236203090508
2013-02-09 13:00:00,377.9834437086093
2013-02-09 14:00:00,558.9779249448123
2013-02-09 15:00:00,946.1699779249448
2013-02-09 16:00:00,908.9514348785872
2013-02-09 17:00:00,752.1291390728477
2013-02-09 18:00:00,122.9139072847682
2013-02-09 19:00:00,42.92273730684327
2013-02-09 20:00:00,149.93156732891833
2013-02-09 21:00:00,60.29139072847682
2013-02-09 22:00:00,43.05077262693157
2013-02-09 23:00:00,
2013-02-10 00:00:00,
2013-02-10 01:00:00,
2013-02-10 02:00:00,
2013-02-10 03:00:00,
2013-02-10 04:00:00,
2013-02-10 05:00:00,
2013-02-10 06:00:00,
2013-02-10 07:00:00,
2013-02-10 08:00:00,
2013-02-10 09:00:00,
2013-02-10 10:00:00,60.671523178807945
2013-02-10 11:00:00,196.0419426048565
2013-02-10 12:00:00,502.93377483443703
2013-02-10 13:00:00,699.9668874172185
2013-02-10 14:00:00,845.3863134657837
2013-02-10 15:00:00,969.6136865342163
2013-02-10 16:00:00,1052.1412803532007
2013-02-10 17:00:00,880.1589403973509
2013-02-10 18:00:00,777.199779249448
2013-02-10 19:00:00,778.9183222958056
2013-02-10 20:00:00,577.3653421633554
2013-02-10 21:00:00,90.78807947019867
2013-02-10 22:00:00,45.06181015452538
2013-02-10 23:00:00,
2013-02-11 00:00:00,
2013-02-11 01:00:00,
2013-02-11 02:00:00,
2013-02-11 03:00:00,
2013-02-11 04:00:00,
2013-02-11 05:00:00,
2013-02-11 06:00:00,
2013-02-11 07:00:00,
2013-02-11 08:00:00,
2013-02-11 09:00:00,
2013-02-11 10:00:00,
2013-02-11 11:00:00,
2013-02-11 12:00:00,
2013-02-11 13:00:00,
2013-02-11 14:00:00,
2013-02-11 15:00:00,
2013-02-11 16:00:00,
2013-02-11 17:00:00,
2013-02-11 18:00:00,
2013-02-11 19:00:00,
2013-02-11 20:00:00,
2013-02-11 21:00:00,
2013-02-11 22:00:00,
2013-02-11 23:00:00,
2013-02-12 00:00:00,
2013-02-12 01:00:00,
2013-02-12 02:00:00,
2013-02-12 03:00:00,
2013-02-12 04:00:00,
2013-02-12 05:00:00,
2013-02-12 06:00:00,
2013-02-12 07:00:00,
2013-02-12 08:00:00,
2013-02-12 09:00:00,
2013-02-12 10:00:00,
2013-02-12 11:00:00,
2013-02-12 12:00:00,
2013-02-12 13:00:00,
2013-02-12 14:00:00,
2013-02-12 15:00:00,
2013-02-12 16:00:00,
2013-02-12 17:00:00,
2013-02-12 18:00:00,
2013-02-12 19:00:00,
2013-02-12 20:00:00,
2013-02-12 21:00:00,
2013-02-12 22:00:00,
2013-02-12 23:00:00,
2013-02-13 00:00:00,
2013-02-13 01:00:00,
2013-02-13 02:00:00,
2013-02-13 03:00:00,
2013-02-13 04:00:00,
2013-02-13 05:00:00,
2013-02-13 06:00:00,
2013-02-13 07:00:00,
2013-02-13 08:00:00,
2013-02-13 09:00:00,
2013-02-13 10:00:00,
2013-02-13 11:00:00,
2013-02-13 12:00:00,
2013-02-13 13:00:00,
2013-02-13 14:00:00,
2013-02-13 15:00:00,
2013-02-13 16:00:00,
2013-02-13 17:00:00,
2013-02-13 18:00:00,
2013-02-13 19:00:00,
2013-02-13 20:00:00,
2013-02-13 21:00:00,
2013-02-13 22:00:00,
2013-02-13 23:00:00,
2013-02-14 00:00:00,
2013-02-14 01:00:00,
2013-02-14 02:00:00,
2013-02-14 03:00:00,
2013-02-14 04:00:00,
2013-02-14 05:00:00,
2013-02-14 06:00:00,
2013-02-14 07:00:00,
2013-02-14 08:00:00,
2013-02-14 09:00:00,
2013-02-14 10:00:00,
2013-02-14 11:00:00,
2013-02-14 12:00:00,
2013-02-14 13:00:00,
2013-02-14 14:00:00,
2013-02-14 15:00:00,
2013-02-14 16:00:00,
2013-02-14 17:00:00,
2013-02-14 18:00:00,
2013-02-14 19:00:00,
2013-02-14 20:00:00,
2013-02-14 21:00:00,
2013-02-14 22:00:00,
2013-02-14 23:00:00,
2013-02-15 00:00:00,
2013-02-15 01:00:00,
2013-02-15 02:00:00,
2013-02-15 03:00:00,
2013-02-15 04:00:00,
2013-02-15 05:00:00,
2013-02-15 06:00:00,
2013-02-15 07:00:00,
2013-02-15 08:00:00,
2013-02-15 09:00:00,
2013-02-15 10:00:00,
2013-02-15 11:00:00,
2013-02-15 12:00:00,
2013-02-15 13:00:00,
2013-02-15 14:00:00,
2013-02-15 15:00:00,
2013-02-15 16:00:00,
2013-02-15 17:00:00,
2013-02-15 18:00:00,
2013-02-15 19:00:00,
2013-02-15 20:00:00,
2013-02-15 21:00:00,
2013-02-15 22:00:00,
2013-02-15 23:00:00,
2013-02-16 00:00:00,
2013-02-16 01:00:00,
2013-02-16 02:00:00,
2013-02-16 03:00:00,
2013-02-16 04:00:00,
2013-02-16 05:00:00,
2013-02-16 06:00:00,
2013-02-16 07:00:00,
2013-02-16 08:00:00,
2013-02-16 09:00:00,
2013-02-16 10:00:00,
2013-02-16 11:00:00,
2013-02-16 12:00:00,
2013-02-16 13:00:00,
2013-02-16 14:00:00,
2013-02-16 15:00:00,
2013-02-16 16:00:00,
2013-02-16 17:00:00,
2013-02-16 18:00:00,
2013-02-16 19:00:00,
2013-02-16 20:00:00,
2013-02-16 21:00:00,
2013-02-16 22:00:00,
2013-02-16 23:00:00,
2013-02-17 00:00:00,
2013-02-17 01:00:00,
2013-02-17 02:00:00,
2013-02-17 03:00:00,
2013-02-17 04:00:00,
2013-02-17 05:00:00,
2013-02-17 06:00:00,
2013-02-17 07:00:00,
2013-02-17 08:00:00,
2013-02-17 09:00:00,
2013-02-17 10:00:00,
2013-02-17 11:00:00,
2013-02-17 12:00:00,
2013-02-17 13:00:00,
2013-02-17 14:00:00,
2013-02-17 15:00:00,
2013-02-17 16:00:00,
2013-02-17 17:00:00,
2013-02-17 18:00:00,
2013-02-17 19:00:00,
2013-02-17 20:00:00,
2013-02-17 21:00:00,
2013-02-17 22:00:00,
2013-02-17 23:00:00,
2013-02-18 00:00:00,
2013-02-18 01:00:00,
2013-02-18 02:00:00,
2013-02-18 03:00:00,
2013-02-18 04:00:00,
2013-02-18 05:00:00,
2013-02-18 06:00:00,
2013-02-18 07:00:00,
2013-02-18 08:00:00,
2013-02-18 09:00:00,
2013-02-18 10:00:00,
2013-02-18 11:00:00,
2013-02-18 12:00:00,
2013-02-18 13:00:00,
2013-02-18 14:00:00,
2013-02-18 15:00:00,
2013-02-18 16:00:00,
2013-02-18 17:00:00,
2013-02-18 18:00:00,
2013-02-18 19:00:00,
2013-02-18 20:00:00,
2013-02-18 21:00:00,
2013-02-18 22:00:00,
2013-02-18 23:00:00,
2013-02-19 00:00:00,
2013-02-19 01:00:00,
2013-02-19 02:00:00,
2013-02-19 03:00:00,
2013-02-19 04:00:00,
2013-02-19 05:00:00,
2013-02-19 06:00:00,
2013-02-19 07:00:00,
2013-02-19 08:00:00,
2013-02-19 09:00:00,
2013-02-19 10:00:00,
2013-02-19 11:00:00,
2013-02-19 12:00:00,
2013-02-19 13:00:00,
2013-02-19 14:00:00,
2013-02-19 15:00:00,
2013-02-19 16:00:00,
2013-02-19 17:00:00,
2013-02-19 18:00:00,
2013-02-19 19:00:00,
2013-02-19 20:00:00,
2013-02-19 21:00:00,
2013-02-19 22:00:00,
2013-02-19 23:00:00,
2013-02-20 00:00:00,
2013-02-20 01:00:00,
2013-02-20 02:00:00,
2013-02-20 03:00:00,
2013-02-20 04:00:00,
2013-02-20 05:00:00,
2013-02-20 06:00:00,
2013-02-20 07:00:00,
2013-02-20 08:00:00,
2013-02-20 09:00:00,
2013-02-20 10:00:00,
2013-02-20 11:00:00,
2013-02-20 12:00:00,
2013-02-20 13:00:00,
2013-02-20 14:00:00,
2013-02-20 15:00:00,
2013-02-20 16:00:00,
2013-02-20 17:00:00,
2013-02-20 18:00:00,
2013-02-20 19:00:00,
2013-02-20 20:00:00,
2013-02-20 21:00:00,
2013-02-20 22:00:00,
2013-02-20 23:00:00,
2013-02-21 00:00:00,
2013-02-21 01:00:00,
2013-02-21 02:00:00,
2013-02-21 03:00:00,
2013-02-21 04:00:00,
2013-02-21 05:00:00,
2013-02-21 06:00:00,
2013-02-21 07:00:00,
2013-02-21 08:00:00,
2013-02-21 09:00:00,
2013-02-21 10:00:00,
2013-02-21 11:00:00,
2013-02-21 12:00:00,
2013-02-21 13:00:00,
2013-02-21 14:00:00,
2013-02-21 15:00:00,
2013-02-21 16:00:00,
2013-02-21 17:00:00,
2013-02-21 18:00:00,
2013-02-21 19:00:00,
2013-02-21 20:00:00,
2013-02-21 21:00:00,
2013-02-21 22:00:00,
2013-02-21 23:00:00,
2013-02-22 00:00:00,
2013-02-22 01:00:00,
2013-02-22 02:00:00,
2013-02-22 03:00:00,
2013-02-22 04:00:00,
2013-02-22 05:00:00,
2013-02-22 06:00:00,
2013-02-22 07:00:00,
2013-02-22 08:00:00,
2013-02-22 09:00:00,
2013-02-22 10:00:00,
2013-02-22 11:00:00,
2013-02-22 12:00:00,
2013-02-22 13:00:00,
2013-02-22 14:00:00,
2013-02-22 15:00:00,
2013-02-22 16:00:00,
2013-02-22 17:00:00,
2013-02-22 18:00:00,
2013-02-22 19:00:00,
2013-02-22 20:00:00,
2013-02-22 21:00:00,
2013-02-22 22:00:00,
2013-02-22 23:00:00,
2013-02-23 00:00:00,
2013-02-23 01:00:00,
2013-02-23 02:00:00,
2013-02-23 03:00:00,
2013-02-23 04:00:00,
2013-02-23 05:00:00,
2013-02-23 06:00:00,
2013-02-23 07:00:00,
2013-02-23 08:00:00,
2013-02-23 09:00:00,
2013-02-23 10:00:00,
2013-02-23 11:00:00,
2013-02-23 12:00:00,
2013-02-23 13:00:00,
2013-02-23 14:00:00,
2013-02-23 15:00:00,
2013-02-23 16:00:00,
2013-02-23 17:00:00,
2013-02-23 18:00:00,
2013-02-23 19:00:00,
2013-02-23 20:00:00,
2013-02-23 21:00:00,
2013-02-23 22:00:00,
2013-02-23 23:00:00,
2013-02-24 00:00:00,
2013-02-24 01:00:00,
2013-02-24 02:00:00,
2013-02-24 03:00:00,
2013-02-24 04:00:00,
2013-02-24 05:00:00,
2013-02-24 06:00:00,
2013-02-24 07:00:00,
2013-02-24 08:00:00,
2013-02-24 09:00:00,
2013-02-24 10:00:00,
2013-02-24 11:00:00,
2013-02-24 12:00:00,
2013-02-24 13:00:00,
2013-02-24 14:00:00,
2013-02-24 15:00:00,
2013-02-24 16:00:00,
2013-02-24 17:00:00,
2013-02-24 18:00:00,
2013-02-24 19:00:00,
2013-02-24 20:00:00,
2013-02-24 21:00:00,
2013-02-24 22:00:00,
2013-02-24 23:00:00,
2013-02-25 00:00:00,
2013-02-25 01:00:00,
2013-02-25 02:00:00,
2013-02-25 03:00:00,
2013-02-25 04:00:00,
2013-02-25 05:00:00,
2013-02-25 06:00:00,
2013-02-25 07:00:00,
2013-02-25 08:00:00,
2013-02-25 09:00:00,
2013-02-25 10:00:00,
2013-02-25 11:00:00,
2013-02-25 12:00:00,
2013-02-25 13:00:00,
2013-02-25 14:00:00,
2013-02-25 15:00:00,
2013-02-25 16:00:00,
2013-02-25 17:00:00,
2013-02-25 18:00:00,
2013-02-25 19:00:00,
2013-02-25 20:00:00,
2013-02-25 21:00:00,
2013-02-25 22:00:00,
2013-02-25 23:00:00,
2013-02-26 00:00:00,
2013-02-26 01:00:00,
2013-02-26 02:00:00,
2013-02-26 03:00:00,
2013-02-26 04:00:00,
2013-02-26 05:00:00,
2013-02-26 06:00:00,
2013-02-26 07:00:00,
2013-02-26 08:00:00,
2013-02-26 09:00:00,
2013-02-26 10:00:00,
2013-02-26 11:00:00,
2013-02-26 12:00:00,
2013-02-26 13:00:00,
2013-02-26 14:00:00,
2013-02-26 15:00:00,
2013-02-26 16:00:00,
2013-02-26 17:00:00,
2013-02-26 18:00:00,
2013-02-26 19:00:00,
2013-02-26 20:00:00,
2013-02-26 21:00:00,
2013-02-26 22:00:00,
2013-02-26 23:00:00,
2013-02-27 00:00:00,
2013-02-27 01:00:00,
2013-02-27 02:00:00,
2013-02-27 03:00:00,
2013-02-27 04:00:00,
2013-02-27 05:00:00,
2013-02-27 06:00:00,
2013-02-27 07:00:00,
2013-02-27 08:00:00,
2013-02-27 09:00:00,
2013-02-27 10:00:00,
2013-02-27 11:00:00,
2013-02-27 12:00:00,
2013-02-27 13:00:00,
2013-02-27 14:00:00,
2013-02-27 15:00:00,
2013-02-27 16:00:00,
2013-02-27 17:00:00,
2013-02-27 18:00:00,
2013-02-27 19:00:00,
2013-02-27 20:00:00,
2013-02-27 21:00:00,
2013-02-27 22:00:00,
2013-02-27 23:00:00,
2013-02-28 00:00:00,
2013-02-28 01:00:00,
2013-02-28 02:00:00,
2013-02-28 03:00:00,
2013-02-28 04:00:00,
2013-02-28 05:00:00,
2013-02-28 06:00:00,
2013-02-28 07:00:00,
2013-02-28 08:00:00,
2013-02-28 09:00:00,
2013-02-28 10:00:00,
2013-02-28 11:00:00,
2013-02-28 12:00:00,
2013-02-28 13:00:00,
2013-02-28 14:00:00,
2013-02-28 15:00:00,
2013-02-28 16:00:00,
2013-02-28 17:00:00,
2013-02-28 18:00:00,
2013-02-28 19:00:00,
2013-02-28 20:00:00,
2013-02-28 21:00:00,
2013-02-28 22:00:00,
2013-02-28 23:00:00,
2013-03-01 00:00:00,
2013-03-01 01:00:00,
2013-03-01 02:00:00,
2013-03-01 03:00:00,
2013-03-01 04:00:00,
2013-03-01 05:00:00,
2013-03-01 06:00:00,
2013-03-01 07:00:00,
2013-03-01 08:00:00,
2013-03-01 09:00:00,
2013-03-01 10:00:00,
2013-03-01 11:00:00,
2013-03-01 12:00:00,
2013-03-01 13:00:00,
2013-03-01 14:00:00,
2013-03-01 15:00:00,
2013-03-01 16:00:00,
2013-03-01 17:00:00,
2013-03-01 18:00:00,
2013-03-01 19:00:00,
2013-03-01 20:00:00,
2013-03-01 21:00:00,
2013-03-01 22:00:00,
2013-03-01 23:00:00,
2013-03-02 00:00:00,
2013-03-02 01:00:00,
2013-03-02 02:00:00,
2013-03-02 03:00:00,
2013-03-02 04:00:00,
2013-03-02 05:00:00,
2013-03-02 06:00:00,
2013-03-02 07:00:00,
2013-03-02 08:00:00,
2013-03-02 09:00:00,
2013-03-02 10:00:00,
2013-03-02 11:00:00,
2013-03-02 12:00:00,
2013-03-02 13:00:00,
2013-03-02 14:00:00,
2013-03-02 15:00:00,
2013-03-02 16:00:00,
2013-03-02 17:00:00,
2013-03-02 18:00:00,
2013-03-02 19:00:00,
2013-03-02 20:00:00,
2013-03-02 21:00:00,
2013-03-02 22:00:00,
2013-03-02 23:00:00,
2013-03-03 00:00:00,
2013-03-03 01:00:00,
2013-03-03 02:00:00,
2013-03-03 03:00:00,
2013-03-03 04:00:00,
2013-03-03 05:00:00,
2013-03-03 06:00:00,
2013-03-03 07:00:00,
2013-03-03 08:00:00,
2013-03-03 09:00:00,
2013-03-03 10:00:00,
2013-03-03 11:00:00,
2013-03-03 12:00:00,
2013-03-03 13:00:00,
2013-03-03 14:00:00,
2013-03-03 15:00:00,
2013-03-03 16:00:00,
2013-03-03 17:00:00,
2013-03-03 18:00:00,
2013-03-03 19:00:00,
2013-03-03 20:00:00,
2013-03-03 21:00:00,
2013-03-03 22:00:00,
2013-03-03 23:00:00,
2013-03-04 00:00:00,
2013-03-04 01:00:00,
2013-03-04 02:00:00,
2013-03-04 03:00:00,
2013-03-04 04:00:00,
2013-03-04 05:00:00,
2013-03-04 06:00:00,
2013-03-04 07:00:00,
2013-03-04 08:00:00,
2013-03-04 09:00:00,
2013-03-04 10:00:00,
2013-03-04 11:00:00,
2013-03-04 12:00:00,
2013-03-04 13:00:00,
2013-03-04 14:00:00,
2013-03-04 15:00:00,
2013-03-04 16:00:00,
2013-03-04 17:00:00,
2013-03-04 18:00:00,
2013-03-04 19:00:00,
2013-03-04 20:00:00,
2013-03-04 21:00:00,
2013-03-04 22:00:00,
2013-03-04 23:00:00,
2013-03-05 00:00:00,
2013-03-05 01:00:00,
2013-03-05 02:00:00,
2013-03-05 03:00:00,
2013-03-05 04:00:00,
2013-03-05 05:00:00,
2013-03-05 06:00:00,
2013-03-05 07:00:00,
2013-03-05 08:00:00,
2013-03-05 09:00:00,
2013-03-05 10:00:00,
2013-03-05 11:00:00,
2013-03-05 12:00:00,
2013-03-05 13:00:00,
2013-03-05 14:00:00,
2013-03-05 15:00:00,
2013-03-05 16:00:00,
2013-03-05 17:00:00,
2013-03-05 18:00:00,
2013-03-05 19:00:00,
2013-03-05 20:00:00,
2013-03-05 21:00:00,
2013-03-05 22:00:00,
2013-03-05 23:00:00,
2013-03-06 00:00:00,
2013-03-06 01:00:00,
2013-03-06 02:00:00,
2013-03-06 03:00:00,
2013-03-06 04:00:00,
2013-03-06 05:00:00,
2013-03-06 06:00:00,
2013-03-06 07:00:00,
2013-03-06 08:00:00,
2013-03-06 09:00:00,
2013-03-06 10:00:00,
2013-03-06 11:00:00,
2013-03-06 12:00:00,
2013-03-06 13:00:00,
2013-03-06 14:00:00,
2013-03-06 15:00:00,
2013-03-06 16:00:00,
2013-03-06 17:00:00,
2013-03-06 18:00:00,
2013-03-06 19:00:00,
2013-03-06 20:00:00,
2013-03-06 21:00:00,
2013-03-06 22:00:00,
2013-03-06 23:00:00,
2013-03-07 00:00:00,
2013-03-07 01:00:00,
2013-03-07 02:00:00,
2013-03-07 03:00:00,
2013-03-07 04:00:00,
2013-03-07 05:00:00,
2013-03-07 06:00:00,
2013-03-07 07:00:00,
2013-03-07 08:00:00,
2013-03-07 09:00:00,
2013-03-07 10:00:00,
2013-03-07 11:00:00,
2013-03-07 12:00:00,
2013-03-07 13:00:00,
2013-03-07 14:00:00,
2013-03-07 15:00:00,
2013-03-07 16:00:00,
2013-03-07 17:00:00,
2013-03-07 18:00:00,
2013-03-07 19:00:00,
2013-03-07 20:00:00,
2013-03-07 21:00:00,
2013-03-07 22:00:00,
2013-03-07 23:00:00,
2013-03-08 00:00:00,
2013-03-08 01:00:00,
2013-03-08 02:00:00,
2013-03-08 03:00:00,
2013-03-08 04:00:00,
2013-03-08 05:00:00,
2013-03-08 06:00:00,
2013-03-08 07:00:00,
2013-03-08 08:00:00,
2013-03-08 09:00:00,
2013-03-08 10:00:00,
2013-03-08 11:00:00,
2013-03-08 12:00:00,
2013-03-08 13:00:00,
2013-03-08 14:00:00,
2013-03-08 15:00:00,
2013-03-08 16:00:00,
2013-03-08 17:00:00,
2013-03-08 18:00:00,
2013-03-08 19:00:00,
2013-03-08 20:00:00,
2013-03-08 21:00:00,
2013-03-08 22:00:00,
2013-03-08 23:00:00,
2013-03-09 00:00:00,
2013-03-09 01:00:00,
2013-03-09 02:00:00,
2013-03-09 03:00:00,
2013-03-09 04:00:00,
2013-03-09 05:00:00,
2013-03-09 06:00:00,
2013-03-09 07:00:00,
2013-03-09 08:00:00,
2013-03-09 09:00:00,
2013-03-09 10:00:00,
2013-03-09 11:00:00,
2013-03-09 12:00:00,
2013-03-09 13:00:00,
2013-03-09 14:00:00,
2013-03-09 15:00:00,
2013-03-09 16:00:00,
2013-03-09 17:00:00,
2013-03-09 18:00:00,
2013-03-09 19:00:00,
2013-03-09 20:00:00,
2013-03-09 21:00:00,
2013-03-09 22:00:00,
2013-03-09 23:00:00,
2013-03-10 00:00:00,
2013-03-10 01:00:00,
2013-03-10 02:00:00,
2013-03-10 03:00:00,
2013-03-10 04:00:00,
2013-03-10 05:00:00,
2013-03-10 06:00:00,
2013-03-10 07:00:00,
2013-03-10 08:00:00,
2013-03-10 09:00:00,
2013-03-10 10:00:00,
2013-03-10 11:00:00,
2013-03-10 12:00:00,
2013-03-10 13:00:00,
2013-03-10 14:00:00,
2013-03-10 15:00:00,
2013-03-10 16:00:00,
2013-03-10 17:00:00,
2013-03-10 18:00:00,
2013-03-10 19:00:00,
2013-03-10 20:00:00,
2013-03-10 21:00:00,
2013-03-10 22:00:00,
2013-03-10 23:00:00,
2013-03-11 00:00:00,
2013-03-11 01:00:00,
2013-03-11 02:00:00,
2013-03-11 03:00:00,
2013-03-11 04:00:00,
2013-03-11 05:00:00,
2013-03-11 06:00:00,
2013-03-11 07:00:00,
2013-03-11 08:00:00,
2013-03-11 09:00:00,
2013-03-11 10:00:00,
2013-03-11 11:00:00,
2013-03-11 12:00:00,
2013-03-11 13:00:00,
2013-03-11 14:00:00,
2013-03-11 15:00:00,
2013-03-11 16:00:00,
2013-03-11 17:00:00,
2013-03-11 18:00:00,
2013-03-11 19:00:00,
2013-03-11 20:00:00,
2013-03-11 21:00:00,
2013-03-11 22:00:00,
2013-03-11 23:00:00,
2013-03-12 00:00:00,
2013-03-12 01:00:00,
2013-03-12 02:00:00,
2013-03-12 03:00:00,
2013-03-12 04:00:00,
2013-03-12 05:00:00,
2013-03-12 06:00:00,
2013-03-12 07:00:00,
2013-03-12 08:00:00,
2013-03-12 09:00:00,
2013-03-12 10:00:00,
2013-03-12 11:00:00,
2013-03-12 12:00:00,
2013-03-12 13:00:00,
2013-03-12 14:00:00,
2013-03-12 15:00:00,
2013-03-12 16:00:00,
2013-03-12 17:00:00,
2013-03-12 18:00:00,
2013-03-12 19:00:00,
2013-03-12 20:00:00,
2013-03-12 21:00:00,
2013-03-12 22:00:00,
2013-03-12 23:00:00,
2013-03-13 00:00:00,
2013-03-13 01:00:00,
2013-03-13 02:00:00,
2013-03-13 03:00:00,
2013-03-13 04:00:00,
2013-03-13 05:00:00,
2013-03-13 06:00:00,
2013-03-13 07:00:00,
2013-03-13 08:00:00,
2013-03-13 09:00:00,
2013-03-13 10:00:00,
2013-03-13 11:00:00,
2013-03-13 12:00:00,
2013-03-13 13:00:00,
2013-03-13 14:00:00,
2013-03-13 15:00:00,
2013-03-13 16:00:00,
2013-03-13 17:00:00,
2013-03-13 18:00:00,
2013-03-13 19:00:00,
2013-03-13 20:00:00,
2013-03-13 21:00:00,
2013-03-13 22:00:00,
2013-03-13 23:00:00,
2013-03-14 00:00:00,
2013-03-14 01:00:00,
2013-03-14 02:00:00,
2013-03-14 03:00:00,
2013-03-14 04:00:00,
2013-03-14 05:00:00,
2013-03-14 06:00:00,
2013-03-14 07:00:00,
2013-03-14 08:00:00,
2013-03-14 09:00:00,
2013-03-14 10:00:00,
2013-03-14 11:00:00,
2013-03-14 12:00:00,
2013-03-14 13:00:00,
2013-03-14 14:00:00,
2013-03-14 15:00:00,
2013-03-14 16:00:00,
2013-03-14 17:00:00,
2013-03-14 18:00:00,
2013-03-14 19:00:00,
2013-03-14 20:00:00,
2013-03-14 21:00:00,
2013-03-14 22:00:00,
2013-03-14 23:00:00,
2013-03-15 00:00:00,
2013-03-15 01:00:00,
2013-03-15 02:00:00,
2013-03-15 03:00:00,
2013-03-15 04:00:00,
2013-03-15 05:00:00,
2013-03-15 06:00:00,
2013-03-15 07:00:00,
2013-03-15 08:00:00,
2013-03-15 09:00:00,
2013-03-15 10:00:00,
2013-03-15 11:00:00,
2013-03-15 12:00:00,
2013-03-15 13:00:00,
2013-03-15 14:00:00,
2013-03-15 15:00:00,
2013-03-15 16:00:00,
2013-03-15 17:00:00,
2013-03-15 18:00:00,
2013-03-15 19:00:00,
2013-03-15 20:00:00,
2013-03-15 21:00:00,
2013-03-15 22:00:00,
2013-03-15 23:00:00,
2013-03-16 00:00:00,
2013-03-16 01:00:00,
2013-03-16 02:00:00,
2013-03-16 03:00:00,
2013-03-16 04:00:00,
2013-03-16 05:00:00,
2013-03-16 06:00:00,
2013-03-16 07:00:00,
2013-03-16 08:00:00,
2013-03-16 09:00:00,
2013-03-16 10:00:00,
2013-03-16 11:00:00,
2013-03-16 12:00:00,
2013-03-16 13:00:00,
2013-03-16 14:00:00,
2013-03-16 15:00:00,
2013-03-16 16:00:00,
2013-03-16 17:00:00,
2013-03-16 18:00:00,
2013-03-16 19:00:00,
2013-03-16 20:00:00,
2013-03-16 21:00:00,
2013-03-16 22:00:00,
2013-03-16 23:00:00,
2013-03-17 00:00:00,
2013-03-17 01:00:00,
2013-03-17 02:00:00,
2013-03-17 03:00:00,
2013-03-17 04:00:00,
2013-03-17 05:00:00,
2013-03-17 06:00:00,
2013-03-17 07:00:00,
2013-03-17 08:00:00,
2013-03-17 09:00:00,
2013-03-17 10:00:00,
2013-03-17 11:00:00,
2013-03-17 12:00:00,
2013-03-17 13:00:00,
2013-03-17 14:00:00,
2013-03-17 15:00:00,
2013-03-17 16:00:00,
2013-03-17 17:00:00,
2013-03-17 18:00:00,
2013-03-17 19:00:00,
2013-03-17 20:00:00,
2013-03-17 21:00:00,
2013-03-17 22:00:00,
2013-03-17 23:00:00,
2013-03-18 00:00:00,
2013-03-18 01:00:00,
2013-03-18 02:00:00,
2013-03-18 03:00:00,
2013-03-18 04:00:00,
2013-03-18 05:00:00,
2013-03-18 06:00:00,
2013-03-18 07:00:00,
2013-03-18 08:00:00,
2013-03-18 09:00:00,
2013-03-18 10:00:00,
2013-03-18 11:00:00,
2013-03-18 12:00:00,
2013-03-18 13:00:00,
2013-03-18 14:00:00,
2013-03-18 15:00:00,
2013-03-18 16:00:00,
2013-03-18 17:00:00,
2013-03-18 18:00:00,
2013-03-18 19:00:00,
2013-03-18 20:00:00,
2013-03-18 21:00:00,
2013-03-18 22:00:00,
2013-03-18 23:00:00,
2013-03-19 00:00:00,
2013-03-19 01:00:00,
2013-03-19 02:00:00,
2013-03-19 03:00:00,
2013-03-19 04:00:00,
2013-03-19 05:00:00,
2013-03-19 06:00:00,
2013-03-19 07:00:00,
2013-03-19 08:00:00,
2013-03-19 09:00:00,
2013-03-19 10:00:00,
2013-03-19 11:00:00,
2013-03-19 12:00:00,
2013-03-19 13:00:00,
2013-03-19 14:00:00,
2013-03-19 15:00:00,
2013-03-19 16:00:00,
2013-03-19 17:00:00,
2013-03-19 18:00:00,
2013-03-19 19:00:00,
2013-03-19 20:00:00,
2013-03-19 21:00:00,
2013-03-19 22:00:00,
2013-03-19 23:00:00,
2013-03-20 00:00:00,
2013-03-20 01:00:00,
2013-03-20 02:00:00,
2013-03-20 03:00:00,
2013-03-20 04:00:00,
2013-03-20 05:00:00,
2013-03-20 06:00:00,
2013-03-20 07:00:00,
2013-03-20 08:00:00,
2013-03-20 09:00:00,
2013-03-20 10:00:00,
2013-03-20 11:00:00,
2013-03-20 12:00:00,
2013-03-20 13:00:00,
2013-03-20 14:00:00,
2013-03-20 15:00:00,
2013-03-20 16:00:00,
2013-03-20 17:00:00,
2013-03-20 18:00:00,
2013-03-20 19:00:00,
2013-03-20 20:00:00,
2013-03-20 21:00:00,
2013-03-20 22:00:00,
2013-03-20 23:00:00,
2013-03-21 00:00:00,
2013-03-21 01:00:00,
2013-03-21 02:00:00,
2013-03-21 03:00:00,
2013-03-21 04:00:00,
2013-03-21 05:00:00,
2013-03-21 06:00:00,
2013-03-21 07:00:00,
2013-03-21 08:00:00,
2013-03-21 09:00:00,
2013-03-21 10:00:00,
2013-03-21 11:00:00,
2013-03-21 12:00:00,
2013-03-21 13:00:00,
2013-03-21 14:00:00,
2013-03-21 15:00:00,
2013-03-21 16:00:00,
2013-03-21 17:00:00,
2013-03-21 18:00:00,
2013-03-21 19:00:00,
2013-03-21 20:00:00,
2013-03-21 21:00:00,
2013-03-21 22:00:00,
2013-03-21 23:00:00,
2013-03-22 00:00:00,
2013-03-22 01:00:00,
2013-03-22 02:00:00,
2013-03-22 03:00:00,
2013-03-22 04:00:00,
2013-03-22 05:00:00,
2013-03-22 06:00:00,
2013-03-22 07:00:00,
2013-03-22 08:00:00,
2013-03-22 09:00:00,
2013-03-22 10:00:00,
2013-03-22 11:00:00,
2013-03-22 12:00:00,
2013-03-22 13:00:00,
2013-03-22 14:00:00,
2013-03-22 15:00:00,
2013-03-22 16:00:00,
2013-03-22 17:00:00,
2013-03-22 18:00:00,
2013-03-22 19:00:00,
2013-03-22 20:00:00,
2013-03-22 21:00:00,
2013-03-22 22:00:00,
2013-03-22 23:00:00,
2013-03-23 00:00:00,
2013-03-23 01:00:00,
2013-03-23 02:00:00,
2013-03-23 03:00:00,
2013-03-23 04:00:00,
2013-03-23 05:00:00,
2013-03-23 06:00:00,
2013-03-23 07:00:00,
2013-03-23 08:00:00,
2013-03-23 09:00:00,
2013-03-23 10:00:00,
2013-03-23 11:00:00,
2013-03-23 12:00:00,
2013-03-23 13:00:00,
2013-03-23 14:00:00,
2013-03-23 15:00:00,
2013-03-23 16:00:00,
2013-03-23 17:00:00,
2013-03-23 18:00:00,
2013-03-23 19:00:00,
2013-03-23 20:00:00,
2013-03-23 21:00:00,
2013-03-23 22:00:00,
2013-03-23 23:00:00,
2013-03-24 00:00:00,
2013-03-24 01:00:00,
2013-03-24 02:00:00,
2013-03-24 03:00:00,
2013-03-24 04:00:00,
2013-03-24 05:00:00,
2013-03-24 06:00:00,
2013-03-24 07:00:00,
2013-03-24 08:00:00,
2013-03-24 09:00:00,
2013-03-24 10:00:00,
2013-03-24 11:00:00,
2013-03-24 12:00:00,
2013-03-24 13:00:00,
2013-03-24 14:00:00,
2013-03-24 15:00:00,
2013-03-24 16:00:00,
2013-03-24 17:00:00,
2013-03-24 18:00:00,
2013-03-24 19:00:00,
2013-03-24 20:00:00,
2013-03-24 21:00:00,
2013-03-24 22:00:00,
2013-03-24 23:00:00,
2013-03-25 00:00:00,
2013-03-25 01:00:00,
2013-03-25 02:00:00,
2013-03-25 03:00:00,
2013-03-25 04:00:00,
2013-03-25 05:00:00,
2013-03-25 06:00:00,
2013-03-25 07:00:00,
2013-03-25 08:00:00,
2013-03-25 09:00:00,
2013-03-25 10:00:00,
2013-03-25 11:00:00,
2013-03-25 12:00:00,
2013-03-25 13:00:00,
2013-03-25 14:00:00,
2013-03-25 15:00:00,
2013-03-25 16:00:00,
2013-03-25 17:00:00,
2013-03-25 18:00:00,
2013-03-25 19:00:00,
2013-03-25 20:00:00,
2013-03-25 21:00:00,
2013-03-25 22:00:00,
2013-03-25 23:00:00,
2013-03-26 00:00:00,
2013-03-26 01:00:00,
2013-03-26 02:00:00,
2013-03-26 03:00:00,
2013-03-26 04:00:00,
2013-03-26 05:00:00,
2013-03-26 06:00:00,
2013-03-26 07:00:00,
2013-03-26 08:00:00,
2013-03-26 09:00:00,
2013-03-26 10:00:00,
2013-03-26 11:00:00,
2013-03-26 12:00:00,
2013-03-26 13:00:00,
2013-03-26 14:00:00,
2013-03-26 15:00:00,
2013-03-26 16:00:00,
2013-03-26 17:00:00,
2013-03-26 18:00:00,
2013-03-26 19:00:00,
2013-03-26 20:00:00,
2013-03-26 21:00:00,
2013-03-26 22:00:00,
2013-03-26 23:00:00,
2013-03-27 00:00:00,
2013-03-27 01:00:00,
2013-03-27 02:00:00,
2013-03-27 03:00:00,
2013-03-27 04:00:00,
2013-03-27 05:00:00,
2013-03-27 06:00:00,
2013-03-27 07:00:00,
2013-03-27 08:00:00,
2013-03-27 09:00:00,
2013-03-27 10:00:00,
2013-03-27 11:00:00,
2013-03-27 12:00:00,
2013-03-27 13:00:00,
2013-03-27 14:00:00,
2013-03-27 15:00:00,
2013-03-27 16:00:00,
2013-03-27 17:00:00,
2013-03-27 18:00:00,
2013-03-27 19:00:00,
2013-03-27 20:00:00,
2013-03-27 21:00:00,
2013-03-27 22:00:00,
2013-03-27 23:00:00,
2013-03-28 00:00:00,
2013-03-28 01:00:00,
2013-03-28 02:00:00,
2013-03-28 03:00:00,
2013-03-28 04:00:00,
2013-03-28 05:00:00,
2013-03-28 06:00:00,
2013-03-28 07:00:00,
2013-03-28 08:00:00,
2013-03-28 09:00:00,
2013-03-28 10:00:00,
2013-03-28 11:00:00,
2013-03-28 12:00:00,
2013-03-28 13:00:00,
2013-03-28 14:00:00,
2013-03-28 15:00:00,
2013-03-28 16:00:00,
2013-03-28 17:00:00,
2013-03-28 18:00:00,
2013-03-28 19:00:00,
2013-03-28 20:00:00,
2013-03-28 21:00:00,
2013-03-28 22:00:00,
2013-03-28 23:00:00,
2013-03-29 00:00:00,
2013-03-29 01:00:00,
2013-03-29 02:00:00,
2013-03-29 03:00:00,
2013-03-29 04:00:00,
2013-03-29 05:00:00,
2013-03-29 06:00:00,
2013-03-29 07:00:00,
2013-03-29 08:00:00,
2013-03-29 09:00:00,
2013-03-29 10:00:00,
2013-03-29 11:00:00,
2013-03-29 12:00:00,
2013-03-29 13:00:00,
2013-03-29 14:00:00,
2013-03-29 15:00:00,
2013-03-29 16:00:00,
2013-03-29 17:00:00,
2013-03-29 18:00:00,
2013-03-29 19:00:00,
2013-03-29 20:00:00,
2013-03-29 21:00:00,
2013-03-29 22:00:00,
2013-03-29 23:00:00,
2013-03-30 00:00:00,
2013-03-30 01:00:00,
2013-03-30 02:00:00,
2013-03-30 03:00:00,
2013-03-30 04:00:00,
2013-03-30 05:00:00,
2013-03-30 06:00:00,
2013-03-30 07:00:00,
2013-03-30 08:00:00,
2013-03-30 09:00:00,
2013-03-30 10:00:00,
2013-03-30 11:00:00,
2013-03-30 12:00:00,
2013-03-30 13:00:00,
2013-03-30 14:00:00,
2013-03-30 15:00:00,
2013-03-30 16:00:00,
2013-03-30 17:00:00,
2013-03-30 18:00:00,
2013-03-30 19:00:00,
2013-03-30 20:00:00,
2013-03-30 21:00:00,
2013-03-30 22:00:00,
2013-03-30 23:00:00,
2013-03-31 00:00:00,
2013-03-31 01:00:00,
2013-03-31 02:00:00,
2013-03-31 03:00:00,
2013-03-31 04:00:00,
2013-03-31 05:00:00,
2013-03-31 06:00:00,
2013-03-31 07:00:00,
2013-03-31 08:00:00,
2013-03-31 09:00:00,
2013-03-31 10:00:00,
2013-03-31 11:00:00,
2013-03-31 12:00:00,
2013-03-31 13:00:00,
2013-03-31 14:00:00,
2013-03-31 15:00:00,
2013-03-31 16:00:00,
2013-03-31 17:00:00,
2013-03-31 18:00:00,
2013-03-31 19:00:00,
2013-03-31 20:00:00,
2013-03-31 21:00:00,
2013-03-31 22:00:00,
2013-03-31 23:00:00,
2013-04-01 00:00:00,
2013-04-01 01:00:00,
2013-04-01 02:00:00,
2013-04-01 03:00:00,
2013-04-01 04:00:00,
2013-04-01 05:00:00,
2013-04-01 06:00:00,
2013-04-01 07:00:00,
2013-04-01 08:00:00,
2013-04-01 09:00:00,
2013-04-01 10:00:00,
2013-04-01 11:00:00,
2013-04-01 12:00:00,
2013-04-01 13:00:00,
2013-04-01 14:00:00,
2013-04-01 15:00:00,
2013-04-01 16:00:00,
2013-04-01 17:00:00,
2013-04-01 18:00:00,
2013-04-01 19:00:00,
2013-04-01 20:00:00,
2013-04-01 21:00:00,
2013-04-01 22:00:00,
2013-04-01 23:00:00,
2013-04-02 00:00:00,
2013-04-02 01:00:00,
2013-04-02 02:00:00,
2013-04-02 03:00:00,
2013-04-02 04:00:00,
2013-04-02 05:00:00,
2013-04-02 06:00:00,
2013-04-02 07:00:00,
2013-04-02 08:00:00,
2013-04-02 09:00:00,
2013-04-02 10:00:00,
2013-04-02 11:00:00,
2013-04-02 12:00:00,
2013-04-02 13:00:00,
2013-04-02 14:00:00,
2013-04-02 15:00:00,
2013-04-02 16:00:00,
2013-04-02 17:00:00,
2013-04-02 18:00:00,
2013-04-02 19:00:00,
2013-04-02 20:00:00,
2013-04-02 21:00:00,
2013-04-02 22:00:00,
2013-04-02 23:00:00,
2013-04-03 00:00:00,
2013-04-03 01:00:00,
2013-04-03 02:00:00,
2013-04-03 03:00:00,
2013-04-03 04:00:00,
2013-04-03 05:00:00,
2013-04-03 06:00:00,
2013-04-03 07:00:00,
2013-04-03 08:00:00,
2013-04-03 09:00:00,
2013-04-03 10:00:00,
2013-04-03 11:00:00,
2013-04-03 12:00:00,
2013-04-03 13:00:00,
2013-04-03 14:00:00,
2013-04-03 15:00:00,
2013-04-03 16:00:00,
2013-04-03 17:00:00,
2013-04-03 18:00:00,
2013-04-03 19:00:00,
2013-04-03 20:00:00,
2013-04-03 21:00:00,
2013-04-03 22:00:00,
2013-04-03 23:00:00,
2013-04-04 00:00:00,
2013-04-04 01:00:00,
2013-04-04 02:00:00,
2013-04-04 03:00:00,
2013-04-04 04:00:00,
2013-04-04 05:00:00,
2013-04-04 06:00:00,
2013-04-04 07:00:00,
2013-04-04 08:00:00,
2013-04-04 09:00:00,
2013-04-04 10:00:00,
2013-04-04 11:00:00,
2013-04-04 12:00:00,
2013-04-04 13:00:00,
2013-04-04 14:00:00,
2013-04-04 15:00:00,
2013-04-04 16:00:00,
2013-04-04 17:00:00,
2013-04-04 18:00:00,
2013-04-04 19:00:00,
2013-04-04 20:00:00,
2013-04-04 21:00:00,
2013-04-04 22:00:00,
2013-04-04 23:00:00,
2013-04-05 00:00:00,
2013-04-05 01:00:00,
2013-04-05 02:00:00,
2013-04-05 03:00:00,
2013-04-05 04:00:00,
2013-04-05 05:00:00,
2013-04-05 06:00:00,
2013-04-05 07:00:00,
2013-04-05 08:00:00,
2013-04-05 09:00:00,
2013-04-05 10:00:00,
2013-04-05 11:00:00,
2013-04-05 12:00:00,
2013-04-05 13:00:00,
2013-04-05 14:00:00,
2013-04-05 15:00:00,
2013-04-05 16:00:00,
2013-04-05 17:00:00,
2013-04-05 18:00:00,
2013-04-05 19:00:00,
2013-04-05 20:00:00,
2013-04-05 21:00:00,
2013-04-05 22:00:00,
2013-04-05 23:00:00,
2013-04-06 00:00:00,
2013-04-06 01:00:00,
2013-04-06 02:00:00,
2013-04-06 03:00:00,
2013-04-06 04:00:00,
2013-04-06 05:00:00,
2013-04-06 06:00:00,
2013-04-06 07:00:00,
2013-04-06 08:00:00,
2013-04-06 09:00:00,
2013-04-06 10:00:00,
2013-04-06 11:00:00,
2013-04-06 12:00:00,
2013-04-06 13:00:00,
2013-04-06 14:00:00,
2013-04-06 15:00:00,
2013-04-06 16:00:00,
2013-04-06 17:00:00,
2013-04-06 18:00:00,
2013-04-06 19:00:00,
2013-04-06 20:00:00,
2013-04-06 21:00:00,
2013-04-06 22:00:00,
2013-04-06 23:00:00,
2013-04-07 00:00:00,
2013-04-07 01:00:00,
2013-04-07 02:00:00,
2013-04-07 03:00:00,
2013-04-07 04:00:00,
2013-04-07 05:00:00,
2013-04-07 06:00:00,
2013-04-07 07:00:00,
2013-04-07 08:00:00,
2013-04-07 09:00:00,
2013-04-07 10:00:00,
2013-04-07 11:00:00,
2013-04-07 12:00:00,
2013-04-07 13:00:00,
2013-04-07 14:00:00,
2013-04-07 15:00:00,
2013-04-07 16:00:00,
2013-04-07 17:00:00,
2013-04-07 18:00:00,
2013-04-07 19:00:00,
2013-04-07 20:00:00,
2013-04-07 21:00:00,
2013-04-07 22:00:00,
2013-04-07 23:00:00,
2013-04-08 00:00:00,
2013-04-08 01:00:00,
2013-04-08 02:00:00,
2013-04-08 03:00:00,
2013-04-08 04:00:00,
2013-04-08 05:00:00,
2013-04-08 06:00:00,
2013-04-08 07:00:00,
2013-04-08 08:00:00,
2013-04-08 09:00:00,
2013-04-08 10:00:00,
2013-04-08 11:00:00,
2013-04-08 12:00:00,
2013-04-08 13:00:00,
2013-04-08 14:00:00,
2013-04-08 15:00:00,
2013-04-08 16:00:00,
2013-04-08 17:00:00,
2013-04-08 18:00:00,
2013-04-08 19:00:00,
2013-04-08 20:00:00,
2013-04-08 21:00:00,
2013-04-08 22:00:00,
2013-04-08 23:00:00,
2013-04-09 00:00:00,
2013-04-09 01:00:00,
2013-04-09 02:00:00,
2013-04-09 03:00:00,
2013-04-09 04:00:00,
2013-04-09 05:00:00,
2013-04-09 06:00:00,
2013-04-09 07:00:00,
2013-04-09 08:00:00,
2013-04-09 09:00:00,
2013-04-09 10:00:00,
2013-04-09 11:00:00,
2013-04-09 12:00:00,
2013-04-09 13:00:00,
2013-04-09 14:00:00,
2013-04-09 15:00:00,
2013-04-09 16:00:00,
2013-04-09 17:00:00,
2013-04-09 18:00:00,
2013-04-09 19:00:00,
2013-04-09 20:00:00,
2013-04-09 21:00:00,
2013-04-09 22:00:00,
2013-04-09 23:00:00,
2013-04-10 00:00:00,
2013-04-10 01:00:00,
2013-04-10 02:00:00,
2013-04-10 03:00:00,
2013-04-10 04:00:00,
2013-04-10 05:00:00,
2013-04-10 06:00:00,
2013-04-10 07:00:00,
2013-04-10 08:00:00,
2013-04-10 09:00:00,
2013-04-10 10:00:00,
2013-04-10 11:00:00,
2013-04-10 12:00:00,
2013-04-10 13:00:00,
2013-04-10 14:00:00,
2013-04-10 15:00:00,
2013-04-10 16:00:00,
2013-04-10 17:00:00,
2013-04-10 18:00:00,
2013-04-10 19:00:00,
2013-04-10 20:00:00,
2013-04-10 21:00:00,
2013-04-10 22:00:00,
2013-04-10 23:00:00,
2013-04-11 00:00:00,
2013-04-11 01:00:00,
2013-04-11 02:00:00,
2013-04-11 03:00:00,
2013-04-11 04:00:00,
2013-04-11 05:00:00,
2013-04-11 06:00:00,
2013-04-11 07:00:00,
2013-04-11 08:00:00,
2013-04-11 09:00:00,
2013-04-11 10:00:00,
2013-04-11 11:00:00,
2013-04-11 12:00:00,
2013-04-11 13:00:00,
2013-04-11 14:00:00,
2013-04-11 15:00:00,
2013-04-11 16:00:00,
2013-04-11 17:00:00,
2013-04-11 18:00:00,
2013-04-11 19:00:00,
2013-04-11 20:00:00,
2013-04-11 21:00:00,
2013-04-11 22:00:00,
2013-04-11 23:00:00,
2013-04-12 00:00:00,
2013-04-12 01:00:00,
2013-04-12 02:00:00,
2013-04-12 03:00:00,
2013-04-12 04:00:00,
2013-04-12 05:00:00,
2013-04-12 06:00:00,
2013-04-12 07:00:00,
2013-04-12 08:00:00,
2013-04-12 09:00:00,
2013-04-12 10:00:00,
2013-04-12 11:00:00,
2013-04-12 12:00:00,
2013-04-12 13:00:00,
2013-04-12 14:00:00,
2013-04-12 15:00:00,
2013-04-12 16:00:00,
2013-04-12 17:00:00,
2013-04-12 18:00:00,
2013-04-12 19:00:00,
2013-04-12 20:00:00,
2013-04-12 21:00:00,
2013-04-12 22:00:00,
2013-04-12 23:00:00,
2013-04-13 00:00:00,
2013-04-13 01:00:00,
2013-04-13 02:00:00,
2013-04-13 03:00:00,
2013-04-13 04:00:00,
2013-04-13 05:00:00,
2013-04-13 06:00:00,
2013-04-13 07:00:00,
2013-04-13 08:00:00,
2013-04-13 09:00:00,
2013-04-13 10:00:00,
2013-04-13 11:00:00,
2013-04-13 12:00:00,
2013-04-13 13:00:00,
2013-04-13 14:00:00,
2013-04-13 15:00:00,
2013-04-13 16:00:00,
2013-04-13 17:00:00,
2013-04-13 18:00:00,
2013-04-13 19:00:00,
2013-04-13 20:00:00,
2013-04-13 21:00:00,
2013-04-13 22:00:00,
2013-04-13 23:00:00,
2013-04-14 00:00:00,
2013-04-14 01:00:00,
2013-04-14 02:00:00,
2013-04-14 03:00:00,
2013-04-14 04:00:00,
2013-04-14 05:00:00,
2013-04-14 06:00:00,
2013-04-14 07:00:00,
2013-04-14 08:00:00,
2013-04-14 09:00:00,
2013-04-14 10:00:00,
2013-04-14 11:00:00,
2013-04-14 12:00:00,
2013-04-14 13:00:00,
2013-04-14 14:00:00,
2013-04-14 15:00:00,
2013-04-14 16:00:00,
2013-04-14 17:00:00,
2013-04-14 18:00:00,
2013-04-14 19:00:00,
2013-04-14 20:00:00,
2013-04-14 21:00:00,
2013-04-14 22:00:00,
2013-04-14 23:00:00,
2013-04-15 00:00:00,
2013-04-15 01:00:00,
2013-04-15 02:00:00,
2013-04-15 03:00:00,
2013-04-15 04:00:00,
2013-04-15 05:00:00,
2013-04-15 06:00:00,
2013-04-15 07:00:00,
2013-04-15 08:00:00,
2013-04-15 09:00:00,
2013-04-15 10:00:00,
2013-04-15 11:00:00,
2013-04-15 12:00:00,
2013-04-15 13:00:00,
2013-04-15 14:00:00,
2013-04-15 15:00:00,
2013-04-15 16:00:00,
2013-04-15 17:00:00,
2013-04-15 18:00:00,
2013-04-15 19:00:00,
2013-04-15 20:00:00,
2013-04-15 21:00:00,
2013-04-15 22:00:00,
2013-04-15 23:00:00,
2013-04-16 00:00:00,
2013-04-16 01:00:00,
2013-04-16 02:00:00,
2013-04-16 03:00:00,
2013-04-16 04:00:00,
2013-04-16 05:00:00,
2013-04-16 06:00:00,
2013-04-16 07:00:00,
2013-04-16 08:00:00,
2013-04-16 09:00:00,
2013-04-16 10:00:00,
2013-04-16 11:00:00,
2013-04-16 12:00:00,
2013-04-16 13:00:00,
2013-04-16 14:00:00,
2013-04-16 15:00:00,
2013-04-16 16:00:00,
2013-04-16 17:00:00,
2013-04-16 18:00:00,
2013-04-16 19:00:00,
2013-04-16 20:00:00,
2013-04-16 21:00:00,
2013-04-16 22:00:00,
2013-04-16 23:00:00,
2013-04-17 00:00:00,
2013-04-17 01:00:00,
2013-04-17 02:00:00,
2013-04-17 03:00:00,
2013-04-17 04:00:00,
2013-04-17 05:00:00,
2013-04-17 06:00:00,
2013-04-17 07:00:00,
2013-04-17 08:00:00,
2013-04-17 09:00:00,
2013-04-17 10:00:00,
2013-04-17 11:00:00,
2013-04-17 12:00:00,
2013-04-17 13:00:00,
2013-04-17 14:00:00,
2013-04-17 15:00:00,
2013-04-17 16:00:00,
2013-04-17 17:00:00,
2013-04-17 18:00:00,
2013-04-17 19:00:00,
2013-04-17 20:00:00,
2013-04-17 21:00:00,
2013-04-17 22:00:00,
2013-04-17 23:00:00,
2013-04-18 00:00:00,
2013-04-18 01:00:00,
2013-04-18 02:00:00,
2013-04-18 03:00:00,
2013-04-18 04:00:00,
2013-04-18 05:00:00,
2013-04-18 06:00:00,
2013-04-18 07:00:00,
2013-04-18 08:00:00,
2013-04-18 09:00:00,
2013-04-18 10:00:00,
2013-04-18 11:00:00,
2013-04-18 12:00:00,
2013-04-18 13:00:00,
2013-04-18 14:00:00,
2013-04-18 15:00:00,
2013-04-18 16:00:00,
2013-04-18 17:00:00,
2013-04-18 18:00:00,
2013-04-18 19:00:00,
2013-04-18 20:00:00,
2013-04-18 21:00:00,
2013-04-18 22:00:00,
2013-04-18 23:00:00,
2013-04-19 00:00:00,
2013-04-19 01:00:00,
2013-04-19 02:00:00,
2013-04-19 03:00:00,
2013-04-19 04:00:00,
2013-04-19 05:00:00,
2013-04-19 06:00:00,
2013-04-19 07:00:00,
2013-04-19 08:00:00,
2013-04-19 09:00:00,
2013-04-19 10:00:00,
2013-04-19 11:00:00,
2013-04-19 12:00:00,
2013-04-19 13:00:00,
2013-04-19 14:00:00,
2013-04-19 15:00:00,
2013-04-19 16:00:00,
2013-04-19 17:00:00,
2013-04-19 18:00:00,
2013-04-19 19:00:00,
2013-04-19 20:00:00,
2013-04-19 21:00:00,
2013-04-19 22:00:00,
2013-04-19 23:00:00,
2013-04-20 00:00:00,
2013-04-20 01:00:00,
2013-04-20 02:00:00,
2013-04-20 03:00:00,
2013-04-20 04:00:00,
2013-04-20 05:00:00,
2013-04-20 06:00:00,
2013-04-20 07:00:00,
2013-04-20 08:00:00,
2013-04-20 09:00:00,
2013-04-20 10:00:00,
2013-04-20 11:00:00,
2013-04-20 12:00:00,
2013-04-20 13:00:00,
2013-04-20 14:00:00,
2013-04-20 15:00:00,
2013-04-20 16:00:00,
2013-04-20 17:00:00,
2013-04-20 18:00:00,
2013-04-20 19:00:00,
2013-04-20 20:00:00,
2013-04-20 21:00:00,
2013-04-20 22:00:00,
2013-04-20 23:00:00,
2013-04-21 00:00:00,
2013-04-21 01:00:00,
2013-04-21 02:00:00,
2013-04-21 03:00:00,
2013-04-21 04:00:00,
2013-04-21 05:00:00,
2013-04-21 06:00:00,
2013-04-21 07:00:00,
2013-04-21 08:00:00,
2013-04-21 09:00:00,
2013-04-21 10:00:00,
2013-04-21 11:00:00,
2013-04-21 12:00:00,
2013-04-21 13:00:00,
2013-04-21 14:00:00,
2013-04-21 15:00:00,
2013-04-21 16:00:00,
2013-04-21 17:00:00,
2013-04-21 18:00:00,
2013-04-21 19:00:00,
2013-04-21 20:00:00,
2013-04-21 21:00:00,
2013-04-21 22:00:00,
2013-04-21 23:00:00,
2013-04-22 00:00:00,
2013-04-22 01:00:00,
2013-04-22 02:00:00,
2013-04-22 03:00:00,
2013-04-22 04:00:00,
2013-04-22 05:00:00,
2013-04-22 06:00:00,
2013-04-22 07:00:00,
2013-04-22 08:00:00,
2013-04-22 09:00:00,
2013-04-22 10:00:00,
2013-04-22 11:00:00,
2013-04-22 12:00:00,
2013-04-22 13:00:00,
2013-04-22 14:00:00,
2013-04-22 15:00:00,
2013-04-22 16:00:00,
2013-04-22 17:00:00,
2013-04-22 18:00:00,
2013-04-22 19:00:00,
2013-04-22 20:00:00,
2013-04-22 21:00:00,
2013-04-22 22:00:00,
2013-04-22 23:00:00,
2013-04-23 00:00:00,
2013-04-23 01:00:00,
2013-04-23 02:00:00,
2013-04-23 03:00:00,
2013-04-23 04:00:00,
2013-04-23 05:00:00,
2013-04-23 06:00:00,
2013-04-23 07:00:00,
2013-04-23 08:00:00,
2013-04-23 09:00:00,
2013-04-23 10:00:00,
2013-04-23 11:00:00,
2013-04-23 12:00:00,
2013-04-23 13:00:00,
2013-04-23 14:00:00,
2013-04-23 15:00:00,
2013-04-23 16:00:00,
2013-04-23 17:00:00,
2013-04-23 18:00:00,
2013-04-23 19:00:00,
2013-04-23 20:00:00,
2013-04-23 21:00:00,
2013-04-23 22:00:00,
2013-04-23 23:00:00,
2013-04-24 00:00:00,
2013-04-24 01:00:00,
2013-04-24 02:00:00,
2013-04-24 03:00:00,
2013-04-24 04:00:00,
2013-04-24 05:00:00,
2013-04-24 06:00:00,
2013-04-24 07:00:00,
2013-04-24 08:00:00,
2013-04-24 09:00:00,
2013-04-24 10:00:00,
2013-04-24 11:00:00,
2013-04-24 12:00:00,
2013-04-24 13:00:00,
2013-04-24 14:00:00,
2013-04-24 15:00:00,
2013-04-24 16:00:00,
2013-04-24 17:00:00,
2013-04-24 18:00:00,
2013-04-24 19:00:00,
2013-04-24 20:00:00,
2013-04-24 21:00:00,
2013-04-24 22:00:00,
2013-04-24 23:00:00,
2013-04-25 00:00:00,
2013-04-25 01:00:00,
2013-04-25 02:00:00,
2013-04-25 03:00:00,
2013-04-25 04:00:00,
2013-04-25 05:00:00,
2013-04-25 06:00:00,
2013-04-25 07:00:00,
2013-04-25 08:00:00,
2013-04-25 09:00:00,
2013-04-25 10:00:00,
2013-04-25 11:00:00,
2013-04-25 12:00:00,
2013-04-25 13:00:00,
2013-04-25 14:00:00,
2013-04-25 15:00:00,
2013-04-25 16:00:00,
2013-04-25 17:00:00,
2013-04-25 18:00:00,
2013-04-25 19:00:00,
2013-04-25 20:00:00,
2013-04-25 21:00:00,
2013-04-25 22:00:00,
2013-04-25 23:00:00,
2013-04-26 00:00:00,
2013-04-26 01:00:00,
2013-04-26 02:00:00,
2013-04-26 03:00:00,
2013-04-26 04:00:00,
2013-04-26 05:00:00,
2013-04-26 06:00:00,
2013-04-26 07:00:00,
2013-04-26 08:00:00,
2013-04-26 09:00:00,
2013-04-26 10:00:00,
2013-04-26 11:00:00,
2013-04-26 12:00:00,
2013-04-26 13:00:00,
2013-04-26 14:00:00,
2013-04-26 15:00:00,
2013-04-26 16:00:00,
2013-04-26 17:00:00,
2013-04-26 18:00:00,
2013-04-26 19:00:00,
2013-04-26 20:00:00,
2013-04-26 21:00:00,
2013-04-26 22:00:00,
2013-04-26 23:00:00,
2013-04-27 00:00:00,
2013-04-27 01:00:00,
2013-04-27 02:00:00,
2013-04-27 03:00:00,
2013-04-27 04:00:00,
2013-04-27 05:00:00,
2013-04-27 06:00:00,
2013-04-27 07:00:00,
2013-04-27 08:00:00,
2013-04-27 09:00:00,
2013-04-27 10:00:00,
2013-04-27 11:00:00,
2013-04-27 12:00:00,
2013-04-27 13:00:00,
2013-04-27 14:00:00,
2013-04-27 15:00:00,
2013-04-27 16:00:00,
2013-04-27 17:00:00,
2013-04-27 18:00:00,
2013-04-27 19:00:00,
2013-04-27 20:00:00,
2013-04-27 21:00:00,
2013-04-27 22:00:00,
2013-04-27 23:00:00,
2013-04-28 00:00:00,
2013-04-28 01:00:00,
2013-04-28 02:00:00,
2013-04-28 03:00:00,
2013-04-28 04:00:00,
2013-04-28 05:00:00,
2013-04-28 06:00:00,
2013-04-28 07:00:00,
2013-04-28 08:00:00,
2013-04-28 09:00:00,
2013-04-28 10:00:00,
2013-04-28 11:00:00,
2013-04-28 12:00:00,
2013-04-28 13:00:00,
2013-04-28 14:00:00,
2013-04-28 15:00:00,
2013-04-28 16:00:00,
2013-04-28 17:00:00,
2013-04-28 18:00:00,
2013-04-28 19:00:00,
2013-04-28 20:00:00,
2013-04-28 21:00:00,
2013-04-28 22:00:00,
2013-04-28 23:00:00,
2013-04-29 00:00:00,
2013-04-29 01:00:00,
2013-04-29 02:00:00,
2013-04-29 03:00:00,
2013-04-29 04:00:00,
2013-04-29 05:00:00,
2013-04-29 06:00:00,
2013-04-29 07:00:00,
2013-04-29 08:00:00,
2013-04-29 09:00:00,
2013-04-29 10:00:00,
2013-04-29 11:00:00,
2013-04-29 12:00:00,
2013-04-29 13:00:00,
2013-04-29 14:00:00,
2013-04-29 15:00:00,
2013-04-29 16:00:00,
2013-04-29 17:00:00,
2013-04-29 18:00:00,
2013-04-29 19:00:00,
2013-04-29 20:00:00,
2013-04-29 21:00:00,
2013-04-29 22:00:00,
2013-04-29 23:00:00,
2013-04-30 00:00:00,
2013-04-30 01:00:00,
2013-04-30 02:00:00,
2013-04-30 03:00:00,
2013-04-30 04:00:00,
2013-04-30 05:00:00,
2013-04-30 06:00:00,
2013-04-30 07:00:00,
2013-04-30 08:00:00,
2013-04-30 09:00:00,
2013-04-30 10:00:00,
2013-04-30 11:00:00,
2013-04-30 12:00:00,
2013-04-30 13:00:00,
2013-04-30 14:00:00,
2013-04-30 15:00:00,
2013-04-30 16:00:00,
2013-04-30 17:00:00,
2013-04-30 18:00:00,
2013-04-30 19:00:00,
2013-04-30 20:00:00,
2013-04-30 21:00:00,
2013-04-30 22:00:00,
2013-04-30 23:00:00,
2013-05-01 00:00:00,
2013-05-01 01:00:00,
2013-05-01 02:00:00,
2013-05-01 03:00:00,
2013-05-01 04:00:00,
2013-05-01 05:00:00,
2013-05-01 06:00:00,
2013-05-01 07:00:00,
2013-05-01 08:00:00,
2013-05-01 09:00:00,
2013-05-01 10:00:00,
2013-05-01 11:00:00,
2013-05-01 12:00:00,
2013-05-01 13:00:00,
2013-05-01 14:00:00,
2013-05-01 15:00:00,
2013-05-01 16:00:00,
2013-05-01 17:00:00,
2013-05-01 18:00:00,
2013-05-01 19:00:00,
2013-05-01 20:00:00,
2013-05-01 21:00:00,
2013-05-01 22:00:00,
2013-05-01 23:00:00,
2013-05-02 00:00:00,
2013-05-02 01:00:00,
2013-05-02 02:00:00,
2013-05-02 03:00:00,
2013-05-02 04:00:00,
2013-05-02 05:00:00,
2013-05-02 06:00:00,
2013-05-02 07:00:00,
2013-05-02 08:00:00,
2013-05-02 09:00:00,
2013-05-02 10:00:00,
2013-05-02 11:00:00,
2013-05-02 12:00:00,
2013-05-02 13:00:00,
2013-05-02 14:00:00,
2013-05-02 15:00:00,
2013-05-02 16:00:00,
2013-05-02 17:00:00,
2013-05-02 18:00:00,
2013-05-02 19:00:00,
2013-05-02 20:00:00,
2013-05-02 21:00:00,
2013-05-02 22:00:00,
2013-05-02 23:00:00,
2013-05-03 00:00:00,
2013-05-03 01:00:00,
2013-05-03 02:00:00,
2013-05-03 03:00:00,
2013-05-03 04:00:00,
2013-05-03 05:00:00,
2013-05-03 06:00:00,
2013-05-03 07:00:00,
2013-05-03 08:00:00,
2013-05-03 09:00:00,
2013-05-03 10:00:00,
2013-05-03 11:00:00,
2013-05-03 12:00:00,
2013-05-03 13:00:00,
2013-05-03 14:00:00,
2013-05-03 15:00:00,
2013-05-03 16:00:00,
2013-05-03 17:00:00,
2013-05-03 18:00:00,
2013-05-03 19:00:00,
2013-05-03 20:00:00,
2013-05-03 21:00:00,
2013-05-03 22:00:00,
2013-05-03 23:00:00,
2013-05-04 00:00:00,
2013-05-04 01:00:00,
2013-05-04 02:00:00,
2013-05-04 03:00:00,
2013-05-04 04:00:00,
2013-05-04 05:00:00,
2013-05-04 06:00:00,
2013-05-04 07:00:00,
2013-05-04 08:00:00,
2013-05-04 09:00:00,
2013-05-04 10:00:00,
2013-05-04 11:00:00,
2013-05-04 12:00:00,
2013-05-04 13:00:00,
2013-05-04 14:00:00,
2013-05-04 15:00:00,
2013-05-04 16:00:00,
2013-05-04 17:00:00,
2013-05-04 18:00:00,
2013-05-04 19:00:00,
2013-05-04 20:00:00,
2013-05-04 21:00:00,
2013-05-04 22:00:00,
2013-05-04 23:00:00,
2013-05-05 00:00:00,
2013-05-05 01:00:00,
2013-05-05 02:00:00,
2013-05-05 03:00:00,
2013-05-05 04:00:00,
2013-05-05 05:00:00,
2013-05-05 06:00:00,
2013-05-05 07:00:00,
2013-05-05 08:00:00,
2013-05-05 09:00:00,
2013-05-05 10:00:00,
2013-05-05 11:00:00,
2013-05-05 12:00:00,
2013-05-05 13:00:00,
2013-05-05 14:00:00,
2013-05-05 15:00:00,
2013-05-05 16:00:00,
2013-05-05 17:00:00,
2013-05-05 18:00:00,
2013-05-05 19:00:00,
2013-05-05 20:00:00,
2013-05-05 21:00:00,
2013-05-05 22:00:00,
2013-05-05 23:00:00,
2013-05-06 00:00:00,
2013-05-06 01:00:00,
2013-05-06 02:00:00,
2013-05-06 03:00:00,
2013-05-06 04:00:00,
2013-05-06 05:00:00,
2013-05-06 06:00:00,
2013-05-06 07:00:00,
2013-05-06 08:00:00,
2013-05-06 09:00:00,
2013-05-06 10:00:00,
2013-05-06 11:00:00,
2013-05-06 12:00:00,
2013-05-06 13:00:00,
2013-05-06 14:00:00,
2013-05-06 15:00:00,
2013-05-06 16:00:00,
2013-05-06 17:00:00,
2013-05-06 18:00:00,
2013-05-06 19:00:00,
2013-05-06 20:00:00,
2013-05-06 21:00:00,
2013-05-06 22:00:00,
2013-05-06 23:00:00,
2013-05-07 00:00:00,
2013-05-07 01:00:00,
2013-05-07 02:00:00,
2013-05-07 03:00:00,
2013-05-07 04:00:00,
2013-05-07 05:00:00,
2013-05-07 06:00:00,
2013-05-07 07:00:00,
2013-05-07 08:00:00,
2013-05-07 09:00:00,
2013-05-07 10:00:00,
2013-05-07 11:00:00,
2013-05-07 12:00:00,
2013-05-07 13:00:00,
2013-05-07 14:00:00,
2013-05-07 15:00:00,
2013-05-07 16:00:00,
2013-05-07 17:00:00,
2013-05-07 18:00:00,
2013-05-07 19:00:00,
2013-05-07 20:00:00,
2013-05-07 21:00:00,
2013-05-07 22:00:00,
2013-05-07 23:00:00,
2013-05-08 00:00:00,
2013-05-08 01:00:00,
2013-05-08 02:00:00,
2013-05-08 03:00:00,
2013-05-08 04:00:00,
2013-05-08 05:00:00,
2013-05-08 06:00:00,
2013-05-08 07:00:00,
2013-05-08 08:00:00,
2013-05-08 09:00:00,
2013-05-08 10:00:00,
2013-05-08 11:00:00,
2013-05-08 12:00:00,
2013-05-08 13:00:00,
2013-05-08 14:00:00,
2013-05-08 15:00:00,
2013-05-08 16:00:00,
2013-05-08 17:00:00,
2013-05-08 18:00:00,
2013-05-08 19:00:00,
2013-05-08 20:00:00,
2013-05-08 21:00:00,
2013-05-08 22:00:00,
2013-05-08 23:00:00,
2013-05-09 00:00:00,
2013-05-09 01:00:00,
2013-05-09 02:00:00,
2013-05-09 03:00:00,
2013-05-09 04:00:00,
2013-05-09 05:00:00,
2013-05-09 06:00:00,
2013-05-09 07:00:00,
2013-05-09 08:00:00,
2013-05-09 09:00:00,
2013-05-09 10:00:00,
2013-05-09 11:00:00,
2013-05-09 12:00:00,
2013-05-09 13:00:00,
2013-05-09 14:00:00,
2013-05-09 15:00:00,
2013-05-09 16:00:00,
2013-05-09 17:00:00,
2013-05-09 18:00:00,
2013-05-09 19:00:00,
2013-05-09 20:00:00,
2013-05-09 21:00:00,
2013-05-09 22:00:00,
2013-05-09 23:00:00,
2013-05-10 00:00:00,
2013-05-10 01:00:00,
2013-05-10 02:00:00,
2013-05-10 03:00:00,
2013-05-10 04:00:00,
2013-05-10 05:00:00,
2013-05-10 06:00:00,
2013-05-10 07:00:00,
2013-05-10 08:00:00,
2013-05-10 09:00:00,
2013-05-10 10:00:00,
2013-05-10 11:00:00,
2013-05-10 12:00:00,
2013-05-10 13:00:00,
2013-05-10 14:00:00,
2013-05-10 15:00:00,
2013-05-10 16:00:00,
2013-05-10 17:00:00,
2013-05-10 18:00:00,
2013-05-10 19:00:00,
2013-05-10 20:00:00,
2013-05-10 21:00:00,
2013-05-10 22:00:00,
2013-05-10 23:00:00,
2013-05-11 00:00:00,
2013-05-11 01:00:00,
2013-05-11 02:00:00,
2013-05-11 03:00:00,
2013-05-11 04:00:00,
2013-05-11 05:00:00,
2013-05-11 06:00:00,
2013-05-11 07:00:00,
2013-05-11 08:00:00,
2013-05-11 09:00:00,
2013-05-11 10:00:00,
2013-05-11 11:00:00,
2013-05-11 12:00:00,
2013-05-11 13:00:00,
2013-05-11 14:00:00,
2013-05-11 15:00:00,
2013-05-11 16:00:00,
2013-05-11 17:00:00,
2013-05-11 18:00:00,
2013-05-11 19:00:00,
2013-05-11 20:00:00,
2013-05-11 21:00:00,
2013-05-11 22:00:00,
2013-05-11 23:00:00,
2013-05-12 00:00:00,
2013-05-12 01:00:00,
2013-05-12 02:00:00,
2013-05-12 03:00:00,
2013-05-12 04:00:00,
2013-05-12 05:00:00,
2013-05-12 06:00:00,
2013-05-12 07:00:00,
2013-05-12 08:00:00,
2013-05-12 09:00:00,
2013-05-12 10:00:00,
2013-05-12 11:00:00,
2013-05-12 12:00:00,
2013-05-12 13:00:00,
2013-05-12 14:00:00,
2013-05-12 15:00:00,
2013-05-12 16:00:00,
2013-05-12 17:00:00,
2013-05-12 18:00:00,
2013-05-12 19:00:00,
2013-05-12 20:00:00,
2013-05-12 21:00:00,
2013-05-12 22:00:00,
2013-05-12 23:00:00,
2013-05-13 00:00:00,
2013-05-13 01:00:00,
2013-05-13 02:00:00,
2013-05-13 03:00:00,
2013-05-13 04:00:00,
2013-05-13 05:00:00,
2013-05-13 06:00:00,
2013-05-13 07:00:00,
2013-05-13 08:00:00,
2013-05-13 09:00:00,
2013-05-13 10:00:00,
2013-05-13 11:00:00,
2013-05-13 12:00:00,
2013-05-13 13:00:00,
2013-05-13 14:00:00,
2013-05-13 15:00:00,
2013-05-13 16:00:00,
2013-05-13 17:00:00,
2013-05-13 18:00:00,
2013-05-13 19:00:00,
2013-05-13 20:00:00,
2013-05-13 21:00:00,
2013-05-13 22:00:00,
2013-05-13 23:00:00,
2013-05-14 00:00:00,
2013-05-14 01:00:00,
2013-05-14 02:00:00,
2013-05-14 03:00:00,
2013-05-14 04:00:00,
2013-05-14 05:00:00,
2013-05-14 06:00:00,
2013-05-14 07:00:00,
2013-05-14 08:00:00,
2013-05-14 09:00:00,
2013-05-14 10:00:00,
2013-05-14 11:00:00,
2013-05-14 12:00:00,
2013-05-14 13:00:00,
2013-05-14 14:00:00,
2013-05-14 15:00:00,
2013-05-14 16:00:00,
2013-05-14 17:00:00,
2013-05-14 18:00:00,
2013-05-14 19:00:00,
2013-05-14 20:00:00,
2013-05-14 21:00:00,
2013-05-14 22:00:00,
2013-05-14 23:00:00,
2013-05-15 00:00:00,
2013-05-15 01:00:00,
2013-05-15 02:00:00,
2013-05-15 03:00:00,
2013-05-15 04:00:00,
2013-05-15 05:00:00,
2013-05-15 06:00:00,
2013-05-15 07:00:00,
2013-05-15 08:00:00,
2013-05-15 09:00:00,
2013-05-15 10:00:00,
2013-05-15 11:00:00,
2013-05-15 12:00:00,
2013-05-15 13:00:00,
2013-05-15 14:00:00,
2013-05-15 15:00:00,
2013-05-15 16:00:00,
2013-05-15 17:00:00,
2013-05-15 18:00:00,
2013-05-15 19:00:00,
2013-05-15 20:00:00,
2013-05-15 21:00:00,
2013-05-15 22:00:00,
2013-05-15 23:00:00,
2013-05-16 00:00:00,
2013-05-16 01:00:00,
2013-05-16 02:00:00,
2013-05-16 03:00:00,
2013-05-16 04:00:00,
2013-05-16 05:00:00,
2013-05-16 06:00:00,
2013-05-16 07:00:00,
2013-05-16 08:00:00,
2013-05-16 09:00:00,
2013-05-16 10:00:00,
2013-05-16 11:00:00,
2013-05-16 12:00:00,
2013-05-16 13:00:00,
2013-05-16 14:00:00,
2013-05-16 15:00:00,
2013-05-16 16:00:00,
2013-05-16 17:00:00,
2013-05-16 18:00:00,
2013-05-16 19:00:00,
2013-05-16 20:00:00,
2013-05-16 21:00:00,
2013-05-16 22:00:00,
2013-05-16 23:00:00,
2013-05-17 00:00:00,
2013-05-17 01:00:00,
2013-05-17 02:00:00,
2013-05-17 03:00:00,
2013-05-17 04:00:00,
2013-05-17 05:00:00,
2013-05-17 06:00:00,
2013-05-17 07:00:00,
2013-05-17 08:00:00,
2013-05-17 09:00:00,
2013-05-17 10:00:00,
2013-05-17 11:00:00,
2013-05-17 12:00:00,
2013-05-17 13:00:00,
2013-05-17 14:00:00,
2013-05-17 15:00:00,
2013-05-17 16:00:00,
2013-05-17 17:00:00,
2013-05-17 18:00:00,
2013-05-17 19:00:00,
2013-05-17 20:00:00,
2013-05-17 21:00:00,
2013-05-17 22:00:00,
2013-05-17 23:00:00,
2013-05-18 00:00:00,
2013-05-18 01:00:00,
2013-05-18 02:00:00,
2013-05-18 03:00:00,
2013-05-18 04:00:00,
2013-05-18 05:00:00,
2013-05-18 06:00:00,
2013-05-18 07:00:00,
2013-05-18 08:00:00,
2013-05-18 09:00:00,
2013-05-18 10:00:00,
2013-05-18 11:00:00,
2013-05-18 12:00:00,
2013-05-18 13:00:00,
2013-05-18 14:00:00,
2013-05-18 15:00:00,
2013-05-18 16:00:00,
2013-05-18 17:00:00,
2013-05-18 18:00:00,
2013-05-18 19:00:00,
2013-05-18 20:00:00,
2013-05-18 21:00:00,
2013-05-18 22:00:00,
2013-05-18 23:00:00,
2013-05-19 00:00:00,
2013-05-19 01:00:00,
2013-05-19 02:00:00,
2013-05-19 03:00:00,
2013-05-19 04:00:00,
2013-05-19 05:00:00,
2013-05-19 06:00:00,
2013-05-19 07:00:00,
2013-05-19 08:00:00,
2013-05-19 09:00:00,
2013-05-19 10:00:00,
2013-05-19 11:00:00,
2013-05-19 12:00:00,
2013-05-19 13:00:00,
2013-05-19 14:00:00,
2013-05-19 15:00:00,
2013-05-19 16:00:00,
2013-05-19 17:00:00,
2013-05-19 18:00:00,
2013-05-19 19:00:00,
2013-05-19 20:00:00,
2013-05-19 21:00:00,
2013-05-19 22:00:00,
2013-05-19 23:00:00,
2013-05-20 00:00:00,
2013-05-20 01:00:00,
2013-05-20 02:00:00,
2013-05-20 03:00:00,
2013-05-20 04:00:00,
2013-05-20 05:00:00,
2013-05-20 06:00:00,
2013-05-20 07:00:00,
2013-05-20 08:00:00,
2013-05-20 09:00:00,
2013-05-20 10:00:00,
2013-05-20 11:00:00,
2013-05-20 12:00:00,
2013-05-20 13:00:00,
2013-05-20 14:00:00,
2013-05-20 15:00:00,
2013-05-20 16:00:00,
2013-05-20 17:00:00,
2013-05-20 18:00:00,
2013-05-20 19:00:00,
2013-05-20 20:00:00,
2013-05-20 21:00:00,
2013-05-20 22:00:00,
2013-05-20 23:00:00,
2013-05-21 00:00:00,
2013-05-21 01:00:00,
2013-05-21 02:00:00,
2013-05-21 03:00:00,
2013-05-21 04:00:00,
2013-05-21 05:00:00,
2013-05-21 06:00:00,
2013-05-21 07:00:00,
2013-05-21 08:00:00,
2013-05-21 09:00:00,
2013-05-21 10:00:00,
2013-05-21 11:00:00,
2013-05-21 12:00:00,
2013-05-21 13:00:00,
2013-05-21 14:00:00,
2013-05-21 15:00:00,
2013-05-21 16:00:00,
2013-05-21 17:00:00,
2013-05-21 18:00:00,
2013-05-21 19:00:00,
2013-05-21 20:00:00,
2013-05-21 21:00:00,
2013-05-21 22:00:00,
2013-05-21 23:00:00,
2013-05-22 00:00:00,
2013-05-22 01:00:00,
2013-05-22 02:00:00,
2013-05-22 03:00:00,
2013-05-22 04:00:00,
2013-05-22 05:00:00,
2013-05-22 06:00:00,
2013-05-22 07:00:00,
2013-05-22 08:00:00,
2013-05-22 09:00:00,
2013-05-22 10:00:00,
2013-05-22 11:00:00,
2013-05-22 12:00:00,
2013-05-22 13:00:00,
2013-05-22 14:00:00,
2013-05-22 15:00:00,
2013-05-22 16:00:00,
2013-05-22 17:00:00,
2013-05-22 18:00:00,
2013-05-22 19:00:00,
2013-05-22 20:00:00,
2013-05-22 21:00:00,
2013-05-22 22:00:00,
2013-05-22 23:00:00,
2013-05-23 00:00:00,
2013-05-23 01:00:00,
2013-05-23 02:00:00,
2013-05-23 03:00:00,
2013-05-23 04:00:00,
2013-05-23 05:00:00,
2013-05-23 06:00:00,
2013-05-23 07:00:00,
2013-05-23 08:00:00,
2013-05-23 09:00:00,
2013-05-23 10:00:00,
2013-05-23 11:00:00,
2013-05-23 12:00:00,
2013-05-23 13:00:00,
2013-05-23 14:00:00,
2013-05-23 15:00:00,
2013-05-23 16:00:00,
2013-05-23 17:00:00,
2013-05-23 18:00:00,
2013-05-23 19:00:00,
2013-05-23 20:00:00,
2013-05-23 21:00:00,
2013-05-23 22:00:00,
2013-05-23 23:00:00,
2013-05-24 00:00:00,
2013-05-24 01:00:00,
2013-05-24 02:00:00,
2013-05-24 03:00:00,
2013-05-24 04:00:00,
2013-05-24 05:00:00,
2013-05-24 06:00:00,
2013-05-24 07:00:00,
2013-05-24 08:00:00,
2013-05-24 09:00:00,
2013-05-24 10:00:00,
2013-05-24 11:00:00,
2013-05-24 12:00:00,
2013-05-24 13:00:00,
2013-05-24 14:00:00,
2013-05-24 15:00:00,
2013-05-24 16:00:00,
2013-05-24 17:00:00,
2013-05-24 18:00:00,
2013-05-24 19:00:00,
2013-05-24 20:00:00,
2013-05-24 21:00:00,
2013-05-24 22:00:00,
2013-05-24 23:00:00,
2013-05-25 00:00:00,
2013-05-25 01:00:00,
2013-05-25 02:00:00,
2013-05-25 03:00:00,
2013-05-25 04:00:00,
2013-05-25 05:00:00,
2013-05-25 06:00:00,
2013-05-25 07:00:00,
2013-05-25 08:00:00,
2013-05-25 09:00:00,
2013-05-25 10:00:00,
2013-05-25 11:00:00,
2013-05-25 12:00:00,
2013-05-25 13:00:00,
2013-05-25 14:00:00,
2013-05-25 15:00:00,
2013-05-25 16:00:00,
2013-05-25 17:00:00,
2013-05-25 18:00:00,
2013-05-25 19:00:00,
2013-05-25 20:00:00,
2013-05-25 21:00:00,
2013-05-25 22:00:00,
2013-05-25 23:00:00,
2013-05-26 00:00:00,
2013-05-26 01:00:00,
2013-05-26 02:00:00,
2013-05-26 03:00:00,
2013-05-26 04:00:00,
2013-05-26 05:00:00,
2013-05-26 06:00:00,
2013-05-26 07:00:00,
2013-05-26 08:00:00,
2013-05-26 09:00:00,
2013-05-26 10:00:00,
2013-05-26 11:00:00,
2013-05-26 12:00:00,
2013-05-26 13:00:00,
2013-05-26 14:00:00,
2013-05-26 15:00:00,
2013-05-26 16:00:00,
2013-05-26 17:00:00,
2013-05-26 18:00:00,
2013-05-26 19:00:00,
2013-05-26 20:00:00,
2013-05-26 21:00:00,
2013-05-26 22:00:00,
2013-05-26 23:00:00,
2013-05-27 00:00:00,
2013-05-27 01:00:00,
2013-05-27 02:00:00,
2013-05-27 03:00:00,
2013-05-27 04:00:00,
2013-05-27 05:00:00,
2013-05-27 06:00:00,
2013-05-27 07:00:00,
2013-05-27 08:00:00,
2013-05-27 09:00:00,
2013-05-27 10:00:00,
2013-05-27 11:00:00,
2013-05-27 12:00:00,
2013-05-27 13:00:00,
2013-05-27 14:00:00,
2013-05-27 15:00:00,
2013-05-27 16:00:00,
2013-05-27 17:00:00,
2013-05-27 18:00:00,
2013-05-27 19:00:00,
2013-05-27 20:00:00,
2013-05-27 21:00:00,
2013-05-27 22:00:00,
2013-05-27 23:00:00,
2013-05-28 00:00:00,
2013-05-28 01:00:00,
2013-05-28 02:00:00,
2013-05-28 03:00:00,
2013-05-28 04:00:00,
2013-05-28 05:00:00,
2013-05-28 06:00:00,
2013-05-28 07:00:00,
2013-05-28 08:00:00,
2013-05-28 09:00:00,
2013-05-28 10:00:00,
2013-05-28 11:00:00,
2013-05-28 12:00:00,
2013-05-28 13:00:00,
2013-05-28 14:00:00,
2013-05-28 15:00:00,
2013-05-28 16:00:00,
2013-05-28 17:00:00,
2013-05-28 18:00:00,
2013-05-28 19:00:00,
2013-05-28 20:00:00,
2013-05-28 21:00:00,
2013-05-28 22:00:00,
2013-05-28 23:00:00,
2013-05-29 00:00:00,
2013-05-29 01:00:00,
2013-05-29 02:00:00,
2013-05-29 03:00:00,
2013-05-29 04:00:00,
2013-05-29 05:00:00,
2013-05-29 06:00:00,
2013-05-29 07:00:00,
2013-05-29 08:00:00,
2013-05-29 09:00:00,
2013-05-29 10:00:00,
2013-05-29 11:00:00,
2013-05-29 12:00:00,
2013-05-29 13:00:00,
2013-05-29 14:00:00,
2013-05-29 15:00:00,
2013-05-29 16:00:00,
2013-05-29 17:00:00,
2013-05-29 18:00:00,
2013-05-29 19:00:00,
2013-05-29 20:00:00,
2013-05-29 21:00:00,
2013-05-29 22:00:00,
2013-05-29 23:00:00,
2013-05-30 00:00:00,
2013-05-30 01:00:00,
2013-05-30 02:00:00,
2013-05-30 03:00:00,
2013-05-30 04:00:00,
2013-05-30 05:00:00,
2013-05-30 06:00:00,
2013-05-30 07:00:00,
2013-05-30 08:00:00,
2013-05-30 09:00:00,
2013-05-30 10:00:00,
2013-05-30 11:00:00,
2013-05-30 12:00:00,
2013-05-30 13:00:00,
2013-05-30 14:00:00,
2013-05-30 15:00:00,
2013-05-30 16:00:00,
2013-05-30 17:00:00,
2013-05-30 18:00:00,
2013-05-30 19:00:00,
2013-05-30 20:00:00,
2013-05-30 21:00:00,
2013-05-30 22:00:00,
2013-05-30 23:00:00,
2013-05-31 00:00:00,
2013-05-31 01:00:00,
2013-05-31 02:00:00,
2013-05-31 03:00:00,
2013-05-31 04:00:00,
2013-05-31 05:00:00,
2013-05-31 06:00:00,
2013-05-31 07:00:00,
2013-05-31 08:00:00,
2013-05-31 09:00:00,
2013-05-31 10:00:00,
2013-05-31 11:00:00,
2013-05-31 12:00:00,
2013-05-31 13:00:00,
2013-05-31 14:00:00,
2013-05-31 15:00:00,
2013-05-31 16:00:00,
2013-05-31 17:00:00,
2013-05-31 18:00:00,
2013-05-31 19:00:00,
2013-05-31 20:00:00,
2013-05-31 21:00:00,
2013-05-31 22:00:00,
2013-05-31 23:00:00,
2013-06-01 00:00:00,
2013-06-01 01:00:00,
2013-06-01 02:00:00,
2013-06-01 03:00:00,
2013-06-01 04:00:00,
2013-06-01 05:00:00,
2013-06-01 06:00:00,
2013-06-01 07:00:00,
2013-06-01 08:00:00,
2013-06-01 09:00:00,
2013-06-01 10:00:00,
2013-06-01 11:00:00,
2013-06-01 12:00:00,
2013-06-01 13:00:00,
2013-06-01 14:00:00,
2013-06-01 15:00:00,
2013-06-01 16:00:00,
2013-06-01 17:00:00,
2013-06-01 18:00:00,
2013-06-01 19:00:00,
2013-06-01 20:00:00,
2013-06-01 21:00:00,
2013-06-01 22:00:00,
2013-06-01 23:00:00,
2013-06-02 00:00:00,
2013-06-02 01:00:00,
2013-06-02 02:00:00,
2013-06-02 03:00:00,
2013-06-02 04:00:00,
2013-06-02 05:00:00,
2013-06-02 06:00:00,
2013-06-02 07:00:00,
2013-06-02 08:00:00,
2013-06-02 09:00:00,
2013-06-02 10:00:00,
2013-06-02 11:00:00,
2013-06-02 12:00:00,
2013-06-02 13:00:00,
2013-06-02 14:00:00,
2013-06-02 15:00:00,
2013-06-02 16:00:00,
2013-06-02 17:00:00,
2013-06-02 18:00:00,
2013-06-02 19:00:00,
2013-06-02 20:00:00,
2013-06-02 21:00:00,
2013-06-02 22:00:00,
2013-06-02 23:00:00,
2013-06-03 00:00:00,
2013-06-03 01:00:00,
2013-06-03 02:00:00,
2013-06-03 03:00:00,
2013-06-03 04:00:00,
2013-06-03 05:00:00,
2013-06-03 06:00:00,
2013-06-03 07:00:00,
2013-06-03 08:00:00,
2013-06-03 09:00:00,
2013-06-03 10:00:00,
2013-06-03 11:00:00,
2013-06-03 12:00:00,
2013-06-03 13:00:00,
2013-06-03 14:00:00,
2013-06-03 15:00:00,
2013-06-03 16:00:00,
2013-06-03 17:00:00,
2013-06-03 18:00:00,
2013-06-03 19:00:00,
2013-06-03 20:00:00,
2013-06-03 21:00:00,
2013-06-03 22:00:00,
2013-06-03 23:00:00,
2013-06-04 00:00:00,
2013-06-04 01:00:00,
2013-06-04 02:00:00,
2013-06-04 03:00:00,
2013-06-04 04:00:00,
2013-06-04 05:00:00,
2013-06-04 06:00:00,
2013-06-04 07:00:00,
2013-06-04 08:00:00,
2013-06-04 09:00:00,
2013-06-04 10:00:00,
2013-06-04 11:00:00,
2013-06-04 12:00:00,
2013-06-04 13:00:00,
2013-06-04 14:00:00,
2013-06-04 15:00:00,
2013-06-04 16:00:00,
2013-06-04 17:00:00,
2013-06-04 18:00:00,
2013-06-04 19:00:00,
2013-06-04 20:00:00,
2013-06-04 21:00:00,
2013-06-04 22:00:00,
2013-06-04 23:00:00,
2013-06-05 00:00:00,
2013-06-05 01:00:00,
2013-06-05 02:00:00,
2013-06-05 03:00:00,
2013-06-05 04:00:00,
2013-06-05 05:00:00,
2013-06-05 06:00:00,
2013-06-05 07:00:00,
2013-06-05 08:00:00,
2013-06-05 09:00:00,
2013-06-05 10:00:00,
2013-06-05 11:00:00,
2013-06-05 12:00:00,
2013-06-05 13:00:00,
2013-06-05 14:00:00,
2013-06-05 15:00:00,
2013-06-05 16:00:00,
2013-06-05 17:00:00,
2013-06-05 18:00:00,
2013-06-05 19:00:00,
2013-06-05 20:00:00,
2013-06-05 21:00:00,
2013-06-05 22:00:00,
2013-06-05 23:00:00,
2013-06-06 00:00:00,
2013-06-06 01:00:00,
2013-06-06 02:00:00,
2013-06-06 03:00:00,
2013-06-06 04:00:00,
2013-06-06 05:00:00,
2013-06-06 06:00:00,
2013-06-06 07:00:00,
2013-06-06 08:00:00,
2013-06-06 09:00:00,
2013-06-06 10:00:00,
2013-06-06 11:00:00,
2013-06-06 12:00:00,
2013-06-06 13:00:00,
2013-06-06 14:00:00,
2013-06-06 15:00:00,
2013-06-06 16:00:00,
2013-06-06 17:00:00,
2013-06-06 18:00:00,
2013-06-06 19:00:00,
2013-06-06 20:00:00,
2013-06-06 21:00:00,
2013-06-06 22:00:00,
2013-06-06 23:00:00,
2013-06-07 00:00:00,
2013-06-07 01:00:00,
2013-06-07 02:00:00,
2013-06-07 03:00:00,
2013-06-07 04:00:00,
2013-06-07 05:00:00,
2013-06-07 06:00:00,
2013-06-07 07:00:00,
2013-06-07 08:00:00,
2013-06-07 09:00:00,
2013-06-07 10:00:00,
2013-06-07 11:00:00,
2013-06-07 12:00:00,
2013-06-07 13:00:00,
2013-06-07 14:00:00,
2013-06-07 15:00:00,
2013-06-07 16:00:00,
2013-06-07 17:00:00,
2013-06-07 18:00:00,
2013-06-07 19:00:00,
2013-06-07 20:00:00,
2013-06-07 21:00:00,
2013-06-07 22:00:00,
2013-06-07 23:00:00,
2013-06-08 00:00:00,
2013-06-08 01:00:00,
2013-06-08 02:00:00,
2013-06-08 03:00:00,
2013-06-08 04:00:00,
2013-06-08 05:00:00,
2013-06-08 06:00:00,
2013-06-08 07:00:00,
2013-06-08 08:00:00,
2013-06-08 09:00:00,
2013-06-08 10:00:00,
2013-06-08 11:00:00,
2013-06-08 12:00:00,
2013-06-08 13:00:00,
2013-06-08 14:00:00,
2013-06-08 15:00:00,
2013-06-08 16:00:00,
2013-06-08 17:00:00,
2013-06-08 18:00:00,
2013-06-08 19:00:00,
2013-06-08 20:00:00,
2013-06-08 21:00:00,
2013-06-08 22:00:00,
2013-06-08 23:00:00,
2013-06-09 00:00:00,
2013-06-09 01:00:00,
2013-06-09 02:00:00,
2013-06-09 03:00:00,
2013-06-09 04:00:00,
2013-06-09 05:00:00,
2013-06-09 06:00:00,
2013-06-09 07:00:00,
2013-06-09 08:00:00,
2013-06-09 09:00:00,
2013-06-09 10:00:00,
2013-06-09 11:00:00,
2013-06-09 12:00:00,
2013-06-09 13:00:00,
2013-06-09 14:00:00,
2013-06-09 15:00:00,
2013-06-09 16:00:00,
2013-06-09 17:00:00,
2013-06-09 18:00:00,
2013-06-09 19:00:00,
2013-06-09 20:00:00,
2013-06-09 21:00:00,
2013-06-09 22:00:00,
2013-06-09 23:00:00,
2013-06-10 00:00:00,
2013-06-10 01:00:00,
2013-06-10 02:00:00,
2013-06-10 03:00:00,
2013-06-10 04:00:00,
2013-06-10 05:00:00,
2013-06-10 06:00:00,
2013-06-10 07:00:00,
2013-06-10 08:00:00,
2013-06-10 09:00:00,
2013-06-10 10:00:00,
2013-06-10 11:00:00,
2013-06-10 12:00:00,
2013-06-10 13:00:00,
2013-06-10 14:00:00,
2013-06-10 15:00:00,
2013-06-10 16:00:00,
2013-06-10 17:00:00,
2013-06-10 18:00:00,
2013-06-10 19:00:00,
2013-06-10 20:00:00,
2013-06-10 21:00:00,
2013-06-10 22:00:00,
2013-06-10 23:00:00,
2013-06-11 00:00:00,
2013-06-11 01:00:00,
2013-06-11 02:00:00,
2013-06-11 03:00:00,
2013-06-11 04:00:00,
2013-06-11 05:00:00,
2013-06-11 06:00:00,
2013-06-11 07:00:00,
2013-06-11 08:00:00,
2013-06-11 09:00:00,
2013-06-11 10:00:00,
2013-06-11 11:00:00,
2013-06-11 12:00:00,
2013-06-11 13:00:00,
2013-06-11 14:00:00,
2013-06-11 15:00:00,
2013-06-11 16:00:00,
2013-06-11 17:00:00,
2013-06-11 18:00:00,
2013-06-11 19:00:00,
2013-06-11 20:00:00,
2013-06-11 21:00:00,
2013-06-11 22:00:00,
2013-06-11 23:00:00,
2013-06-12 00:00:00,
2013-06-12 01:00:00,
2013-06-12 02:00:00,
2013-06-12 03:00:00,
2013-06-12 04:00:00,
2013-06-12 05:00:00,
2013-06-12 06:00:00,
2013-06-12 07:00:00,
2013-06-12 08:00:00,
2013-06-12 09:00:00,
2013-06-12 10:00:00,
2013-06-12 11:00:00,
2013-06-12 12:00:00,
2013-06-12 13:00:00,
2013-06-12 14:00:00,
2013-06-12 15:00:00,
2013-06-12 16:00:00,
2013-06-12 17:00:00,
2013-06-12 18:00:00,
2013-06-12 19:00:00,
2013-06-12 20:00:00,
2013-06-12 21:00:00,
2013-06-12 22:00:00,
2013-06-12 23:00:00,
2013-06-13 00:00:00,
2013-06-13 01:00:00,
2013-06-13 02:00:00,
2013-06-13 03:00:00,
2013-06-13 04:00:00,
2013-06-13 05:00:00,
2013-06-13 06:00:00,
2013-06-13 07:00:00,
2013-06-13 08:00:00,
2013-06-13 09:00:00,
2013-06-13 10:00:00,
2013-06-13 11:00:00,
2013-06-13 12:00:00,
2013-06-13 13:00:00,
2013-06-13 14:00:00,
2013-06-13 15:00:00,
2013-06-13 16:00:00,
2013-06-13 17:00:00,
2013-06-13 18:00:00,
2013-06-13 19:00:00,
2013-06-13 20:00:00,
2013-06-13 21:00:00,
2013-06-13 22:00:00,
2013-06-13 23:00:00,
2013-06-14 00:00:00,
2013-06-14 01:00:00,
2013-06-14 02:00:00,
2013-06-14 03:00:00,
2013-06-14 04:00:00,
2013-06-14 05:00:00,
2013-06-14 06:00:00,
2013-06-14 07:00:00,
2013-06-14 08:00:00,
2013-06-14 09:00:00,
2013-06-14 10:00:00,
2013-06-14 11:00:00,
2013-06-14 12:00:00,
2013-06-14 13:00:00,
2013-06-14 14:00:00,
2013-06-14 15:00:00,
2013-06-14 16:00:00,
2013-06-14 17:00:00,
2013-06-14 18:00:00,
2013-06-14 19:00:00,
2013-06-14 20:00:00,
2013-06-14 21:00:00,
2013-06-14 22:00:00,
2013-06-14 23:00:00,
2013-06-15 00:00:00,
2013-06-15 01:00:00,
2013-06-15 02:00:00,
2013-06-15 03:00:00,
2013-06-15 04:00:00,
2013-06-15 05:00:00,
2013-06-15 06:00:00,
2013-06-15 07:00:00,
2013-06-15 08:00:00,
2013-06-15 09:00:00,
2013-06-15 10:00:00,
2013-06-15 11:00:00,
2013-06-15 12:00:00,
2013-06-15 13:00:00,
2013-06-15 14:00:00,
2013-06-15 15:00:00,
2013-06-15 16:00:00,
2013-06-15 17:00:00,
2013-06-15 18:00:00,
2013-06-15 19:00:00,
2013-06-15 20:00:00,
2013-06-15 21:00:00,
2013-06-15 22:00:00,
2013-06-15 23:00:00,
2013-06-16 00:00:00,
2013-06-16 01:00:00,
2013-06-16 02:00:00,
2013-06-16 03:00:00,
2013-06-16 04:00:00,
2013-06-16 05:00:00,
2013-06-16 06:00:00,
2013-06-16 07:00:00,
2013-06-16 08:00:00,
2013-06-16 09:00:00,
2013-06-16 10:00:00,
2013-06-16 11:00:00,
2013-06-16 12:00:00,
2013-06-16 13:00:00,
2013-06-16 14:00:00,
2013-06-16 15:00:00,
2013-06-16 16:00:00,
2013-06-16 17:00:00,
2013-06-16 18:00:00,
2013-06-16 19:00:00,
2013-06-16 20:00:00,
2013-06-16 21:00:00,
2013-06-16 22:00:00,
2013-06-16 23:00:00,
2013-06-17 00:00:00,
2013-06-17 01:00:00,
2013-06-17 02:00:00,
2013-06-17 03:00:00,
2013-06-17 04:00:00,
2013-06-17 05:00:00,
2013-06-17 06:00:00,
2013-06-17 07:00:00,
2013-06-17 08:00:00,
2013-06-17 09:00:00,
2013-06-17 10:00:00,
2013-06-17 11:00:00,
2013-06-17 12:00:00,
2013-06-17 13:00:00,
2013-06-17 14:00:00,
2013-06-17 15:00:00,
2013-06-17 16:00:00,
2013-06-17 17:00:00,
2013-06-17 18:00:00,
2013-06-17 19:00:00,
2013-06-17 20:00:00,
2013-06-17 21:00:00,
2013-06-17 22:00:00,
2013-06-17 23:00:00,
2013-06-18 00:00:00,
2013-06-18 01:00:00,
2013-06-18 02:00:00,
2013-06-18 03:00:00,
2013-06-18 04:00:00,
2013-06-18 05:00:00,
2013-06-18 06:00:00,
2013-06-18 07:00:00,
2013-06-18 08:00:00,
2013-06-18 09:00:00,
2013-06-18 10:00:00,
2013-06-18 11:00:00,
2013-06-18 12:00:00,
2013-06-18 13:00:00,
2013-06-18 14:00:00,
2013-06-18 15:00:00,
2013-06-18 16:00:00,
2013-06-18 17:00:00,
2013-06-18 18:00:00,
2013-06-18 19:00:00,
2013-06-18 20:00:00,
2013-06-18 21:00:00,
2013-06-18 22:00:00,
2013-06-18 23:00:00,
2013-06-19 00:00:00,
2013-06-19 01:00:00,
2013-06-19 02:00:00,
2013-06-19 03:00:00,
2013-06-19 04:00:00,
2013-06-19 05:00:00,
2013-06-19 06:00:00,
2013-06-19 07:00:00,
2013-06-19 08:00:00,
2013-06-19 09:00:00,
2013-06-19 10:00:00,
2013-06-19 11:00:00,
2013-06-19 12:00:00,
2013-06-19 13:00:00,
2013-06-19 14:00:00,
2013-06-19 15:00:00,
2013-06-19 16:00:00,
2013-06-19 17:00:00,
2013-06-19 18:00:00,
2013-06-19 19:00:00,
2013-06-19 20:00:00,
2013-06-19 21:00:00,
2013-06-19 22:00:00,
2013-06-19 23:00:00,
2013-06-20 00:00:00,
2013-06-20 01:00:00,
2013-06-20 02:00:00,
2013-06-20 03:00:00,
2013-06-20 04:00:00,
2013-06-20 05:00:00,
2013-06-20 06:00:00,
2013-06-20 07:00:00,
2013-06-20 08:00:00,
2013-06-20 09:00:00,
2013-06-20 10:00:00,
2013-06-20 11:00:00,
2013-06-20 12:00:00,
2013-06-20 13:00:00,
2013-06-20 14:00:00,
2013-06-20 15:00:00,
2013-06-20 16:00:00,
2013-06-20 17:00:00,
2013-06-20 18:00:00,
2013-06-20 19:00:00,
2013-06-20 20:00:00,
2013-06-20 21:00:00,
2013-06-20 22:00:00,
2013-06-20 23:00:00,
2013-06-21 00:00:00,
2013-06-21 01:00:00,
2013-06-21 02:00:00,
2013-06-21 03:00:00,
2013-06-21 04:00:00,
2013-06-21 05:00:00,
2013-06-21 06:00:00,
2013-06-21 07:00:00,
2013-06-21 08:00:00,
2013-06-21 09:00:00,
2013-06-21 10:00:00,
2013-06-21 11:00:00,
2013-06-21 12:00:00,
2013-06-21 13:00:00,
2013-06-21 14:00:00,
2013-06-21 15:00:00,
2013-06-21 16:00:00,
2013-06-21 17:00:00,
2013-06-21 18:00:00,
2013-06-21 19:00:00,
2013-06-21 20:00:00,
2013-06-21 21:00:00,
2013-06-21 22:00:00,
2013-06-21 23:00:00,
2013-06-22 00:00:00,
2013-06-22 01:00:00,
2013-06-22 02:00:00,
2013-06-22 03:00:00,
2013-06-22 04:00:00,
2013-06-22 05:00:00,
2013-06-22 06:00:00,
2013-06-22 07:00:00,
2013-06-22 08:00:00,
2013-06-22 09:00:00,
2013-06-22 10:00:00,
2013-06-22 11:00:00,
2013-06-22 12:00:00,
2013-06-22 13:00:00,
2013-06-22 14:00:00,
2013-06-22 15:00:00,
2013-06-22 16:00:00,
2013-06-22 17:00:00,
2013-06-22 18:00:00,
2013-06-22 19:00:00,
2013-06-22 20:00:00,
2013-06-22 21:00:00,
2013-06-22 22:00:00,
2013-06-22 23:00:00,
2013-06-23 00:00:00,
2013-06-23 01:00:00,
2013-06-23 02:00:00,
2013-06-23 03:00:00,
2013-06-23 04:00:00,
2013-06-23 05:00:00,
2013-06-23 06:00:00,
2013-06-23 07:00:00,
2013-06-23 08:00:00,
2013-06-23 09:00:00,
2013-06-23 10:00:00,
2013-06-23 11:00:00,
2013-06-23 12:00:00,
2013-06-23 13:00:00,
2013-06-23 14:00:00,
2013-06-23 15:00:00,
2013-06-23 16:00:00,
2013-06-23 17:00:00,
2013-06-23 18:00:00,
2013-06-23 19:00:00,
2013-06-23 20:00:00,
2013-06-23 21:00:00,
2013-06-23 22:00:00,
2013-06-23 23:00:00,
2013-06-24 00:00:00,
2013-06-24 01:00:00,
2013-06-24 02:00:00,
2013-06-24 03:00:00,
2013-06-24 04:00:00,
2013-06-24 05:00:00,
2013-06-24 06:00:00,
2013-06-24 07:00:00,
2013-06-24 08:00:00,
2013-06-24 09:00:00,
2013-06-24 10:00:00,
2013-06-24 11:00:00,
2013-06-24 12:00:00,
2013-06-24 13:00:00,
2013-06-24 14:00:00,
2013-06-24 15:00:00,
2013-06-24 16:00:00,
2013-06-24 17:00:00,
2013-06-24 18:00:00,
2013-06-24 19:00:00,
2013-06-24 20:00:00,
2013-06-24 21:00:00,
2013-06-24 22:00:00,
2013-06-24 23:00:00,
2013-06-25 00:00:00,
2013-06-25 01:00:00,
2013-06-25 02:00:00,
2013-06-25 03:00:00,
2013-06-25 04:00:00,
2013-06-25 05:00:00,
2013-06-25 06:00:00,
2013-06-25 07:00:00,
2013-06-25 08:00:00,
2013-06-25 09:00:00,
2013-06-25 10:00:00,
2013-06-25 11:00:00,
2013-06-25 12:00:00,
2013-06-25 13:00:00,
2013-06-25 14:00:00,
2013-06-25 15:00:00,
2013-06-25 16:00:00,
2013-06-25 17:00:00,
2013-06-25 18:00:00,
2013-06-25 19:00:00,
2013-06-25 20:00:00,
2013-06-25 21:00:00,
2013-06-25 22:00:00,
2013-06-25 23:00:00,
2013-06-26 00:00:00,
2013-06-26 01:00:00,
2013-06-26 02:00:00,
2013-06-26 03:00:00,
2013-06-26 04:00:00,
2013-06-26 05:00:00,
2013-06-26 06:00:00,
2013-06-26 07:00:00,
2013-06-26 08:00:00,
2013-06-26 09:00:00,
2013-06-26 10:00:00,
2013-06-26 11:00:00,
2013-06-26 12:00:00,
2013-06-26 13:00:00,
2013-06-26 14:00:00,
2013-06-26 15:00:00,
2013-06-26 16:00:00,
2013-06-26 17:00:00,
2013-06-26 18:00:00,
2013-06-26 19:00:00,
2013-06-26 20:00:00,
2013-06-26 21:00:00,
2013-06-26 22:00:00,
2013-06-26 23:00:00,
2013-06-27 00:00:00,
2013-06-27 01:00:00,
2013-06-27 02:00:00,
2013-06-27 03:00:00,
2013-06-27 04:00:00,
2013-06-27 05:00:00,
2013-06-27 06:00:00,
2013-06-27 07:00:00,
2013-06-27 08:00:00,
2013-06-27 09:00:00,
2013-06-27 10:00:00,
2013-06-27 11:00:00,
2013-06-27 12:00:00,
2013-06-27 13:00:00,
2013-06-27 14:00:00,
2013-06-27 15:00:00,
2013-06-27 16:00:00,
2013-06-27 17:00:00,
2013-06-27 18:00:00,
2013-06-27 19:00:00,
2013-06-27 20:00:00,
2013-06-27 21:00:00,
2013-06-27 22:00:00,
2013-06-27 23:00:00,
2013-06-28 00:00:00,
2013-06-28 01:00:00,
2013-06-28 02:00:00,
2013-06-28 03:00:00,
2013-06-28 04:00:00,
2013-06-28 05:00:00,
2013-06-28 06:00:00,
2013-06-28 07:00:00,
2013-06-28 08:00:00,
2013-06-28 09:00:00,
2013-06-28 10:00:00,
2013-06-28 11:00:00,
2013-06-28 12:00:00,
2013-06-28 13:00:00,
2013-06-28 14:00:00,
2013-06-28 15:00:00,
2013-06-28 16:00:00,
2013-06-28 17:00:00,
2013-06-28 18:00:00,
2013-06-28 19:00:00,
2013-06-28 20:00:00,
2013-06-28 21:00:00,
2013-06-28 22:00:00,
2013-06-28 23:00:00,
2013-06-29 00:00:00,
2013-06-29 01:00:00,
2013-06-29 02:00:00,
2013-06-29 03:00:00,
2013-06-29 04:00:00,
2013-06-29 05:00:00,
2013-06-29 06:00:00,
2013-06-29 07:00:00,
2013-06-29 08:00:00,
2013-06-29 09:00:00,
2013-06-29 10:00:00,
2013-06-29 11:00:00,
2013-06-29 12:00:00,
2013-06-29 13:00:00,
2013-06-29 14:00:00,
2013-06-29 15:00:00,
2013-06-29 16:00:00,
2013-06-29 17:00:00,
2013-06-29 18:00:00,
2013-06-29 19:00:00,
2013-06-29 20:00:00,
2013-06-29 21:00:00,
2013-06-29 22:00:00,
2013-06-29 23:00:00,
2013-06-30 00:00:00,
2013-06-30 01:00:00,
2013-06-30 02:00:00,
2013-06-30 03:00:00,
2013-06-30 04:00:00,
2013-06-30 05:00:00,
2013-06-30 06:00:00,
2013-06-30 07:00:00,
2013-06-30 08:00:00,
2013-06-30 09:00:00,
2013-06-30 10:00:00,
2013-06-30 11:00:00,
2013-06-30 12:00:00,
2013-06-30 13:00:00,
2013-06-30 14:00:00,
2013-06-30 15:00:00,
2013-06-30 16:00:00,
2013-06-30 17:00:00,
2013-06-30 18:00:00,
2013-06-30 19:00:00,
2013-06-30 20:00:00,
2013-06-30 21:00:00,
2013-06-30 22:00:00,
2013-06-30 23:00:00,
2013-07-01 00:00:00,
2013-07-01 01:00:00,
2013-07-01 02:00:00,
2013-07-01 03:00:00,
2013-07-01 04:00:00,
2013-07-01 05:00:00,
2013-07-01 06:00:00,
2013-07-01 07:00:00,
2013-07-01 08:00:00,
2013-07-01 09:00:00,
2013-07-01 10:00:00,
2013-07-01 11:00:00,
2013-07-01 12:00:00,
2013-07-01 13:00:00,
2013-07-01 14:00:00,
2013-07-01 15:00:00,
2013-07-01 16:00:00,
2013-07-01 17:00:00,
2013-07-01 18:00:00,
2013-07-01 19:00:00,
2013-07-01 20:00:00,
2013-07-01 21:00:00,
2013-07-01 22:00:00,
2013-07-01 23:00:00,
2013-07-02 00:00:00,
2013-07-02 01:00:00,
2013-07-02 02:00:00,
2013-07-02 03:00:00,
2013-07-02 04:00:00,
2013-07-02 05:00:00,
2013-07-02 06:00:00,
2013-07-02 07:00:00,
2013-07-02 08:00:00,
2013-07-02 09:00:00,
2013-07-02 10:00:00,
2013-07-02 11:00:00,
2013-07-02 12:00:00,
2013-07-02 13:00:00,
2013-07-02 14:00:00,
2013-07-02 15:00:00,
2013-07-02 16:00:00,
2013-07-02 17:00:00,
2013-07-02 18:00:00,
2013-07-02 19:00:00,
2013-07-02 20:00:00,
2013-07-02 21:00:00,
2013-07-02 22:00:00,
2013-07-02 23:00:00,
2013-07-03 00:00:00,
2013-07-03 01:00:00,
2013-07-03 02:00:00,
2013-07-03 03:00:00,
2013-07-03 04:00:00,
2013-07-03 05:00:00,
2013-07-03 06:00:00,
2013-07-03 07:00:00,
2013-07-03 08:00:00,
2013-07-03 09:00:00,
2013-07-03 10:00:00,
2013-07-03 11:00:00,
2013-07-03 12:00:00,
2013-07-03 13:00:00,
2013-07-03 14:00:00,
2013-07-03 15:00:00,
2013-07-03 16:00:00,
2013-07-03 17:00:00,
2013-07-03 18:00:00,
2013-07-03 19:00:00,
2013-07-03 20:00:00,
2013-07-03 21:00:00,
2013-07-03 22:00:00,
2013-07-03 23:00:00,
2013-07-04 00:00:00,
2013-07-04 01:00:00,
2013-07-04 02:00:00,
2013-07-04 03:00:00,
2013-07-04 04:00:00,
2013-07-04 05:00:00,
2013-07-04 06:00:00,
2013-07-04 07:00:00,
2013-07-04 08:00:00,
2013-07-04 09:00:00,
2013-07-04 10:00:00,
2013-07-04 11:00:00,
2013-07-04 12:00:00,
2013-07-04 13:00:00,
2013-07-04 14:00:00,
2013-07-04 15:00:00,
2013-07-04 16:00:00,
2013-07-04 17:00:00,
2013-07-04 18:00:00,
2013-07-04 19:00:00,
2013-07-04 20:00:00,
2013-07-04 21:00:00,
2013-07-04 22:00:00,
2013-07-04 23:00:00,
2013-07-05 00:00:00,
2013-07-05 01:00:00,
2013-07-05 02:00:00,
2013-07-05 03:00:00,
2013-07-05 04:00:00,
2013-07-05 05:00:00,
2013-07-05 06:00:00,
2013-07-05 07:00:00,
2013-07-05 08:00:00,
2013-07-05 09:00:00,
2013-07-05 10:00:00,
2013-07-05 11:00:00,
2013-07-05 12:00:00,
2013-07-05 13:00:00,
2013-07-05 14:00:00,
2013-07-05 15:00:00,
2013-07-05 16:00:00,
2013-07-05 17:00:00,
2013-07-05 18:00:00,
2013-07-05 19:00:00,
2013-07-05 20:00:00,
2013-07-05 21:00:00,
2013-07-05 22:00:00,
2013-07-05 23:00:00,
2013-07-06 00:00:00,
2013-07-06 01:00:00,
2013-07-06 02:00:00,
2013-07-06 03:00:00,
2013-07-06 04:00:00,
2013-07-06 05:00:00,
2013-07-06 06:00:00,
2013-07-06 07:00:00,
2013-07-06 08:00:00,
2013-07-06 09:00:00,
2013-07-06 10:00:00,
2013-07-06 11:00:00,
2013-07-06 12:00:00,
2013-07-06 13:00:00,
2013-07-06 14:00:00,
2013-07-06 15:00:00,
2013-07-06 16:00:00,
2013-07-06 17:00:00,
2013-07-06 18:00:00,
2013-07-06 19:00:00,
2013-07-06 20:00:00,
2013-07-06 21:00:00,
2013-07-06 22:00:00,
2013-07-06 23:00:00,
2013-07-07 00:00:00,
2013-07-07 01:00:00,
2013-07-07 02:00:00,
2013-07-07 03:00:00,
2013-07-07 04:00:00,
2013-07-07 05:00:00,
2013-07-07 06:00:00,
2013-07-07 07:00:00,
2013-07-07 08:00:00,
2013-07-07 09:00:00,
2013-07-07 10:00:00,
2013-07-07 11:00:00,38.33620423693953
2013-07-07 12:00:00,179.1753079436903
2013-07-07 13:00:00,325.3896430367019
2013-07-07 14:00:00,475.7023001508296
2013-07-07 15:00:00,589.1229889391655
2013-07-07 16:00:00,641.426282051282
2013-07-07 17:00:00,580.450289089995
2013-07-07 18:00:00,497.13266716943195
2013-07-07 19:00:00,363.5817307692308
2013-07-07 20:00:00,195.20487682252391
2013-07-07 21:00:00,46.26168009417651
2013-07-07 22:00:00,
2013-07-07 23:00:00,
2013-07-08 00:00:00,
2013-07-08 01:00:00,
2013-07-08 02:00:00,
2013-07-08 03:00:00,
2013-07-08 04:00:00,
2013-07-08 05:00:00,
2013-07-08 06:00:00,
2013-07-08 07:00:00,
2013-07-08 08:00:00,
2013-07-08 09:00:00,
2013-07-08 10:00:00,
2013-07-08 11:00:00,22.58908371040724
2013-07-08 12:00:00,92.03745600804424
2013-07-08 13:00:00,287.25568753142284
2013-07-08 14:00:00,422.5427350427351
2013-07-08 15:00:00,581.0237556561086
2013-07-08 16:00:00,611.3467823026647
2013-07-08 17:00:00,578.3213926596279
2013-07-08 18:00:00,492.46637757667173
2013-07-08 19:00:00,361.7725615887381
2013-07-08 20:00:00,162.05693815987934
2013-07-08 21:00:00,44.339851325145446
2013-07-08 22:00:00,
2013-07-08 23:00:00,
2013-07-09 00:00:00,
2013-07-09 01:00:00,
2013-07-09 02:00:00,
2013-07-09 03:00:00,
2013-07-09 04:00:00,
2013-07-09 05:00:00,
2013-07-09 06:00:00,
2013-07-09 07:00:00,
2013-07-09 08:00:00,
2013-07-09 09:00:00,
2013-07-09 10:00:00,
2013-07-09 11:00:00,39.84235739750446
2013-07-09 12:00:00,206.2225050276521
2013-07-09 13:00:00,368.7201483157366
2013-07-09 14:00:00,531.9727249874309
2013-07-09 15:00:00,579.9569507290096
2013-07-09 16:00:00,796.4979260935144
2013-07-09 17:00:00,407.04185520361995
2013-07-09 18:00:00,293.7311463046757
2013-07-09 19:00:00,248.04628582202113
2013-07-09 20:00:00,117.63370412267471
2013-07-09 21:00:00,31.92446850535086
2013-07-09 22:00:00,
2013-07-09 23:00:00,
2013-07-10 00:00:00,
2013-07-10 01:00:00,
2013-07-10 02:00:00,
2013-07-10 03:00:00,
2013-07-10 04:00:00,
2013-07-10 05:00:00,
2013-07-10 06:00:00,
2013-07-10 07:00:00,
2013-07-10 08:00:00,
2013-07-10 09:00:00,
2013-07-10 10:00:00,
2013-07-10 11:00:00,45.39575221859764
2013-07-10 12:00:00,177.2922951231775
2013-07-10 13:00:00,362.7458836098542
2013-07-10 14:00:00,456.20443690296634
2013-07-10 15:00:00,574.000754147813
2013-07-10 16:00:00,616.217320261438
2013-07-10 17:00:00,608.6679864253394
2013-07-10 18:00:00,509.9374685771745
2013-07-10 19:00:00,415.7813285570639
2013-07-10 20:00:00,197.6197209653092
2013-07-10 21:00:00,76.99205385719016
2013-07-10 22:00:00,
2013-07-10 23:00:00,
2013-07-11 00:00:00,
2013-07-11 01:00:00,
2013-07-11 02:00:00,
2013-07-11 03:00:00,
2013-07-11 04:00:00,
2013-07-11 05:00:00,
2013-07-11 06:00:00,
2013-07-11 07:00:00,
2013-07-11 08:00:00,
2013-07-11 09:00:00,
2013-07-11 10:00:00,
2013-07-11 11:00:00,43.19745817907583
2013-07-11 12:00:00,203.43294369029664
2013-07-11 13:00:00,378.92863876319757
2013-07-11 14:00:00,515.3657616892912
2013-07-11 15:00:00,613.5935143288084
2013-07-11 16:00:00,649.721907993967
2013-07-11 17:00:00,496.45707642031175
2013-07-11 18:00:00,483.29876822523886
2013-07-11 19:00:00,329.6804298642534
2013-07-11 20:00:00,208.34276018099547
2013-07-11 21:00:00,79.05870681605977
2013-07-11 22:00:00,
2013-07-11 23:00:00,
2013-07-12 00:00:00,
2013-07-12 01:00:00,
2013-07-12 02:00:00,
2013-07-12 03:00:00,
2013-07-12 04:00:00,
2013-07-12 05:00:00,
2013-07-12 06:00:00,
2013-07-12 07:00:00,
2013-07-12 08:00:00,
2013-07-12 09:00:00,
2013-07-12 10:00:00,
2013-07-12 11:00:00,50.6725198820787
2013-07-12 12:00:00,195.00298516842633
2013-07-12 13:00:00,365.23457139265963
2013-07-12 14:00:00,496.38637506284573
2013-07-12 15:00:00,584.9751759678231
2013-07-12 16:00:00,616.9479009552539
2013-07-12 17:00:00,585.038021618904
2013-07-12 18:00:00,515.0043991955757
2013-07-12 19:00:00,383.473950477627
2013-07-12 20:00:00,207.63103318250378
2013-07-12 21:00:00,50.992668981725075
2013-07-12 22:00:00,
2013-07-12 23:00:00,
2013-07-13 00:00:00,
2013-07-13 01:00:00,
2013-07-13 02:00:00,
2013-07-13 03:00:00,
2013-07-13 04:00:00,
2013-07-13 05:00:00,
2013-07-13 06:00:00,
2013-07-13 07:00:00,
2013-07-13 08:00:00,
2013-07-13 09:00:00,
2013-07-13 10:00:00,
2013-07-13 11:00:00,39.53705608117373
2013-07-13 12:00:00,201.23805932629463
2013-07-13 13:00:00,369.86001131221724
2013-07-13 14:00:00,511.4771870286576
2013-07-13 15:00:00,596.8922825540473
2013-07-13 16:00:00,634.7096530920061
2013-07-13 17:00:00,612.0066616390146
2013-07-13 18:00:00,521.1475615887381
2013-07-13 19:00:00,383.7944632981398
2013-07-13 20:00:00,213.8912456008044
2013-07-13 21:00:00,53.68260900066646
2013-07-13 22:00:00,
2013-07-13 23:00:00,
2013-07-14 00:00:00,
2013-07-14 01:00:00,
2013-07-14 02:00:00,
2013-07-14 03:00:00,
2013-07-14 04:00:00,
2013-07-14 05:00:00,
2013-07-14 06:00:00,
2013-07-14 07:00:00,
2013-07-14 08:00:00,
2013-07-14 09:00:00,
2013-07-14 10:00:00,
2013-07-14 11:00:00,44.0083813245578
2013-07-14 12:00:00,212.67203996983412
2013-07-14 13:00:00,391.85441804927103
2013-07-14 14:00:00,526.1123680241328
2013-07-14 15:00:00,614.0648567119156
2013-07-14 16:00:00,644.5371417797888
2013-07-14 17:00:00,617.1521493212671
2013-07-14 18:00:00,525.8295625942685
2013-07-14 19:00:00,390.91330442433383
2013-07-14 20:00:00,217.99663775766717
2013-07-14 21:00:00,54.590017825311946
2013-07-14 22:00:00,
2013-07-14 23:00:00,
2013-07-15 00:00:00,
2013-07-15 01:00:00,
2013-07-15 02:00:00,
2013-07-15 03:00:00,
2013-07-15 04:00:00,
2013-07-15 05:00:00,
2013-07-15 06:00:00,
2013-07-15 07:00:00,
2013-07-15 08:00:00,
2013-07-15 09:00:00,
2013-07-15 10:00:00,
2013-07-15 11:00:00,40.38440113807761
2013-07-15 12:00:00,204.72834967320262
2013-07-15 13:00:00,368.06026897938665
2013-07-15 14:00:00,503.857151835093
2013-07-15 15:00:00,595.9338863750629
2013-07-15 16:00:00,629.5248868778282
2013-07-15 17:00:00,605.321455505279
2013-07-15 18:00:00,518.1702488687783
2013-07-15 19:00:00,379.9475238813474
2013-07-15 20:00:00,210.35460658622424
2013-07-15 21:00:00,55.61211664152841
2013-07-15 22:00:00,
2013-07-15 23:00:00,
2013-07-16 00:00:00,
2013-07-16 01:00:00,
2013-07-16 02:00:00,
2013-07-16 03:00:00,
2013-07-16 04:00:00,
2013-07-16 05:00:00,
2013-07-16 06:00:00,
2013-07-16 07:00:00,
2013-07-16 08:00:00,
2013-07-16 09:00:00,
2013-07-16 10:00:00,
2013-07-16 11:00:00,43.30693815987934
2013-07-16 12:00:00,206.30498994469585
2013-07-16 13:00:00,379.0472599296129
2013-07-16 14:00:00,518.885118149824
2013-07-16 15:00:00,609.7834967320263
2013-07-16 16:00:00,638.8103318250378
2013-07-16 17:00:00,614.3712292609351
2013-07-16 18:00:00,530.4722850678734
2013-07-16 19:00:00,391.48991327300155
2013-07-16 20:00:00,212.1527777777778
2013-07-16 21:00:00,56.91197419138596
2013-07-16 22:00:00,
2013-07-16 23:00:00,
2013-07-17 00:00:00,
2013-07-17 01:00:00,
2013-07-17 02:00:00,
2013-07-17 03:00:00,
2013-07-17 04:00:00,
2013-07-17 05:00:00,
2013-07-17 06:00:00,
2013-07-17 07:00:00,
2013-07-17 08:00:00,
2013-07-17 09:00:00,
2013-07-17 10:00:00,
2013-07-17 11:00:00,46.142324451147985
2013-07-17 12:00:00,213.94387883358473
2013-07-17 13:00:00,392.2118526897939
2013-07-17 14:00:00,537.5738436400202
2013-07-17 15:00:00,619.2967571644042
2013-07-17 16:00:00,646.8388637506285
2013-07-17 17:00:00,622.6825666163901
2013-07-17 18:00:00,540.7161261940674
2013-07-17 19:00:00,398.0784942182001
2013-07-17 20:00:00,221.03443941679237
2013-07-17 21:00:00,54.004315401374235
2013-07-17 22:00:00,
2013-07-17 23:00:00,
2013-07-18 00:00:00,
2013-07-18 01:00:00,
2013-07-18 02:00:00,
2013-07-18 03:00:00,
2013-07-18 04:00:00,
2013-07-18 05:00:00,
2013-07-18 06:00:00,
2013-07-18 07:00:00,
2013-07-18 08:00:00,
2013-07-18 09:00:00,
2013-07-18 10:00:00,
2013-07-18 11:00:00,47.83496732026144
2013-07-18 12:00:00,221.89385369532428
2013-07-18 13:00:00,393.8796191553545
2013-07-18 14:00:00,535.6099170437406
2013-07-18 15:00:00,625.9426847662143
2013-07-18 16:00:00,657.4990573152338
2013-07-18 17:00:00,634.9846028154851
2013-07-18 18:00:00,533.3631850175968
2013-07-18 19:00:00,387.828368526898
2013-07-18 20:00:00,209.32315233785823
2013-07-18 21:00:00,45.496835858089064
2013-07-18 22:00:00,
2013-07-18 23:00:00,
2013-07-19 00:00:00,
2013-07-19 01:00:00,
2013-07-19 02:00:00,
2013-07-19 03:00:00,
2013-07-19 04:00:00,
2013-07-19 05:00:00,
2013-07-19 06:00:00,
2013-07-19 07:00:00,
2013-07-19 08:00:00,
2013-07-19 09:00:00,
2013-07-19 10:00:00,
2013-07-19 11:00:00,40.59794904583907
2013-07-19 12:00:00,194.73117772750126
2013-07-19 13:00:00,366.0311400201106
2013-07-19 14:00:00,508.3820387129211
2013-07-19 15:00:00,596.1695575666164
2013-07-19 16:00:00,626.256913021619
2013-07-19 17:00:00,598.8797762694822
2013-07-19 18:00:00,388.1873743086979
2013-07-19 19:00:00,262.9744846656611
2013-07-19 20:00:00,138.3107088989442
2013-07-19 21:00:00,27.642726485029364
2013-07-19 22:00:00,
2013-07-19 23:00:00,
2013-07-20 00:00:00,
2013-07-20 01:00:00,
2013-07-20 02:00:00,
2013-07-20 03:00:00,
2013-07-20 04:00:00,
2013-07-20 05:00:00,
2013-07-20 06:00:00,
2013-07-20 07:00:00,
2013-07-20 08:00:00,
2013-07-20 09:00:00,
2013-07-20 10:00:00,
2013-07-20 11:00:00,34.904952783789106
2013-07-20 12:00:00,117.75703871292107
2013-07-20 13:00:00,301.54600301659127
2013-07-20 14:00:00,499.82717445952744
2013-07-20 15:00:00,585.7843137254902
2013-07-20 16:00:00,586.4834715937657
2013-07-20 17:00:00,552.7039341377578
2013-07-20 18:00:00,473.00779286073407
2013-07-20 19:00:00,344.80266465560584
2013-07-20 20:00:00,196.08471593765714
2013-07-20 21:00:00,59.57466865633324
2013-07-20 22:00:00,
2013-07-20 23:00:00,
2013-07-21 00:00:00,
2013-07-21 01:00:00,
2013-07-21 02:00:00,
2013-07-21 03:00:00,
2013-07-21 04:00:00,
2013-07-21 05:00:00,
2013-07-21 06:00:00,
2013-07-21 07:00:00,
2013-07-21 08:00:00,
2013-07-21 09:00:00,
2013-07-21 10:00:00,
2013-07-21 11:00:00,48.37304905239689
2013-07-21 12:00:00,219.3918112116642
2013-07-21 13:00:00,395.2056623931624
2013-07-21 14:00:00,536.8589743589744
2013-07-21 15:00:00,621.2371166415285
2013-07-21 16:00:00,639.4623554550025
2013-07-21 17:00:00,607.6938788335848
2013-07-21 18:00:00,521.343954248366
2013-07-21 19:00:00,385.10008169934645
2013-07-21 20:00:00,205.63175590749123
2013-07-21 21:00:00,55.26038156670197
2013-07-21 22:00:00,
2013-07-21 23:00:00,
2013-07-22 00:00:00,
2013-07-22 01:00:00,
2013-07-22 02:00:00,
2013-07-22 03:00:00,
2013-07-22 04:00:00,
2013-07-22 05:00:00,
2013-07-22 06:00:00,
2013-07-22 07:00:00,
2013-07-22 08:00:00,
2013-07-22 09:00:00,
2013-07-22 10:00:00,
2013-07-22 11:00:00,22.585322999903727
2013-07-22 12:00:00,69.54028406234289
2013-07-22 13:00:00,162.82208396178984
2013-07-22 14:00:00,433.2241390145802
2013-07-22 15:00:00,523.0619972347914
2013-07-22 16:00:00,677.0440548014078
2013-07-22 17:00:00,641.4105706385119
2013-07-22 18:00:00,555.6969582704877
2013-07-22 19:00:00,415.3217697335345
2013-07-22 20:00:00,239.28481649069883
2013-07-22 21:00:00,66.70869469582705
2013-07-22 22:00:00,
2013-07-22 23:00:00,
2013-07-23 00:00:00,
2013-07-23 01:00:00,
2013-07-23 02:00:00,
2013-07-23 03:00:00,
2013-07-23 04:00:00,
2013-07-23 05:00:00,
2013-07-23 06:00:00,
2013-07-23 07:00:00,
2013-07-23 08:00:00,
2013-07-23 09:00:00,
2013-07-23 10:00:00,
2013-07-23 11:00:00,68.53318250377075
2013-07-23 12:00:00,277.8649761186526
2013-07-23 13:00:00,406.8446769733535
2013-07-23 14:00:00,543.3399321266968
2013-07-23 15:00:00,629.8862493715436
2013-07-23 16:00:00,660.9320010055304
2013-07-23 17:00:00,639.1559829059829
2013-07-23 18:00:00,558.9492207139266
2013-07-23 19:00:00,428.01109225741584
2013-07-23 20:00:00,252.03619909502265
2013-07-23 21:00:00,74.26981209150327
2013-07-23 22:00:00,
2013-07-23 23:00:00,
2013-07-24 00:00:00,
2013-07-24 01:00:00,
2013-07-24 02:00:00,
2013-07-24 03:00:00,
2013-07-24 04:00:00,
2013-07-24 05:00:00,
2013-07-24 06:00:00,
2013-07-24 07:00:00,
2013-07-24 08:00:00,
2013-07-24 09:00:00,
2013-07-24 10:00:00,
2013-07-24 11:00:00,53.614694650364235
2013-07-24 12:00:00,230.00879839115134
2013-07-24 13:00:00,404.0032679738562
2013-07-24 14:00:00,540.8653846153846
2013-07-24 15:00:00,633.3663273001509
2013-07-24 16:00:00,665.221216691805
2013-07-24 17:00:00,634.4661261940674
2013-07-24 18:00:00,559.1141905480141
2013-07-24 19:00:00,427.70864756158875
2013-07-24 20:00:00,253.08100804424336
2013-07-24 21:00:00,75.1136993258842
2013-07-24 22:00:00,
2013-07-24 23:00:00,
2013-07-25 00:00:00,
2013-07-25 01:00:00,
2013-07-25 02:00:00,
2013-07-25 03:00:00,
2013-07-25 04:00:00,
2013-07-25 05:00:00,
2013-07-25 06:00:00,
2013-07-25 07:00:00,
2013-07-25 08:00:00,
2013-07-25 09:00:00,
2013-07-25 10:00:00,
2013-07-25 11:00:00,55.32970399698342
2013-07-25 12:00:00,236.77256158873806
2013-07-25 13:00:00,409.51247486173963
2013-07-25 14:00:00,548.5168426344898
2013-07-25 15:00:00,637.3805932629463
2013-07-25 16:00:00,661.8511186525892
2013-07-25 17:00:00,552.9356774761186
2013-07-25 18:00:00,527.2357340372047
2013-07-25 19:00:00,317.7892471091001
2013-07-25 20:00:00,191.4152840623429
2013-07-25 21:00:00,43.77520238864776
2013-07-25 22:00:00,
2013-07-25 23:00:00,
2013-07-26 00:00:00,
2013-07-26 01:00:00,
2013-07-26 02:00:00,
2013-07-26 03:00:00,
2013-07-26 04:00:00,
2013-07-26 05:00:00,
2013-07-26 06:00:00,
2013-07-26 07:00:00,
2013-07-26 08:00:00,
2013-07-26 09:00:00,
2013-07-26 10:00:00,
2013-07-26 11:00:00,53.46102784062344
2013-07-26 12:00:00,226.2357026143791
2013-07-26 13:00:00,334.48183760683764
2013-07-26 14:00:00,537.7702362996481
2013-07-26 15:00:00,518.1050465057818
2013-07-26 16:00:00,664.9776897938663
2013-07-26 17:00:00,607.4110734037205
2013-07-26 18:00:00,330.0630027652087
2013-07-26 19:00:00,320.26929361488186
2013-07-26 20:00:00,100.37550276520865
2013-07-26 21:00:00,44.605015082956264
2013-07-26 22:00:00,
2013-07-26 23:00:00,
2013-07-27 00:00:00,
2013-07-27 01:00:00,
2013-07-27 02:00:00,
2013-07-27 03:00:00,
2013-07-27 04:00:00,
2013-07-27 05:00:00,
2013-07-27 06:00:00,
2013-07-27 07:00:00,
2013-07-27 08:00:00,
2013-07-27 09:00:00,
2013-07-27 10:00:00,
2013-07-27 11:00:00,50.998283928956205
2013-07-27 12:00:00,208.475521618904
2013-07-27 13:00:00,361.5557440925088
2013-07-27 14:00:00,478.4745789341378
2013-07-27 15:00:00,557.6137506284565
2013-07-27 16:00:00,577.6458019105079
2013-07-27 17:00:00,571.7933006535948
2013-07-27 18:00:00,502.18388637506285
2013-07-27 19:00:00,416.71065862242335
2013-07-27 20:00:00,225.02749497234794
2013-07-27 21:00:00,78.17307692307693
2013-07-27 22:00:00,
2013-07-27 23:00:00,
2013-07-28 00:00:00,
2013-07-28 01:00:00,
2013-07-28 02:00:00,
2013-07-28 03:00:00,
2013-07-28 04:00:00,
2013-07-28 05:00:00,
2013-07-28 06:00:00,
2013-07-28 07:00:00,
2013-07-28 08:00:00,
2013-07-28 09:00:00,
2013-07-28 10:00:00,
2013-07-28 11:00:00,53.12702003878475
2013-07-28 12:00:00,224.30791226747112
2013-07-28 13:00:00,392.6981209150327
2013-07-28 14:00:00,521.406799899447
2013-07-28 15:00:00,602.05348164907
2013-07-28 16:00:00,629.1321015585722
2013-07-28 17:00:00,614.8504273504274
2013-07-28 18:00:00,533.4810206133736
2013-07-28 19:00:00,410.78117144293617
2013-07-28 20:00:00,227.5193250377074
2013-07-28 21:00:00,34.241637831603235
2013-07-28 22:00:00,
2013-07-28 23:00:00,
2013-07-29 00:00:00,
2013-07-29 01:00:00,
2013-07-29 02:00:00,
2013-07-29 03:00:00,
2013-07-29 04:00:00,
2013-07-29 05:00:00,
2013-07-29 06:00:00,
2013-07-29 07:00:00,
2013-07-29 08:00:00,
2013-07-29 09:00:00,
2013-07-29 10:00:00,
2013-07-29 11:00:00,54.8094237695078
2013-07-29 12:00:00,219.71939416792358
2013-07-29 13:00:00,385.71439793866267
2013-07-29 14:00:00,521.0454374057315
2013-07-29 15:00:00,603.8131598793365
2013-07-29 16:00:00,632.847850678733
2013-07-29 17:00:00,601.3857466063348
2013-07-29 18:00:00,493.65258924082457
2013-07-29 19:00:00,361.93753142282554
2013-07-29 20:00:00,220.01319758672702
2013-07-29 21:00:00,40.26003312335492
2013-07-29 22:00:00,
2013-07-29 23:00:00,
2013-07-30 00:00:00,
2013-07-30 01:00:00,
2013-07-30 02:00:00,
2013-07-30 03:00:00,
2013-07-30 04:00:00,
2013-07-30 05:00:00,
2013-07-30 06:00:00,
2013-07-30 07:00:00,
2013-07-30 08:00:00,
2013-07-30 09:00:00,
2013-07-30 10:00:00,
2013-07-30 11:00:00,51.73925339366516
2013-07-30 12:00:00,217.89294243338364
2013-07-30 13:00:00,381.99393539467076
2013-07-30 14:00:00,508.2563474107592
2013-07-30 15:00:00,590.4427476118653
2013-07-30 16:00:00,626.6811211664153
2013-07-30 17:00:00,599.461098541981
2013-07-30 18:00:00,526.9607843137255
2013-07-30 19:00:00,403.69218200100556
2013-07-30 20:00:00,238.0318313222725
2013-07-30 21:00:00,70.70860888734192
2013-07-30 22:00:00,
2013-07-30 23:00:00,
2013-07-31 00:00:00,
2013-07-31 01:00:00,
2013-07-31 02:00:00,
2013-07-31 03:00:00,
2013-07-31 04:00:00,
2013-07-31 05:00:00,
2013-07-31 06:00:00,
2013-07-31 07:00:00,
2013-07-31 08:00:00,
2013-07-31 09:00:00,
2013-07-31 10:00:00,
2013-07-31 11:00:00,24.194651465412715
2013-07-31 12:00:00,92.41060206133736
2013-07-31 13:00:00,270.5740950226244
2013-07-31 14:00:00,365.4953808446456
2013-07-31 15:00:00,526.9309326294621
2013-07-31 16:00:00,610.1896367521368
2013-07-31 17:00:00,508.4975175967823
2013-07-31 18:00:00,557.8667043740573
2013-07-31 19:00:00,386.2603695324284
2013-07-31 20:00:00,205.9821204122675
2013-07-31 21:00:00,62.04587974242952
2013-07-31 22:00:00,
2013-07-31 23:00:00,
2013-08-01 00:00:00,
2013-08-01 01:00:00,
2013-08-01 02:00:00,
2013-08-01 03:00:00,
2013-08-01 04:00:00,
2013-08-01 05:00:00,
2013-08-01 06:00:00,
2013-08-01 07:00:00,
2013-08-01 08:00:00,
2013-08-01 09:00:00,
2013-08-01 10:00:00,
2013-08-01 11:00:00,42.07054239493686
2013-08-01 12:00:00,228.73774509803923
2013-08-01 13:00:00,400.14690170940173
2013-08-01 14:00:00,537.3853066867773
2013-08-01 15:00:00,609.1471845148316
2013-08-01 16:00:00,638.3468451483158
2013-08-01 17:00:00,634.835344394168
2013-08-01 18:00:00,556.6922762694822
2013-08-01 19:00:00,365.49223856209153
2013-08-01 20:00:00,254.64900703871294
2013-08-01 21:00:00,60.463445174876924
2013-08-01 22:00:00,
2013-08-01 23:00:00,
2013-08-02 00:00:00,
2013-08-02 01:00:00,
2013-08-02 02:00:00,
2013-08-02 03:00:00,
2013-08-02 04:00:00,
2013-08-02 05:00:00,
2013-08-02 06:00:00,
2013-08-02 07:00:00,
2013-08-02 08:00:00,
2013-08-02 09:00:00,
2013-08-02 10:00:00,
2013-08-02 11:00:00,61.15486135282516
2013-08-02 12:00:00,247.88602941176472
2013-08-02 13:00:00,418.5716754650578
2013-08-02 14:00:00,553.7408873805932
2013-08-02 15:00:00,643.1074032176973
2013-08-02 16:00:00,674.3574032176973
2013-08-02 17:00:00,654.4196204122675
2013-08-02 18:00:00,583.7496857717447
2013-08-02 19:00:00,445.5316742081448
2013-08-02 20:00:00,261.99095022624437
2013-08-02 21:00:00,72.47500139657002
2013-08-02 22:00:00,
2013-08-02 23:00:00,
2013-08-03 00:00:00,
2013-08-03 01:00:00,
2013-08-03 02:00:00,
2013-08-03 03:00:00,
2013-08-03 04:00:00,
2013-08-03 05:00:00,
2013-08-03 06:00:00,
2013-08-03 07:00:00,
2013-08-03 08:00:00,
2013-08-03 09:00:00,
2013-08-03 10:00:00,
2013-08-03 11:00:00,58.71236375537153
2013-08-03 12:00:00,240.01696832579188
2013-08-03 13:00:00,419.49943438914033
2013-08-03 14:00:00,557.8494218200101
2013-08-03 15:00:00,650.8295625942685
2013-08-03 16:00:00,691.2157491201609
2013-08-03 17:00:00,684.6483785822021
2013-08-03 18:00:00,554.4007667169432
2013-08-03 19:00:00,438.560520361991
2013-08-03 20:00:00,293.38863750628457
2013-08-03 21:00:00,89.1945631528965
2013-08-03 22:00:00,
2013-08-03 23:00:00,
2013-08-04 00:00:00,
2013-08-04 01:00:00,
2013-08-04 02:00:00,
2013-08-04 03:00:00,
2013-08-04 04:00:00,
2013-08-04 05:00:00,
2013-08-04 06:00:00,
2013-08-04 07:00:00,
2013-08-04 08:00:00,
2013-08-04 09:00:00,
2013-08-04 10:00:00,
2013-08-04 11:00:00,64.96432027092405
2013-08-04 12:00:00,247.08867521367523
2013-08-04 13:00:00,415.77347285067873
2013-08-04 14:00:00,550.8499874308698
2013-08-04 15:00:00,643.28022875817
2013-08-04 16:00:00,671.8435771744595
2013-08-04 17:00:00,652.0707642031172
2013-08-04 18:00:00,565.3751885369533
2013-08-04 19:00:00,444.0587292609352
2013-08-04 20:00:00,264.162267471091
2013-08-04 21:00:00,73.0366447278212
2013-08-04 22:00:00,
2013-08-04 23:00:00,
2013-08-05 00:00:00,
2013-08-05 01:00:00,
2013-08-05 02:00:00,
2013-08-05 03:00:00,
2013-08-05 04:00:00,
2013-08-05 05:00:00,
2013-08-05 06:00:00,
2013-08-05 07:00:00,
2013-08-05 08:00:00,
2013-08-05 09:00:00,
2013-08-05 10:00:00,
2013-08-05 11:00:00,63.036806602983084
2013-08-05 12:00:00,245.01633986928107
2013-08-05 13:00:00,414.25653594771245
2013-08-05 14:00:00,549.3102689793867
2013-08-05 15:00:00,629.6427224736049
2013-08-05 16:00:00,665.5668677727501
2013-08-05 17:00:00,652.4007038712921
2013-08-05 18:00:00,574.0793112116642
2013-08-05 19:00:00,444.98884489693313
2013-08-05 20:00:00,273.6362493715435
2013-08-05 21:00:00,76.76110654051831
2013-08-05 22:00:00,
2013-08-05 23:00:00,
2013-08-06 00:00:00,
2013-08-06 01:00:00,
2013-08-06 02:00:00,
2013-08-06 03:00:00,
2013-08-06 04:00:00,
2013-08-06 05:00:00,
2013-08-06 06:00:00,
2013-08-06 07:00:00,
2013-08-06 08:00:00,
2013-08-06 09:00:00,
2013-08-06 10:00:00,
2013-08-06 11:00:00,75.17474582425564
2013-08-06 12:00:00,252.2058823529412
2013-08-06 13:00:00,406.2892785319256
2013-08-06 14:00:00,529.8383295625943
2013-08-06 15:00:00,607.9366201608849
2013-08-06 16:00:00,688.2462921065863
2013-08-06 17:00:00,662.825226244344
2013-08-06 18:00:00,556.0347536450478
2013-08-06 19:00:00,450.1264768728004
2013-08-06 20:00:00,265.826106083459
2013-08-06 21:00:00,72.59261877828054
2013-08-06 22:00:00,
2013-08-06 23:00:00,
2013-08-07 00:00:00,
2013-08-07 01:00:00,
2013-08-07 02:00:00,
2013-08-07 03:00:00,
2013-08-07 04:00:00,
2013-08-07 05:00:00,
2013-08-07 06:00:00,
2013-08-07 07:00:00,
2013-08-07 08:00:00,
2013-08-07 09:00:00,
2013-08-07 10:00:00,
2013-08-07 11:00:00,66.09591389003154
2013-08-07 12:00:00,257.38829185520365
2013-08-07 13:00:00,421.2064793866265
2013-08-07 14:00:00,554.9899446958271
2013-08-07 15:00:00,645.6369406737053
2013-08-07 16:00:00,678.3795248868778
2013-08-07 17:00:00,658.041101055807
2013-08-07 18:00:00,584.6138134741076
2013-08-07 19:00:00,458.31762192056317
2013-08-07 20:00:00,284.35850301659127
2013-08-07 21:00:00,79.02223389355743
2013-08-07 22:00:00,
2013-08-07 23:00:00,
2013-08-08 00:00:00,
2013-08-08 01:00:00,
2013-08-08 02:00:00,
2013-08-08 03:00:00,
2013-08-08 04:00:00,
2013-08-08 05:00:00,
2013-08-08 06:00:00,
2013-08-08 07:00:00,
2013-08-08 08:00:00,
2013-08-08 09:00:00,
2013-08-08 10:00:00,
2013-08-08 11:00:00,78.73645961881256
2013-08-08 12:00:00,281.3474107591755
2013-08-08 13:00:00,458.84316867772753
2013-08-08 14:00:00,596.9786953242836
2013-08-08 15:00:00,691.2393162393163
2013-08-08 16:00:00,715.3956133735545
2013-08-08 17:00:00,653.0370160884867
2013-08-08 18:00:00,562.358597285068
2013-08-08 19:00:00,429.6513637506285
2013-08-08 20:00:00,242.618778280543
2013-08-08 21:00:00,58.219880394803
2013-08-08 22:00:00,
2013-08-08 23:00:00,
2013-08-09 00:00:00,
2013-08-09 01:00:00,
2013-08-09 02:00:00,
2013-08-09 03:00:00,
2013-08-09 04:00:00,
2013-08-09 05:00:00,
2013-08-09 06:00:00,
2013-08-09 07:00:00,
2013-08-09 08:00:00,
2013-08-09 09:00:00,
2013-08-09 10:00:00,
2013-08-09 11:00:00,26.477865100156123
2013-08-09 12:00:00,52.88618652589241
2013-08-09 13:00:00,79.74327551533433
2013-08-09 14:00:00,100.74550653594771
2013-08-09 15:00:00,83.13222724987432
2013-08-09 16:00:00,218.381567370538
2013-08-09 17:00:00,70.96059577677225
2013-08-09 18:00:00,214.41207893413778
2013-08-09 19:00:00,300.37314605329317
2013-08-09 20:00:00,134.74343262946206
2013-08-09 21:00:00,24.968742557751845
2013-08-09 22:00:00,
2013-08-09 23:00:00,
2013-08-10 00:00:00,
2013-08-10 01:00:00,
2013-08-10 02:00:00,
2013-08-10 03:00:00,
2013-08-10 04:00:00,
2013-08-10 05:00:00,
2013-08-10 06:00:00,
2013-08-10 07:00:00,
2013-08-10 08:00:00,
2013-08-10 09:00:00,
2013-08-10 10:00:00,
2013-08-10 11:00:00,96.85110781713216
2013-08-10 12:00:00,311.8715434891905
2013-08-10 13:00:00,449.95443690296634
2013-08-10 14:00:00,583.9146556058321
2013-08-10 15:00:00,674.797322775264
2013-08-10 16:00:00,718.3964932126697
2013-08-10 17:00:00,694.6486928104575
2013-08-10 18:00:00,607.3717948717949
2013-08-10 19:00:00,475.77300150829564
2013-08-10 20:00:00,294.67618778280547
2013-08-10 21:00:00,80.55902860469425
2013-08-10 22:00:00,
2013-08-10 23:00:00,
2013-08-11 00:00:00,
2013-08-11 01:00:00,
2013-08-11 02:00:00,
2013-08-11 03:00:00,
2013-08-11 04:00:00,
2013-08-11 05:00:00,
2013-08-11 06:00:00,
2013-08-11 07:00:00,
2013-08-11 08:00:00,
2013-08-11 09:00:00,
2013-08-11 10:00:00,
2013-08-11 11:00:00,79.36024210745306
2013-08-11 12:00:00,278.7998051784817
2013-08-11 13:00:00,453.9239253393665
2013-08-11 14:00:00,588.620223730518
2013-08-11 15:00:00,668.3556435394671
2013-08-11 16:00:00,719.7162518853695
2013-08-11 17:00:00,692.6690548014078
2013-08-11 18:00:00,612.635118149824
2013-08-11 19:00:00,484.64994972347915
2013-08-11 20:00:00,261.08518728004026
2013-08-11 21:00:00,42.72556171009518
2013-08-11 22:00:00,
2013-08-11 23:00:00,
2013-08-12 00:00:00,
2013-08-12 01:00:00,
2013-08-12 02:00:00,
2013-08-12 03:00:00,
2013-08-12 04:00:00,
2013-08-12 05:00:00,
2013-08-12 06:00:00,
2013-08-12 07:00:00,
2013-08-12 08:00:00,
2013-08-12 09:00:00,
2013-08-12 10:00:00,
2013-08-12 11:00:00,84.68424853644196
2013-08-12 12:00:00,293.93382352941177
2013-08-12 13:00:00,479.87368024132735
2013-08-12 14:00:00,623.1146304675716
2013-08-12 15:00:00,713.6516465560584
2013-08-12 16:00:00,716.8646304675716
2013-08-12 17:00:00,692.4098164906989
2013-08-12 18:00:00,616.4608471593766
2013-08-12 19:00:00,480.714240824535
2013-08-12 20:00:00,286.0490510306687
2013-08-12 21:00:00,74.73253316972162
2013-08-12 22:00:00,
2013-08-12 23:00:00,
2013-08-13 00:00:00,
2013-08-13 01:00:00,
2013-08-13 02:00:00,
2013-08-13 03:00:00,
2013-08-13 04:00:00,
2013-08-13 05:00:00,
2013-08-13 06:00:00,
2013-08-13 07:00:00,
2013-08-13 08:00:00,
2013-08-13 09:00:00,
2013-08-13 10:00:00,
2013-08-13 11:00:00,67.6926219205631
2013-08-13 12:00:00,247.62600553041733
2013-08-13 13:00:00,427.38027903469083
2013-08-13 14:00:00,565.9486551030669
2013-08-13 15:00:00,657.051282051282
2013-08-13 16:00:00,707.9248366013072
2013-08-13 17:00:00,685.9838486676723
2013-08-13 18:00:00,594.009238310709
2013-08-13 19:00:00,444.15456887883363
2013-08-13 20:00:00,261.0576923076923
2013-08-13 21:00:00,65.94159828207685
2013-08-13 22:00:00,
2013-08-13 23:00:00,
2013-08-14 00:00:00,
2013-08-14 01:00:00,
2013-08-14 02:00:00,
2013-08-14 03:00:00,
2013-08-14 04:00:00,
2013-08-14 05:00:00,
2013-08-14 06:00:00,
2013-08-14 07:00:00,
2013-08-14 08:00:00,
2013-08-14 09:00:00,
2013-08-14 10:00:00,
2013-08-14 11:00:00,88.2651458019105
2013-08-14 12:00:00,275.4807692307693
2013-08-14 13:00:00,443.9597473604827
2013-08-14 14:00:00,577.1823152337859
2013-08-14 15:00:00,668.3634992458522
2013-08-14 16:00:00,712.8425087983911
2013-08-14 17:00:00,690.1787958773253
2013-08-14 18:00:00,610.1841377576673
2013-08-14 19:00:00,477.73692810457516
2013-08-14 20:00:00,300.9041918049271
2013-08-14 21:00:00,85.50070941023084
2013-08-14 22:00:00,
2013-08-14 23:00:00,
2013-08-15 00:00:00,
2013-08-15 01:00:00,
2013-08-15 02:00:00,
2013-08-15 03:00:00,
2013-08-15 04:00:00,
2013-08-15 05:00:00,
2013-08-15 06:00:00,
2013-08-15 07:00:00,
2013-08-15 08:00:00,
2013-08-15 09:00:00,
2013-08-15 10:00:00,
2013-08-15 11:00:00,85.27762066365008
2013-08-15 12:00:00,285.3443941679236
2013-08-15 13:00:00,455.17769607843144
2013-08-15 14:00:00,590.819821518351
2013-08-15 15:00:00,675.2372423328306
2013-08-15 16:00:00,710.4150955253897
2013-08-15 17:00:00,691.4121417797888
2013-08-15 18:00:00,608.5265837104073
2013-08-15 19:00:00,488.57780291603825
2013-08-15 20:00:00,309.272090246355
2013-08-15 21:00:00,91.34065485168428
2013-08-15 22:00:00,
2013-08-15 23:00:00,
2013-08-16 00:00:00,
2013-08-16 01:00:00,
2013-08-16 02:00:00,
2013-08-16 03:00:00,
2013-08-16 04:00:00,
2013-08-16 05:00:00,
2013-08-16 06:00:00,
2013-08-16 07:00:00,
2013-08-16 08:00:00,
2013-08-16 09:00:00,
2013-08-16 10:00:00,
2013-08-16 11:00:00,90.91801784816491
2013-08-16 12:00:00,297.01404600301663
2013-08-16 13:00:00,464.24082453494225
2013-08-16 14:00:00,595.7610608345902
2013-08-16 15:00:00,679.3614881850176
2013-08-16 16:00:00,712.4418677727501
2013-08-16 17:00:00,694.680115635998
2013-08-16 18:00:00,621.8655731523379
2013-08-16 19:00:00,500.26709401709405
2013-08-16 20:00:00,314.50399069884367
2013-08-16 21:00:00,97.46496354952237
2013-08-16 22:00:00,
2013-08-16 23:00:00,
2013-08-17 00:00:00,
2013-08-17 01:00:00,
2013-08-17 02:00:00,
2013-08-17 03:00:00,
2013-08-17 04:00:00,
2013-08-17 05:00:00,
2013-08-17 06:00:00,
2013-08-17 07:00:00,
2013-08-17 08:00:00,
2013-08-17 09:00:00,
2013-08-17 10:00:00,
2013-08-17 11:00:00,72.91666666666667
2013-08-17 12:00:00,254.12346028154852
2013-08-17 13:00:00,422.49245852187033
2013-08-17 14:00:00,557.3937908496732
2013-08-17 15:00:00,653.8854323780795
2013-08-17 16:00:00,689.5974736048266
2013-08-17 17:00:00,660.1464303670186
2013-08-17 18:00:00,583.0819507290096
2013-08-17 19:00:00,454.66471845148317
2013-08-17 20:00:00,279.05275892408247
2013-08-17 21:00:00,82.56504524886878
2013-08-17 22:00:00,
2013-08-17 23:00:00,
2013-08-18 00:00:00,
2013-08-18 01:00:00,
2013-08-18 02:00:00,
2013-08-18 03:00:00,
2013-08-18 04:00:00,
2013-08-18 05:00:00,
2013-08-18 06:00:00,
2013-08-18 07:00:00,
2013-08-18 08:00:00,
2013-08-18 09:00:00,
2013-08-18 10:00:00,
2013-08-18 11:00:00,85.13150452488688
2013-08-18 12:00:00,281.6357151835093
2013-08-18 13:00:00,448.37779663147313
2013-08-18 14:00:00,580.7488059326295
2013-08-18 15:00:00,673.8939165409754
2013-08-18 16:00:00,715.552727501257
2013-08-18 17:00:00,691.2393162393163
2013-08-18 18:00:00,614.0962795374561
2013-08-18 19:00:00,476.00867269984917
2013-08-18 20:00:00,295.8537581699347
2013-08-18 21:00:00,88.93837983911514
2013-08-18 22:00:00,
2013-08-18 23:00:00,
2013-08-19 00:00:00,
2013-08-19 01:00:00,
2013-08-19 02:00:00,
2013-08-19 03:00:00,
2013-08-19 04:00:00,
2013-08-19 05:00:00,
2013-08-19 06:00:00,
2013-08-19 07:00:00,
2013-08-19 08:00:00,
2013-08-19 09:00:00,
2013-08-19 10:00:00,
2013-08-19 11:00:00,91.30451860231273
2013-08-19 12:00:00,289.73966189039714
2013-08-19 13:00:00,461.899824032177
2013-08-19 14:00:00,589.6728883861236
2013-08-19 15:00:00,679.7071392659628
2013-08-19 16:00:00,707.3199472096532
2013-08-19 17:00:00,689.6288964303671
2013-08-19 18:00:00,614.3633735545501
2013-08-19 19:00:00,478.0197335344394
2013-08-19 20:00:00,295.45154600301663
2013-08-19 21:00:00,94.01866515837105
2013-08-19 22:00:00,
2013-08-19 23:00:00,
2013-08-20 00:00:00,
2013-08-20 01:00:00,
2013-08-20 02:00:00,
2013-08-20 03:00:00,
2013-08-20 04:00:00,
2013-08-20 05:00:00,
2013-08-20 06:00:00,
2013-08-20 07:00:00,
2013-08-20 08:00:00,
2013-08-20 09:00:00,
2013-08-20 10:00:00,
2013-08-20 11:00:00,92.2204939668175
2013-08-20 12:00:00,284.55725238813477
2013-08-20 13:00:00,446.82786576168934
2013-08-20 14:00:00,570.5756661639015
2013-08-20 15:00:00,656.5642282554048
2013-08-20 16:00:00,695.607088989442
2013-08-20 17:00:00,668.1121166415285
2013-08-20 18:00:00,593.6714429361489
2013-08-20 19:00:00,465.16779788838613
2013-08-20 20:00:00,282.9758986928105
2013-08-20 21:00:00,85.19592131724485
2013-08-20 22:00:00,
2013-08-20 23:00:00,
2013-08-21 00:00:00,
2013-08-21 01:00:00,
2013-08-21 02:00:00,
2013-08-21 03:00:00,
2013-08-21 04:00:00,
2013-08-21 05:00:00,
2013-08-21 06:00:00,
2013-08-21 07:00:00,
2013-08-21 08:00:00,
2013-08-21 09:00:00,
2013-08-21 10:00:00,
2013-08-21 11:00:00,97.62836224233283
2013-08-21 12:00:00,292.96757164404227
2013-08-21 13:00:00,454.452614379085
2013-08-21 14:00:00,577.527966314731
2013-08-21 15:00:00,658.3474736048266
2013-08-21 16:00:00,699.7706133735545
2013-08-21 17:00:00,686.8636877828054
2013-08-21 18:00:00,615.950226244344
2013-08-21 19:00:00,469.8183760683761
2013-08-21 20:00:00,265.8198215183509
2013-08-21 21:00:00,84.39935268979387
2013-08-21 22:00:00,
2013-08-21 23:00:00,
2013-08-22 00:00:00,
2013-08-22 01:00:00,
2013-08-22 02:00:00,
2013-08-22 03:00:00,
2013-08-22 04:00:00,
2013-08-22 05:00:00,
2013-08-22 06:00:00,
2013-08-22 07:00:00,
2013-08-22 08:00:00,
2013-08-22 09:00:00,
2013-08-22 10:00:00,
2013-08-22 11:00:00,103.53978129713424
2013-08-22 12:00:00,298.0125062845651
2013-08-22 13:00:00,461.39705882352945
2013-08-22 14:00:00,586.0906862745098
2013-08-22 15:00:00,661.8511186525892
2013-08-22 16:00:00,688.5055304172952
2013-08-22 17:00:00,666.4624183006537
2013-08-22 18:00:00,577.7872046254399
2013-08-22 19:00:00,455.89099421820015
2013-08-22 20:00:00,260.866798642534
2013-08-22 21:00:00,62.29575163398693
2013-08-22 22:00:00,
2013-08-22 23:00:00,
2013-08-23 00:00:00,
2013-08-23 01:00:00,
2013-08-23 02:00:00,
2013-08-23 03:00:00,
2013-08-23 04:00:00,
2013-08-23 05:00:00,
2013-08-23 06:00:00,
2013-08-23 07:00:00,
2013-08-23 08:00:00,
2013-08-23 09:00:00,
2013-08-23 10:00:00,
2013-08-23 11:00:00,75.02435268979387
2013-08-23 12:00:00,109.41742081447964
2013-08-23 13:00:00,295.6754336349925
2013-08-23 14:00:00,601.3071895424837
2013-08-23 15:00:00,677.1697461035697
2013-08-23 16:00:00,707.5320512820513
2013-08-23 17:00:00,680.51627702363
2013-08-23 18:00:00,592.1364379084968
2013-08-23 19:00:00,481.1698717948718
2013-08-23 20:00:00,282.8651332327803
2013-08-23 21:00:00,75.3590057817999
2013-08-23 22:00:00,
2013-08-23 23:00:00,
2013-08-24 00:00:00,
2013-08-24 01:00:00,
2013-08-24 02:00:00,
2013-08-24 03:00:00,
2013-08-24 04:00:00,
2013-08-24 05:00:00,
2013-08-24 06:00:00,
2013-08-24 07:00:00,
2013-08-24 08:00:00,
2013-08-24 09:00:00,
2013-08-24 10:00:00,
2013-08-24 11:00:00,82.20446832579185
2013-08-24 12:00:00,289.51341754650576
2013-08-24 13:00:00,459.7002262443439
2013-08-24 14:00:00,591.6603821015585
2013-08-24 15:00:00,667.687908496732
2013-08-24 16:00:00,670.8514014580192
2013-08-24 17:00:00,391.83163650075414
2013-08-24 18:00:00,382.244532428356
2013-08-24 19:00:00,325.04163524384114
2013-08-24 20:00:00,215.05389014580194
2013-08-24 21:00:00,62.601338612368025
2013-08-24 22:00:00,
2013-08-24 23:00:00,
2013-08-25 00:00:00,
2013-08-25 01:00:00,
2013-08-25 02:00:00,
2013-08-25 03:00:00,
2013-08-25 04:00:00,
2013-08-25 05:00:00,
2013-08-25 06:00:00,
2013-08-25 07:00:00,
2013-08-25 08:00:00,
2013-08-25 09:00:00,
2013-08-25 10:00:00,
2013-08-25 11:00:00,74.65827677224736
2013-08-25 12:00:00,256.9271618903972
2013-08-25 13:00:00,330.74173579688284
2013-08-25 14:00:00,436.6107340372047
2013-08-25 15:00:00,246.79644293614882
2013-08-25 16:00:00,242.2935520361991
2013-08-25 17:00:00,523.2497486173957
2013-08-25 18:00:00,583.6640585721468
2013-08-25 19:00:00,424.7203368526898
2013-08-25 20:00:00,299.6323529411765
2013-08-25 21:00:00,67.43181246857718
2013-08-25 22:00:00,
2013-08-25 23:00:00,
2013-08-26 00:00:00,
2013-08-26 01:00:00,
2013-08-26 02:00:00,
2013-08-26 03:00:00,
2013-08-26 04:00:00,
2013-08-26 05:00:00,
2013-08-26 06:00:00,
2013-08-26 07:00:00,
2013-08-26 08:00:00,
2013-08-26 09:00:00,
2013-08-26 10:00:00,
2013-08-26 11:00:00,115.94865510306687
2013-08-26 12:00:00,313.07346656611367
2013-08-26 13:00:00,480.250754147813
2013-08-26 14:00:00,606.4841000502765
2013-08-26 15:00:00,693.4389140271493
2013-08-26 16:00:00,728.789592760181
2013-08-26 17:00:00,696.47907239819
2013-08-26 18:00:00,624.3165535444948
2013-08-26 19:00:00,495.45154600301663
2013-08-26 20:00:00,316.5943941679236
2013-08-26 21:00:00,107.83606711915536
2013-08-26 22:00:00,
2013-08-26 23:00:00,
2013-08-27 00:00:00,
2013-08-27 01:00:00,
2013-08-27 02:00:00,
2013-08-27 03:00:00,
2013-08-27 04:00:00,
2013-08-27 05:00:00,
2013-08-27 06:00:00,
2013-08-27 07:00:00,
2013-08-27 08:00:00,
2013-08-27 09:00:00,
2013-08-27 10:00:00,
2013-08-27 11:00:00,128.73067496229262
2013-08-27 12:00:00,335.4260935143288
2013-08-27 13:00:00,499.0730266465561
2013-08-27 14:00:00,621.0642911010559
2013-08-27 15:00:00,698.8986299648064
2013-08-27 16:00:00,730.714240824535
2013-08-27 17:00:00,699.2364253393665
2013-08-27 18:00:00,632.3607968828558
2013-08-27 19:00:00,508.6019984917044
2013-08-27 20:00:00,329.31671065862247
2013-08-27 21:00:00,115.57236676721972
2013-08-27 22:00:00,
2013-08-27 23:00:00,
2013-08-28 00:00:00,
2013-08-28 01:00:00,
2013-08-28 02:00:00,
2013-08-28 03:00:00,
2013-08-28 04:00:00,
2013-08-28 05:00:00,
2013-08-28 06:00:00,
2013-08-28 07:00:00,
2013-08-28 08:00:00,
2013-08-28 09:00:00,
2013-08-28 10:00:00,
2013-08-28 11:00:00,133.39932126696834
2013-08-28 12:00:00,334.0482026143791
2013-08-28 13:00:00,494.57170688788335
2013-08-28 14:00:00,618.7154348919055
2013-08-28 15:00:00,688.5133861236803
2013-08-28 16:00:00,716.6603821015585
2013-08-28 17:00:00,708.7025515334338
2013-08-28 18:00:00,624.0808823529412
2013-08-28 19:00:00,505.16119909502265
2013-08-28 20:00:00,283.3411890397185
2013-08-28 21:00:00,94.81052036199095
2013-08-28 22:00:00,
2013-08-28 23:00:00,
2013-08-29 00:00:00,
2013-08-29 01:00:00,
2013-08-29 02:00:00,
2013-08-29 03:00:00,
2013-08-29 04:00:00,
2013-08-29 05:00:00,
2013-08-29 06:00:00,
2013-08-29 07:00:00,
2013-08-29 08:00:00,
2013-08-29 09:00:00,
2013-08-29 10:00:00,
2013-08-29 11:00:00,81.83053670186023
2013-08-29 12:00:00,284.67508798391157
2013-08-29 13:00:00,492.0091754650578
2013-08-29 14:00:00,592.5716440422324
2013-08-29 15:00:00,512.3491704374057
2013-08-29 16:00:00,667.7428984414279
2013-08-29 17:00:00,685.6460532931121
2013-08-29 18:00:00,514.0452174459527
2013-08-29 19:00:00,534.5737493715435
2013-08-29 20:00:00,357.43464052287584
2013-08-29 21:00:00,61.16845776772247
2013-08-29 22:00:00,
2013-08-29 23:00:00,
2013-08-30 00:00:00,
2013-08-30 01:00:00,
2013-08-30 02:00:00,
2013-08-30 03:00:00,
2013-08-30 04:00:00,
2013-08-30 05:00:00,
2013-08-30 06:00:00,
2013-08-30 07:00:00,
2013-08-30 08:00:00,
2013-08-30 09:00:00,
2013-08-30 10:00:00,
2013-08-30 11:00:00,58.79367772750126
2013-08-30 12:00:00,255.7236676721971
2013-08-30 13:00:00,433.58707264957263
2013-08-30 14:00:00,510.63662644545
2013-08-30 15:00:00,700.1398315736551
2013-08-30 16:00:00,729.6301533433887
2013-08-30 17:00:00,707.5477626948216
2013-08-30 18:00:00,654.4274761186526
2013-08-30 19:00:00,391.75229386626444
2013-08-30 20:00:00,114.80407868275515
2013-08-30 21:00:00,27.82019859225742
2013-08-30 22:00:00,
2013-08-30 23:00:00,
2013-08-31 00:00:00,
2013-08-31 01:00:00,
2013-08-31 02:00:00,
2013-08-31 03:00:00,
2013-08-31 04:00:00,
2013-08-31 05:00:00,
2013-08-31 06:00:00,
2013-08-31 07:00:00,
2013-08-31 08:00:00,
2013-08-31 09:00:00,
2013-08-31 10:00:00,
2013-08-31 11:00:00,128.1902023629965
2013-08-31 12:00:00,256.07246103569634
2013-08-31 13:00:00,509.4032805429864
2013-08-31 14:00:00,635.0710155857215
2013-08-31 15:00:00,704.0676847662143
2013-08-31 16:00:00,663.492961287079
2013-08-31 17:00:00,636.0820449974862
2013-08-31 18:00:00,589.5621229260936
2013-08-31 19:00:00,524.2497800402213
2013-08-31 20:00:00,240.16779788838616
2013-08-31 21:00:00,135.07808572146809
2013-08-31 22:00:00,
2013-08-31 23:00:00,
2013-09-01 00:00:00,
2013-09-01 01:00:00,
2013-09-01 02:00:00,
2013-09-01 03:00:00,
2013-09-01 04:00:00,
2013-09-01 05:00:00,
2013-09-01 06:00:00,
2013-09-01 07:00:00,
2013-09-01 08:00:00,
2013-09-01 09:00:00,
2013-09-01 10:00:00,
2013-09-01 11:00:00,123.04471468074411
2013-09-01 12:00:00,313.03261689291105
2013-09-01 13:00:00,486.74742332830573
2013-09-01 14:00:00,600.7730015082957
2013-09-01 15:00:00,678.9372800402213
2013-09-01 16:00:00,718.4436274509804
2013-09-01 17:00:00,714.8300025138261
2013-09-01 18:00:00,631.0410382101559
2013-09-01 19:00:00,438.48667672197087
2013-09-01 20:00:00,173.22775263951735
2013-09-01 21:00:00,27.685866013071898
2013-09-01 22:00:00,
2013-09-01 23:00:00,
2013-09-02 00:00:00,
2013-09-02 01:00:00,
2013-09-02 02:00:00,
2013-09-02 03:00:00,
2013-09-02 04:00:00,
2013-09-02 05:00:00,
2013-09-02 06:00:00,
2013-09-02 07:00:00,
2013-09-02 08:00:00,
2013-09-02 09:00:00,
2013-09-02 10:00:00,
2013-09-02 11:00:00,134.5344708396179
2013-09-02 12:00:00,334.9280417295123
2013-09-02 13:00:00,510.18099547511315
2013-09-02 14:00:00,623.2167546505783
2013-09-02 15:00:00,693.9573906485672
2013-09-02 16:00:00,744.4931498240322
2013-09-02 17:00:00,729.512317747612
2013-09-02 18:00:00,650.9473981900453
2013-09-02 19:00:00,511.17081447963807
2013-09-02 20:00:00,286.6248743086979
2013-09-02 21:00:00,18.461695575666166
2013-09-02 22:00:00,
2013-09-02 23:00:00,
2013-09-03 00:00:00,
2013-09-03 01:00:00,
2013-09-03 02:00:00,
2013-09-03 03:00:00,
2013-09-03 04:00:00,
2013-09-03 05:00:00,
2013-09-03 06:00:00,
2013-09-03 07:00:00,
2013-09-03 08:00:00,
2013-09-03 09:00:00,
2013-09-03 10:00:00,
2013-09-03 11:00:00,102.626162644545
2013-09-03 12:00:00,254.93495475113122
2013-09-03 13:00:00,526.0416666666666
2013-09-03 14:00:00,487.93913398692814
2013-09-03 15:00:00,726.3700351935646
2013-09-03 16:00:00,787.1732026143792
2013-09-03 17:00:00,600.928544494721
2013-09-03 18:00:00,616.4451357466064
2013-09-03 19:00:00,474.5239441930619
2013-09-03 20:00:00,286.6413712921066
2013-09-03 21:00:00,86.95088612368025
2013-09-03 22:00:00,
2013-09-03 23:00:00,
2013-09-04 00:00:00,
2013-09-04 01:00:00,
2013-09-04 02:00:00,
2013-09-04 03:00:00,
2013-09-04 04:00:00,
2013-09-04 05:00:00,
2013-09-04 06:00:00,
2013-09-04 07:00:00,
2013-09-04 08:00:00,
2013-09-04 09:00:00,
2013-09-04 10:00:00,
2013-09-04 11:00:00,124.18379210658622
2013-09-04 12:00:00,324.565579436903
2013-09-04 13:00:00,478.4282302664656
2013-09-04 14:00:00,605.9734791352439
2013-09-04 15:00:00,679.6835721468075
2013-09-04 16:00:00,710.5329311211665
2013-09-04 17:00:00,668.0728381096029
2013-09-04 18:00:00,641.4812719959779
2013-09-04 19:00:00,406.5885809451986
2013-09-04 20:00:00,325.93561463046757
2013-09-04 21:00:00,124.63235294117648
2013-09-04 22:00:00,
2013-09-04 23:00:00,
2013-09-05 00:00:00,
2013-09-05 01:00:00,
2013-09-05 02:00:00,
2013-09-05 03:00:00,
2013-09-05 04:00:00,
2013-09-05 05:00:00,
2013-09-05 06:00:00,
2013-09-05 07:00:00,
2013-09-05 08:00:00,
2013-09-05 09:00:00,
2013-09-05 10:00:00,
2013-09-05 11:00:00,194.45779914529916
2013-09-05 12:00:00,201.43366641528408
2013-09-05 13:00:00,364.62104072398193
2013-09-05 14:00:00,629.917672197084
2013-09-05 15:00:00,723.4477124183007
2013-09-05 16:00:00,694.7036827551534
2013-09-05 17:00:00,582.4456385118151
2013-09-05 18:00:00,615.2314291101055
2013-09-05 19:00:00,215.19764957264957
2013-09-05 20:00:00,103.5963423831071
2013-09-05 21:00:00,16.81435394670689
2013-09-05 22:00:00,
2013-09-05 23:00:00,
2013-09-06 00:00:00,
2013-09-06 01:00:00,
2013-09-06 02:00:00,
2013-09-06 03:00:00,
2013-09-06 04:00:00,
2013-09-06 05:00:00,
2013-09-06 06:00:00,
2013-09-06 07:00:00,
2013-09-06 08:00:00,
2013-09-06 09:00:00,
2013-09-06 10:00:00,
2013-09-06 11:00:00,145.94331322272498
2013-09-06 12:00:00,333.243778280543
2013-09-06 13:00:00,536.1990950226244
2013-09-06 14:00:00,672.0871040723982
2013-09-06 15:00:00,767.7381850175968
2013-09-06 16:00:00,798.3283056812469
2013-09-06 17:00:00,774.1170186023127
2013-09-06 18:00:00,617.9691427853193
2013-09-06 19:00:00,453.50992961287085
2013-09-06 20:00:00,142.58342760180997
2013-09-06 21:00:00,84.65859100050278
2013-09-06 22:00:00,
2013-09-06 23:00:00,
2013-09-07 00:00:00,
2013-09-07 01:00:00,
2013-09-07 02:00:00,
2013-09-07 03:00:00,
2013-09-07 04:00:00,
2013-09-07 05:00:00,
2013-09-07 06:00:00,
2013-09-07 07:00:00,
2013-09-07 08:00:00,
2013-09-07 09:00:00,
2013-09-07 10:00:00,
2013-09-07 11:00:00,135.34832202111616
2013-09-07 12:00:00,273.0305744092509
2013-09-07 13:00:00,484.1605392156863
2013-09-07 14:00:00,578.1226432880845
2013-09-07 15:00:00,631.4353946706889
2013-09-07 16:00:00,368.5653908999497
2013-09-07 17:00:00,340.8928795877326
2013-09-07 18:00:00,444.2087732528909
2013-09-07 19:00:00,315.4969519859226
2013-09-07 20:00:00,196.6888197586727
2013-09-07 21:00:00,42.40117521367522
2013-09-07 22:00:00,
2013-09-07 23:00:00,
2013-09-08 00:00:00,
2013-09-08 01:00:00,
2013-09-08 02:00:00,
2013-09-08 03:00:00,
2013-09-08 04:00:00,
2013-09-08 05:00:00,
2013-09-08 06:00:00,
2013-09-08 07:00:00,
2013-09-08 08:00:00,
2013-09-08 09:00:00,
2013-09-08 10:00:00,
2013-09-08 11:00:00,133.23670814479638
2013-09-08 12:00:00,326.0660193564606
2013-09-08 13:00:00,501.1862116641529
2013-09-08 14:00:00,639.831573655103
2013-09-08 15:00:00,721.2559703368528
2013-09-08 16:00:00,750.3692182001007
2013-09-08 17:00:00,723.9033433886376
2013-09-08 18:00:00,648.3000251382605
2013-09-08 19:00:00,528.524069884364
2013-09-08 20:00:00,320.9888763197587
2013-09-08 21:00:00,86.56045751633988
2013-09-08 22:00:00,
2013-09-08 23:00:00,
2013-09-09 00:00:00,
2013-09-09 01:00:00,
2013-09-09 02:00:00,
2013-09-09 03:00:00,
2013-09-09 04:00:00,
2013-09-09 05:00:00,
2013-09-09 06:00:00,
2013-09-09 07:00:00,
2013-09-09 08:00:00,
2013-09-09 09:00:00,
2013-09-09 10:00:00,
2013-09-09 11:00:00,145.1663838612368
2013-09-09 12:00:00,355.22011689291105
2013-09-09 13:00:00,550.465057817999
2013-09-09 14:00:00,674.0745977878331
2013-09-09 15:00:00,769.4271618903972
2013-09-09 16:00:00,779.9145299145299
2013-09-09 17:00:00,737.6508295625943
2013-09-09 18:00:00,645.5976621417798
2013-09-09 19:00:00,516.5912518853696
2013-09-09 20:00:00,319.90007541478127
2013-09-09 21:00:00,101.31268853695325
2013-09-09 22:00:00,
2013-09-09 23:00:00,
2013-09-10 00:00:00,
2013-09-10 01:00:00,
2013-09-10 02:00:00,
2013-09-10 03:00:00,
2013-09-10 04:00:00,
2013-09-10 05:00:00,
2013-09-10 06:00:00,
2013-09-10 07:00:00,
2013-09-10 08:00:00,
2013-09-10 09:00:00,
2013-09-10 10:00:00,
2013-09-10 11:00:00,143.1647498743087
2013-09-10 12:00:00,349.23721091000505
2013-09-10 13:00:00,535.837732528909
2013-09-10 14:00:00,691.357151835093
2013-09-10 15:00:00,766.025641025641
2013-09-10 16:00:00,781.6899195575667
2013-09-10 17:00:00,783.9130844645551
2013-09-10 18:00:00,676.0699472096532
2013-09-10 19:00:00,526.929361488185
2013-09-10 20:00:00,327.3056498240322
2013-09-10 21:00:00,108.35375816993465
2013-09-10 22:00:00,
2013-09-10 23:00:00,
2013-09-11 00:00:00,
2013-09-11 01:00:00,
2013-09-11 02:00:00,
2013-09-11 03:00:00,
2013-09-11 04:00:00,
2013-09-11 05:00:00,
2013-09-11 06:00:00,
2013-09-11 07:00:00,
2013-09-11 08:00:00,
2013-09-11 09:00:00,
2013-09-11 10:00:00,
2013-09-11 11:00:00,131.63728632478632
2013-09-11 12:00:00,321.02658371040724
2013-09-11 13:00:00,512.961915535445
2013-09-11 14:00:00,657.6561714429362
2013-09-11 15:00:00,740.0782428355958
2013-09-11 16:00:00,748.0282176973354
2013-09-11 17:00:00,720.8946078431374
2013-09-11 18:00:00,625.0
2013-09-11 19:00:00,481.248428858723
2013-09-11 20:00:00,269.61648441427855
2013-09-11 21:00:00,74.33305052790347
2013-09-11 22:00:00,
2013-09-11 23:00:00,
2013-09-12 00:00:00,
2013-09-12 01:00:00,
2013-09-12 02:00:00,
2013-09-12 03:00:00,
2013-09-12 04:00:00,
2013-09-12 05:00:00,
2013-09-12 06:00:00,
2013-09-12 07:00:00,
2013-09-12 08:00:00,
2013-09-12 09:00:00,
2013-09-12 10:00:00,
2013-09-12 11:00:00,143.37921065862244
2013-09-12 12:00:00,345.04776269482153
2013-09-12 13:00:00,530.5665535444947
2013-09-12 14:00:00,674.1295877325289
2013-09-12 15:00:00,772.5773001508296
2013-09-12 16:00:00,807.3545123177477
2013-09-12 17:00:00,758.6569884364002
2013-09-12 18:00:00,656.3521241830065
2013-09-12 19:00:00,500.5813222724988
2013-09-12 20:00:00,273.44692684766216
2013-09-12 21:00:00,75.34250879839117
2013-09-12 22:00:00,
2013-09-12 23:00:00,
2013-09-13 00:00:00,
2013-09-13 01:00:00,
2013-09-13 02:00:00,
2013-09-13 03:00:00,
2013-09-13 04:00:00,
2013-09-13 05:00:00,
2013-09-13 06:00:00,
2013-09-13 07:00:00,
2013-09-13 08:00:00,
2013-09-13 09:00:00,
2013-09-13 10:00:00,
2013-09-13 11:00:00,140.47574157868274
2013-09-13 12:00:00,273.7234477124183
2013-09-13 13:00:00,476.9497863247863
2013-09-13 14:00:00,683.839240824535
2013-09-13 15:00:00,398.9583333333333
2013-09-13 16:00:00,727.0511249371543
2013-09-13 17:00:00,641.9486865258925
2013-09-13 18:00:00,668.6337355455003
2013-09-13 19:00:00,534.3247234791353
2013-09-13 20:00:00,281.3709778783308
2013-09-13 21:00:00,51.66148190045249
2013-09-13 22:00:00,
2013-09-13 23:00:00,
2013-09-14 00:00:00,
2013-09-14 01:00:00,
2013-09-14 02:00:00,
2013-09-14 03:00:00,
2013-09-14 04:00:00,
2013-09-14 05:00:00,
2013-09-14 06:00:00,
2013-09-14 07:00:00,
2013-09-14 08:00:00,
2013-09-14 09:00:00,
2013-09-14 10:00:00,
2013-09-14 11:00:00,194.646336098542
2013-09-14 12:00:00,418.5088298139769
2013-09-14 13:00:00,612.0223730517848
2013-09-14 14:00:00,745.2080191050779
2013-09-14 15:00:00,821.6676093514329
2013-09-14 16:00:00,853.3968074409252
2013-09-14 17:00:00,809.8290598290599
2013-09-14 18:00:00,715.4820261437909
2013-09-14 19:00:00,559.1220462543992
2013-09-14 20:00:00,346.20333710407243
2013-09-14 21:00:00,110.00502765208648
2013-09-14 22:00:00,
2013-09-14 23:00:00,
2013-09-15 00:00:00,
2013-09-15 01:00:00,
2013-09-15 02:00:00,
2013-09-15 03:00:00,
2013-09-15 04:00:00,
2013-09-15 05:00:00,
2013-09-15 06:00:00,
2013-09-15 07:00:00,
2013-09-15 08:00:00,
2013-09-15 09:00:00,
2013-09-15 10:00:00,
2013-09-15 11:00:00,192.4137443438914
2013-09-15 12:00:00,427.7502828054299
2013-09-15 13:00:00,622.3212041226747
2013-09-15 14:00:00,753.5036450477627
2013-09-15 15:00:00,847.3636249371543
2013-09-15 16:00:00,893.2723730517848
2013-09-15 17:00:00,877.8987556561086
2013-09-15 18:00:00,790.0758861236803
2013-09-15 19:00:00,569.3415346907993
2013-09-15 20:00:00,378.8532239819005
2013-09-15 21:00:00,126.89479638009051
2013-09-15 22:00:00,
2013-09-15 23:00:00,
2013-09-16 00:00:00,
2013-09-16 01:00:00,
2013-09-16 02:00:00,
2013-09-16 03:00:00,
2013-09-16 04:00:00,
2013-09-16 05:00:00,
2013-09-16 06:00:00,
2013-09-16 07:00:00,
2013-09-16 08:00:00,
2013-09-16 09:00:00,
2013-09-16 10:00:00,
2013-09-16 11:00:00,216.2762380593263
2013-09-16 12:00:00,431.2947775263952
2013-09-16 13:00:00,623.3738687782806
2013-09-16 14:00:00,768.9793866264456
2013-09-16 15:00:00,867.3328305681247
2013-09-16 16:00:00,875.3849296128708
2013-09-16 17:00:00,833.639705882353
2013-09-16 18:00:00,693.5881724484666
2013-09-16 19:00:00,535.7937405731524
2013-09-16 20:00:00,353.21926847662144
2013-09-16 21:00:00,136.4434074912016
2013-09-16 22:00:00,
2013-09-16 23:00:00,
2013-09-17 00:00:00,
2013-09-17 01:00:00,
2013-09-17 02:00:00,
2013-09-17 03:00:00,
2013-09-17 04:00:00,
2013-09-17 05:00:00,
2013-09-17 06:00:00,
2013-09-17 07:00:00,
2013-09-17 08:00:00,
2013-09-17 09:00:00,
2013-09-17 10:00:00,
2013-09-17 11:00:00,123.23717948717949
2013-09-17 12:00:00,261.57852564102564
2013-09-17 13:00:00,682.4864881850176
2013-09-17 14:00:00,782.1062719959779
2013-09-17 15:00:00,860.2312719959779
2013-09-17 16:00:00,880.514705882353
2013-09-17 17:00:00,845.4311211664153
2013-09-17 18:00:00,631.3285570638512
2013-09-17 19:00:00,403.75031422825543
2013-09-17 20:00:00,268.3006535947713
2013-09-17 21:00:00,73.3448026646556
2013-09-17 22:00:00,
2013-09-17 23:00:00,
2013-09-18 00:00:00,
2013-09-18 01:00:00,
2013-09-18 02:00:00,
2013-09-18 03:00:00,
2013-09-18 04:00:00,
2013-09-18 05:00:00,
2013-09-18 06:00:00,
2013-09-18 07:00:00,
2013-09-18 08:00:00,
2013-09-18 09:00:00,
2013-09-18 10:00:00,
2013-09-18 11:00:00,210.3263260432378
2013-09-18 12:00:00,454.45418552036205
2013-09-18 13:00:00,648.205756661639
2013-09-18 14:00:00,779.3332076420313
2013-09-18 15:00:00,831.8486048265461
2013-09-18 16:00:00,872.9575163398694
2013-09-18 17:00:00,817.2055681246858
2013-09-18 18:00:00,737.4937154348919
2013-09-18 19:00:00,582.5399069884364
2013-09-18 20:00:00,369.93699723479136
2013-09-18 21:00:00,126.50122549019608
2013-09-18 22:00:00,
2013-09-18 23:00:00,
2013-09-19 00:00:00,
2013-09-19 01:00:00,
2013-09-19 02:00:00,
2013-09-19 03:00:00,
2013-09-19 04:00:00,
2013-09-19 05:00:00,
2013-09-19 06:00:00,
2013-09-19 07:00:00,
2013-09-19 08:00:00,
2013-09-19 09:00:00,
2013-09-19 10:00:00,
2013-09-19 11:00:00,231.70248868778282
2013-09-19 12:00:00,435.42059451985926
2013-09-19 13:00:00,632.2900955253897
2013-09-19 14:00:00,767.5417923579688
2013-09-19 15:00:00,849.9795751633987
2013-09-19 16:00:00,859.1314731020614
2013-09-19 17:00:00,815.9879336349926
2013-09-19 18:00:00,727.257730015083
2013-09-19 19:00:00,571.0155857214681
2013-09-19 20:00:00,358.99164152840626
2013-09-19 21:00:00,127.1006158873806
2013-09-19 22:00:00,
2013-09-19 23:00:00,
2013-09-20 00:00:00,
2013-09-20 01:00:00,
2013-09-20 02:00:00,
2013-09-20 03:00:00,
2013-09-20 04:00:00,
2013-09-20 05:00:00,
2013-09-20 06:00:00,
2013-09-20 07:00:00,
2013-09-20 08:00:00,
2013-09-20 09:00:00,
2013-09-20 10:00:00,
2013-09-20 11:00:00,242.58735545500252
2013-09-20 12:00:00,467.66277023629965
2013-09-20 13:00:00,667.9707139265963
2013-09-20 14:00:00,820.7249245852187
2013-09-20 15:00:00,897.1295248868779
2013-09-20 16:00:00,902.1650326797386
2013-09-20 17:00:00,861.5117521367522
2013-09-20 18:00:00,744.3124685771745
2013-09-20 19:00:00,585.1558572146807
2013-09-20 20:00:00,374.48230894922074
2013-09-20 21:00:00,132.04106963298142
2013-09-20 22:00:00,
2013-09-20 23:00:00,
2013-09-21 00:00:00,
2013-09-21 01:00:00,
2013-09-21 02:00:00,
2013-09-21 03:00:00,
2013-09-21 04:00:00,
2013-09-21 05:00:00,
2013-09-21 06:00:00,
2013-09-21 07:00:00,
2013-09-21 08:00:00,
2013-09-21 09:00:00,
2013-09-21 10:00:00,53.407805429864254
2013-09-21 11:00:00,240.10573780794368
2013-09-21 12:00:00,458.05524132730017
2013-09-21 13:00:00,652.4478381096029
2013-09-21 14:00:00,798.3518728004022
2013-09-21 15:00:00,898.0800653594772
2013-09-21 16:00:00,943.2417357968828
2013-09-21 17:00:00,716.8905542986427
2013-09-21 18:00:00,381.95779914529913
2013-09-21 19:00:00,324.54279788838613
2013-09-21 20:00:00,377.8194130216189
2013-09-21 21:00:00,121.55762946204123
2013-09-21 22:00:00,
2013-09-21 23:00:00,
2013-09-22 00:00:00,
2013-09-22 01:00:00,
2013-09-22 02:00:00,
2013-09-22 03:00:00,
2013-09-22 04:00:00,
2013-09-22 05:00:00,
2013-09-22 06:00:00,
2013-09-22 07:00:00,
2013-09-22 08:00:00,
2013-09-22 09:00:00,
2013-09-22 10:00:00,48.06427730566899
2013-09-22 11:00:00,217.31633358471598
2013-09-22 12:00:00,434.56118024132735
2013-09-22 13:00:00,622.5333081950729
2013-09-22 14:00:00,771.3046757164406
2013-09-22 15:00:00,860.2784062342887
2013-09-22 16:00:00,877.3331447963802
2013-09-22 17:00:00,855.2114756158875
2013-09-22 18:00:00,768.6730140774258
2013-09-22 19:00:00,599.798893916541
2013-09-22 20:00:00,371.21590623428864
2013-09-22 21:00:00,117.52293866264455
2013-09-22 22:00:00,
2013-09-22 23:00:00,
2013-09-23 00:00:00,
2013-09-23 01:00:00,
2013-09-23 02:00:00,
2013-09-23 03:00:00,
2013-09-23 04:00:00,
2013-09-23 05:00:00,
2013-09-23 06:00:00,
2013-09-23 07:00:00,
2013-09-23 08:00:00,
2013-09-23 09:00:00,
2013-09-23 10:00:00,10.982277526395174
2013-09-23 11:00:00,51.46508924082454
2013-09-23 12:00:00,114.00751005530418
2013-09-23 13:00:00,223.8679927099045
2013-09-23 14:00:00,356.3175590749121
2013-09-23 15:00:00,476.9984917043741
2013-09-23 16:00:00,476.6347724987431
2013-09-23 17:00:00,404.0488310708899
2013-09-23 18:00:00,613.0428293112117
2013-09-23 19:00:00,338.5094582704877
2013-09-23 20:00:00,137.7521681749623
2013-09-23 21:00:00,38.912456008044245
2013-09-23 22:00:00,
2013-09-23 23:00:00,
2013-09-24 00:00:00,
2013-09-24 01:00:00,
2013-09-24 02:00:00,
2013-09-24 03:00:00,
2013-09-24 04:00:00,
2013-09-24 05:00:00,
2013-09-24 06:00:00,
2013-09-24 07:00:00,
2013-09-24 08:00:00,
2013-09-24 09:00:00,
2013-09-24 10:00:00,55.593189869865654
2013-09-24 11:00:00,244.29989944695828
2013-09-24 12:00:00,454.51938788335855
2013-09-24 13:00:00,640.9392282554048
2013-09-24 14:00:00,774.7140522875817
2013-09-24 15:00:00,849.3039844142786
2013-09-24 16:00:00,863.3028531925592
2013-09-24 17:00:00,854.0409753645049
2013-09-24 18:00:00,784.3687154348919
2013-09-24 19:00:00,617.9062971342383
2013-09-24 20:00:00,400.9748931623932
2013-09-24 21:00:00,125.60253267973857
2013-09-24 22:00:00,
2013-09-24 23:00:00,
2013-09-25 00:00:00,
2013-09-25 01:00:00,
2013-09-25 02:00:00,
2013-09-25 03:00:00,
2013-09-25 04:00:00,
2013-09-25 05:00:00,
2013-09-25 06:00:00,
2013-09-25 07:00:00,
2013-09-25 08:00:00,
2013-09-25 09:00:00,
2013-09-25 10:00:00,57.46520636226519
2013-09-25 11:00:00,246.109068627451
2013-09-25 12:00:00,454.9538084464555
2013-09-25 13:00:00,639.1874057315234
2013-09-25 14:00:00,774.8947335344395
2013-09-25 15:00:00,846.2952488687783
2013-09-25 16:00:00,858.1966440422324
2013-09-25 17:00:00,833.0033936651583
2013-09-25 18:00:00,759.104763700352
2013-09-25 19:00:00,593.1215434891906
2013-09-25 20:00:00,397.0996732026144
2013-09-25 21:00:00,121.47278783308197
2013-09-25 22:00:00,
2013-09-25 23:00:00,
2013-09-26 00:00:00,
2013-09-26 01:00:00,
2013-09-26 02:00:00,
2013-09-26 03:00:00,
2013-09-26 04:00:00,
2013-09-26 05:00:00,
2013-09-26 06:00:00,
2013-09-26 07:00:00,
2013-09-26 08:00:00,
2013-09-26 09:00:00,
2013-09-26 10:00:00,55.22142617730853
2013-09-26 11:00:00,242.24877450980392
2013-09-26 12:00:00,447.46653469079945
2013-09-26 13:00:00,629.6741452991453
2013-09-26 14:00:00,757.4550653594772
2013-09-26 15:00:00,828.588486676722
2013-09-26 16:00:00,826.2710532931122
2013-09-26 17:00:00,763.0726809954753
2013-09-26 18:00:00,535.6837606837607
2013-09-26 19:00:00,395.9307440925088
2013-09-26 20:00:00,380.78494218200103
2013-09-26 21:00:00,124.47445324283561
2013-09-26 22:00:00,
2013-09-26 23:00:00,
2013-09-27 00:00:00,
2013-09-27 01:00:00,
2013-09-27 02:00:00,
2013-09-27 03:00:00,
2013-09-27 04:00:00,
2013-09-27 05:00:00,
2013-09-27 06:00:00,
2013-09-27 07:00:00,
2013-09-27 08:00:00,
2013-09-27 09:00:00,
2013-09-27 10:00:00,37.205308544822614
2013-09-27 11:00:00,229.28057440925087
2013-09-27 12:00:00,430.38037330316746
2013-09-27 13:00:00,611.1346782302664
2013-09-27 14:00:00,764.493778280543
2013-09-27 15:00:00,596.8121543489191
2013-09-27 16:00:00,435.16135620915037
2013-09-27 17:00:00,493.74921442936153
2013-09-27 18:00:00,570.7312091503268
2013-09-27 19:00:00,573.8750628456511
2013-09-27 20:00:00,377.52403846153845
2013-09-27 21:00:00,147.04468325791856
2013-09-27 22:00:00,
2013-09-27 23:00:00,
2013-09-28 00:00:00,
2013-09-28 01:00:00,
2013-09-28 02:00:00,
2013-09-28 03:00:00,
2013-09-28 04:00:00,
2013-09-28 05:00:00,
2013-09-28 06:00:00,
2013-09-28 07:00:00,
2013-09-28 08:00:00,
2013-09-28 09:00:00,
2013-09-28 10:00:00,73.38399762523667
2013-09-28 11:00:00,282.07799145299145
2013-09-28 12:00:00,489.0491452991453
2013-09-28 13:00:00,666.2110356963299
2013-09-28 14:00:00,739.0884238310708
2013-09-28 15:00:00,801.7376822523881
2013-09-28 16:00:00,871.072146807441
2013-09-28 17:00:00,836.829122674711
2013-09-28 18:00:00,735.0113122171947
2013-09-28 19:00:00,567.4333836098542
2013-09-28 20:00:00,360.3805304172951
2013-09-28 21:00:00,96.35180995475113
2013-09-28 22:00:00,
2013-09-28 23:00:00,
2013-09-29 00:00:00,
2013-09-29 01:00:00,
2013-09-29 02:00:00,
2013-09-29 03:00:00,
2013-09-29 04:00:00,
2013-09-29 05:00:00,
2013-09-29 06:00:00,
2013-09-29 07:00:00,
2013-09-29 08:00:00,
2013-09-29 09:00:00,
2013-09-29 10:00:00,50.57311386092899
2013-09-29 11:00:00,244.66283308195074
2013-09-29 12:00:00,450.1578996983409
2013-09-29 13:00:00,631.7873303167421
2013-09-29 14:00:00,759.9767471091001
2013-09-29 15:00:00,829.8925339366517
2013-09-29 16:00:00,847.4971719457013
2013-09-29 17:00:00,820.2300150829562
2013-09-29 18:00:00,770.6840749120162
2013-09-29 19:00:00,616.5943941679236
2013-09-29 20:00:00,287.96584338863755
2013-09-29 21:00:00,87.95720211161388
2013-09-29 22:00:00,
2013-09-29 23:00:00,
2013-09-30 00:00:00,
2013-09-30 01:00:00,
2013-09-30 02:00:00,
2013-09-30 03:00:00,
2013-09-30 04:00:00,
2013-09-30 05:00:00,
2013-09-30 06:00:00,
2013-09-30 07:00:00,
2013-09-30 08:00:00,
2013-09-30 09:00:00,
2013-09-30 10:00:00,64.3693438914027
2013-09-30 11:00:00,266.3807189542484
2013-09-30 12:00:00,476.38103318250376
2013-09-30 13:00:00,649.9732905982906
2013-09-30 14:00:00,765.5228758169935
2013-09-30 15:00:00,841.5346907993968
2013-09-30 16:00:00,860.0505907491203
2013-09-30 17:00:00,838.7380593262947
2013-09-30 18:00:00,764.9336978381097
2013-09-30 19:00:00,607.2225364504776
2013-09-30 20:00:00,400.862556561086
2013-09-30 21:00:00,94.10429235796884
2013-09-30 22:00:00,
2013-09-30 23:00:00,
2013-10-01 00:00:00,
2013-10-01 01:00:00,
2013-10-01 02:00:00,
2013-10-01 03:00:00,
2013-10-01 04:00:00,
2013-10-01 05:00:00,
2013-10-01 06:00:00,
2013-10-01 07:00:00,
2013-10-01 08:00:00,
2013-10-01 09:00:00,
2013-10-01 10:00:00,69.77345991186822
2013-10-01 11:00:00,273.1177727501257
2013-10-01 12:00:00,479.03076294620416
2013-10-01 13:00:00,654.2782176973354
2013-10-01 14:00:00,777.9034690799397
2013-10-01 15:00:00,849.9795751633987
2013-10-01 16:00:00,862.9257792860734
2013-10-01 17:00:00,824.4249622926094
2013-10-01 18:00:00,762.027086475616
2013-10-01 19:00:00,609.9539655605832
2013-10-01 20:00:00,
2013-10-01 21:00:00,
2013-10-01 22:00:00,
2013-10-01 23:00:00,
2013-10-02 00:00:00,
2013-10-02 01:00:00,
2013-10-02 02:00:00,
2013-10-02 03:00:00,
2013-10-02 04:00:00,
2013-10-02 05:00:00,
2013-10-02 06:00:00,
2013-10-02 07:00:00,
2013-10-02 08:00:00,
2013-10-02 09:00:00,
2013-10-02 10:00:00,68.97098706346445
2013-10-02 11:00:00,275.4069255907491
2013-10-02 12:00:00,484.10790598290606
2013-10-02 13:00:00,652.055052790347
2013-10-02 14:00:00,769.4978632478633
2013-10-02 15:00:00,840.1913650075415
2013-10-02 16:00:00,846.5466314731021
2013-10-02 17:00:00,817.0248868778282
2013-10-02 18:00:00,738.9234539969834
2013-10-02 19:00:00,531.9428733031675
2013-10-02 20:00:00,
2013-10-02 21:00:00,
2013-10-02 22:00:00,
2013-10-02 23:00:00,
2013-10-03 00:00:00,
2013-10-03 01:00:00,
2013-10-03 02:00:00,
2013-10-03 03:00:00,
2013-10-03 04:00:00,
2013-10-03 05:00:00,
2013-10-03 06:00:00,
2013-10-03 07:00:00,
2013-10-03 08:00:00,
2013-10-03 09:00:00,
2013-10-03 10:00:00,77.66210620677879
2013-10-03 11:00:00,303.22555304172954
2013-10-03 12:00:00,516.418426344897
2013-10-03 13:00:00,684.8840497737557
2013-10-03 14:00:00,792.2244218200101
2013-10-03 15:00:00,857.8588486676723
2013-10-03 16:00:00,909.5729638009051
2013-10-03 17:00:00,879.713423831071
2013-10-03 18:00:00,773.7478004022122
2013-10-03 19:00:00,573.1601935646054
2013-10-03 20:00:00,
2013-10-03 21:00:00,
2013-10-03 22:00:00,
2013-10-03 23:00:00,
2013-10-04 00:00:00,
2013-10-04 01:00:00,
2013-10-04 02:00:00,
2013-10-04 03:00:00,
2013-10-04 04:00:00,
2013-10-04 05:00:00,
2013-10-04 06:00:00,
2013-10-04 07:00:00,
2013-10-04 08:00:00,
2013-10-04 09:00:00,
2013-10-04 10:00:00,61.57215379029105
2013-10-04 11:00:00,250.3511500754148
2013-10-04 12:00:00,460.75603318250376
2013-10-04 13:00:00,635.6916163901459
2013-10-04 14:00:00,775.1578996983409
2013-10-04 15:00:00,825.5899635495224
2013-10-04 16:00:00,880.6875314228256
2013-10-04 17:00:00,835.9885620915032
2013-10-04 18:00:00,747.9732277526396
2013-10-04 19:00:00,590.1677978883861
2013-10-04 20:00:00,
2013-10-04 21:00:00,
2013-10-04 22:00:00,
2013-10-04 23:00:00,
2013-10-05 00:00:00,
2013-10-05 01:00:00,
2013-10-05 02:00:00,
2013-10-05 03:00:00,
2013-10-05 04:00:00,
2013-10-05 05:00:00,
2013-10-05 06:00:00,
2013-10-05 07:00:00,
2013-10-05 08:00:00,
2013-10-05 09:00:00,
2013-10-05 10:00:00,72.86867544220486
2013-10-05 11:00:00,284.341220462544
2013-10-05 12:00:00,487.95720211161387
2013-10-05 13:00:00,661.9925213675214
2013-10-05 14:00:00,780.6922448466568
2013-10-05 15:00:00,849.6339240824535
2013-10-05 16:00:00,868.9668174962294
2013-10-05 17:00:00,825.6425967823027
2013-10-05 18:00:00,763.8967445952741
2013-10-05 19:00:00,606.5940799396682
2013-10-05 20:00:00,
2013-10-05 21:00:00,
2013-10-05 22:00:00,
2013-10-05 23:00:00,
2013-10-06 00:00:00,
2013-10-06 01:00:00,
2013-10-06 02:00:00,
2013-10-06 03:00:00,
2013-10-06 04:00:00,
2013-10-06 05:00:00,
2013-10-06 06:00:00,
2013-10-06 07:00:00,
2013-10-06 08:00:00,
2013-10-06 09:00:00,
2013-10-06 10:00:00,56.652829400991166
2013-10-06 11:00:00,237.07657742584215
2013-10-06 12:00:00,437.3279600301659
2013-10-06 13:00:00,621.9048516842635
2013-10-06 14:00:00,751.3354700854702
2013-10-06 15:00:00,805.216974610357
2013-10-06 16:00:00,851.5114379084968
2013-10-06 17:00:00,864.7797259929613
2013-10-06 18:00:00,475.50590749120164
2013-10-06 19:00:00,163.7427727501257
2013-10-06 20:00:00,
2013-10-06 21:00:00,
2013-10-06 22:00:00,
2013-10-06 23:00:00,
2013-10-07 00:00:00,
2013-10-07 01:00:00,
2013-10-07 02:00:00,
2013-10-07 03:00:00,
2013-10-07 04:00:00,
2013-10-07 05:00:00,
2013-10-07 06:00:00,
2013-10-07 07:00:00,
2013-10-07 08:00:00,
2013-10-07 09:00:00,
2013-10-07 10:00:00,63.15078325527242
2013-10-07 11:00:00,254.8061211664153
2013-10-07 12:00:00,463.2297951231775
2013-10-07 13:00:00,636.2572272498744
2013-10-07 14:00:00,761.3829185520361
2013-10-07 15:00:00,831.1023127199599
2013-10-07 16:00:00,838.0860356963299
2013-10-07 17:00:00,802.3347159376572
2013-10-07 18:00:00,737.1166415284063
2013-10-07 19:00:00,568.415346907994
2013-10-07 20:00:00,
2013-10-07 21:00:00,
2013-10-07 22:00:00,
2013-10-07 23:00:00,
2013-10-08 00:00:00,
2013-10-08 01:00:00,
2013-10-08 02:00:00,
2013-10-08 03:00:00,
2013-10-08 04:00:00,
2013-10-08 05:00:00,
2013-10-08 06:00:00,
2013-10-08 07:00:00,
2013-10-08 08:00:00,
2013-10-08 09:00:00,
2013-10-08 10:00:00,55.80937613772299
2013-10-08 11:00:00,226.69761814982405
2013-10-08 12:00:00,418.65416038210157
2013-10-08 13:00:00,602.5483911513325
2013-10-08 14:00:00,724.9088738059327
2013-10-08 15:00:00,795.5945198592258
2013-10-08 16:00:00,799.3888260432378
2013-10-08 17:00:00,771.2261186525892
2013-10-08 18:00:00,685.7717445952741
2013-10-08 19:00:00,557.2523881347411
2013-10-08 20:00:00,
2013-10-08 21:00:00,
2013-10-08 22:00:00,
2013-10-08 23:00:00,
2013-10-09 00:00:00,
2013-10-09 01:00:00,
2013-10-09 02:00:00,
2013-10-09 03:00:00,
2013-10-09 04:00:00,
2013-10-09 05:00:00,
2013-10-09 06:00:00,
2013-10-09 07:00:00,
2013-10-09 08:00:00,
2013-10-09 09:00:00,
2013-10-09 10:00:00,52.21994273589488
2013-10-09 11:00:00,212.56363122171948
2013-10-09 12:00:00,413.62100930115645
2013-10-09 13:00:00,585.5800653594772
2013-10-09 14:00:00,706.8250377073907
2013-10-09 15:00:00,806.0504650578181
2013-10-09 16:00:00,794.6675465057818
2013-10-09 17:00:00,618.3823529411765
2013-10-09 18:00:00,542.4247423328305
2013-10-09 19:00:00,449.3118401206637
2013-10-09 20:00:00,
2013-10-09 21:00:00,
2013-10-09 22:00:00,
2013-10-09 23:00:00,
2013-10-10 00:00:00,
2013-10-10 01:00:00,
2013-10-10 02:00:00,
2013-10-10 03:00:00,
2013-10-10 04:00:00,
2013-10-10 05:00:00,
2013-10-10 06:00:00,
2013-10-10 07:00:00,
2013-10-10 08:00:00,
2013-10-10 09:00:00,
2013-10-10 10:00:00,75.12883358471595
2013-10-10 11:00:00,253.44001382604327
2013-10-10 12:00:00,453.1980580693816
2013-10-10 13:00:00,620.475113122172
2013-10-10 14:00:00,736.7552790346908
2013-10-10 15:00:00,809.1377576671695
2013-10-10 16:00:00,826.993778280543
2013-10-10 17:00:00,803.1438536953243
2013-10-10 18:00:00,683.1950729009553
2013-10-10 19:00:00,493.3658559577678
2013-10-10 20:00:00,
2013-10-10 21:00:00,
2013-10-10 22:00:00,
2013-10-10 23:00:00,
2013-10-11 00:00:00,
2013-10-11 01:00:00,
2013-10-11 02:00:00,
2013-10-11 03:00:00,
2013-10-11 04:00:00,
2013-10-11 05:00:00,
2013-10-11 06:00:00,
2013-10-11 07:00:00,
2013-10-11 08:00:00,
2013-10-11 09:00:00,
2013-10-11 10:00:00,67.20006913021619
2013-10-11 11:00:00,258.0010369532428
2013-10-11 12:00:00,463.529883107089
2013-10-11 13:00:00,632.6907365510307
2013-10-11 14:00:00,740.7616892911011
2013-10-11 15:00:00,835.1322900955255
2013-10-11 16:00:00,697.9661576168929
2013-10-11 17:00:00,761.5416038210157
2013-10-11 18:00:00,432.1015585721468
2013-10-11 19:00:00,185.60598919054803
2013-10-11 20:00:00,
2013-10-11 21:00:00,
2013-10-11 22:00:00,
2013-10-11 23:00:00,
2013-10-12 00:00:00,
2013-10-12 01:00:00,
2013-10-12 02:00:00,
2013-10-12 03:00:00,
2013-10-12 04:00:00,
2013-10-12 05:00:00,
2013-10-12 06:00:00,
2013-10-12 07:00:00,
2013-10-12 08:00:00,
2013-10-12 09:00:00,
2013-10-12 10:00:00,75.897907239819
2013-10-12 11:00:00,298.01329185520365
2013-10-12 12:00:00,494.3124685771745
2013-10-12 13:00:00,687.1386375062847
2013-10-12 14:00:00,798.6700289089996
2013-10-12 15:00:00,848.4838486676723
2013-10-12 16:00:00,786.3153594771243
2013-10-12 17:00:00,855.0857843137255
2013-10-12 18:00:00,766.788430115636
2013-10-12 19:00:00,365.1049522373052
2013-10-12 20:00:00,
2013-10-12 21:00:00,
2013-10-12 22:00:00,
2013-10-12 23:00:00,
2013-10-13 00:00:00,
2013-10-13 01:00:00,
2013-10-13 02:00:00,
2013-10-13 03:00:00,
2013-10-13 04:00:00,
2013-10-13 05:00:00,
2013-10-13 06:00:00,
2013-10-13 07:00:00,
2013-10-13 08:00:00,
2013-10-13 09:00:00,
2013-10-13 10:00:00,48.357371794871796
2013-10-13 11:00:00,175.996103569633
2013-10-13 12:00:00,450.6999434389141
2013-10-13 13:00:00,655.3198843640021
2013-10-13 14:00:00,778.1784188034188
2013-10-13 15:00:00,836.5227501256915
2013-10-13 16:00:00,882.8792735042736
2013-10-13 17:00:00,811.7772750125692
2013-10-13 18:00:00,666.7138009049775
2013-10-13 19:00:00,522.1334527400704
2013-10-13 20:00:00,
2013-10-13 21:00:00,
2013-10-13 22:00:00,
2013-10-13 23:00:00,
2013-10-14 00:00:00,
2013-10-14 01:00:00,
2013-10-14 02:00:00,
2013-10-14 03:00:00,
2013-10-14 04:00:00,
2013-10-14 05:00:00,
2013-10-14 06:00:00,
2013-10-14 07:00:00,
2013-10-14 08:00:00,
2013-10-14 09:00:00,
2013-10-14 10:00:00,36.80084213172449
2013-10-14 11:00:00,95.05404725992962
2013-10-14 12:00:00,296.5505593262946
2013-10-14 13:00:00,559.0120663650075
2013-10-14 14:00:00,611.2195198592258
2013-10-14 15:00:00,723.9661890397185
2013-10-14 16:00:00,667.6486299648064
2013-10-14 17:00:00,711.9233911513325
2013-10-14 18:00:00,522.172731271996
2013-10-14 19:00:00,526.9285759175466
2013-10-14 20:00:00,
2013-10-14 21:00:00,
2013-10-14 22:00:00,
2013-10-14 23:00:00,
2013-10-15 00:00:00,
2013-10-15 01:00:00,
2013-10-15 02:00:00,
2013-10-15 03:00:00,
2013-10-15 04:00:00,
2013-10-15 05:00:00,
2013-10-15 06:00:00,
2013-10-15 07:00:00,
2013-10-15 08:00:00,
2013-10-15 09:00:00,
2013-10-15 10:00:00,115.13716063348417
2013-10-15 11:00:00,341.6281737053796
2013-10-15 12:00:00,533.2532051282052
2013-10-15 13:00:00,672.4170437405733
2013-10-15 14:00:00,820.7563474107592
2013-10-15 15:00:00,923.2418929110106
2013-10-15 16:00:00,653.2129839115133
2013-10-15 17:00:00,259.13068753142284
2013-10-15 18:00:00,301.79581447963807
2013-10-15 19:00:00,79.18630593262947
2013-10-15 20:00:00,
2013-10-15 21:00:00,
2013-10-15 22:00:00,
2013-10-15 23:00:00,
2013-10-16 00:00:00,
2013-10-16 01:00:00,
2013-10-16 02:00:00,
2013-10-16 03:00:00,
2013-10-16 04:00:00,
2013-10-16 05:00:00,
2013-10-16 06:00:00,
2013-10-16 07:00:00,
2013-10-16 08:00:00,
2013-10-16 09:00:00,
2013-10-16 10:00:00,76.12179487179488
2013-10-16 11:00:00,328.25540472599295
2013-10-16 12:00:00,547.2363624937154
2013-10-16 13:00:00,717.3673956762193
2013-10-16 14:00:00,850.065987933635
2013-10-16 15:00:00,930.9404851684264
2013-10-16 16:00:00,946.5733408748115
2013-10-16 17:00:00,920.7752011060835
2013-10-16 18:00:00,674.6080002513827
2013-10-16 19:00:00,125.15789969834087
2013-10-16 20:00:00,
2013-10-16 21:00:00,
2013-10-16 22:00:00,
2013-10-16 23:00:00,
2013-10-17 00:00:00,
2013-10-17 01:00:00,
2013-10-17 02:00:00,
2013-10-17 03:00:00,
2013-10-17 04:00:00,
2013-10-17 05:00:00,
2013-10-17 06:00:00,
2013-10-17 07:00:00,
2013-10-17 08:00:00,
2013-10-17 09:00:00,
2013-10-17 10:00:00,63.12531422825541
2013-10-17 11:00:00,250.35507792860736
2013-10-17 12:00:00,510.14878707893416
2013-10-17 13:00:00,733.5187280040223
2013-10-17 14:00:00,906.4699597787834
2013-10-17 15:00:00,825.8319193061841
2013-10-17 16:00:00,599.797322775264
2013-10-17 17:00:00,566.1466189039718
2013-10-17 18:00:00,523.9441930618401
2013-10-17 19:00:00,496.4193690296632
2013-10-17 20:00:00,
2013-10-17 21:00:00,
2013-10-17 22:00:00,
2013-10-17 23:00:00,
2013-10-18 00:00:00,
2013-10-18 01:00:00,
2013-10-18 02:00:00,
2013-10-18 03:00:00,
2013-10-18 04:00:00,
2013-10-18 05:00:00,
2013-10-18 06:00:00,
2013-10-18 07:00:00,
2013-10-18 08:00:00,
2013-10-18 09:00:00,
2013-10-18 10:00:00,102.60809451985922
2013-10-18 11:00:00,325.45327425842135
2013-10-18 12:00:00,536.5368903971845
2013-10-18 13:00:00,707.9876822523881
2013-10-18 14:00:00,837.1197838109604
2013-10-18 15:00:00,915.2997737556561
2013-10-18 16:00:00,943.0932629462042
2013-10-18 17:00:00,954.1698089492207
2013-10-18 18:00:00,793.9298956762193
2013-10-18 19:00:00,332.6538147310206
2013-10-18 20:00:00,
2013-10-18 21:00:00,
2013-10-18 22:00:00,
2013-10-18 23:00:00,
2013-10-19 00:00:00,
2013-10-19 01:00:00,
2013-10-19 02:00:00,
2013-10-19 03:00:00,
2013-10-19 04:00:00,
2013-10-19 05:00:00,
2013-10-19 06:00:00,
2013-10-19 07:00:00,
2013-10-19 08:00:00,
2013-10-19 09:00:00,
2013-10-19 10:00:00,103.12892785319256
2013-10-19 11:00:00,321.20569381598796
2013-10-19 12:00:00,538.4693941679236
2013-10-19 13:00:00,711.0199849170438
2013-10-19 14:00:00,834.2288838612368
2013-10-19 15:00:00,911.4033433886376
2013-10-19 16:00:00,939.361802413273
2013-10-19 17:00:00,910.5313599798894
2013-10-19 18:00:00,799.2160005027653
2013-10-19 19:00:00,622.3054927099045
2013-10-19 20:00:00,
2013-10-19 21:00:00,
2013-10-19 22:00:00,
2013-10-19 23:00:00,
2013-10-20 00:00:00,
2013-10-20 01:00:00,
2013-10-20 02:00:00,
2013-10-20 03:00:00,
2013-10-20 04:00:00,
2013-10-20 05:00:00,
2013-10-20 06:00:00,
2013-10-20 07:00:00,
2013-10-20 08:00:00,
2013-10-20 09:00:00,
2013-10-20 10:00:00,110.90843388637508
2013-10-20 11:00:00,332.8902714932127
2013-10-20 12:00:00,547.5977249874309
2013-10-20 13:00:00,728.985985419809
2013-10-20 14:00:00,851.0479512317747
2013-10-20 15:00:00,918.4263448969333
2013-10-20 16:00:00,874.1908622423329
2013-10-20 17:00:00,832.4927727501257
2013-10-20 18:00:00,788.1315987933635
2013-10-20 19:00:00,634.7567873303167
2013-10-20 20:00:00,
2013-10-20 21:00:00,
2013-10-20 22:00:00,
2013-10-20 23:00:00,
2013-10-21 00:00:00,
2013-10-21 01:00:00,
2013-10-21 02:00:00,
2013-10-21 03:00:00,
2013-10-21 04:00:00,
2013-10-21 05:00:00,
2013-10-21 06:00:00,
2013-10-21 07:00:00,
2013-10-21 08:00:00,
2013-10-21 09:00:00,
2013-10-21 10:00:00,117.28962418300654
2013-10-21 11:00:00,323.0784942182001
2013-10-21 12:00:00,551.7848164906989
2013-10-21 13:00:00,744.5795625942685
2013-10-21 14:00:00,897.7501256913022
2013-10-21 15:00:00,973.5734037204626
2013-10-21 16:00:00,978.0590120663651
2013-10-21 17:00:00,940.8308195072901
2013-10-21 18:00:00,824.2364253393665
2013-10-21 19:00:00,637.6162644544999
2013-10-21 20:00:00,
2013-10-21 21:00:00,
2013-10-21 22:00:00,
2013-10-21 23:00:00,
2013-10-22 00:00:00,
2013-10-22 01:00:00,
2013-10-22 02:00:00,
2013-10-22 03:00:00,
2013-10-22 04:00:00,
2013-10-22 05:00:00,
2013-10-22 06:00:00,
2013-10-22 07:00:00,
2013-10-22 08:00:00,
2013-10-22 09:00:00,
2013-10-22 10:00:00,118.03905857214681
2013-10-22 11:00:00,343.0877639517346
2013-10-22 12:00:00,564.8881347410759
2013-10-22 13:00:00,724.0054675716441
2013-10-22 14:00:00,850.922259929613
2013-10-22 15:00:00,966.354009552539
2013-10-22 16:00:00,863.628079436903
2013-10-22 17:00:00,891.881913021619
2013-10-22 18:00:00,807.1581196581196
2013-10-22 19:00:00,542.7405417295124
2013-10-22 20:00:00,
2013-10-22 21:00:00,
2013-10-22 22:00:00,
2013-10-22 23:00:00,
2013-10-23 00:00:00,
2013-10-23 01:00:00,
2013-10-23 02:00:00,
2013-10-23 03:00:00,
2013-10-23 04:00:00,
2013-10-23 05:00:00,
2013-10-23 06:00:00,
2013-10-23 07:00:00,
2013-10-23 08:00:00,
2013-10-23 09:00:00,
2013-10-23 10:00:00,125.18460910005028
2013-10-23 11:00:00,357.5854700854701
2013-10-23 12:00:00,577.323717948718
2013-10-23 13:00:00,752.9851684263449
2013-10-23 14:00:00,861.3782051282052
2013-10-23 15:00:00,937.8063725490197
2013-10-23 16:00:00,935.567496229261
2013-10-23 17:00:00,904.4667546505783
2013-10-23 18:00:00,828.1799899446959
2013-10-23 19:00:00,636.3829185520361
2013-10-23 20:00:00,
2013-10-23 21:00:00,
2013-10-23 22:00:00,
2013-10-23 23:00:00,
2013-10-24 00:00:00,
2013-10-24 01:00:00,
2013-10-24 02:00:00,
2013-10-24 03:00:00,
2013-10-24 04:00:00,
2013-10-24 05:00:00,
2013-10-24 06:00:00,
2013-10-24 07:00:00,
2013-10-24 08:00:00,
2013-10-24 09:00:00,
2013-10-24 10:00:00,31.243715434891907
2013-10-24 11:00:00,46.294463298139775
2013-10-24 12:00:00,242.51743966817497
2013-10-24 13:00:00,198.22303921568627
2013-10-24 14:00:00,206.39847285067876
2013-10-24 15:00:00,318.55989190548013
2013-10-24 16:00:00,462.81972724987435
2013-10-24 17:00:00,491.21260683760687
2013-10-24 18:00:00,351.4046003016592
2013-10-24 19:00:00,227.30093640020112
2013-10-24 20:00:00,
2013-10-24 21:00:00,
2013-10-24 22:00:00,
2013-10-24 23:00:00,
2013-10-25 00:00:00,
2013-10-25 01:00:00,
2013-10-25 02:00:00,
2013-10-25 03:00:00,
2013-10-25 04:00:00,
2013-10-25 05:00:00,
2013-10-25 06:00:00,
2013-10-25 07:00:00,
2013-10-25 08:00:00,
2013-10-25 09:00:00,
2013-10-25 10:00:00,100.48312594268478
2013-10-25 11:00:00,338.4670374560081
2013-10-25 12:00:00,525.8570575666164
2013-10-25 13:00:00,725.6865887380593
2013-10-25 14:00:00,840.4820261437909
2013-10-25 15:00:00,921.4665032679738
2013-10-25 16:00:00,915.8653846153846
2013-10-25 17:00:00,888.2682880844645
2013-10-25 18:00:00,781.4228255404727
2013-10-25 19:00:00,641.8583459024635
2013-10-25 20:00:00,
2013-10-25 21:00:00,
2013-10-25 22:00:00,
2013-10-25 23:00:00,
2013-10-26 00:00:00,
2013-10-26 01:00:00,
2013-10-26 02:00:00,
2013-10-26 03:00:00,
2013-10-26 04:00:00,
2013-10-26 05:00:00,
2013-10-26 06:00:00,
2013-10-26 07:00:00,
2013-10-26 08:00:00,
2013-10-26 09:00:00,
2013-10-26 10:00:00,144.83644419306182
2013-10-26 11:00:00,364.0750691302162
2013-10-26 12:00:00,595.9260306686778
2013-10-26 13:00:00,764.7058823529412
2013-10-26 14:00:00,880.1454876822525
2013-10-26 15:00:00,946.5104952237306
2013-10-26 16:00:00,986.8888260432378
2013-10-26 17:00:00,949.6213549522374
2013-10-26 18:00:00,837.2768979386626
2013-10-26 19:00:00,657.9625439919558
2013-10-26 20:00:00,
2013-10-26 21:00:00,
2013-10-26 22:00:00,
2013-10-26 23:00:00,
2013-10-27 00:00:00,
2013-10-27 01:00:00,
2013-10-27 02:00:00,
2013-10-27 03:00:00,
2013-10-27 04:00:00,
2013-10-27 05:00:00,
2013-10-27 06:00:00,
2013-10-27 07:00:00,
2013-10-27 08:00:00,
2013-10-27 09:00:00,
2013-10-27 10:00:00,74.94108220211162
2013-10-27 11:00:00,166.2613122171946
2013-10-27 12:00:00,385.3483220211162
2013-10-27 13:00:00,734.1707516339869
2013-10-27 14:00:00,834.413492961287
2013-10-27 15:00:00,987.9886249371543
2013-10-27 16:00:00,995.6243715434892
2013-10-27 17:00:00,940.0138260432378
2013-10-27 18:00:00,839.5314856711916
2013-10-27 19:00:00,658.2139265962796
2013-10-27 20:00:00,
2013-10-27 21:00:00,
2013-10-27 22:00:00,
2013-10-27 23:00:00,
2013-10-28 00:00:00,
2013-10-28 01:00:00,
2013-10-28 02:00:00,
2013-10-28 03:00:00,
2013-10-28 04:00:00,
2013-10-28 05:00:00,
2013-10-28 06:00:00,
2013-10-28 07:00:00,
2013-10-28 08:00:00,
2013-10-28 09:00:00,
2013-10-28 10:00:00,126.74239567621922
2013-10-28 11:00:00,353.1179298642534
2013-10-28 12:00:00,565.6344268476622
2013-10-28 13:00:00,731.3584087481146
2013-10-28 14:00:00,851.126508295626
2013-10-28 15:00:00,902.125754147813
2013-10-28 16:00:00,942.2605580693817
2013-10-28 17:00:00,917.7271870286576
2013-10-28 18:00:00,813.5526646556059
2013-10-28 19:00:00,648.072209653092
2013-10-28 20:00:00,
2013-10-28 21:00:00,
2013-10-28 22:00:00,
2013-10-28 23:00:00,
2013-10-29 00:00:00,
2013-10-29 01:00:00,
2013-10-29 02:00:00,
2013-10-29 03:00:00,
2013-10-29 04:00:00,
2013-10-29 05:00:00,
2013-10-29 06:00:00,
2013-10-29 07:00:00,
2013-10-29 08:00:00,
2013-10-29 09:00:00,
2013-10-29 10:00:00,133.609068627451
2013-10-29 11:00:00,331.67577928607346
2013-10-29 12:00:00,550.1115510306687
2013-10-29 13:00:00,716.5818250377074
2013-10-29 14:00:00,804.2986425339367
2013-10-29 15:00:00,874.9450100553042
2013-10-29 16:00:00,921.1601307189543
2013-10-29 17:00:00,842.1160130718955
2013-10-29 18:00:00,759.5446832579186
2013-10-29 19:00:00,513.3437028657617
2013-10-29 20:00:00,
2013-10-29 21:00:00,
2013-10-29 22:00:00,
2013-10-29 23:00:00,
2013-10-30 00:00:00,
2013-10-30 01:00:00,
2013-10-30 02:00:00,
2013-10-30 03:00:00,
2013-10-30 04:00:00,
2013-10-30 05:00:00,
2013-10-30 06:00:00,
2013-10-30 07:00:00,
2013-10-30 08:00:00,
2013-10-30 09:00:00,
2013-10-30 10:00:00,126.35825163398694
2013-10-30 11:00:00,347.2630718954249
2013-10-30 12:00:00,558.4857340372047
2013-10-30 13:00:00,712.4214429361489
2013-10-30 14:00:00,898.1429110105581
2013-10-30 15:00:00,967.7287581699347
2013-10-30 16:00:00,962.6775389643038
2013-10-30 17:00:00,917.483660130719
2013-10-30 18:00:00,751.5844959778784
2013-10-30 19:00:00,601.2686965811967
2013-10-30 20:00:00,
2013-10-30 21:00:00,
2013-10-30 22:00:00,
2013-10-30 23:00:00,
2013-10-31 00:00:00,
2013-10-31 01:00:00,
2013-10-31 02:00:00,
2013-10-31 03:00:00,
2013-10-31 04:00:00,
2013-10-31 05:00:00,
2013-10-31 06:00:00,
2013-10-31 07:00:00,
2013-10-31 08:00:00,
2013-10-31 09:00:00,
2013-10-31 10:00:00,116.37993338360985
2013-10-31 11:00:00,338.18815987933635
2013-10-31 12:00:00,555.4377199597787
2013-10-31 13:00:00,720.8553293112117
2013-10-31 14:00:00,839.9164152840624
2013-10-31 15:00:00,917.4915158371041
2013-10-31 16:00:00,915.8575289089996
2013-10-31 17:00:00,856.6333584715939
2013-10-31 18:00:00,792.145864756159
2013-10-31 19:00:00,572.077677224736
2013-10-31 20:00:00,
2013-10-31 21:00:00,
2013-10-31 22:00:00,
2013-10-31 23:00:00,
2013-11-01 00:00:00,
2013-11-01 01:00:00,
2013-11-01 02:00:00,
2013-11-01 03:00:00,
2013-11-01 04:00:00,
2013-11-01 05:00:00,
2013-11-01 06:00:00,
2013-11-01 07:00:00,
2013-11-01 08:00:00,
2013-11-01 09:00:00,
2013-11-01 10:00:00,135.81495098039215
2013-11-01 11:00:00,342.5040849673203
2013-11-01 12:00:00,540.8920940170941
2013-11-01 13:00:00,689.4348604826547
2013-11-01 14:00:00,855.0386500754149
2013-11-01 15:00:00,1000.8798391151333
2013-11-01 16:00:00,999.7800402212167
2013-11-01 17:00:00,969.6848290598292
2013-11-01 18:00:00,707.1031297134239
2013-11-01 19:00:00,429.77391277023634
2013-11-01 20:00:00,178.2373366013072
2013-11-01 21:00:00,74.34483408748115
2013-11-01 22:00:00,
2013-11-01 23:00:00,
2013-11-02 00:00:00,
2013-11-02 01:00:00,
2013-11-02 02:00:00,
2013-11-02 03:00:00,
2013-11-02 04:00:00,
2013-11-02 05:00:00,
2013-11-02 06:00:00,
2013-11-02 07:00:00,
2013-11-02 08:00:00,
2013-11-02 09:00:00,
2013-11-02 10:00:00,57.32937405731524
2013-11-02 11:00:00,336.5643853695325
2013-11-02 12:00:00,627.7714932126697
2013-11-02 13:00:00,666.6085344394168
2013-11-02 14:00:00,612.8322963800906
2013-11-02 15:00:00,562.2226935646054
2013-11-02 16:00:00,1058.3993212669684
2013-11-02 17:00:00,940.4561023127201
2013-11-02 18:00:00,634.6633044243339
2013-11-02 19:00:00,612.8660759175466
2013-11-02 20:00:00,368.1239002011061
2013-11-02 21:00:00,63.99808320764203
2013-11-02 22:00:00,
2013-11-02 23:00:00,
2013-11-03 00:00:00,
2013-11-03 01:00:00,
2013-11-03 02:00:00,
2013-11-03 03:00:00,
2013-11-03 04:00:00,
2013-11-03 05:00:00,
2013-11-03 06:00:00,
2013-11-03 07:00:00,
2013-11-03 08:00:00,
2013-11-03 09:00:00,
2013-11-03 10:00:00,145.01555429864254
2013-11-03 11:00:00,373.5459087481147
2013-11-03 12:00:00,585.2422699849171
2013-11-03 13:00:00,748.9002011060835
2013-11-03 14:00:00,867.3249748617396
2013-11-03 15:00:00,938.2855706385119
2013-11-03 16:00:00,971.9551282051283
2013-11-03 17:00:00,901.0086726998492
2013-11-03 18:00:00,834.2760180995476
2013-11-03 19:00:00,678.7644544997487
2013-11-03 20:00:00,483.3576860231272
2013-11-03 21:00:00,75.66302161890397
2013-11-03 22:00:00,
2013-11-03 23:00:00,
2013-11-04 00:00:00,
2013-11-04 01:00:00,
2013-11-04 02:00:00,
2013-11-04 03:00:00,
2013-11-04 04:00:00,
2013-11-04 05:00:00,
2013-11-04 06:00:00,
2013-11-04 07:00:00,
2013-11-04 08:00:00,
2013-11-04 09:00:00,
2013-11-04 10:00:00,153.0841503267974
2013-11-04 11:00:00,373.0180052790347
2013-11-04 12:00:00,582.3749371543489
2013-11-04 13:00:00,742.3171191553545
2013-11-04 14:00:00,863.2714303670186
2013-11-04 15:00:00,939.6995977878331
2013-11-04 16:00:00,943.548893916541
2013-11-04 17:00:00,947.539592760181
2013-11-04 18:00:00,846.7744469582706
2013-11-04 19:00:00,670.4452614379085
2013-11-04 20:00:00,474.3055555555556
2013-11-04 21:00:00,155.88392408245352
2013-11-04 22:00:00,
2013-11-04 23:00:00,
2013-11-05 00:00:00,
2013-11-05 01:00:00,
2013-11-05 02:00:00,
2013-11-05 03:00:00,
2013-11-05 04:00:00,
2013-11-05 05:00:00,
2013-11-05 06:00:00,
2013-11-05 07:00:00,
2013-11-05 08:00:00,
2013-11-05 09:00:00,
2013-11-05 10:00:00,150.83663273001508
2013-11-05 11:00:00,369.8010935143288
2013-11-05 12:00:00,581.8564605329312
2013-11-05 13:00:00,730.2586098541981
2013-11-05 14:00:00,853.8053041729513
2013-11-05 15:00:00,936.6280165912519
2013-11-05 16:00:00,977.8861865258925
2013-11-05 17:00:00,943.815987933635
2013-11-05 18:00:00,813.8747486173958
2013-11-05 19:00:00,660.6884741075918
2013-11-05 20:00:00,468.5221845148316
2013-11-05 21:00:00,101.21920563097034
2013-11-05 22:00:00,
2013-11-05 23:00:00,
2013-11-06 00:00:00,
2013-11-06 01:00:00,
2013-11-06 02:00:00,
2013-11-06 03:00:00,
2013-11-06 04:00:00,
2013-11-06 05:00:00,
2013-11-06 06:00:00,
2013-11-06 07:00:00,
2013-11-06 08:00:00,
2013-11-06 09:00:00,
2013-11-06 10:00:00,146.10671191553544
2013-11-06 11:00:00,369.71860859728514
2013-11-06 12:00:00,578.8320135746607
2013-11-06 13:00:00,739.0570010055305
2013-11-06 14:00:00,861.3782051282052
2013-11-06 15:00:00,937.3821644042233
2013-11-06 16:00:00,960.9178607340372
2013-11-06 17:00:00,922.9119532428357
2013-11-06 18:00:00,824.3621166415285
2013-11-06 19:00:00,655.5115635997989
2013-11-06 20:00:00,281.61686148818507
2013-11-06 21:00:00,78.67804172951233
2013-11-06 22:00:00,
2013-11-06 23:00:00,
2013-11-07 00:00:00,
2013-11-07 01:00:00,
2013-11-07 02:00:00,
2013-11-07 03:00:00,
2013-11-07 04:00:00,
2013-11-07 05:00:00,
2013-11-07 06:00:00,
2013-11-07 07:00:00,
2013-11-07 08:00:00,
2013-11-07 09:00:00,
2013-11-07 10:00:00,148.54747988939167
2013-11-07 11:00:00,366.3767911010558
2013-11-07 12:00:00,571.2198340874812
2013-11-07 13:00:00,732.8745600804425
2013-11-07 14:00:00,842.485231271996
2013-11-07 15:00:00,915.5982905982906
2013-11-07 16:00:00,924.1295877325289
2013-11-07 17:00:00,949.4171065862243
2013-11-07 18:00:00,836.0278406234289
2013-11-07 19:00:00,662.3224610356963
2013-11-07 20:00:00,307.9287644544998
2013-11-07 21:00:00,64.01850804424335
2013-11-07 22:00:00,13.254147812971343
2013-11-07 23:00:00,
2013-11-08 00:00:00,
2013-11-08 01:00:00,
2013-11-08 02:00:00,
2013-11-08 03:00:00,
2013-11-08 04:00:00,
2013-11-08 05:00:00,
2013-11-08 06:00:00,
2013-11-08 07:00:00,
2013-11-08 08:00:00,
2013-11-08 09:00:00,
2013-11-08 10:00:00,153.74874308697838
2013-11-08 11:00:00,375.60410382101566
2013-11-08 12:00:00,581.7857591754652
2013-11-08 13:00:00,742.3878205128206
2013-11-08 14:00:00,863.4678230266467
2013-11-08 15:00:00,938.5212418300654
2013-11-08 16:00:00,960.7371794871796
2013-11-08 17:00:00,936.3373554550025
2013-11-08 18:00:00,814.0082956259428
2013-11-08 19:00:00,648.4335721468075
2013-11-08 20:00:00,454.57909125188536
2013-11-08 21:00:00,194.779883107089
2013-11-08 22:00:00,17.668269230769234
2013-11-08 23:00:00,
2013-11-09 00:00:00,
2013-11-09 01:00:00,
2013-11-09 02:00:00,
2013-11-09 03:00:00,
2013-11-09 04:00:00,
2013-11-09 05:00:00,
2013-11-09 06:00:00,
2013-11-09 07:00:00,
2013-11-09 08:00:00,
2013-11-09 09:00:00,
2013-11-09 10:00:00,163.11981523378583
2013-11-09 11:00:00,302.93253519356466
2013-11-09 12:00:00,517.6085658622424
2013-11-09 13:00:00,725.0267094017095
2013-11-09 14:00:00,782.2162518853695
2013-11-09 15:00:00,883.9005153343389
2013-11-09 16:00:00,969.8026646556059
2013-11-09 17:00:00,946.9582704876823
2013-11-09 18:00:00,827.9443187531423
2013-11-09 19:00:00,575.8986928104575
2013-11-09 20:00:00,240.4113247863248
2013-11-09 21:00:00,140.5778657616893
2013-11-09 22:00:00,44.55128205128206
2013-11-09 23:00:00,
2013-11-10 00:00:00,
2013-11-10 01:00:00,
2013-11-10 02:00:00,
2013-11-10 03:00:00,
2013-11-10 04:00:00,
2013-11-10 05:00:00,
2013-11-10 06:00:00,
2013-11-10 07:00:00,
2013-11-10 08:00:00,
2013-11-10 09:00:00,
2013-11-10 10:00:00,165.6242144293615
2013-11-10 11:00:00,392.0319570135747
2013-11-10 12:00:00,625.597033685269
2013-11-10 13:00:00,814.2989567621921
2013-11-10 14:00:00,915.22907239819
2013-11-10 15:00:00,1016.1984665661137
2013-11-10 16:00:00,1002.2388763197588
2013-11-10 17:00:00,906.4306812468578
2013-11-10 18:00:00,706.4322523881348
2013-11-10 19:00:00,549.8523127199599
2013-11-10 20:00:00,388.40340623428864
2013-11-10 21:00:00,212.45129462041228
2013-11-10 22:00:00,43.90841702534672
2013-11-10 23:00:00,
2013-11-11 00:00:00,
2013-11-11 01:00:00,
2013-11-11 02:00:00,
2013-11-11 03:00:00,
2013-11-11 04:00:00,
2013-11-11 05:00:00,
2013-11-11 06:00:00,
2013-11-11 07:00:00,
2013-11-11 08:00:00,
2013-11-11 09:00:00,
2013-11-11 10:00:00,165.10966566113626
2013-11-11 11:00:00,395.1388888888889
2013-11-11 12:00:00,619.2339115133233
2013-11-11 13:00:00,770.142031171443
2013-11-11 14:00:00,820.5599547511313
2013-11-11 15:00:00,962.6932503770739
2013-11-11 16:00:00,1000.8484162895928
2013-11-11 17:00:00,943.0382730015084
2013-11-11 18:00:00,825.3519356460533
2013-11-11 19:00:00,661.4426219205632
2013-11-11 20:00:00,473.371512066365
2013-11-11 21:00:00,246.65582579185522
2013-11-11 22:00:00,35.789476046828995
2013-11-11 23:00:00,
2013-11-12 00:00:00,
2013-11-12 01:00:00,
2013-11-12 02:00:00,
2013-11-12 03:00:00,
2013-11-12 04:00:00,
2013-11-12 05:00:00,
2013-11-12 06:00:00,
2013-11-12 07:00:00,
2013-11-12 08:00:00,
2013-11-12 09:00:00,
2013-11-12 10:00:00,170.79091251885373
2013-11-12 11:00:00,389.0860671191554
2013-11-12 12:00:00,594.276332327803
2013-11-12 13:00:00,751.791101055807
2013-11-12 14:00:00,871.205693815988
2013-11-12 15:00:00,958.0505279034692
2013-11-12 16:00:00,1005.0119406737055
2013-11-12 17:00:00,967.7209024635496
2013-11-12 18:00:00,849.0683132227251
2013-11-12 19:00:00,683.3521870286576
2013-11-12 20:00:00,448.6079688285571
2013-11-12 21:00:00,252.95060331825042
2013-11-12 22:00:00,39.07428355957768
2013-11-12 23:00:00,
2013-11-13 00:00:00,
2013-11-13 01:00:00,
2013-11-13 02:00:00,
2013-11-13 03:00:00,
2013-11-13 04:00:00,
2013-11-13 05:00:00,
2013-11-13 06:00:00,
2013-11-13 07:00:00,
2013-11-13 08:00:00,
2013-11-13 09:00:00,
2013-11-13 10:00:00,169.97627576671695
2013-11-13 11:00:00,389.1300590749121
2013-11-13 12:00:00,588.6045123177477
2013-11-13 13:00:00,749.135872297637
2013-11-13 14:00:00,848.6990950226245
2013-11-13 15:00:00,887.0585093011564
2013-11-13 16:00:00,945.0650452488688
2013-11-13 17:00:00,973.8169306184012
2013-11-13 18:00:00,741.558257918552
2013-11-13 19:00:00,670.7987682252389
2013-11-13 20:00:00,468.6879399195576
2013-11-13 21:00:00,90.43253519356462
2013-11-13 22:00:00,20.610516934046345
2013-11-13 23:00:00,
2013-11-14 00:00:00,
2013-11-14 01:00:00,
2013-11-14 02:00:00,
2013-11-14 03:00:00,
2013-11-14 04:00:00,
2013-11-14 05:00:00,
2013-11-14 06:00:00,
2013-11-14 07:00:00,
2013-11-14 08:00:00,
2013-11-14 09:00:00,
2013-11-14 10:00:00,172.29842257415788
2013-11-14 11:00:00,397.34084338863755
2013-11-14 12:00:00,602.6897938662645
2013-11-14 13:00:00,771.3596656611363
2013-11-14 14:00:00,898.60639768728
2013-11-14 15:00:00,976.5271493212671
2013-11-14 16:00:00,947.0761060834591
2013-11-14 17:00:00,906.2185771744595
2013-11-14 18:00:00,839.9871166415285
2013-11-14 19:00:00,683.0850930115636
2013-11-14 20:00:00,441.1442621920563
2013-11-14 21:00:00,214.527557817999
2013-11-14 22:00:00,20.996732026143793
2013-11-14 23:00:00,
2013-11-15 00:00:00,
2013-11-15 01:00:00,
2013-11-15 02:00:00,
2013-11-15 03:00:00,
2013-11-15 04:00:00,
2013-11-15 05:00:00,
2013-11-15 06:00:00,
2013-11-15 07:00:00,
2013-11-15 08:00:00,
2013-11-15 09:00:00,
2013-11-15 10:00:00,154.41490698843643
2013-11-15 11:00:00,367.3791792357969
2013-11-15 12:00:00,568.4389140271493
2013-11-15 13:00:00,718.9699597787834
2013-11-15 14:00:00,875.3456510809452
2013-11-15 15:00:00,962.5125691302162
2013-11-15 16:00:00,969.6219834087482
2013-11-15 17:00:00,926.0071015585722
2013-11-15 18:00:00,815.1002388134742
2013-11-15 19:00:00,564.4859225741579
2013-11-15 20:00:00,374.41553544494724
2013-11-15 21:00:00,169.3957390648567
2013-11-15 22:00:00,17.67431470916126
2013-11-15 23:00:00,
2013-11-16 00:00:00,
2013-11-16 01:00:00,
2013-11-16 02:00:00,
2013-11-16 03:00:00,
2013-11-16 04:00:00,
2013-11-16 05:00:00,
2013-11-16 06:00:00,
2013-11-16 07:00:00,
2013-11-16 08:00:00,
2013-11-16 09:00:00,
2013-11-16 10:00:00,50.46898567119156
2013-11-16 11:00:00,203.09514831573657
2013-11-16 12:00:00,278.42744469582703
2013-11-16 13:00:00,543.8749057315234
2013-11-16 14:00:00,903.5319255907492
2013-11-16 15:00:00,792.5056561085972
2013-11-16 16:00:00,912.7647373051785
2013-11-16 17:00:00,986.4096279537457
2013-11-16 18:00:00,688.5071015585722
2013-11-16 19:00:00,546.6943187531423
2013-11-16 20:00:00,423.87741955756667
2013-11-16 21:00:00,210.36560457516342
2013-11-16 22:00:00,38.80274936061381
2013-11-16 23:00:00,
2013-11-17 00:00:00,
2013-11-17 01:00:00,
2013-11-17 02:00:00,
2013-11-17 03:00:00,
2013-11-17 04:00:00,
2013-11-17 05:00:00,
2013-11-17 06:00:00,
2013-11-17 07:00:00,
2013-11-17 08:00:00,
2013-11-17 09:00:00,
2013-11-17 10:00:00,154.88939165409752
2013-11-17 11:00:00,368.0186337355455
2013-11-17 12:00:00,569.3815987933635
2013-11-17 13:00:00,729.0252639517346
2013-11-17 14:00:00,862.7922322775264
2013-11-17 15:00:00,950.6740196078432
2013-11-17 16:00:00,998.1146304675717
2013-11-17 17:00:00,970.5725238813474
2013-11-17 18:00:00,834.9830316742082
2013-11-17 19:00:00,668.4891905480141
2013-11-17 20:00:00,447.7257730015083
2013-11-17 21:00:00,250.28123428858726
2013-11-17 22:00:00,45.630956965437576
2013-11-17 23:00:00,
2013-11-18 00:00:00,
2013-11-18 01:00:00,
2013-11-18 02:00:00,
2013-11-18 03:00:00,
2013-11-18 04:00:00,
2013-11-18 05:00:00,
2013-11-18 06:00:00,
2013-11-18 07:00:00,
2013-11-18 08:00:00,
2013-11-18 09:00:00,
2013-11-18 10:00:00,162.4850741578683
2013-11-18 11:00:00,377.0330568124686
2013-11-18 12:00:00,587.1119281045752
2013-11-18 13:00:00,741.413712921066
2013-11-18 14:00:00,866.0602061337356
2013-11-18 15:00:00,950.3519356460533
2013-11-18 16:00:00,966.7153720462544
2013-11-18 17:00:00,963.2588612368024
2013-11-18 18:00:00,835.3836726998492
2013-11-18 19:00:00,467.2644859225742
2013-11-18 20:00:00,221.89306812468578
2013-11-18 21:00:00,113.65321769733535
2013-11-18 22:00:00,20.79896461789844
2013-11-18 23:00:00,
2013-11-19 00:00:00,
2013-11-19 01:00:00,
2013-11-19 02:00:00,
2013-11-19 03:00:00,
2013-11-19 04:00:00,
2013-11-19 05:00:00,
2013-11-19 06:00:00,
2013-11-19 07:00:00,
2013-11-19 08:00:00,
2013-11-19 09:00:00,
2013-11-19 10:00:00,148.0902777777778
2013-11-19 11:00:00,374.7116955756662
2013-11-19 12:00:00,580.5052790346908
2013-11-19 13:00:00,753.2208396178984
2013-11-19 14:00:00,890.1536576168929
2013-11-19 15:00:00,992.3721091000504
2013-11-19 16:00:00,738.1308132227251
2013-11-19 17:00:00,691.3351558572147
2013-11-19 18:00:00,715.919588989442
2013-11-19 19:00:00,521.371449220714
2013-11-19 20:00:00,211.15274635495226
2013-11-19 21:00:00,40.875597033685274
2013-11-19 22:00:00,
2013-11-19 23:00:00,
2013-11-20 00:00:00,
2013-11-20 01:00:00,
2013-11-20 02:00:00,
2013-11-20 03:00:00,
2013-11-20 04:00:00,
2013-11-20 05:00:00,
2013-11-20 06:00:00,
2013-11-20 07:00:00,
2013-11-20 08:00:00,
2013-11-20 09:00:00,
2013-11-20 10:00:00,175.963895173454
2013-11-20 11:00:00,393.3980643539467
2013-11-20 12:00:00,601.0715183509302
2013-11-20 13:00:00,773.4414278531926
2013-11-20 14:00:00,907.1926847662143
2013-11-20 15:00:00,988.7034942182001
2013-11-20 16:00:00,960.104009552539
2013-11-20 17:00:00,517.9117961287079
2013-11-20 18:00:00,287.6194067370538
2013-11-20 19:00:00,171.47750125691303
2013-11-20 20:00:00,65.97536450477627
2013-11-20 21:00:00,25.880624685771746
2013-11-20 22:00:00,8.171537845907594
2013-11-20 23:00:00,
2013-11-21 00:00:00,
2013-11-21 01:00:00,
2013-11-21 02:00:00,
2013-11-21 03:00:00,
2013-11-21 04:00:00,
2013-11-21 05:00:00,
2013-11-21 06:00:00,
2013-11-21 07:00:00,
2013-11-21 08:00:00,
2013-11-21 09:00:00,
2013-11-21 10:00:00,164.26124937154347
2013-11-21 11:00:00,403.59398567119155
2013-11-21 12:00:00,607.6860231271996
2013-11-21 13:00:00,777.2043112116642
2013-11-21 14:00:00,895.6369406737055
2013-11-21 15:00:00,993.1969582704877
2013-11-21 16:00:00,1014.085281548517
2013-11-21 17:00:00,967.3045500251384
2013-11-21 18:00:00,711.2132352941177
2013-11-21 19:00:00,207.58232780291604
2013-11-21 20:00:00,179.39055429864254
2013-11-21 21:00:00,114.42543363499247
2013-11-21 22:00:00,51.79864253393666
2013-11-21 23:00:00,
2013-11-22 00:00:00,
2013-11-22 01:00:00,
2013-11-22 02:00:00,
2013-11-22 03:00:00,
2013-11-22 04:00:00,
2013-11-22 05:00:00,
2013-11-22 06:00:00,
2013-11-22 07:00:00,
2013-11-22 08:00:00,
2013-11-22 09:00:00,
2013-11-22 10:00:00,166.6132478632479
2013-11-22 11:00:00,379.8014077425842
2013-11-22 12:00:00,581.0394670688788
2013-11-22 13:00:00,751.8460910005028
2013-11-22 14:00:00,881.315987933635
2013-11-22 15:00:00,966.220462543992
2013-11-22 16:00:00,1009.6939416792359
2013-11-22 17:00:00,1045.7799145299145
2013-11-22 18:00:00,572.2937091503268
2013-11-22 19:00:00,296.71945701357464
2013-11-22 20:00:00,313.40340623428864
2013-11-22 21:00:00,61.21244972347914
2013-11-22 22:00:00,7.64654820261438
2013-11-22 23:00:00,
2013-11-23 00:00:00,
2013-11-23 01:00:00,
2013-11-23 02:00:00,
2013-11-23 03:00:00,
2013-11-23 04:00:00,
2013-11-23 05:00:00,
2013-11-23 06:00:00,
2013-11-23 07:00:00,
2013-11-23 08:00:00,
2013-11-23 09:00:00,
2013-11-23 10:00:00,168.78220839617902
2013-11-23 11:00:00,379.5296003016592
2013-11-23 12:00:00,577.0487682252389
2013-11-23 13:00:00,750.4556309703369
2013-11-23 14:00:00,871.9205630970338
2013-11-23 15:00:00,952.457264957265
2013-11-23 16:00:00,524.3424773755656
2013-11-23 17:00:00,470.3855580693816
2013-11-23 18:00:00,407.5265522875817
2013-11-23 19:00:00,272.0580379587733
2013-11-23 20:00:00,119.21034439416793
2013-11-23 21:00:00,105.84150326797386
2013-11-23 22:00:00,49.170252565581286
2013-11-23 23:00:00,
2013-11-24 00:00:00,
2013-11-24 01:00:00,
2013-11-24 02:00:00,
2013-11-24 03:00:00,
2013-11-24 04:00:00,
2013-11-24 05:00:00,
2013-11-24 06:00:00,
2013-11-24 07:00:00,
2013-11-24 08:00:00,
2013-11-24 09:00:00,
2013-11-24 10:00:00,169.2142722473605
2013-11-24 11:00:00,383.73240321769737
2013-11-24 12:00:00,585.1637129210659
2013-11-24 13:00:00,758.8219582704877
2013-11-24 14:00:00,893.2330945198593
2013-11-24 15:00:00,969.6848290598292
2013-11-24 16:00:00,1017.8560206133736
2013-11-24 17:00:00,978.8367269984917
2013-11-24 18:00:00,863.7270613373555
2013-11-24 19:00:00,601.5271493212671
2013-11-24 20:00:00,266.22831825037713
2013-11-24 21:00:00,105.12270613373556
2013-11-24 22:00:00,32.24797685346328
2013-11-24 23:00:00,
2013-11-25 00:00:00,
2013-11-25 01:00:00,
2013-11-25 02:00:00,
2013-11-25 03:00:00,
2013-11-25 04:00:00,
2013-11-25 05:00:00,
2013-11-25 06:00:00,
2013-11-25 07:00:00,
2013-11-25 08:00:00,
2013-11-25 09:00:00,
2013-11-25 10:00:00,169.18284942182
2013-11-25 11:00:00,392.5300087983912
2013-11-25 12:00:00,585.100867269985
2013-11-25 13:00:00,740.5260180995476
2013-11-25 14:00:00,876.9560708898945
2013-11-25 15:00:00,927.0542672197084
2013-11-25 16:00:00,1054.1729512317747
2013-11-25 17:00:00,909.4064228255405
2013-11-25 18:00:00,768.9998114630469
2013-11-25 19:00:00,178.22633861236804
2013-11-25 20:00:00,169.3077551533434
2013-11-25 21:00:00,57.21468074409252
2013-11-25 22:00:00,6.839800506559663
2013-11-25 23:00:00,
2013-11-26 00:00:00,
2013-11-26 01:00:00,
2013-11-26 02:00:00,
2013-11-26 03:00:00,
2013-11-26 04:00:00,
2013-11-26 05:00:00,
2013-11-26 06:00:00,
2013-11-26 07:00:00,
2013-11-26 08:00:00,
2013-11-26 09:00:00,
2013-11-26 10:00:00,126.16107340372047
2013-11-26 11:00:00,242.4137443438914
2013-11-26 12:00:00,476.4878707893414
2013-11-26 13:00:00,731.3631221719457
2013-11-26 14:00:00,936.2116641528407
2013-11-26 15:00:00,977.0739064856713
2013-11-26 16:00:00,1040.7082704876823
2013-11-26 17:00:00,988.0514705882354
2013-11-26 18:00:00,869.7131096028155
2013-11-26 19:00:00,702.8421945701358
2013-11-26 20:00:00,433.49437531422825
2013-11-26 21:00:00,113.08917797888388
2013-11-26 22:00:00,24.85545500251383
2013-11-26 23:00:00,
2013-11-27 00:00:00,
2013-11-27 01:00:00,
2013-11-27 02:00:00,
2013-11-27 03:00:00,
2013-11-27 04:00:00,
2013-11-27 05:00:00,
2013-11-27 06:00:00,
2013-11-27 07:00:00,
2013-11-27 08:00:00,
2013-11-27 09:00:00,
2013-11-27 10:00:00,45.009269733534445
2013-11-27 11:00:00,141.2613122171946
2013-11-27 12:00:00,391.93297511312215
2013-11-27 13:00:00,761.8542609351433
2013-11-27 14:00:00,903.7361739567623
2013-11-27 15:00:00,981.5469457013575
2013-11-27 16:00:00,988.4835344394168
2013-11-27 17:00:00,979.2845022624435
2013-11-27 18:00:00,886.6421568627451
2013-11-27 19:00:00,730.3607340372047
2013-11-27 20:00:00,335.8895801910508
2013-11-27 21:00:00,81.5343765711413
2013-11-27 22:00:00,18.210955710955712
2013-11-27 23:00:00,
2013-11-28 00:00:00,
2013-11-28 01:00:00,
2013-11-28 02:00:00,
2013-11-28 03:00:00,
2013-11-28 04:00:00,
2013-11-28 05:00:00,
2013-11-28 06:00:00,
2013-11-28 07:00:00,
2013-11-28 08:00:00,
2013-11-28 09:00:00,
2013-11-28 10:00:00,189.1009929612871
2013-11-28 11:00:00,404.3591314731021
2013-11-28 12:00:00,599.694413021619
2013-11-28 13:00:00,833.9775012569131
2013-11-28 14:00:00,924.7658999497236
2013-11-28 15:00:00,1002.6473730517848
2013-11-28 16:00:00,1017.7146178984415
2013-11-28 17:00:00,997.808257918552
2013-11-28 18:00:00,877.5373931623932
2013-11-28 19:00:00,691.1450477626948
2013-11-28 20:00:00,367.4797322775264
2013-11-28 21:00:00,154.89724736048265
2013-11-28 22:00:00,26.11922391334156
2013-11-28 23:00:00,
2013-11-29 00:00:00,
2013-11-29 01:00:00,
2013-11-29 02:00:00,
2013-11-29 03:00:00,
2013-11-29 04:00:00,
2013-11-29 05:00:00,
2013-11-29 06:00:00,
2013-11-29 07:00:00,
2013-11-29 08:00:00,
2013-11-29 09:00:00,
2013-11-29 10:00:00,151.22863247863248
2013-11-29 11:00:00,394.92442810457516
2013-11-29 12:00:00,596.8294369029663
2013-11-29 13:00:00,769.0815108094521
2013-11-29 14:00:00,860.0851558572147
2013-11-29 15:00:00,915.0114693313224
2013-11-29 16:00:00,966.4066427853194
2013-11-29 17:00:00,878.5609917043741
2013-11-29 18:00:00,645.5136060834591
2013-11-29 19:00:00,230.30731523378583
2013-11-29 20:00:00,94.69111362493716
2013-11-29 21:00:00,63.6100113122172
2013-11-29 22:00:00,22.38876319758673
2013-11-29 23:00:00,
2013-11-30 00:00:00,
2013-11-30 01:00:00,
2013-11-30 02:00:00,
2013-11-30 03:00:00,
2013-11-30 04:00:00,
2013-11-30 05:00:00,
2013-11-30 06:00:00,
2013-11-30 07:00:00,
2013-11-30 08:00:00,
2013-11-30 09:00:00,
2013-11-30 10:00:00,157.180115635998
2013-11-30 11:00:00,395.68093262946206
2013-11-30 12:00:00,593.3022247360483
2013-11-30 13:00:00,754.2106586224234
2013-11-30 14:00:00,890.5071644042233
2013-11-30 15:00:00,786.2666540975365
2013-11-30 16:00:00,711.9956636500755
2013-11-30 17:00:00,1014.1952614379085
2013-11-30 18:00:00,832.049710910005
2013-11-30 19:00:00,569.1679235796884
2013-11-30 20:00:00,267.20713926596284
2013-11-30 21:00:00,161.50939542483664
2013-11-30 22:00:00,38.209328940753096
2013-11-30 23:00:00,
2013-12-01 00:00:00,
2013-12-01 01:00:00,
2013-12-01 02:00:00,
2013-12-01 03:00:00,
2013-12-01 04:00:00,
2013-12-01 05:00:00,
2013-12-01 06:00:00,
2013-12-01 07:00:00,
2013-12-01 08:00:00,
2013-12-01 09:00:00,
2013-12-01 10:00:00,158.8879462041227
2013-12-01 11:00:00,392.32654600301663
2013-12-01 12:00:00,573.4744218200101
2013-12-01 13:00:00,741.280165912519
2013-12-01 14:00:00,849.6339240824535
2013-12-01 15:00:00,942.5590749120162
2013-12-01 16:00:00,971.735168426345
2013-12-01 17:00:00,940.3594771241831
2013-12-01 18:00:00,856.2484288587231
2013-12-01 19:00:00,713.0860356963299
2013-12-01 20:00:00,402.74792609351437
2013-12-01 21:00:00,174.75804424333836
2013-12-01 22:00:00,18.853695324283564
2013-12-01 23:00:00,
2013-12-02 00:00:00,
2013-12-02 01:00:00,
2013-12-02 02:00:00,
2013-12-02 03:00:00,
2013-12-02 04:00:00,
2013-12-02 05:00:00,
2013-12-02 06:00:00,
2013-12-02 07:00:00,
2013-12-02 08:00:00,
2013-12-02 09:00:00,
2013-12-02 10:00:00,129.3418489190548
2013-12-02 11:00:00,335.9720651080945
2013-12-02 12:00:00,575.0219959778784
2013-12-02 13:00:00,747.2819255907491
2013-12-02 14:00:00,872.737556561086
2013-12-02 15:00:00,957.2885243841126
2013-12-02 16:00:00,992.945575666164
2013-12-02 17:00:00,1001.1626445449975
2013-12-02 18:00:00,536.5753833584716
2013-12-02 19:00:00,424.35661764705884
2013-12-02 20:00:00,530.4204374057315
2013-12-02 21:00:00,161.27608094519863
2013-12-02 22:00:00,17.255194518125553
2013-12-02 23:00:00,
2013-12-03 00:00:00,
2013-12-03 01:00:00,
2013-12-03 02:00:00,
2013-12-03 03:00:00,
2013-12-03 04:00:00,
2013-12-03 05:00:00,
2013-12-03 06:00:00,
2013-12-03 07:00:00,
2013-12-03 08:00:00,
2013-12-03 09:00:00,
2013-12-03 10:00:00,168.22209653092008
2013-12-03 11:00:00,381.03475364504783
2013-12-03 12:00:00,570.8506158873806
2013-12-03 13:00:00,773.4964177978885
2013-12-03 14:00:00,933.3914655605834
2013-12-03 15:00:00,1003.1579939668176
2013-12-03 16:00:00,1017.1647184514833
2013-12-03 17:00:00,1007.9421191553545
2013-12-03 18:00:00,603.2758295625943
2013-12-03 19:00:00,206.42989567621922
2013-12-03 20:00:00,157.68052413273003
2013-12-03 21:00:00,109.97124811463047
2013-12-03 22:00:00,32.75270342817701
2013-12-03 23:00:00,
2013-12-04 00:00:00,
2013-12-04 01:00:00,
2013-12-04 02:00:00,
2013-12-04 03:00:00,
2013-12-04 04:00:00,
2013-12-04 05:00:00,
2013-12-04 06:00:00,
2013-12-04 07:00:00,
2013-12-04 08:00:00,
2013-12-04 09:00:00,
2013-12-04 10:00:00,167.2142094017094
2013-12-04 11:00:00,375.9968891402715
2013-12-04 12:00:00,576.3810331825039
2013-12-04 13:00:00,740.4160382101559
2013-12-04 14:00:00,872.1012443438915
2013-12-04 15:00:00,957.6734539969835
2013-12-04 16:00:00,1024.8083207642032
2013-12-04 17:00:00,507.1565485168427
2013-12-04 18:00:00,396.1318501759678
2013-12-04 19:00:00,547.9865824534942
2013-12-04 20:00:00,373.3078808446455
2013-12-04 21:00:00,145.96138134741076
2013-12-04 22:00:00,24.879807692307693
2013-12-04 23:00:00,
2013-12-05 00:00:00,
2013-12-05 01:00:00,
2013-12-05 02:00:00,
2013-12-05 03:00:00,
2013-12-05 04:00:00,
2013-12-05 05:00:00,
2013-12-05 06:00:00,
2013-12-05 07:00:00,
2013-12-05 08:00:00,
2013-12-05 09:00:00,
2013-12-05 10:00:00,165.65013826043239
2013-12-05 11:00:00,376.1712858220211
2013-12-05 12:00:00,574.3699723479135
2013-12-05 13:00:00,733.8329562594269
2013-12-05 14:00:00,872.0383986928105
2013-12-05 15:00:00,973.4320010055305
2013-12-05 16:00:00,950.7659313725491
2013-12-05 17:00:00,157.09605957767724
2013-12-05 18:00:00,24.674773755656112
2013-12-05 19:00:00,177.95688788335846
2013-12-05 20:00:00,338.33034816490704
2013-12-05 21:00:00,283.974358974359
2013-12-05 22:00:00,74.42574786324786
2013-12-05 23:00:00,
2013-12-06 00:00:00,
2013-12-06 01:00:00,
2013-12-06 02:00:00,
2013-12-06 03:00:00,
2013-12-06 04:00:00,
2013-12-06 05:00:00,
2013-12-06 06:00:00,
2013-12-06 07:00:00,
2013-12-06 08:00:00,
2013-12-06 09:00:00,
2013-12-06 10:00:00,45.609445701357465
2013-12-06 11:00:00,352.82805429864254
2013-12-06 12:00:00,587.096216691805
2013-12-06 13:00:00,753.4722222222223
2013-12-06 14:00:00,895.6623718587826
2013-12-06 15:00:00,
2013-12-06 16:00:00,485.30825791855204
2013-12-06 17:00:00,970.5167483660132
2013-12-06 18:00:00,699.7305492709905
2013-12-06 19:00:00,407.37100930115633
2013-12-06 20:00:00,142.2267785319256
2013-12-06 21:00:00,97.10674333836099
2013-12-06 22:00:00,22.63543237807944
2013-12-06 23:00:00,
2013-12-07 00:00:00,
2013-12-07 01:00:00,
2013-12-07 02:00:00,
2013-12-07 03:00:00,
2013-12-07 04:00:00,
2013-12-07 05:00:00,
2013-12-07 06:00:00,
2013-12-07 07:00:00,
2013-12-07 08:00:00,
2013-12-07 09:00:00,
2013-12-07 10:00:00,171.57255530417297
2013-12-07 11:00:00,383.33490447461037
2013-12-07 12:00:00,583.1919306184012
2013-12-07 13:00:00,747.1091000502765
2013-12-07 14:00:00,876.7675339366517
2013-12-07 15:00:00,977.257730015083
2013-12-07 16:00:00,1044.6832579185523
2013-12-07 17:00:00,1017.9660005027653
2013-12-07 18:00:00,908.4260306686778
2013-12-07 19:00:00,508.04031548516843
2013-12-07 20:00:00,533.6774132730015
2013-12-07 21:00:00,127.34571392659629
2013-12-07 22:00:00,16.995820764203117
2013-12-07 23:00:00,
2013-12-08 00:00:00,
2013-12-08 01:00:00,
2013-12-08 02:00:00,
2013-12-08 03:00:00,
2013-12-08 04:00:00,
2013-12-08 05:00:00,
2013-12-08 06:00:00,
2013-12-08 07:00:00,
2013-12-08 08:00:00,
2013-12-08 09:00:00,
2013-12-08 10:00:00,109.01677978883862
2013-12-08 11:00:00,310.85972850678735
2013-12-08 12:00:00,538.4379713423831
2013-12-08 13:00:00,754.3049270990448
2013-12-08 14:00:00,783.7481146304676
2013-12-08 15:00:00,940.0531045751634
2013-12-08 16:00:00,1000.4163524384113
2013-12-08 17:00:00,935.834590246355
2013-12-08 18:00:00,857.9185520361991
2013-12-08 19:00:00,688.7199912016089
2013-12-08 20:00:00,314.3233094519859
2013-12-08 21:00:00,28.670971593765714
2013-12-08 22:00:00,49.08795248868778
2013-12-08 23:00:00,
2013-12-09 00:00:00,
2013-12-09 01:00:00,
2013-12-09 02:00:00,
2013-12-09 03:00:00,
2013-12-09 04:00:00,
2013-12-09 05:00:00,
2013-12-09 06:00:00,
2013-12-09 07:00:00,
2013-12-09 08:00:00,
2013-12-09 09:00:00,
2013-12-09 10:00:00,164.37515711412772
2013-12-09 11:00:00,384.01913650075414
2013-12-09 12:00:00,594.0642282554048
2013-12-09 13:00:00,781.5249497234793
2013-12-09 14:00:00,943.8866892911011
2013-12-09 15:00:00,1028.131284565108
2013-12-09 16:00:00,1050.6928733031675
2013-12-09 17:00:00,1016.7483660130719
2013-12-09 18:00:00,930.3277400703871
2013-12-09 19:00:00,556.8831699346406
2013-12-09 20:00:00,220.3179989944696
2013-12-09 21:00:00,85.7905982905983
2013-12-09 22:00:00,24.377042483660134
2013-12-09 23:00:00,
2013-12-10 00:00:00,
2013-12-10 01:00:00,
2013-12-10 02:00:00,
2013-12-10 03:00:00,
2013-12-10 04:00:00,
2013-12-10 05:00:00,
2013-12-10 06:00:00,
2013-12-10 07:00:00,
2013-12-10 08:00:00,
2013-12-10 09:00:00,
2013-12-10 10:00:00,75.62924208144797
2013-12-10 11:00:00,121.66525263951735
2013-12-10 12:00:00,196.43586601307192
2013-12-10 13:00:00,375.58053670186024
2013-12-10 14:00:00,415.560583207642
2013-12-10 15:00:00,730.1564856711916
2013-12-10 16:00:00,405.18869406737053
2013-12-10 17:00:00,430.25468200100556
2013-12-10 18:00:00,865.2235734037205
2013-12-10 19:00:00,450.88533810960286
2013-12-10 20:00:00,196.71631473102062
2013-12-10 21:00:00,97.340057817999
2013-12-10 22:00:00,25.743935394670693
2013-12-10 23:00:00,
2013-12-11 00:00:00,
2013-12-11 01:00:00,
2013-12-11 02:00:00,
2013-12-11 03:00:00,
2013-12-11 04:00:00,
2013-12-11 05:00:00,
2013-12-11 06:00:00,
2013-12-11 07:00:00,
2013-12-11 08:00:00,
2013-12-11 09:00:00,
2013-12-11 10:00:00,133.2712732528909
2013-12-11 11:00:00,296.4358660130719
2013-12-11 12:00:00,629.5955882352941
2013-12-11 13:00:00,790.7632604323782
2013-12-11 14:00:00,848.968545751634
2013-12-11 15:00:00,806.6954185520361
2013-12-11 16:00:00,1100.4116390145803
2013-12-11 17:00:00,1049.4830945198594
2013-12-11 18:00:00,910.6099170437407
2013-12-11 19:00:00,735.5140774258422
2013-12-11 20:00:00,359.99010180995475
2013-12-11 21:00:00,114.65089240824537
2013-12-11 22:00:00,23.955191050779288
2013-12-11 23:00:00,
2013-12-12 00:00:00,
2013-12-12 01:00:00,
2013-12-12 02:00:00,
2013-12-12 03:00:00,
2013-12-12 04:00:00,
2013-12-12 05:00:00,
2013-12-12 06:00:00,
2013-12-12 07:00:00,
2013-12-12 08:00:00,
2013-12-12 09:00:00,
2013-12-12 10:00:00,77.0079185520362
2013-12-12 11:00:00,147.10438662644546
2013-12-12 12:00:00,484.6515208647562
2013-12-12 13:00:00,592.2943376068376
2013-12-12 14:00:00,541.4309954751131
2013-12-12 15:00:00,784.7850678733032
2013-12-12 16:00:00,346.7202425842132
2013-12-12 17:00:00,607.4794180492711
2013-12-12 18:00:00,793.677727501257
2013-12-12 19:00:00,329.6105140774259
2013-12-12 20:00:00,226.42581070889895
2013-12-12 21:00:00,116.99817747611866
2013-12-12 22:00:00,70.42090874811464
2013-12-12 23:00:00,
2013-12-13 00:00:00,
2013-12-13 01:00:00,
2013-12-13 02:00:00,
2013-12-13 03:00:00,
2013-12-13 04:00:00,
2013-12-13 05:00:00,
2013-12-13 06:00:00,
2013-12-13 07:00:00,
2013-12-13 08:00:00,
2013-12-13 09:00:00,
2013-12-13 10:00:00,132.26102941176472
2013-12-13 11:00:00,389.2753896430367
2013-12-13 12:00:00,590.5134489693314
2013-12-13 13:00:00,763.8731774761187
2013-12-13 14:00:00,895.0870412267471
2013-12-13 15:00:00,989.9761186525892
2013-12-13 16:00:00,754.4565422322776
2013-12-13 17:00:00,462.58012820512823
2013-12-13 18:00:00,524.665346907994
2013-12-13 19:00:00,464.58097662141785
2013-12-13 20:00:00,152.25773001508296
2013-12-13 21:00:00,77.92389391654098
2013-12-13 22:00:00,29.930241327300156
2013-12-13 23:00:00,
2013-12-14 00:00:00,
2013-12-14 01:00:00,
2013-12-14 02:00:00,
2013-12-14 03:00:00,
2013-12-14 04:00:00,
2013-12-14 05:00:00,
2013-12-14 06:00:00,
2013-12-14 07:00:00,
2013-12-14 08:00:00,
2013-12-14 09:00:00,
2013-12-14 10:00:00,157.05599547511312
2013-12-14 11:00:00,386.25329939668177
2013-12-14 12:00:00,580.4581447963802
2013-12-14 13:00:00,750.5027652086477
2013-12-14 14:00:00,873.7745098039217
2013-12-14 15:00:00,767.3878205128206
2013-12-14 16:00:00,1044.9032176973353
2013-12-14 17:00:00,880.4911387631977
2013-12-14 18:00:00,898.4492835595777
2013-12-14 19:00:00,737.0797197083962
2013-12-14 20:00:00,424.834244595274
2013-12-14 21:00:00,57.05599547511313
2013-12-14 22:00:00,19.28104575163399
2013-12-14 23:00:00,
2013-12-15 00:00:00,
2013-12-15 01:00:00,
2013-12-15 02:00:00,
2013-12-15 03:00:00,
2013-12-15 04:00:00,
2013-12-15 05:00:00,
2013-12-15 06:00:00,
2013-12-15 07:00:00,
2013-12-15 08:00:00,
2013-12-15 09:00:00,
2013-12-15 10:00:00,84.29958521870286
2013-12-15 11:00:00,163.8755341880342
2013-12-15 12:00:00,279.96402086475615
2013-12-15 13:00:00,629.6482214680744
2013-12-15 14:00:00,887.29418049271
2013-12-15 15:00:00,583.3066239316239
2013-12-15 16:00:00,296.2206196581197
2013-12-15 17:00:00,765.7428355957768
2013-12-15 18:00:00,895.1498868778282
2013-12-15 19:00:00,726.3543237807945
2013-12-15 20:00:00,534.5116892911011
2013-12-15 21:00:00,280.06928733031674
2013-12-15 22:00:00,29.934954751131222
2013-12-15 23:00:00,
2013-12-16 00:00:00,
2013-12-16 01:00:00,
2013-12-16 02:00:00,
2013-12-16 03:00:00,
2013-12-16 04:00:00,
2013-12-16 05:00:00,
2013-12-16 06:00:00,
2013-12-16 07:00:00,
2013-12-16 08:00:00,
2013-12-16 09:00:00,
2013-12-16 10:00:00,56.52102187028658
2013-12-16 11:00:00,333.07016716943184
2013-12-16 12:00:00,308.03245977878333
2013-12-16 13:00:00,543.4538398692811
2013-12-16 14:00:00,885.7151835093011
2013-12-16 15:00:00,977.454122674711
2013-12-16 16:00:00,1043.0414152840624
2013-12-16 17:00:00,789.218828557064
2013-12-16 18:00:00,441.7020173453997
2013-12-16 19:00:00,482.42835595776774
2013-12-16 20:00:00,35.34125188536953
2013-12-16 21:00:00,154.69849798893918
2013-12-16 22:00:00,55.46914278531926
2013-12-16 23:00:00,
2013-12-17 00:00:00,
2013-12-17 01:00:00,
2013-12-17 02:00:00,
2013-12-17 03:00:00,
2013-12-17 04:00:00,
2013-12-17 05:00:00,
2013-12-17 06:00:00,
2013-12-17 07:00:00,
2013-12-17 08:00:00,
2013-12-17 09:00:00,
2013-12-17 10:00:00,124.31026897938663
2013-12-17 11:00:00,382.7182315233786
2013-12-17 12:00:00,583.9460784313726
2013-12-17 13:00:00,751.2097787833083
2013-12-17 14:00:00,879.1949472096532
2013-12-17 15:00:00,969.0877953745602
2013-12-17 16:00:00,1001.2412016088488
2013-12-17 17:00:00,665.2817056309704
2013-12-17 18:00:00,533.2807001005531
2013-12-17 19:00:00,247.55766088486678
2013-12-17 20:00:00,479.34420563097035
2013-12-17 21:00:00,148.6810268979387
2013-12-17 22:00:00,19.731177727501258
2013-12-17 23:00:00,
2013-12-18 00:00:00,
2013-12-18 01:00:00,
2013-12-18 02:00:00,
2013-12-18 03:00:00,
2013-12-18 04:00:00,
2013-12-18 05:00:00,
2013-12-18 06:00:00,
2013-12-18 07:00:00,
2013-12-18 08:00:00,
2013-12-18 09:00:00,
2013-12-18 10:00:00,127.93332076420312
2013-12-18 11:00:00,211.9398881347411
2013-12-18 12:00:00,242.4805178481649
2013-12-18 13:00:00,764.791509552539
2013-12-18 14:00:00,879.0142659627953
2013-12-18 15:00:00,927.888543237808
2013-12-18 16:00:00,957.1628330819508
2013-12-18 17:00:00,631.1698717948718
2013-12-18 18:00:00,160.34989316239316
2013-12-18 19:00:00,449.7941804927099
2013-12-18 20:00:00,328.8697209653092
2013-12-18 21:00:00,239.69724107591756
2013-12-18 22:00:00,31.866672951231774
2013-12-18 23:00:00,
2013-12-19 00:00:00,
2013-12-19 01:00:00,
2013-12-19 02:00:00,
2013-12-19 03:00:00,
2013-12-19 04:00:00,
2013-12-19 05:00:00,
2013-12-19 06:00:00,
2013-12-19 07:00:00,
2013-12-19 08:00:00,
2013-12-19 09:00:00,
2013-12-19 10:00:00,102.95531674208145
2013-12-19 11:00:00,227.30879210658622
2013-12-19 12:00:00,580.8587858220212
2013-12-19 13:00:00,741.5865384615386
2013-12-19 14:00:00,877.1838863750629
2013-12-19 15:00:00,967.2259929612871
2013-12-19 16:00:00,611.3734917043741
2013-12-19 17:00:00,209.81177727501256
2013-12-19 18:00:00,295.22844394167925
2013-12-19 19:00:00,748.2560331825039
2013-12-19 20:00:00,567.881158873806
2013-12-19 21:00:00,190.21807440925087
2013-12-19 22:00:00,39.704311211664155
2013-12-19 23:00:00,
2013-12-20 00:00:00,
2013-12-20 01:00:00,
2013-12-20 02:00:00,
2013-12-20 03:00:00,
2013-12-20 04:00:00,
2013-12-20 05:00:00,
2013-12-20 06:00:00,
2013-12-20 07:00:00,
2013-12-20 08:00:00,
2013-12-20 09:00:00,
2013-12-20 10:00:00,81.67735042735043
2013-12-20 11:00:00,381.26414027149326
2013-12-20 12:00:00,537.6374748617396
2013-12-20 13:00:00,758.971216691805
2013-12-20 14:00:00,890.8528154851684
2013-12-20 15:00:00,890.8865950226245
2013-12-20 16:00:00,756.2641402714933
2013-12-20 17:00:00,428.7479575163399
2013-12-20 18:00:00,683.2720588235295
2013-12-20 19:00:00,297.702205882353
2013-12-20 20:00:00,367.70047762694827
2013-12-20 21:00:00,292.73975615887383
2013-12-20 22:00:00,42.414529914529915
2013-12-20 23:00:00,
2013-12-21 00:00:00,
2013-12-21 01:00:00,
2013-12-21 02:00:00,
2013-12-21 03:00:00,
2013-12-21 04:00:00,
2013-12-21 05:00:00,
2013-12-21 06:00:00,
2013-12-21 07:00:00,
2013-12-21 08:00:00,
2013-12-21 09:00:00,
2013-12-21 10:00:00,152.96867144293617
2013-12-21 11:00:00,365.390114379085
2013-12-21 12:00:00,578.250691302162
2013-12-21 13:00:00,756.8187531422826
2013-12-21 14:00:00,879.7527023629966
2013-12-21 15:00:00,983.0395299145299
2013-12-21 16:00:00,682.6216063348417
2013-12-21 17:00:00,351.927790346908
2013-12-21 18:00:00,457.4448529411765
2013-12-21 19:00:00,578.8013763197588
2013-12-21 20:00:00,115.36968954248367
2013-12-21 21:00:00,54.98287456008045
2013-12-21 22:00:00,34.78899572649573
2013-12-21 23:00:00,
2013-12-22 00:00:00,
2013-12-22 01:00:00,
2013-12-22 02:00:00,
2013-12-22 03:00:00,
2013-12-22 04:00:00,
2013-12-22 05:00:00,
2013-12-22 06:00:00,
2013-12-22 07:00:00,
2013-12-22 08:00:00,
2013-12-22 09:00:00,
2013-12-22 10:00:00,146.84593388637506
2013-12-22 11:00:00,364.0727124183007
2013-12-22 12:00:00,579.2247988939165
2013-12-22 13:00:00,737.7765208647562
2013-12-22 14:00:00,868.9982403217697
2013-12-22 15:00:00,951.4910130718955
2013-12-22 16:00:00,1020.605517848165
2013-12-22 17:00:00,924.5050904977376
2013-12-22 18:00:00,417.90079813976877
2013-12-22 19:00:00,425.57975113122177
2013-12-22 20:00:00,135.07730015082956
2013-12-22 21:00:00,154.16745223730518
2013-12-22 22:00:00,30.69538712921066
2013-12-22 23:00:00,
2013-12-23 00:00:00,
2013-12-23 01:00:00,
2013-12-23 02:00:00,
2013-12-23 03:00:00,
2013-12-23 04:00:00,
2013-12-23 05:00:00,
2013-12-23 06:00:00,
2013-12-23 07:00:00,
2013-12-23 08:00:00,
2013-12-23 09:00:00,
2013-12-23 10:00:00,159.41584967320262
2013-12-23 11:00:00,349.07066993464053
2013-12-23 12:00:00,561.235231271996
2013-12-23 13:00:00,747.674710910005
2013-12-23 14:00:00,872.8318250377074
2013-12-23 15:00:00,984.500691302162
2013-12-23 16:00:00,1024.7800402212167
2013-12-23 17:00:00,995.3619909502263
2013-12-23 18:00:00,292.78846153846155
2013-12-23 19:00:00,295.2763637506285
2013-12-23 20:00:00,153.4957893413776
2013-12-23 21:00:00,119.17263700351937
2013-12-23 22:00:00,38.17716189039719
2013-12-23 23:00:00,
2013-12-24 00:00:00,
2013-12-24 01:00:00,
2013-12-24 02:00:00,
2013-12-24 03:00:00,
2013-12-24 04:00:00,
2013-12-24 05:00:00,
2013-12-24 06:00:00,
2013-12-24 07:00:00,
2013-12-24 08:00:00,
2013-12-24 09:00:00,
2013-12-24 10:00:00,142.09244595274006
2013-12-24 11:00:00,348.04785696329816
2013-12-24 12:00:00,555.8697838109603
2013-12-24 13:00:00,725.6001759678231
2013-12-24 14:00:00,861.4253393665159
2013-12-24 15:00:00,959.6452362996481
2013-12-24 16:00:00,1004.7550590749121
2013-12-24 17:00:00,1019.445230015083
2013-12-24 18:00:00,955.913775766717
2013-12-24 19:00:00,558.209998743087
2013-12-24 20:00:00,205.52884615384616
2013-12-24 21:00:00,55.76608848667672
2013-12-24 22:00:00,13.917955002513827
2013-12-24 23:00:00,
2013-12-25 00:00:00,
2013-12-25 01:00:00,
2013-12-25 02:00:00,
2013-12-25 03:00:00,
2013-12-25 04:00:00,
2013-12-25 05:00:00,
2013-12-25 06:00:00,
2013-12-25 07:00:00,
2013-12-25 08:00:00,
2013-12-25 09:00:00,
2013-12-25 10:00:00,138.86767848164908
2013-12-25 11:00:00,350.5459715937657
2013-12-25 12:00:00,562.2486173956763
2013-12-25 13:00:00,721.7980140774258
2013-12-25 14:00:00,861.7002890899951
2013-12-25 15:00:00,950.6975867269986
2013-12-25 16:00:00,988.9234539969835
2013-12-25 17:00:00,1025.8059954751131
2013-12-25 18:00:00,914.4513574660634
2013-12-25 19:00:00,764.226684263449
2013-12-25 20:00:00,570.9448843640021
2013-12-25 21:00:00,215.8363185017597
2013-12-25 22:00:00,25.40064102564103
2013-12-25 23:00:00,
2013-12-26 00:00:00,
2013-12-26 01:00:00,
2013-12-26 02:00:00,
2013-12-26 03:00:00,
2013-12-26 04:00:00,
2013-12-26 05:00:00,
2013-12-26 06:00:00,
2013-12-26 07:00:00,
2013-12-26 08:00:00,
2013-12-26 09:00:00,
2013-12-26 10:00:00,133.97750125691303
2013-12-26 11:00:00,353.95691930618403
2013-12-26 12:00:00,551.3684640522877
2013-12-26 13:00:00,722.8821015585722
2013-12-26 14:00:00,861.1268225238814
2013-12-26 15:00:00,959.6923705379588
2013-12-26 16:00:00,971.1593451483158
2013-12-26 17:00:00,1032.1455505279034
2013-12-26 18:00:00,930.3591628959276
2013-12-26 19:00:00,820.2221593765712
2013-12-26 20:00:00,346.91899195575667
2013-12-26 21:00:00,129.38348416289594
2013-12-26 22:00:00,43.977029914529915
2013-12-26 23:00:00,
2013-12-27 00:00:00,
2013-12-27 01:00:00,
2013-12-27 02:00:00,
2013-12-27 03:00:00,
2013-12-27 04:00:00,
2013-12-27 05:00:00,
2013-12-27 06:00:00,
2013-12-27 07:00:00,
2013-12-27 08:00:00,
2013-12-27 09:00:00,
2013-12-27 10:00:00,109.22888386123681
2013-12-27 11:00:00,374.05495852187033
2013-12-27 12:00:00,551.3056184012067
2013-12-27 13:00:00,697.8813159879337
2013-12-27 14:00:00,817.0484539969834
2013-12-27 15:00:00,937.8770739064857
2013-12-27 16:00:00,991.3108031674208
2013-12-27 17:00:00,836.1613876319759
2013-12-27 18:00:00,624.2089303670186
2013-12-27 19:00:00,769.8678670186023
2013-12-27 20:00:00,421.49085595776774
2013-12-27 21:00:00,156.90202362996482
2013-12-27 22:00:00,55.78022875816994
2013-12-27 23:00:00,
2013-12-28 00:00:00,
2013-12-28 01:00:00,
2013-12-28 02:00:00,
2013-12-28 03:00:00,
2013-12-28 04:00:00,
2013-12-28 05:00:00,
2013-12-28 06:00:00,
2013-12-28 07:00:00,
2013-12-28 08:00:00,
2013-12-28 09:00:00,
2013-12-28 10:00:00,131.63021618903974
2013-12-28 11:00:00,348.0502136752137
2013-12-28 12:00:00,551.3606083459024
2013-12-28 13:00:00,720.2190170940172
2013-12-28 14:00:00,855.9263448969331
2013-12-28 15:00:00,954.3976244343892
2013-12-28 16:00:00,661.4434074912017
2013-12-28 17:00:00,1034.56510809452
2013-12-28 18:00:00,923.5388386123681
2013-12-28 19:00:00,562.4151583710408
2013-12-28 20:00:00,345.0611173956762
2013-12-28 21:00:00,111.95874183006536
2013-12-28 22:00:00,29.82890271493213
2013-12-28 23:00:00,
2013-12-29 00:00:00,
2013-12-29 01:00:00,
2013-12-29 02:00:00,
2013-12-29 03:00:00,
2013-12-29 04:00:00,
2013-12-29 05:00:00,
2013-12-29 06:00:00,
2013-12-29 07:00:00,
2013-12-29 08:00:00,
2013-12-29 09:00:00,
2013-12-29 10:00:00,131.1628016591252
2013-12-29 11:00:00,338.01376319758674
2013-12-29 12:00:00,545.0603318250377
2013-12-29 13:00:00,723.3141654097537
2013-12-29 14:00:00,571.5207076420312
2013-12-29 15:00:00,915.9910759175466
2013-12-29 16:00:00,892.5582893413776
2013-12-29 17:00:00,940.6092885872298
2013-12-29 18:00:00,578.9278531925592
2013-12-29 19:00:00,758.2469205630971
2013-12-29 20:00:00,386.0757604323781
2013-12-29 21:00:00,247.05725238813474
2013-12-29 22:00:00,40.03582202111614
2013-12-29 23:00:00,
2013-12-30 00:00:00,
2013-12-30 01:00:00,
2013-12-30 02:00:00,
2013-12-30 03:00:00,
2013-12-30 04:00:00,
2013-12-30 05:00:00,
2013-12-30 06:00:00,
2013-12-30 07:00:00,
2013-12-30 08:00:00,
2013-12-30 09:00:00,
2013-12-30 10:00:00,94.77909753645048
2013-12-30 11:00:00,308.37968200100556
2013-12-30 12:00:00,518.450697586727
2013-12-30 13:00:00,675.4414906988437
2013-12-30 14:00:00,815.3390522875817
2013-12-30 15:00:00,926.3213298139768
2013-12-30 16:00:00,767.6989064856713
2013-12-30 17:00:00,788.8778908999498
2013-12-30 18:00:00,707.7826483157367
2013-12-30 19:00:00,731.975867269985
2013-12-30 20:00:00,467.20321141277026
2013-12-30 21:00:00,160.4260935143288
2013-12-30 22:00:00,83.08980643539468
2013-12-30 23:00:00,
2013-12-31 00:00:00,
2013-12-31 01:00:00,
2013-12-31 02:00:00,
2013-12-31 03:00:00,
2013-12-31 04:00:00,
2013-12-31 05:00:00,
2013-12-31 06:00:00,
2013-12-31 07:00:00,
2013-12-31 08:00:00,
2013-12-31 09:00:00,
2013-12-31 10:00:00,131.60664906988438
2013-12-31 11:00:00,344.44837229763704
2013-12-31 12:00:00,552.3347159376572
2013-12-31 13:00:00,741.4451357466063
2013-12-31 14:00:00,873.5859728506788
2013-12-31 15:00:00,953.1328557063852
2013-12-31 16:00:00,739.1905480140775
2013-12-31 17:00:00,1016.6383861236803
2013-12-31 18:00:00,575.7769293614882
2013-12-31 19:00:00,141.08848667672197
2013-12-31 20:00:00,310.33653846153845
2013-12-31 21:00:00,169.26219205630971
2013-12-31 22:00:00,65.24321266968326
2013-12-31 23:00:00,
2014-01-01 00:00:00,
2014-01-01 01:00:00,
2014-01-01 02:00:00,
2014-01-01 03:00:00,
2014-01-01 04:00:00,
2014-01-01 05:00:00,
2014-01-01 06:00:00,
2014-01-01 07:00:00,
2014-01-01 08:00:00,
2014-01-01 09:00:00,
2014-01-01 10:00:00,89.20861613876319
2014-01-01 11:00:00,274.05495852187033
2014-01-01 12:00:00,497.5065987933635
2014-01-01 13:00:00,641.6069632981398
2014-01-01 14:00:00,870.475113122172
2014-01-01 15:00:00,940.8700980392157
2014-01-01 16:00:00,947.4924585218704
2014-01-01 17:00:00,932.4016465560584
2014-01-01 18:00:00,824.5176596279538
2014-01-01 19:00:00,822.272498743087
2014-01-01 20:00:00,479.30335595776774
2014-01-01 21:00:00,346.4790723981901
2014-01-01 22:00:00,124.30398441427855
2014-01-01 23:00:00,
2014-01-02 00:00:00,
2014-01-02 01:00:00,
2014-01-02 02:00:00,
2014-01-02 03:00:00,
2014-01-02 04:00:00,
2014-01-02 05:00:00,
2014-01-02 06:00:00,
2014-01-02 07:00:00,
2014-01-02 08:00:00,
2014-01-02 09:00:00,
2014-01-02 10:00:00,122.18922825540473
2014-01-02 11:00:00,329.586161387632
2014-01-02 12:00:00,534.3954248366014
2014-01-02 13:00:00,706.8643162393163
2014-01-02 14:00:00,856.9711538461539
2014-01-02 15:00:00,981.9083081950729
2014-01-02 16:00:00,869.8152337858221
2014-01-02 17:00:00,809.3695010055305
2014-01-02 18:00:00,875.3841440422324
2014-01-02 19:00:00,774.4312468577175
2014-01-02 20:00:00,551.7062594268477
2014-01-02 21:00:00,266.86620160884866
2014-01-02 22:00:00,57.43385495223731
2014-01-02 23:00:00,
2014-01-03 00:00:00,
2014-01-03 01:00:00,
2014-01-03 02:00:00,
2014-01-03 03:00:00,
2014-01-03 04:00:00,
2014-01-03 05:00:00,
2014-01-03 06:00:00,
2014-01-03 07:00:00,
2014-01-03 08:00:00,
2014-01-03 09:00:00,
2014-01-03 10:00:00,48.65510306686778
2014-01-03 11:00:00,122.57494343891403
2014-01-03 12:00:00,373.83185646053295
2014-01-03 13:00:00,559.4849798893918
2014-01-03 14:00:00,414.38379839115134
2014-01-03 15:00:00,475.94425590749125
2014-01-03 16:00:00,368.9613185017597
2014-01-03 17:00:00,191.1026269482152
2014-01-03 18:00:00,158.71983408748116
2014-01-03 19:00:00,427.0723353443942
2014-01-03 20:00:00,280.3591628959276
2014-01-03 21:00:00,223.08870663650077
2014-01-03 22:00:00,94.38316993464053
2014-01-03 23:00:00,
2014-01-04 00:00:00,
2014-01-04 01:00:00,
2014-01-04 02:00:00,
2014-01-04 03:00:00,
2014-01-04 04:00:00,
2014-01-04 05:00:00,
2014-01-04 06:00:00,
2014-01-04 07:00:00,
2014-01-04 08:00:00,
2014-01-04 09:00:00,
2014-01-04 10:00:00,140.31469959778784
2014-01-04 11:00:00,314.7373051784817
2014-01-04 12:00:00,558.1950729009552
2014-01-04 13:00:00,744.7131096028155
2014-01-04 14:00:00,876.594708396179
2014-01-04 15:00:00,980.0307943690298
2014-01-04 16:00:00,1021.0140145801911
2014-01-04 17:00:00,997.7925465057818
2014-01-04 18:00:00,921.0030165912519
2014-01-04 19:00:00,791.5566867772751
2014-01-04 20:00:00,590.1442307692308
2014-01-04 21:00:00,380.3670186023127
2014-01-04 22:00:00,128.37166918049272
2014-01-04 23:00:00,
2014-01-05 00:00:00,
2014-01-05 01:00:00,
2014-01-05 02:00:00,
2014-01-05 03:00:00,
2014-01-05 04:00:00,
2014-01-05 05:00:00,
2014-01-05 06:00:00,
2014-01-05 07:00:00,
2014-01-05 08:00:00,
2014-01-05 09:00:00,
2014-01-05 10:00:00,124.89551910507794
2014-01-05 11:00:00,346.54270361990956
2014-01-05 12:00:00,571.5811965811967
2014-01-05 13:00:00,746.5120663650075
2014-01-05 14:00:00,880.8996354952237
2014-01-05 15:00:00,977.862619406737
2014-01-05 16:00:00,1026.269482151835
2014-01-05 17:00:00,997.7768350930116
2014-01-05 18:00:00,906.2570701357467
2014-01-05 19:00:00,789.89127702363
2014-01-05 20:00:00,585.4150955253897
2014-01-05 21:00:00,375.11469331322274
2014-01-05 22:00:00,117.8387380593263
2014-01-05 23:00:00,
2014-01-06 00:00:00,
2014-01-06 01:00:00,
2014-01-06 02:00:00,
2014-01-06 03:00:00,
2014-01-06 04:00:00,
2014-01-06 05:00:00,
2014-01-06 06:00:00,
2014-01-06 07:00:00,
2014-01-06 08:00:00,
2014-01-06 09:00:00,
2014-01-06 10:00:00,114.2612493715435
2014-01-06 11:00:00,329.0786827551534
2014-01-06 12:00:00,543.6070261437909
2014-01-06 13:00:00,730.187908496732
2014-01-06 14:00:00,869.343891402715
2014-01-06 15:00:00,972.1200980392157
2014-01-06 16:00:00,1014.5016339869281
2014-01-06 17:00:00,988.2557189542484
2014-01-06 18:00:00,516.2660256410256
2014-01-06 19:00:00,758.2587041226747
2014-01-06 20:00:00,320.91189039718455
2014-01-06 21:00:00,315.52130467571646
2014-01-06 22:00:00,108.68684012066366
2014-01-06 23:00:00,
2014-01-07 00:00:00,
2014-01-07 01:00:00,
2014-01-07 02:00:00,
2014-01-07 03:00:00,
2014-01-07 04:00:00,
2014-01-07 05:00:00,
2014-01-07 06:00:00,
2014-01-07 07:00:00,
2014-01-07 08:00:00,
2014-01-07 09:00:00,
2014-01-07 10:00:00,115.82924836601309
2014-01-07 11:00:00,312.87628833584716
2014-01-07 12:00:00,534.8502702362997
2014-01-07 13:00:00,716.6525263951735
2014-01-07 14:00:00,862.8786450477627
2014-01-07 15:00:00,969.3784565108094
2014-01-07 16:00:00,1033.5438662644544
2014-01-07 17:00:00,939.7702991452992
2014-01-07 18:00:00,939.5801910507794
2014-01-07 19:00:00,336.5274635495224
2014-01-07 20:00:00,147.11695575666167
2014-01-07 21:00:00,218.25901835093012
2014-01-07 22:00:00,36.58088235294118
2014-01-07 23:00:00,
2014-01-08 00:00:00,
2014-01-08 01:00:00,
2014-01-08 02:00:00,
2014-01-08 03:00:00,
2014-01-08 04:00:00,
2014-01-08 05:00:00,
2014-01-08 06:00:00,
2014-01-08 07:00:00,
2014-01-08 08:00:00,
2014-01-08 09:00:00,
2014-01-08 10:00:00,103.78016591251887
2014-01-08 11:00:00,314.42936148818507
2014-01-08 12:00:00,524.0895236299649
2014-01-08 13:00:00,672.5663021618905
2014-01-08 14:00:00,896.265397184515
2014-01-08 15:00:00,1014.7058823529412
2014-01-08 16:00:00,524.367615635998
2014-01-08 17:00:00,407.5799710910005
2014-01-08 18:00:00,426.7636060834591
2014-01-08 19:00:00,84.97124811463047
2014-01-08 20:00:00,37.378236551030675
2014-01-08 21:00:00,17.9919243338361
2014-01-08 22:00:00,41.244029663147316
2014-01-08 23:00:00,
2014-01-09 00:00:00,
2014-01-09 01:00:00,
2014-01-09 02:00:00,
2014-01-09 03:00:00,
2014-01-09 04:00:00,
2014-01-09 05:00:00,
2014-01-09 06:00:00,
2014-01-09 07:00:00,
2014-01-09 08:00:00,
2014-01-09 09:00:00,
2014-01-09 10:00:00,107.95704499748618
2014-01-09 11:00:00,320.65893665158376
2014-01-09 12:00:00,536.2226621417798
2014-01-09 13:00:00,720.9103192559074
2014-01-09 14:00:00,875.3849296128708
2014-01-09 15:00:00,963.8087606837609
2014-01-09 16:00:00,1013.8653217697337
2014-01-09 17:00:00,636.3609225741579
2014-01-09 18:00:00,430.7134552538964
2014-01-09 19:00:00,399.96464932126696
2014-01-09 20:00:00,306.88945449974864
2014-01-09 21:00:00,128.7825226244344
2014-01-09 22:00:00,49.58521870286577
2014-01-09 23:00:00,
2014-01-10 00:00:00,
2014-01-10 01:00:00,
2014-01-10 02:00:00,
2014-01-10 03:00:00,
2014-01-10 04:00:00,
2014-01-10 05:00:00,
2014-01-10 06:00:00,
2014-01-10 07:00:00,
2014-01-10 08:00:00,
2014-01-10 09:00:00,
2014-01-10 10:00:00,107.61375062845651
2014-01-10 11:00:00,314.35551784816494
2014-01-10 12:00:00,530.6136877828054
2014-01-10 13:00:00,701.5067244846657
2014-01-10 14:00:00,839.0679989944696
2014-01-10 15:00:00,952.3708521870287
2014-01-10 16:00:00,1027.59709653092
2014-01-10 17:00:00,1052.7667797888387
2014-01-10 18:00:00,540.5275892408246
2014-01-10 19:00:00,237.6539718451483
2014-01-10 20:00:00,168.46483785822022
2014-01-10 21:00:00,31.472316490698848
2014-01-10 22:00:00,7.6930932629462045
2014-01-10 23:00:00,
2014-01-11 00:00:00,
2014-01-11 01:00:00,
2014-01-11 02:00:00,
2014-01-11 03:00:00,
2014-01-11 04:00:00,
2014-01-11 05:00:00,
2014-01-11 06:00:00,
2014-01-11 07:00:00,
2014-01-11 08:00:00,
2014-01-11 09:00:00,
2014-01-11 10:00:00,52.11082830568125
2014-01-11 11:00:00,103.7173202614379
2014-01-11 12:00:00,151.0369532428356
2014-01-11 13:00:00,171.61026269482153
2014-01-11 14:00:00,621.1821266968326
2014-01-11 15:00:00,498.2112556561086
2014-01-11 16:00:00,455.37173202614383
2014-01-11 17:00:00,174.5475113122172
2014-01-11 18:00:00,43.13018476621418
2014-01-11 19:00:00,69.87807943690296
2014-01-11 20:00:00,119.49943438914028
2014-01-11 21:00:00,91.55904348919056
2014-01-11 22:00:00,23.889988687782807
2014-01-11 23:00:00,
2014-01-12 00:00:00,
2014-01-12 01:00:00,
2014-01-12 02:00:00,
2014-01-12 03:00:00,
2014-01-12 04:00:00,
2014-01-12 05:00:00,
2014-01-12 06:00:00,
2014-01-12 07:00:00,
2014-01-12 08:00:00,
2014-01-12 09:00:00,
2014-01-12 10:00:00,43.7900641025641
2014-01-12 11:00:00,120.19466440422323
2014-01-12 12:00:00,141.38464680744093
2014-01-12 13:00:00,226.46116138763196
2014-01-12 14:00:00,664.9148441427853
2014-01-12 15:00:00,562.4316553544494
2014-01-12 16:00:00,594.4381598793365
2014-01-12 17:00:00,444.0265208647562
2014-01-12 18:00:00,517.0814479638009
2014-01-12 19:00:00,698.4155040221217
2014-01-12 20:00:00,170.412267471091
2014-01-12 21:00:00,134.9131158873806
2014-01-12 22:00:00,39.30524132730015
2014-01-12 23:00:00,
2014-01-13 00:00:00,
2014-01-13 01:00:00,
2014-01-13 02:00:00,
2014-01-13 03:00:00,
2014-01-13 04:00:00,
2014-01-13 05:00:00,
2014-01-13 06:00:00,
2014-01-13 07:00:00,
2014-01-13 08:00:00,
2014-01-13 09:00:00,
2014-01-13 10:00:00,97.3942621920563
2014-01-13 11:00:00,316.553544494721
2014-01-13 12:00:00,534.8714806435395
2014-01-13 13:00:00,714.358660130719
2014-01-13 14:00:00,831.2829939668176
2014-01-13 15:00:00,907.6797385620916
2014-01-13 16:00:00,917.2087104072399
2014-01-13 17:00:00,878.0959338863752
2014-01-13 18:00:00,938.1693061840122
2014-01-13 19:00:00,790.1033810960282
2014-01-13 20:00:00,535.704185520362
2014-01-13 21:00:00,94.8466566113625
2014-01-13 22:00:00,36.052978883861236
2014-01-13 23:00:00,
2014-01-14 00:00:00,
2014-01-14 01:00:00,
2014-01-14 02:00:00,
2014-01-14 03:00:00,
2014-01-14 04:00:00,
2014-01-14 05:00:00,
2014-01-14 06:00:00,
2014-01-14 07:00:00,
2014-01-14 08:00:00,
2014-01-14 09:00:00,
2014-01-14 10:00:00,93.87176344896935
2014-01-14 11:00:00,304.23893916540976
2014-01-14 12:00:00,520.2284439416793
2014-01-14 13:00:00,705.0889265962796
2014-01-14 14:00:00,838.8323278029161
2014-01-14 15:00:00,921.875
2014-01-14 16:00:00,755.8689982403217
2014-01-14 17:00:00,409.2830882352942
2014-01-14 18:00:00,100.6111739567622
2014-01-14 19:00:00,99.81853318250378
2014-01-14 20:00:00,173.0659250879839
2014-01-14 21:00:00,97.174302413273
2014-01-14 22:00:00,26.14614756158874
2014-01-14 23:00:00,
2014-01-15 00:00:00,
2014-01-15 01:00:00,
2014-01-15 02:00:00,
2014-01-15 03:00:00,
2014-01-15 04:00:00,
2014-01-15 05:00:00,
2014-01-15 06:00:00,
2014-01-15 07:00:00,
2014-01-15 08:00:00,
2014-01-15 09:00:00,
2014-01-15 10:00:00,94.93699723479135
2014-01-15 11:00:00,310.7874560080443
2014-01-15 12:00:00,535.0914404223228
2014-01-15 13:00:00,710.5957767722474
2014-01-15 14:00:00,848.6283936651585
2014-01-15 15:00:00,935.6774761186526
2014-01-15 16:00:00,952.8500502765208
2014-01-15 17:00:00,950.8232780291604
2014-01-15 18:00:00,927.9396053293112
2014-01-15 19:00:00,194.6204122674711
2014-01-15 20:00:00,257.85649195575667
2014-01-15 21:00:00,127.56174585218703
2014-01-15 22:00:00,51.18621166415284
2014-01-15 23:00:00,
2014-01-16 00:00:00,
2014-01-16 01:00:00,
2014-01-16 02:00:00,
2014-01-16 03:00:00,
2014-01-16 04:00:00,
2014-01-16 05:00:00,
2014-01-16 06:00:00,
2014-01-16 07:00:00,
2014-01-16 08:00:00,
2014-01-16 09:00:00,
2014-01-16 10:00:00,95.25593891402715
2014-01-16 11:00:00,316.1599736048266
2014-01-16 12:00:00,527.4949723479135
2014-01-16 13:00:00,709.3859979889392
2014-01-16 14:00:00,843.875691302162
2014-01-16 15:00:00,927.1383232780292
2014-01-16 16:00:00,993.4404851684264
2014-01-16 17:00:00,551.2364881850176
2014-01-16 18:00:00,431.28849296128715
2014-01-16 19:00:00,287.9611299648065
2014-01-16 20:00:00,123.33301910507794
2014-01-16 21:00:00,39.31231146304676
2014-01-16 22:00:00,6.565799396681751
2014-01-16 23:00:00,
2014-01-17 00:00:00,
2014-01-17 01:00:00,
2014-01-17 02:00:00,
2014-01-17 03:00:00,
2014-01-17 04:00:00,
2014-01-17 05:00:00,
2014-01-17 06:00:00,
2014-01-17 07:00:00,
2014-01-17 08:00:00,
2014-01-17 09:00:00,
2014-01-17 10:00:00,50.7706447963801
2014-01-17 11:00:00,145.48846782302664
2014-01-17 12:00:00,404.79826546003017
2014-01-17 13:00:00,662.9069255907491
2014-01-17 14:00:00,774.399824032177
2014-01-17 15:00:00,926.918363499246
2014-01-17 16:00:00,872.8718891402715
2014-01-17 17:00:00,794.8207327802917
2014-01-17 18:00:00,581.3316993464052
2014-01-17 19:00:00,756.877670940171
2014-01-17 20:00:00,544.7421757164404
2014-01-17 21:00:00,170.3918426344897
2014-01-17 22:00:00,22.399761186525893
2014-01-17 23:00:00,
2014-01-18 00:00:00,
2014-01-18 01:00:00,
2014-01-18 02:00:00,
2014-01-18 03:00:00,
2014-01-18 04:00:00,
2014-01-18 05:00:00,
2014-01-18 06:00:00,
2014-01-18 07:00:00,
2014-01-18 08:00:00,
2014-01-18 09:00:00,
2014-01-18 10:00:00,85.70575666163903
2014-01-18 11:00:00,302.7714932126697
2014-01-18 12:00:00,518.2409502262443
2014-01-18 13:00:00,701.6481271995979
2014-01-18 14:00:00,844.9283559577677
2014-01-18 15:00:00,924.5380844645551
2014-01-18 16:00:00,978.4125188536954
2014-01-18 17:00:00,809.8259175465058
2014-01-18 18:00:00,701.7243275515335
2014-01-18 19:00:00,383.95629084967317
2014-01-18 20:00:00,262.6406171442936
2014-01-18 21:00:00,80.59719079939669
2014-01-18 22:00:00,27.766779788838615
2014-01-18 23:00:00,
2014-01-19 00:00:00,
2014-01-19 01:00:00,
2014-01-19 02:00:00,
2014-01-19 03:00:00,
2014-01-19 04:00:00,
2014-01-19 05:00:00,
2014-01-19 06:00:00,
2014-01-19 07:00:00,
2014-01-19 08:00:00,
2014-01-19 09:00:00,
2014-01-19 10:00:00,36.683792106586225
2014-01-19 11:00:00,268.65258924082457
2014-01-19 12:00:00,450.4367772750126
2014-01-19 13:00:00,705.583836098542
2014-01-19 14:00:00,844.0956510809452
2014-01-19 15:00:00,941.1450477626948
2014-01-19 16:00:00,856.311274509804
2014-01-19 17:00:00,698.7941490698844
2014-01-19 18:00:00,881.4888134741076
2014-01-19 19:00:00,737.8865007541478
2014-01-19 20:00:00,548.0847787833083
2014-01-19 21:00:00,359.1008358471594
2014-01-19 22:00:00,40.33355329311212
2014-01-19 23:00:00,
2014-01-20 00:00:00,
2014-01-20 01:00:00,
2014-01-20 02:00:00,
2014-01-20 03:00:00,
2014-01-20 04:00:00,
2014-01-20 05:00:00,
2014-01-20 06:00:00,
2014-01-20 07:00:00,
2014-01-20 08:00:00,
2014-01-20 09:00:00,
2014-01-20 10:00:00,79.55630970336853
2014-01-20 11:00:00,289.04050402212164
2014-01-20 12:00:00,497.60400955253897
2014-01-20 13:00:00,677.6410884866767
2014-01-20 14:00:00,813.1284565108094
2014-01-20 15:00:00,843.2629462041227
2014-01-20 16:00:00,912.0160884866767
2014-01-20 17:00:00,959.032491201609
2014-01-20 18:00:00,935.4182378079438
2014-01-20 19:00:00,374.3189102564103
2014-01-20 20:00:00,82.81407114127703
2014-01-20 21:00:00,71.84514831573657
2014-01-20 22:00:00,21.833364756158876
2014-01-20 23:00:00,
2014-01-21 00:00:00,
2014-01-21 01:00:00,
2014-01-21 02:00:00,
2014-01-21 03:00:00,
2014-01-21 04:00:00,
2014-01-21 05:00:00,
2014-01-21 06:00:00,
2014-01-21 07:00:00,
2014-01-21 08:00:00,
2014-01-21 09:00:00,
2014-01-21 10:00:00,80.42436525892408
2014-01-21 11:00:00,285.6971153846154
2014-01-21 12:00:00,500.70701357466066
2014-01-21 13:00:00,678.8351558572147
2014-01-21 14:00:00,820.8270487682253
2014-01-21 15:00:00,909.3530040221217
2014-01-21 16:00:00,913.4615384615386
2014-01-21 17:00:00,942.1584338863752
2014-01-21 18:00:00,718.6895110608347
2014-01-21 19:00:00,239.43643162393164
2014-01-21 20:00:00,139.3735859728507
2014-01-21 21:00:00,158.7575414781297
2014-01-21 22:00:00,147.97951231774763
2014-01-21 23:00:00,
2014-01-22 00:00:00,
2014-01-22 01:00:00,
2014-01-22 02:00:00,
2014-01-22 03:00:00,
2014-01-22 04:00:00,
2014-01-22 05:00:00,
2014-01-22 06:00:00,
2014-01-22 07:00:00,
2014-01-22 08:00:00,
2014-01-22 09:00:00,
2014-01-22 10:00:00,78.94749245852186
2014-01-22 11:00:00,227.03462795374563
2014-01-22 12:00:00,457.88634364002013
2014-01-22 13:00:00,670.3902714932127
2014-01-22 14:00:00,807.5744720965309
2014-01-22 15:00:00,882.2272498743088
2014-01-22 16:00:00,949.3621166415285
2014-01-22 17:00:00,983.8565233785823
2014-01-22 18:00:00,968.0429864253394
2014-01-22 19:00:00,438.9313097033685
2014-01-22 20:00:00,267.919651835093
2014-01-22 21:00:00,149.2348541980895
2014-01-22 22:00:00,61.439479638009054
2014-01-22 23:00:00,
2014-01-23 00:00:00,
2014-01-23 01:00:00,
2014-01-23 02:00:00,
2014-01-23 03:00:00,
2014-01-23 04:00:00,
2014-01-23 05:00:00,
2014-01-23 06:00:00,
2014-01-23 07:00:00,
2014-01-23 08:00:00,
2014-01-23 09:00:00,
2014-01-23 10:00:00,34.12283182503771
2014-01-23 11:00:00,202.8311965811966
2014-01-23 12:00:00,453.77073906485674
2014-01-23 13:00:00,617.4679487179487
2014-01-23 14:00:00,792.9157239819004
2014-01-23 15:00:00,856.2170060331825
2014-01-23 16:00:00,907.3890774258422
2014-01-23 17:00:00,867.7570387129211
2014-01-23 18:00:00,614.5684074912017
2014-01-23 19:00:00,443.58738687782807
2014-01-23 20:00:00,390.11673579688284
2014-01-23 21:00:00,221.8867835595777
2014-01-23 22:00:00,135.74817747611866
2014-01-23 23:00:00,
2014-01-24 00:00:00,
2014-01-24 01:00:00,
2014-01-24 02:00:00,
2014-01-24 03:00:00,
2014-01-24 04:00:00,
2014-01-24 05:00:00,
2014-01-24 06:00:00,
2014-01-24 07:00:00,
2014-01-24 08:00:00,
2014-01-24 09:00:00,
2014-01-24 10:00:00,73.83656988436401
2014-01-24 11:00:00,294.47508169934645
2014-01-24 12:00:00,502.0982591754651
2014-01-24 13:00:00,773.0957767722474
2014-01-24 14:00:00,501.6481271995978
2014-01-24 15:00:00,262.1189982403218
2014-01-24 16:00:00,174.50587606837607
2014-01-24 17:00:00,225.77928607340374
2014-01-24 18:00:00,506.37883358471595
2014-01-24 19:00:00,367.69969205630974
2014-01-24 20:00:00,235.7505341880342
2014-01-24 21:00:00,122.48774509803921
2014-01-24 22:00:00,39.4081510809452
2014-01-24 23:00:00,
2014-01-25 00:00:00,
2014-01-25 01:00:00,
2014-01-25 02:00:00,
2014-01-25 03:00:00,
2014-01-25 04:00:00,
2014-01-25 05:00:00,
2014-01-25 06:00:00,
2014-01-25 07:00:00,
2014-01-25 08:00:00,
2014-01-25 09:00:00,
2014-01-25 10:00:00,18.5237556561086
2014-01-25 11:00:00,35.682975113122176
2014-01-25 12:00:00,52.5193250377074
2014-01-25 13:00:00,97.93002136752138
2014-01-25 14:00:00,170.18916540975366
2014-01-25 15:00:00,401.359822775264
2014-01-25 16:00:00,713.9501633986929
2014-01-25 17:00:00,798.8389265962796
2014-01-25 18:00:00,709.0874811463048
2014-01-25 19:00:00,632.3607968828558
2014-01-25 20:00:00,354.65057817998996
2014-01-25 21:00:00,368.95817621920565
2014-01-25 22:00:00,60.39781297134239
2014-01-25 23:00:00,
2014-01-26 00:00:00,
2014-01-26 01:00:00,
2014-01-26 02:00:00,
2014-01-26 03:00:00,
2014-01-26 04:00:00,
2014-01-26 05:00:00,
2014-01-26 06:00:00,
2014-01-26 07:00:00,
2014-01-26 08:00:00,
2014-01-26 09:00:00,
2014-01-26 10:00:00,89.52912895927602
2014-01-26 11:00:00,287.41751508295624
2014-01-26 12:00:00,512.667326546003
2014-01-26 13:00:00,685.9210030165913
2014-01-26 14:00:00,663.8386123680242
2014-01-26 15:00:00,920.4216943187532
2014-01-26 16:00:00,843.0209904474611
2014-01-26 17:00:00,890.8528154851684
2014-01-26 18:00:00,949.893947963801
2014-01-26 19:00:00,794.1255027652088
2014-01-26 20:00:00,509.640522875817
2014-01-26 21:00:00,143.69108220211163
2014-01-26 22:00:00,63.607654600301665
2014-01-26 23:00:00,
2014-01-27 00:00:00,
2014-01-27 01:00:00,
2014-01-27 02:00:00,
2014-01-27 03:00:00,
2014-01-27 04:00:00,
2014-01-27 05:00:00,
2014-01-27 06:00:00,
2014-01-27 07:00:00,
2014-01-27 08:00:00,
2014-01-27 09:00:00,
2014-01-27 10:00:00,73.7297322775264
2014-01-27 11:00:00,259.39071141277026
2014-01-27 12:00:00,497.42332830568125
2014-01-27 13:00:00,664.4984917043741
2014-01-27 14:00:00,765.9855769230769
2014-01-27 15:00:00,919.8639391654099
2014-01-27 16:00:00,932.2838109602816
2014-01-27 17:00:00,955.9059200603318
2014-01-27 18:00:00,901.0809451985923
2014-01-27 19:00:00,785.4630153343389
2014-01-27 20:00:00,590.6469959778784
2014-01-27 21:00:00,376.80759803921575
2014-01-27 22:00:00,113.29499748617397
2014-01-27 23:00:00,
2014-01-28 00:00:00,
2014-01-28 01:00:00,
2014-01-28 02:00:00,
2014-01-28 03:00:00,
2014-01-28 04:00:00,
2014-01-28 05:00:00,
2014-01-28 06:00:00,
2014-01-28 07:00:00,
2014-01-28 08:00:00,
2014-01-28 09:00:00,
2014-01-28 10:00:00,17.39960407239819
2014-01-28 11:00:00,80.19183634992459
2014-01-28 12:00:00,118.23073780794371
2014-01-28 13:00:00,129.586161387632
2014-01-28 14:00:00,396.02736928104576
2014-01-28 15:00:00,836.3027903469081
2014-01-28 16:00:00,955.5131347410759
2014-01-28 17:00:00,705.7055995475114
2014-01-28 18:00:00,204.44240196078434
2014-01-28 19:00:00,74.03846153846153
2014-01-28 20:00:00,120.85218702865762
2014-01-28 21:00:00,172.9308069381599
2014-01-28 22:00:00,49.68577174459528
2014-01-28 23:00:00,
2014-01-29 00:00:00,
2014-01-29 01:00:00,
2014-01-29 02:00:00,
2014-01-29 03:00:00,
2014-01-29 04:00:00,
2014-01-29 05:00:00,
2014-01-29 06:00:00,
2014-01-29 07:00:00,
2014-01-29 08:00:00,
2014-01-29 09:00:00,
2014-01-29 10:00:00,7.9853255404726005
2014-01-29 11:00:00,32.236676721970845
2014-01-29 12:00:00,56.98607968828558
2014-01-29 13:00:00,83.77953745600804
2014-01-29 14:00:00,219.70132604323783
2014-01-29 15:00:00,253.73931623931628
2014-01-29 16:00:00,408.7598981900453
2014-01-29 17:00:00,839.0758547008547
2014-01-29 18:00:00,476.90265208647565
2014-01-29 19:00:00,157.6993778280543
2014-01-29 20:00:00,118.20010055304174
2014-01-29 21:00:00,73.42650201106083
2014-01-29 22:00:00,24.559294871794872
2014-01-29 23:00:00,
2014-01-30 00:00:00,
2014-01-30 01:00:00,
2014-01-30 02:00:00,
2014-01-30 03:00:00,
2014-01-30 04:00:00,
2014-01-30 05:00:00,
2014-01-30 06:00:00,
2014-01-30 07:00:00,
2014-01-30 08:00:00,
2014-01-30 09:00:00,
2014-01-30 10:00:00,43.26679279138711
2014-01-30 11:00:00,191.87719959778784
2014-01-30 12:00:00,503.3182503770739
2014-01-30 13:00:00,652.3166478129714
2014-01-30 14:00:00,809.4598416289593
2014-01-30 15:00:00,886.4693313222725
2014-01-30 16:00:00,917.1144419306185
2014-01-30 17:00:00,922.3227752639518
2014-01-30 18:00:00,819.939353946707
2014-01-30 19:00:00,653.4997171945702
2014-01-30 20:00:00,375.28830442433383
2014-01-30 21:00:00,159.17546505781803
2014-01-30 22:00:00,24.04160382101559
2014-01-30 23:00:00,
2014-01-31 00:00:00,
2014-01-31 01:00:00,
2014-01-31 02:00:00,
2014-01-31 03:00:00,
2014-01-31 04:00:00,
2014-01-31 05:00:00,
2014-01-31 06:00:00,
2014-01-31 07:00:00,
2014-01-31 08:00:00,
2014-01-31 09:00:00,
2014-01-31 10:00:00,64.07941044163955
2014-01-31 11:00:00,269.0862242332831
2014-01-31 12:00:00,484.6970839617899
2014-01-31 13:00:00,677.0676219205632
2014-01-31 14:00:00,810.0097410759175
2014-01-31 15:00:00,869.0925087983911
2014-01-31 16:00:00,908.2296380090498
2014-01-31 17:00:00,927.7196455505278
2014-01-31 18:00:00,870.3337104072399
2014-01-31 19:00:00,773.6276080945198
2014-01-31 20:00:00,539.2023315736552
2014-01-31 21:00:00,227.85005027652088
2014-01-31 22:00:00,28.82101558572147
2014-01-31 23:00:00,
