Source,Location ID,City,State,Country,Latitude,Longitude,Time Zone,Elevation,Local Time Zone,Clearsky DHI Units,Clearsky DNI Units,Clearsky GHI Units,Dew Point Units,DHI Units,DNI Units,GHI Units,Solar Zenith Angle Units,Temperature Units,Pressure Units,Relative Humidity Units,Precipitable Water Units,Wind Direction Units,Wind Speed Units,Cloud Type -15,Cloud Type 0,Cloud Type 1,Cloud Type 2,Cloud Type 3,Cloud Type 4,Cloud Type 5,Cloud Type 6,Cloud Type 7,Cloud Type 8,Cloud Type 9,Cloud Type 10,Cloud Type 11,Cloud Type 12,Fill Flag 0,Fill Flag 1,Fill Flag 2,Fill Flag 3,Fill Flag 4,Fill Flag 5,Surface Albedo Units,Version
NSRDB,6673488,-,-,-,-22.1,-65.59,0,3449,-3,w/m2,w/m2,w/m2,c,w/m2,w/m2,w/m2,Degree,c,mbar,%,cm,Degrees,m/s,N/A,Clear,Probably Clear,Fog,Water,Super-Cooled Water,Mixed,Opaque Ice,Cirrus,Overlapping,Overshooting,Unknown,Dust,Smoke,N/A,Missing Image,Low Irradiance,Exceeds Clearsky,Missing CLoud Properties,Rayleigh Violation,N/A,4.0.0
Year,Month,Day,Hour,Minute,GHI
2021,1,1,0,0,0
2021,1,1,0,10,0
2021,1,1,0,20,0
2021,1,1,0,30,0
2021,1,1,0,40,0
2021,1,1,0,50,0
2021,1,1,1,0,0
2021,1,1,1,10,0
2021,1,1,1,20,0
2021,1,1,1,30,0
2021,1,1,1,40,0
2021,1,1,1,50,0
2021,1,1,2,0,0
2021,1,1,2,10,0
2021,1,1,2,20,0
2021,1,1,2,30,0
2021,1,1,2,40,0
2021,1,1,2,50,0
2021,1,1,3,0,0
2021,1,1,3,10,0
2021,1,1,3,20,0
2021,1,1,3,30,0
2021,1,1,3,40,0
2021,1,1,3,50,0
2021,1,1,4,0,0
2021,1,1,4,10,0
2021,1,1,4,20,0
2021,1,1,4,30,0
2021,1,1,4,40,0
2021,1,1,4,50,0
2021,1,1,5,0,0
2021,1,1,5,10,0
2021,1,1,5,20,0
2021,1,1,5,30,0
2021,1,1,5,40,0
2021,1,1,5,50,0
2021,1,1,6,0,0
2021,1,1,6,10,0
2021,1,1,6,20,0
2021,1,1,6,30,0
2021,1,1,6,40,0
2021,1,1,6,50,0
2021,1,1,7,0,0
2021,1,1,7,10,0
2021,1,1,7,20,0
2021,1,1,7,30,0
2021,1,1,7,40,0
2021,1,1,7,50,0
2021,1,1,8,0,0
2021,1,1,8,10,0
2021,1,1,8,20,0
2021,1,1,8,30,0
2021,1,1,8,40,0
2021,1,1,8,50,0
2021,1,1,9,0,0
2021,1,1,9,10,0
2021,1,1,9,20,0
2021,1,1,9,30,0
2021,1,1,9,40,0
2021,1,1,9,50,5
2021,1,1,10,0,21
2021,1,1,10,10,71
2021,1,1,10,20,64
2021,1,1,10,30,147
2021,1,1,10,40,189
2021,1,1,10,50,232
2021,1,1,11,0,275
2021,1,1,11,10,319
2021,1,1,11,20,363
2021,1,1,11,30,408
2021,1,1,11,40,452
2021,1,1,11,50,496
2021,1,1,12,0,539
2021,1,1,12,10,582
2021,1,1,12,20,624
2021,1,1,12,30,665
2021,1,1,12,40,705
2021,1,1,12,50,744
2021,1,1,13,0,782
2021,1,1,13,10,819
2021,1,1,13,20,855
2021,1,1,13,30,889
2021,1,1,13,40,922
2021,1,1,13,50,953
2021,1,1,14,0,983
2021,1,1,14,10,1011
2021,1,1,14,20,1037
2021,1,1,14,30,1062
2021,1,1,14,40,1078
2021,1,1,14,50,1099
2021,1,1,15,0,1118
2021,1,1,15,10,1135
2021,1,1,15,20,1150
2021,1,1,15,30,1163
2021,1,1,15,40,1173
2021,1,1,15,50,1182
2021,1,1,16,0,1189
2021,1,1,16,10,1188
2021,1,1,16,20,1191
2021,1,1,16,30,1191
2021,1,1,16,40,1188
2021,1,1,16,50,1184
2021,1,1,17,0,1178
2021,1,1,17,10,1170
2021,1,1,17,20,1155
2021,1,1,17,30,1143
2021,1,1,17,40,1127
2021,1,1,17,50,1111
2021,1,1,18,0,1092
2021,1,1,18,10,1072
2021,1,1,18,20,1046
2021,1,1,18,30,1022
2021,1,1,18,40,995
2021,1,1,18,50,968
2021,1,1,19,0,939
2021,1,1,19,10,908
2021,1,1,19,20,876
2021,1,1,19,30,839
2021,1,1,19,40,803
2021,1,1,19,50,767
2021,1,1,20,0,729
2021,1,1,20,10,690
2021,1,1,20,20,651
2021,1,1,20,30,610
2021,1,1,20,40,568
2021,1,1,20,50,524
2021,1,1,21,0,482
2021,1,1,21,10,439
2021,1,1,21,20,396
2021,1,1,21,30,353
2021,1,1,21,40,308
2021,1,1,21,50,266
2021,1,1,22,0,223
2021,1,1,22,10,182
2021,1,1,22,20,142
2021,1,1,22,30,105
2021,1,1,22,40,69
2021,1,1,22,50,40
2021,1,1,23,0,17
2021,1,1,23,10,0
2021,1,1,23,20,0
2021,1,1,23,30,0
2021,1,1,23,40,0
2021,1,1,23,50,0
2021,1,2,0,0,0
2021,1,2,0,10,0
2021,1,2,0,20,0
2021,1,2,0,30,0
2021,1,2,0,40,0
2021,1,2,0,50,0
2021,1,2,1,0,0
2021,1,2,1,10,0
2021,1,2,1,20,0
2021,1,2,1,30,0
2021,1,2,1,40,0
2021,1,2,1,50,0
2021,1,2,2,0,0
2021,1,2,2,10,0
2021,1,2,2,20,0
2021,1,2,2,30,0
2021,1,2,2,40,0
2021,1,2,2,50,0
2021,1,2,3,0,0
2021,1,2,3,10,0
2021,1,2,3,20,0
2021,1,2,3,30,0
2021,1,2,3,40,0
2021,1,2,3,50,0
2021,1,2,4,0,0
2021,1,2,4,10,0
2021,1,2,4,20,0
2021,1,2,4,30,0
2021,1,2,4,40,0
2021,1,2,4,50,0
2021,1,2,5,0,0
2021,1,2,5,10,0
2021,1,2,5,20,0
2021,1,2,5,30,0
2021,1,2,5,40,0
2021,1,2,5,50,0
2021,1,2,6,0,0
2021,1,2,6,10,0
2021,1,2,6,20,0
2021,1,2,6,30,0
2021,1,2,6,40,0
2021,1,2,6,50,0
2021,1,2,7,0,0
2021,1,2,7,10,0
2021,1,2,7,20,0
2021,1,2,7,30,0
2021,1,2,7,40,0
2021,1,2,7,50,0
2021,1,2,8,0,0
2021,1,2,8,10,0
2021,1,2,8,20,0
2021,1,2,8,30,0
2021,1,2,8,40,0
2021,1,2,8,50,0
2021,1,2,9,0,0
2021,1,2,9,10,0
2021,1,2,9,20,0
2021,1,2,9,30,0
2021,1,2,9,40,0
2021,1,2,9,50,0
2021,1,2,10,0,29
2021,1,2,10,10,54
2021,1,2,10,20,86
2021,1,2,10,30,120
2021,1,2,10,40,158
2021,1,2,10,50,160
2021,1,2,11,0,238
2021,1,2,11,10,279
2021,1,2,11,20,321
2021,1,2,11,30,363
2021,1,2,11,40,407
2021,1,2,11,50,449
2021,1,2,12,0,491
2021,1,2,12,10,533
2021,1,2,12,20,573
2021,1,2,12,30,614
2021,1,2,12,40,656
2021,1,2,12,50,695
2021,1,2,13,0,732
2021,1,2,13,10,768
2021,1,2,13,20,804
2021,1,2,13,30,838
2021,1,2,13,40,874
2021,1,2,13,50,905
2021,1,2,14,0,935
2021,1,2,14,10,962
2021,1,2,14,20,988
2021,1,2,14,30,1013
2021,1,2,14,40,1047
2021,1,2,14,50,1068
2021,1,2,15,0,1087
2021,1,2,15,10,1104
2021,1,2,15,20,1119
2021,1,2,15,30,1132
2021,1,2,15,40,1143
2021,1,2,15,50,1152
2021,1,2,16,0,1159
2021,1,2,16,10,1163
2021,1,2,16,20,1162
2021,1,2,16,30,1163
2021,1,2,16,40,1162
2021,1,2,16,50,1158
2021,1,2,17,0,1153
2021,1,2,17,10,1144
2021,1,2,17,20,1134
2021,1,2,17,30,1122
2021,1,2,17,40,1105
2021,1,2,17,50,1047
2021,1,2,18,0,1068
2021,1,2,18,10,870
2021,1,2,18,20,683
2021,1,2,18,30,661
2021,1,2,18,40,289
2021,1,2,18,50,140
2021,1,2,19,0,88
2021,1,2,19,10,136
2021,1,2,19,20,98
2021,1,2,19,30,83
2021,1,2,19,40,37
2021,1,2,19,50,22
2021,1,2,20,0,188
2021,1,2,20,10,44
2021,1,2,20,20,29
2021,1,2,20,30,38
2021,1,2,20,40,24
2021,1,2,20,50,27
2021,1,2,21,0,48
2021,1,2,21,10,161
2021,1,2,21,20,245
2021,1,2,21,30,232
2021,1,2,21,40,199
2021,1,2,21,50,5
2021,1,2,22,0,83
2021,1,2,22,10,79
2021,1,2,22,20,23
2021,1,2,22,30,21
2021,1,2,22,40,27
2021,1,2,22,50,26
2021,1,2,23,0,6
2021,1,2,23,10,0
2021,1,2,23,20,0
2021,1,2,23,30,0
2021,1,2,23,40,0
2021,1,2,23,50,0
2021,1,3,0,0,0
2021,1,3,0,10,0
2021,1,3,0,20,0
2021,1,3,0,30,0
2021,1,3,0,40,0
2021,1,3,0,50,0
2021,1,3,1,0,0
2021,1,3,1,10,0
2021,1,3,1,20,0
2021,1,3,1,30,0
2021,1,3,1,40,0
2021,1,3,1,50,0
2021,1,3,2,0,0
2021,1,3,2,10,0
2021,1,3,2,20,0
2021,1,3,2,30,0
2021,1,3,2,40,0
2021,1,3,2,50,0
2021,1,3,3,0,0
2021,1,3,3,10,0
2021,1,3,3,20,0
2021,1,3,3,30,0
2021,1,3,3,40,0
2021,1,3,3,50,0
2021,1,3,4,0,0
2021,1,3,4,10,0
2021,1,3,4,20,0
2021,1,3,4,30,0
2021,1,3,4,40,0
2021,1,3,4,50,0
2021,1,3,5,0,0
2021,1,3,5,10,0
2021,1,3,5,20,0
2021,1,3,5,30,0
2021,1,3,5,40,0
2021,1,3,5,50,0
2021,1,3,6,0,0
2021,1,3,6,10,0
2021,1,3,6,20,0
2021,1,3,6,30,0
2021,1,3,6,40,0
2021,1,3,6,50,0
2021,1,3,7,0,0
2021,1,3,7,10,0
2021,1,3,7,20,0
2021,1,3,7,30,0
2021,1,3,7,40,0
2021,1,3,7,50,0
2021,1,3,8,0,0
2021,1,3,8,10,0
2021,1,3,8,20,0
2021,1,3,8,30,0
2021,1,3,8,40,0
2021,1,3,8,50,0
2021,1,3,9,0,0
2021,1,3,9,10,0
2021,1,3,9,20,0
2021,1,3,9,30,0
2021,1,3,9,40,0
2021,1,3,9,50,0
2021,1,3,10,0,18
2021,1,3,10,10,50
2021,1,3,10,20,93
2021,1,3,10,30,131
2021,1,3,10,40,171
2021,1,3,10,50,212
2021,1,3,11,0,254
2021,1,3,11,10,297
2021,1,3,11,20,340
2021,1,3,11,30,384
2021,1,3,11,40,429
2021,1,3,11,50,472
2021,1,3,12,0,515
2021,1,3,12,10,557
2021,1,3,12,20,599
2021,1,3,12,30,640
2021,1,3,12,40,682
2021,1,3,12,50,721
2021,1,3,13,0,759
2021,1,3,13,10,796
2021,1,3,13,20,831
2021,1,3,13,30,866
2021,1,3,13,40,900
2021,1,3,13,50,934
2021,1,3,14,0,964
2021,1,3,14,10,992
2021,1,3,14,20,1019
2021,1,3,14,30,1044
2021,1,3,14,40,1067
2021,1,3,14,50,1088
2021,1,3,15,0,1107
2021,1,3,15,10,1124
2021,1,3,15,20,1135
2021,1,3,15,30,1148
2021,1,3,15,40,1159
2021,1,3,15,50,1168
2021,1,3,16,0,1175
2021,1,3,16,10,1180
2021,1,3,16,20,1182
2021,1,3,16,30,1183
2021,1,3,16,40,1180
2021,1,3,16,50,1176
2021,1,3,17,0,1170
2021,1,3,17,10,1159
2021,1,3,17,20,1149
2021,1,3,17,30,1136
2021,1,3,17,40,1119
2021,1,3,17,50,1103
2021,1,3,18,0,1085
2021,1,3,18,10,1062
2021,1,3,18,20,1040
2021,1,3,18,30,1016
2021,1,3,18,40,987
2021,1,3,18,50,956
2021,1,3,19,0,928
2021,1,3,19,10,897
2021,1,3,19,20,865
2021,1,3,19,30,829
2021,1,3,19,40,790
2021,1,3,19,50,754
2021,1,3,20,0,717
2021,1,3,20,10,677
2021,1,3,20,20,637
2021,1,3,20,30,597
2021,1,3,20,40,546
2021,1,3,20,50,410
2021,1,3,21,0,444
2021,1,3,21,10,342
2021,1,3,21,20,128
2021,1,3,21,30,231
2021,1,3,21,40,194
2021,1,3,21,50,139
2021,1,3,22,0,40
2021,1,3,22,10,4
2021,1,3,22,20,90
2021,1,3,22,30,66
2021,1,3,22,40,50
2021,1,3,22,50,35
2021,1,3,23,0,15
2021,1,3,23,10,0
2021,1,3,23,20,0
2021,1,3,23,30,0
2021,1,3,23,40,0
2021,1,3,23,50,0
2021,1,4,0,0,0
2021,1,4,0,10,0
2021,1,4,0,20,0
2021,1,4,0,30,0
2021,1,4,0,40,0
2021,1,4,0,50,0
2021,1,4,1,0,0
2021,1,4,1,10,0
2021,1,4,1,20,0
2021,1,4,1,30,0
2021,1,4,1,40,0
2021,1,4,1,50,0
2021,1,4,2,0,0
2021,1,4,2,10,0
2021,1,4,2,20,0
2021,1,4,2,30,0
2021,1,4,2,40,0
2021,1,4,2,50,0
2021,1,4,3,0,0
2021,1,4,3,10,0
2021,1,4,3,20,0
2021,1,4,3,30,0
2021,1,4,3,40,0
2021,1,4,3,50,0
2021,1,4,4,0,0
2021,1,4,4,10,0
2021,1,4,4,20,0
2021,1,4,4,30,0
2021,1,4,4,40,0
2021,1,4,4,50,0
2021,1,4,5,0,0
2021,1,4,5,10,0
2021,1,4,5,20,0
2021,1,4,5,30,0
2021,1,4,5,40,0
2021,1,4,5,50,0
2021,1,4,6,0,0
2021,1,4,6,10,0
2021,1,4,6,20,0
2021,1,4,6,30,0
2021,1,4,6,40,0
2021,1,4,6,50,0
2021,1,4,7,0,0
2021,1,4,7,10,0
2021,1,4,7,20,0
2021,1,4,7,30,0
2021,1,4,7,40,0
2021,1,4,7,50,0
2021,1,4,8,0,0
2021,1,4,8,10,0
2021,1,4,8,20,0
2021,1,4,8,30,0
2021,1,4,8,40,0
2021,1,4,8,50,0
2021,1,4,9,0,0
2021,1,4,9,10,0
2021,1,4,9,20,0
2021,1,4,9,30,0
2021,1,4,9,40,0
2021,1,4,9,50,0
2021,1,4,10,0,21
2021,1,4,10,10,27
2021,1,4,10,20,29
2021,1,4,10,30,89
2021,1,4,10,40,62
2021,1,4,10,50,89
2021,1,4,11,0,73
2021,1,4,11,10,149
2021,1,4,11,20,202
2021,1,4,11,30,288
2021,1,4,11,40,327
2021,1,4,11,50,350
2021,1,4,12,0,98
2021,1,4,12,10,138
2021,1,4,12,20,276
2021,1,4,12,30,331
2021,1,4,12,40,270
2021,1,4,12,50,414
2021,1,4,13,0,655
2021,1,4,13,10,731
2021,1,4,13,20,802
2021,1,4,13,30,760
2021,1,4,13,40,795
2021,1,4,13,50,827
2021,1,4,14,0,957
2021,1,4,14,10,986
2021,1,4,14,20,1012
2021,1,4,14,30,1037
2021,1,4,14,40,887
2021,1,4,14,50,1009
2021,1,4,15,0,1021
2021,1,4,15,10,973
2021,1,4,15,20,1129
2021,1,4,15,30,1139
2021,1,4,15,40,974
2021,1,4,15,50,888
2021,1,4,16,0,348
2021,1,4,16,10,392
2021,1,4,16,20,367
2021,1,4,16,30,713
2021,1,4,16,40,483
2021,1,4,16,50,558
2021,1,4,17,0,551
2021,1,4,17,10,1030
2021,1,4,17,20,1141
2021,1,4,17,30,1129
2021,1,4,17,40,1112
2021,1,4,17,50,1096
2021,1,4,18,0,1078
2021,1,4,18,10,1055
2021,1,4,18,20,1033
2021,1,4,18,30,1009
2021,1,4,18,40,980
2021,1,4,18,50,952
2021,1,4,19,0,738
2021,1,4,19,10,575
2021,1,4,19,20,570
2021,1,4,19,30,825
2021,1,4,19,40,705
2021,1,4,19,50,661
2021,1,4,20,0,609
2021,1,4,20,10,592
2021,1,4,20,20,601
2021,1,4,20,30,483
2021,1,4,20,40,551
2021,1,4,20,50,509
2021,1,4,21,0,468
2021,1,4,21,10,425
2021,1,4,21,20,383
2021,1,4,21,30,264
2021,1,4,21,40,298
2021,1,4,21,50,256
2021,1,4,22,0,215
2021,1,4,22,10,175
2021,1,4,22,20,137
2021,1,4,22,30,100
2021,1,4,22,40,67
2021,1,4,22,50,24
2021,1,4,23,0,9
2021,1,4,23,10,0
2021,1,4,23,20,0
2021,1,4,23,30,0
2021,1,4,23,40,0
2021,1,4,23,50,0
2021,1,5,0,0,0
2021,1,5,0,10,0
2021,1,5,0,20,0
2021,1,5,0,30,0
2021,1,5,0,40,0
2021,1,5,0,50,0
2021,1,5,1,0,0
2021,1,5,1,10,0
2021,1,5,1,20,0
2021,1,5,1,30,0
2021,1,5,1,40,0
2021,1,5,1,50,0
2021,1,5,2,0,0
2021,1,5,2,10,0
2021,1,5,2,20,0
2021,1,5,2,30,0
2021,1,5,2,40,0
2021,1,5,2,50,0
2021,1,5,3,0,0
2021,1,5,3,10,0
2021,1,5,3,20,0
2021,1,5,3,30,0
2021,1,5,3,40,0
2021,1,5,3,50,0
2021,1,5,4,0,0
2021,1,5,4,10,0
2021,1,5,4,20,0
2021,1,5,4,30,0
2021,1,5,4,40,0
2021,1,5,4,50,0
2021,1,5,5,0,0
2021,1,5,5,10,0
2021,1,5,5,20,0
2021,1,5,5,30,0
2021,1,5,5,40,0
2021,1,5,5,50,0
2021,1,5,6,0,0
2021,1,5,6,10,0
2021,1,5,6,20,0
2021,1,5,6,30,0
2021,1,5,6,40,0
2021,1,5,6,50,0
2021,1,5,7,0,0
2021,1,5,7,10,0
2021,1,5,7,20,0
2021,1,5,7,30,0
2021,1,5,7,40,0
2021,1,5,7,50,0
2021,1,5,8,0,0
2021,1,5,8,10,0
2021,1,5,8,20,0
2021,1,5,8,30,0
2021,1,5,8,40,0
2021,1,5,8,50,0
2021,1,5,9,0,0
2021,1,5,9,10,0
2021,1,5,9,20,0
2021,1,5,9,30,0
2021,1,5,9,40,0
2021,1,5,9,50,0
2021,1,5,10,0,14
2021,1,5,10,10,29
2021,1,5,10,20,66
2021,1,5,10,30,74
2021,1,5,10,40,103
2021,1,5,10,50,168
2021,1,5,11,0,195
2021,1,5,11,10,151
2021,1,5,11,20,181
2021,1,5,11,30,267
2021,1,5,11,40,329
2021,1,5,11,50,204
2021,1,5,12,0,254
2021,1,5,12,10,408
2021,1,5,12,20,430
2021,1,5,12,30,562
2021,1,5,12,40,581
2021,1,5,12,50,620
2021,1,5,13,0,657
2021,1,5,13,10,731
2021,1,5,13,20,776
2021,1,5,13,30,838
2021,1,5,13,40,876
2021,1,5,13,50,908
2021,1,5,14,0,938
2021,1,5,14,10,966
2021,1,5,14,20,993
2021,1,5,14,30,1018
2021,1,5,14,40,1057
2021,1,5,14,50,1078
2021,1,5,15,0,851
2021,1,5,15,10,932
2021,1,5,15,20,975
2021,1,5,15,30,1091
2021,1,5,15,40,925
2021,1,5,15,50,985
2021,1,5,16,0,1171
2021,1,5,16,10,1080
2021,1,5,16,20,957
2021,1,5,16,30,430
2021,1,5,16,40,438
2021,1,5,16,50,787
2021,1,5,17,0,1027
2021,1,5,17,10,1091
2021,1,5,17,20,959
2021,1,5,17,30,976
2021,1,5,17,40,947
2021,1,5,17,50,956
2021,1,5,18,0,1005
2021,1,5,18,10,988
2021,1,5,18,20,1038
2021,1,5,18,30,753
2021,1,5,18,40,912
2021,1,5,18,50,957
2021,1,5,19,0,928
2021,1,5,19,10,898
2021,1,5,19,20,866
2021,1,5,19,30,821
2021,1,5,19,40,376
2021,1,5,19,50,296
2021,1,5,20,0,424
2021,1,5,20,10,330
2021,1,5,20,20,339
2021,1,5,20,30,400
2021,1,5,20,40,480
2021,1,5,20,50,520
2021,1,5,21,0,413
2021,1,5,21,10,290
2021,1,5,21,20,361
2021,1,5,21,30,351
2021,1,5,21,40,309
2021,1,5,21,50,267
2021,1,5,22,0,201
2021,1,5,22,10,101
2021,1,5,22,20,122
2021,1,5,22,30,41
2021,1,5,22,40,6
2021,1,5,22,50,22
2021,1,5,23,0,7
2021,1,5,23,10,0
2021,1,5,23,20,0
2021,1,5,23,30,0
2021,1,5,23,40,0
2021,1,5,23,50,0
2021,1,6,0,0,0
2021,1,6,0,10,0
2021,1,6,0,20,0
2021,1,6,0,30,0
2021,1,6,0,40,0
2021,1,6,0,50,0
2021,1,6,1,0,0
2021,1,6,1,10,0
2021,1,6,1,20,0
2021,1,6,1,30,0
2021,1,6,1,40,0
2021,1,6,1,50,0
2021,1,6,2,0,0
2021,1,6,2,10,0
2021,1,6,2,20,0
2021,1,6,2,30,0
2021,1,6,2,40,0
2021,1,6,2,50,0
2021,1,6,3,0,0
2021,1,6,3,10,0
2021,1,6,3,20,0
2021,1,6,3,30,0
2021,1,6,3,40,0
2021,1,6,3,50,0
2021,1,6,4,0,0
2021,1,6,4,10,0
2021,1,6,4,20,0
2021,1,6,4,30,0
2021,1,6,4,40,0
2021,1,6,4,50,0
2021,1,6,5,0,0
2021,1,6,5,10,0
2021,1,6,5,20,0
2021,1,6,5,30,0
2021,1,6,5,40,0
2021,1,6,5,50,0
2021,1,6,6,0,0
2021,1,6,6,10,0
2021,1,6,6,20,0
2021,1,6,6,30,0
2021,1,6,6,40,0
2021,1,6,6,50,0
2021,1,6,7,0,0
2021,1,6,7,10,0
2021,1,6,7,20,0
2021,1,6,7,30,0
2021,1,6,7,40,0
2021,1,6,7,50,0
2021,1,6,8,0,0
2021,1,6,8,10,0
2021,1,6,8,20,0
2021,1,6,8,30,0
2021,1,6,8,40,0
2021,1,6,8,50,0
2021,1,6,9,0,0
2021,1,6,9,10,0
2021,1,6,9,20,0
2021,1,6,9,30,0
2021,1,6,9,40,0
2021,1,6,9,50,0
2021,1,6,10,0,13
2021,1,6,10,10,24
2021,1,6,10,20,43
2021,1,6,10,30,44
2021,1,6,10,40,67
2021,1,6,10,50,29
2021,1,6,11,0,23
2021,1,6,11,10,130
2021,1,6,11,20,161
2021,1,6,11,30,175
2021,1,6,11,40,257
2021,1,6,11,50,376
2021,1,6,12,0,394
2021,1,6,12,10,451
2021,1,6,12,20,598
2021,1,6,12,30,640
2021,1,6,12,40,682
2021,1,6,12,50,722
2021,1,6,13,0,760
2021,1,6,13,10,797
2021,1,6,13,20,711
2021,1,6,13,30,702
2021,1,6,13,40,491
2021,1,6,13,50,553
2021,1,6,14,0,591
2021,1,6,14,10,794
2021,1,6,14,20,1018
2021,1,6,14,30,781
2021,1,6,14,40,846
2021,1,6,14,50,845
2021,1,6,15,0,821
2021,1,6,15,10,944
2021,1,6,15,20,925
2021,1,6,15,30,1144
2021,1,6,15,40,1154
2021,1,6,15,50,1163
2021,1,6,16,0,1170
2021,1,6,16,10,545
2021,1,6,16,20,1049
2021,1,6,16,30,842
2021,1,6,16,40,976
2021,1,6,16,50,1168
2021,1,6,17,0,1159
2021,1,6,17,10,1105
2021,1,6,17,20,952
2021,1,6,17,30,1005
2021,1,6,17,40,587
2021,1,6,17,50,735
2021,1,6,18,0,880
2021,1,6,18,10,846
2021,1,6,18,20,462
2021,1,6,18,30,747
2021,1,6,18,40,720
2021,1,6,18,50,739
2021,1,6,19,0,929
2021,1,6,19,10,899
2021,1,6,19,20,867
2021,1,6,19,30,834
2021,1,6,19,40,800
2021,1,6,19,50,764
2021,1,6,20,0,724
2021,1,6,20,10,686
2021,1,6,20,20,647
2021,1,6,20,30,607
2021,1,6,20,40,566
2021,1,6,20,50,524
2021,1,6,21,0,482
2021,1,6,21,10,393
2021,1,6,21,20,336
2021,1,6,21,30,207
2021,1,6,21,40,259
2021,1,6,21,50,176
2021,1,6,22,0,210
2021,1,6,22,10,184
2021,1,6,22,20,90
2021,1,6,22,30,78
2021,1,6,22,40,47
2021,1,6,22,50,34
2021,1,6,23,0,11
2021,1,6,23,10,0
2021,1,6,23,20,0
2021,1,6,23,30,0
2021,1,6,23,40,0
2021,1,6,23,50,0
2021,1,7,0,0,0
2021,1,7,0,10,0
2021,1,7,0,20,0
2021,1,7,0,30,0
2021,1,7,0,40,0
2021,1,7,0,50,0
2021,1,7,1,0,0
2021,1,7,1,10,0
2021,1,7,1,20,0
2021,1,7,1,30,0
2021,1,7,1,40,0
2021,1,7,1,50,0
2021,1,7,2,0,0
2021,1,7,2,10,0
2021,1,7,2,20,0
2021,1,7,2,30,0
2021,1,7,2,40,0
2021,1,7,2,50,0
2021,1,7,3,0,0
2021,1,7,3,10,0
2021,1,7,3,20,0
2021,1,7,3,30,0
2021,1,7,3,40,0
2021,1,7,3,50,0
2021,1,7,4,0,0
2021,1,7,4,10,0
2021,1,7,4,20,0
2021,1,7,4,30,0
2021,1,7,4,40,0
2021,1,7,4,50,0
2021,1,7,5,0,0
2021,1,7,5,10,0
2021,1,7,5,20,0
2021,1,7,5,30,0
2021,1,7,5,40,0
2021,1,7,5,50,0
2021,1,7,6,0,0
2021,1,7,6,10,0
2021,1,7,6,20,0
2021,1,7,6,30,0
2021,1,7,6,40,0
2021,1,7,6,50,0
2021,1,7,7,0,0
2021,1,7,7,10,0
2021,1,7,7,20,0
2021,1,7,7,30,0
2021,1,7,7,40,0
2021,1,7,7,50,0
2021,1,7,8,0,0
2021,1,7,8,10,0
2021,1,7,8,20,0
2021,1,7,8,30,0
2021,1,7,8,40,0
2021,1,7,8,50,0
2021,1,7,9,0,0
2021,1,7,9,10,0
2021,1,7,9,20,0
2021,1,7,9,30,0
2021,1,7,9,40,0
2021,1,7,9,50,0
2021,1,7,10,0,10
2021,1,7,10,10,15
2021,1,7,10,20,21
2021,1,7,10,30,33
2021,1,7,10,40,36
2021,1,7,10,50,77
2021,1,7,11,0,94
2021,1,7,11,10,99
2021,1,7,11,20,196
2021,1,7,11,30,236
2021,1,7,11,40,302
2021,1,7,11,50,341
2021,1,7,12,0,326
2021,1,7,12,10,390
2021,1,7,12,20,434
2021,1,7,12,30,424
2021,1,7,12,40,457
2021,1,7,12,50,547
2021,1,7,13,0,591
2021,1,7,13,10,551
2021,1,7,13,20,670
2021,1,7,13,30,546
2021,1,7,13,40,743
2021,1,7,13,50,611
2021,1,7,14,0,942
2021,1,7,14,10,770
2021,1,7,14,20,900
2021,1,7,14,30,769
2021,1,7,14,40,783
2021,1,7,14,50,1024
2021,1,7,15,0,1090
2021,1,7,15,10,1107
2021,1,7,15,20,1122
2021,1,7,15,30,1021
2021,1,7,15,40,1147
2021,1,7,15,50,1156
2021,1,7,16,0,1164
2021,1,7,16,10,1052
2021,1,7,16,20,970
2021,1,7,16,30,1108
2021,1,7,16,40,914
2021,1,7,16,50,613
2021,1,7,17,0,285
2021,1,7,17,10,314
2021,1,7,17,20,536
2021,1,7,17,30,858
2021,1,7,17,40,1111
2021,1,7,17,50,1093
2021,1,7,18,0,1075
2021,1,7,18,10,1055
2021,1,7,18,20,1034
2021,1,7,18,30,1010
2021,1,7,18,40,979
2021,1,7,18,50,832
2021,1,7,19,0,923
2021,1,7,19,10,29
2021,1,7,19,20,59
2021,1,7,19,30,752
2021,1,7,19,40,772
2021,1,7,19,50,756
2021,1,7,20,0,719
2021,1,7,20,10,681
2021,1,7,20,20,642
2021,1,7,20,30,602
2021,1,7,20,40,555
2021,1,7,20,50,512
2021,1,7,21,0,470
2021,1,7,21,10,428
2021,1,7,21,20,385
2021,1,7,21,30,343
2021,1,7,21,40,301
2021,1,7,21,50,259
2021,1,7,22,0,218
2021,1,7,22,10,177
2021,1,7,22,20,139
2021,1,7,22,30,78
2021,1,7,22,40,45
2021,1,7,22,50,22
2021,1,7,23,0,7
2021,1,7,23,10,0
2021,1,7,23,20,0
2021,1,7,23,30,0
2021,1,7,23,40,0
2021,1,7,23,50,0
2021,1,8,0,0,0
2021,1,8,0,10,0
2021,1,8,0,20,0
2021,1,8,0,30,0
2021,1,8,0,40,0
2021,1,8,0,50,0
2021,1,8,1,0,0
2021,1,8,1,10,0
2021,1,8,1,20,0
2021,1,8,1,30,0
2021,1,8,1,40,0
2021,1,8,1,50,0
2021,1,8,2,0,0
2021,1,8,2,10,0
2021,1,8,2,20,0
2021,1,8,2,30,0
2021,1,8,2,40,0
2021,1,8,2,50,0
2021,1,8,3,0,0
2021,1,8,3,10,0
2021,1,8,3,20,0
2021,1,8,3,30,0
2021,1,8,3,40,0
2021,1,8,3,50,0
2021,1,8,4,0,0
2021,1,8,4,10,0
2021,1,8,4,20,0
2021,1,8,4,30,0
2021,1,8,4,40,0
2021,1,8,4,50,0
2021,1,8,5,0,0
2021,1,8,5,10,0
2021,1,8,5,20,0
2021,1,8,5,30,0
2021,1,8,5,40,0
2021,1,8,5,50,0
2021,1,8,6,0,0
2021,1,8,6,10,0
2021,1,8,6,20,0
2021,1,8,6,30,0
2021,1,8,6,40,0
2021,1,8,6,50,0
2021,1,8,7,0,0
2021,1,8,7,10,0
2021,1,8,7,20,0
2021,1,8,7,30,0
2021,1,8,7,40,0
2021,1,8,7,50,0
2021,1,8,8,0,0
2021,1,8,8,10,0
2021,1,8,8,20,0
2021,1,8,8,30,0
2021,1,8,8,40,0
2021,1,8,8,50,0
2021,1,8,9,0,0
2021,1,8,9,10,0
2021,1,8,9,20,0
2021,1,8,9,30,0
2021,1,8,9,40,0
2021,1,8,9,50,0
2021,1,8,10,0,14
2021,1,8,10,10,33
2021,1,8,10,20,58
2021,1,8,10,30,114
2021,1,8,10,40,154
2021,1,8,10,50,194
2021,1,8,11,0,236
2021,1,8,11,10,278
2021,1,8,11,20,321
2021,1,8,11,30,364
2021,1,8,11,40,408
2021,1,8,11,50,451
2021,1,8,12,0,494
2021,1,8,12,10,536
2021,1,8,12,20,578
2021,1,8,12,30,619
2021,1,8,12,40,660
2021,1,8,12,50,700
2021,1,8,13,0,738
2021,1,8,13,10,565
2021,1,8,13,20,811
2021,1,8,13,30,845
2021,1,8,13,40,880
2021,1,8,13,50,777
2021,1,8,14,0,775
2021,1,8,14,10,800
2021,1,8,14,20,822
2021,1,8,14,30,1022
2021,1,8,14,40,1046
2021,1,8,14,50,1067
2021,1,8,15,0,1086
2021,1,8,15,10,1104
2021,1,8,15,20,1120
2021,1,8,15,30,1130
2021,1,8,15,40,1142
2021,1,8,15,50,1151
2021,1,8,16,0,1109
2021,1,8,16,10,1163
2021,1,8,16,20,1166
2021,1,8,16,30,1167
2021,1,8,16,40,1168
2021,1,8,16,50,1164
2021,1,8,17,0,1054
2021,1,8,17,10,1151
2021,1,8,17,20,1141
2021,1,8,17,30,1130
2021,1,8,17,40,1116
2021,1,8,17,50,1100
2021,1,8,18,0,1083
2021,1,8,18,10,1063
2021,1,8,18,20,1041
2021,1,8,18,30,1018
2021,1,8,18,40,994
2021,1,8,18,50,967
2021,1,8,19,0,938
2021,1,8,19,10,908
2021,1,8,19,20,876
2021,1,8,19,30,843
2021,1,8,19,40,808
2021,1,8,19,50,772
2021,1,8,20,0,735
2021,1,8,20,10,696
2021,1,8,20,20,657
2021,1,8,20,30,617
2021,1,8,20,40,574
2021,1,8,20,50,532
2021,1,8,21,0,489
2021,1,8,21,10,446
2021,1,8,21,20,403
2021,1,8,21,30,360
2021,1,8,21,40,315
2021,1,8,21,50,258
2021,1,8,22,0,228
2021,1,8,22,10,187
2021,1,8,22,20,147
2021,1,8,22,30,109
2021,1,8,22,40,74
2021,1,8,22,50,43
2021,1,8,23,0,20
2021,1,8,23,10,0
2021,1,8,23,20,0
2021,1,8,23,30,0
2021,1,8,23,40,0
2021,1,8,23,50,0
2021,1,9,0,0,0
2021,1,9,0,10,0
2021,1,9,0,20,0
2021,1,9,0,30,0
2021,1,9,0,40,0
2021,1,9,0,50,0
2021,1,9,1,0,0
2021,1,9,1,10,0
2021,1,9,1,20,0
2021,1,9,1,30,0
2021,1,9,1,40,0
2021,1,9,1,50,0
2021,1,9,2,0,0
2021,1,9,2,10,0
2021,1,9,2,20,0
2021,1,9,2,30,0
2021,1,9,2,40,0
2021,1,9,2,50,0
2021,1,9,3,0,0
2021,1,9,3,10,0
2021,1,9,3,20,0
2021,1,9,3,30,0
2021,1,9,3,40,0
2021,1,9,3,50,0
2021,1,9,4,0,0
2021,1,9,4,10,0
2021,1,9,4,20,0
2021,1,9,4,30,0
2021,1,9,4,40,0
2021,1,9,4,50,0
2021,1,9,5,0,0
2021,1,9,5,10,0
2021,1,9,5,20,0
2021,1,9,5,30,0
2021,1,9,5,40,0
2021,1,9,5,50,0
2021,1,9,6,0,0
2021,1,9,6,10,0
2021,1,9,6,20,0
2021,1,9,6,30,0
2021,1,9,6,40,0
2021,1,9,6,50,0
2021,1,9,7,0,0
2021,1,9,7,10,0
2021,1,9,7,20,0
2021,1,9,7,30,0
2021,1,9,7,40,0
2021,1,9,7,50,0
2021,1,9,8,0,0
2021,1,9,8,10,0
2021,1,9,8,20,0
2021,1,9,8,30,0
2021,1,9,8,40,0
2021,1,9,8,50,0
2021,1,9,9,0,0
2021,1,9,9,10,0
2021,1,9,9,20,0
2021,1,9,9,30,0
2021,1,9,9,40,0
2021,1,9,9,50,0
2021,1,9,10,0,14
2021,1,9,10,10,34
2021,1,9,10,20,59
2021,1,9,10,30,96
2021,1,9,10,40,132
2021,1,9,10,50,165
2021,1,9,11,0,172
2021,1,9,11,10,249
2021,1,9,11,20,301
2021,1,9,11,30,280
2021,1,9,11,40,334
2021,1,9,11,50,467
2021,1,9,12,0,511
2021,1,9,12,10,451
2021,1,9,12,20,489
2021,1,9,12,30,516
2021,1,9,12,40,680
2021,1,9,12,50,720
2021,1,9,13,0,758
2021,1,9,13,10,793
2021,1,9,13,20,829
2021,1,9,13,30,864
2021,1,9,13,40,897
2021,1,9,13,50,929
2021,1,9,14,0,960
2021,1,9,14,10,989
2021,1,9,14,20,1016
2021,1,9,14,30,1037
2021,1,9,14,40,1060
2021,1,9,14,50,1082
2021,1,9,15,0,1102
2021,1,9,15,10,1116
2021,1,9,15,20,1131
2021,1,9,15,30,1145
2021,1,9,15,40,1155
2021,1,9,15,50,1165
2021,1,9,16,0,1168
2021,1,9,16,10,1174
2021,1,9,16,20,1177
2021,1,9,16,30,1178
2021,1,9,16,40,1172
2021,1,9,16,50,1169
2021,1,9,17,0,1164
2021,1,9,17,10,1156
2021,1,9,17,20,1143
2021,1,9,17,30,1132
2021,1,9,17,40,1115
2021,1,9,17,50,1099
2021,1,9,18,0,1078
2021,1,9,18,10,1059
2021,1,9,18,20,1037
2021,1,9,18,30,1014
2021,1,9,18,40,984
2021,1,9,18,50,958
2021,1,9,19,0,929
2021,1,9,19,10,899
2021,1,9,19,20,867
2021,1,9,19,30,832
2021,1,9,19,40,798
2021,1,9,19,50,762
2021,1,9,20,0,725
2021,1,9,20,10,687
2021,1,9,20,20,646
2021,1,9,20,30,606
2021,1,9,20,40,562
2021,1,9,20,50,521
2021,1,9,21,0,479
2021,1,9,21,10,331
2021,1,9,21,20,394
2021,1,9,21,30,351
2021,1,9,21,40,284
2021,1,9,21,50,266
2021,1,9,22,0,224
2021,1,9,22,10,183
2021,1,9,22,20,144
2021,1,9,22,30,107
2021,1,9,22,40,74
2021,1,9,22,50,43
2021,1,9,23,0,11
2021,1,9,23,10,0
2021,1,9,23,20,0
2021,1,9,23,30,0
2021,1,9,23,40,0
2021,1,9,23,50,0
2021,1,10,0,0,0
2021,1,10,0,10,0
2021,1,10,0,20,0
2021,1,10,0,30,0
2021,1,10,0,40,0
2021,1,10,0,50,0
2021,1,10,1,0,0
2021,1,10,1,10,0
2021,1,10,1,20,0
2021,1,10,1,30,0
2021,1,10,1,40,0
2021,1,10,1,50,0
2021,1,10,2,0,0
2021,1,10,2,10,0
2021,1,10,2,20,0
2021,1,10,2,30,0
2021,1,10,2,40,0
2021,1,10,2,50,0
2021,1,10,3,0,0
2021,1,10,3,10,0
2021,1,10,3,20,0
2021,1,10,3,30,0
2021,1,10,3,40,0
2021,1,10,3,50,0
2021,1,10,4,0,0
2021,1,10,4,10,0
2021,1,10,4,20,0
2021,1,10,4,30,0
2021,1,10,4,40,0
2021,1,10,4,50,0
2021,1,10,5,0,0
2021,1,10,5,10,0
2021,1,10,5,20,0
2021,1,10,5,30,0
2021,1,10,5,40,0
2021,1,10,5,50,0
2021,1,10,6,0,0
2021,1,10,6,10,0
2021,1,10,6,20,0
2021,1,10,6,30,0
2021,1,10,6,40,0
2021,1,10,6,50,0
2021,1,10,7,0,0
2021,1,10,7,10,0
2021,1,10,7,20,0
2021,1,10,7,30,0
2021,1,10,7,40,0
2021,1,10,7,50,0
2021,1,10,8,0,0
2021,1,10,8,10,0
2021,1,10,8,20,0
2021,1,10,8,30,0
2021,1,10,8,40,0
2021,1,10,8,50,0
2021,1,10,9,0,0
2021,1,10,9,10,0
2021,1,10,9,20,0
2021,1,10,9,30,0
2021,1,10,9,40,0
2021,1,10,9,50,0
2021,1,10,10,0,11
2021,1,10,10,10,28
2021,1,10,10,20,45
2021,1,10,10,30,39
2021,1,10,10,40,59
2021,1,10,10,50,60
2021,1,10,11,0,66
2021,1,10,11,10,122
2021,1,10,11,20,241
2021,1,10,11,30,260
2021,1,10,11,40,317
2021,1,10,11,50,387
2021,1,10,12,0,503
2021,1,10,12,10,545
2021,1,10,12,20,589
2021,1,10,12,30,502
2021,1,10,12,40,542
2021,1,10,12,50,481
2021,1,10,13,0,748
2021,1,10,13,10,785
2021,1,10,13,20,821
2021,1,10,13,30,856
2021,1,10,13,40,889
2021,1,10,13,50,921
2021,1,10,14,0,951
2021,1,10,14,10,979
2021,1,10,14,20,826
2021,1,10,14,30,934
2021,1,10,14,40,1054
2021,1,10,14,50,1076
2021,1,10,15,0,951
2021,1,10,15,10,976
2021,1,10,15,20,1129
2021,1,10,15,30,983
2021,1,10,15,40,980
2021,1,10,15,50,999
2021,1,10,16,0,994
2021,1,10,16,10,1021
2021,1,10,16,20,1006
2021,1,10,16,30,1026
2021,1,10,16,40,1030
2021,1,10,16,50,988
2021,1,10,17,0,1019
2021,1,10,17,10,1015
2021,1,10,17,20,990
2021,1,10,17,30,962
2021,1,10,17,40,948
2021,1,10,17,50,980
2021,1,10,18,0,529
2021,1,10,18,10,877
2021,1,10,18,20,1046
2021,1,10,18,30,1023
2021,1,10,18,40,992
2021,1,10,18,50,935
2021,1,10,19,0,840
2021,1,10,19,10,655
2021,1,10,19,20,437
2021,1,10,19,30,839
2021,1,10,19,40,787
2021,1,10,19,50,713
2021,1,10,20,0,428
2021,1,10,20,10,538
2021,1,10,20,20,385
2021,1,10,20,30,150
2021,1,10,20,40,413
2021,1,10,20,50,344
2021,1,10,21,0,362
2021,1,10,21,10,397
2021,1,10,21,20,323
2021,1,10,21,30,275
2021,1,10,21,40,145
2021,1,10,21,50,217
2021,1,10,22,0,128
2021,1,10,22,10,88
2021,1,10,22,20,84
2021,1,10,22,30,79
2021,1,10,22,40,53
2021,1,10,22,50,33
2021,1,10,23,0,14
2021,1,10,23,10,0
2021,1,10,23,20,0
2021,1,10,23,30,0
2021,1,10,23,40,0
2021,1,10,23,50,0
2021,1,11,0,0,0
2021,1,11,0,10,0
2021,1,11,0,20,0
2021,1,11,0,30,0
2021,1,11,0,40,0
2021,1,11,0,50,0
2021,1,11,1,0,0
2021,1,11,1,10,0
2021,1,11,1,20,0
2021,1,11,1,30,0
2021,1,11,1,40,0
2021,1,11,1,50,0
2021,1,11,2,0,0
2021,1,11,2,10,0
2021,1,11,2,20,0
2021,1,11,2,30,0
2021,1,11,2,40,0
2021,1,11,2,50,0
2021,1,11,3,0,0
2021,1,11,3,10,0
2021,1,11,3,20,0
2021,1,11,3,30,0
2021,1,11,3,40,0
2021,1,11,3,50,0
2021,1,11,4,0,0
2021,1,11,4,10,0
2021,1,11,4,20,0
2021,1,11,4,30,0
2021,1,11,4,40,0
2021,1,11,4,50,0
2021,1,11,5,0,0
2021,1,11,5,10,0
2021,1,11,5,20,0
2021,1,11,5,30,0
2021,1,11,5,40,0
2021,1,11,5,50,0
2021,1,11,6,0,0
2021,1,11,6,10,0
2021,1,11,6,20,0
2021,1,11,6,30,0
2021,1,11,6,40,0
2021,1,11,6,50,0
2021,1,11,7,0,0
2021,1,11,7,10,0
2021,1,11,7,20,0
2021,1,11,7,30,0
2021,1,11,7,40,0
2021,1,11,7,50,0
2021,1,11,8,0,0
2021,1,11,8,10,0
2021,1,11,8,20,0
2021,1,11,8,30,0
2021,1,11,8,40,0
2021,1,11,8,50,0
2021,1,11,9,0,0
2021,1,11,9,10,0
2021,1,11,9,20,0
2021,1,11,9,30,0
2021,1,11,9,40,0
2021,1,11,9,50,0
2021,1,11,10,0,10
2021,1,11,10,10,27
2021,1,11,10,20,52
2021,1,11,10,30,60
2021,1,11,10,40,85
2021,1,11,10,50,119
2021,1,11,11,0,161
2021,1,11,11,10,201
2021,1,11,11,20,322
2021,1,11,11,30,366
2021,1,11,11,40,311
2021,1,11,11,50,459
2021,1,11,12,0,503
2021,1,11,12,10,546
2021,1,11,12,20,588
2021,1,11,12,30,630
2021,1,11,12,40,676
2021,1,11,12,50,716
2021,1,11,13,0,755
2021,1,11,13,10,793
2021,1,11,13,20,829
2021,1,11,13,30,864
2021,1,11,13,40,899
2021,1,11,13,50,931
2021,1,11,14,0,962
2021,1,11,14,10,991
2021,1,11,14,20,1018
2021,1,11,14,30,1044
2021,1,11,14,40,1068
2021,1,11,14,50,1090
2021,1,11,15,0,1110
2021,1,11,15,10,1128
2021,1,11,15,20,1144
2021,1,11,15,30,993
2021,1,11,15,40,1169
2021,1,11,15,50,1179
2021,1,11,16,0,1187
2021,1,11,16,10,1187
2021,1,11,16,20,1191
2021,1,11,16,30,1192
2021,1,11,16,40,1191
2021,1,11,16,50,1187
2021,1,11,17,0,1182
2021,1,11,17,10,1175
2021,1,11,17,20,1161
2021,1,11,17,30,1150
2021,1,11,17,40,1135
2021,1,11,17,50,1119
2021,1,11,18,0,1101
2021,1,11,18,10,1082
2021,1,11,18,20,1056
2021,1,11,18,30,995
2021,1,11,18,40,1007
2021,1,11,18,50,980
2021,1,11,19,0,781
2021,1,11,19,10,918
2021,1,11,19,20,886
2021,1,11,19,30,852
2021,1,11,19,40,813
2021,1,11,19,50,777
2021,1,11,20,0,740
2021,1,11,20,10,699
2021,1,11,20,20,660
2021,1,11,20,30,619
2021,1,11,20,40,574
2021,1,11,20,50,530
2021,1,11,21,0,488
2021,1,11,21,10,384
2021,1,11,21,20,288
2021,1,11,21,30,124
2021,1,11,21,40,109
2021,1,11,21,50,57
2021,1,11,22,0,68
2021,1,11,22,10,18
2021,1,11,22,20,58
2021,1,11,22,30,41
2021,1,11,22,40,29
2021,1,11,22,50,18
2021,1,11,23,0,9
2021,1,11,23,10,0
2021,1,11,23,20,0
2021,1,11,23,30,0
2021,1,11,23,40,0
2021,1,11,23,50,0
2021,1,12,0,0,0
2021,1,12,0,10,0
2021,1,12,0,20,0
2021,1,12,0,30,0
2021,1,12,0,40,0
2021,1,12,0,50,0
2021,1,12,1,0,0
2021,1,12,1,10,0
2021,1,12,1,20,0
2021,1,12,1,30,0
2021,1,12,1,40,0
2021,1,12,1,50,0
2021,1,12,2,0,0
2021,1,12,2,10,0
2021,1,12,2,20,0
2021,1,12,2,30,0
2021,1,12,2,40,0
2021,1,12,2,50,0
2021,1,12,3,0,0
2021,1,12,3,10,0
2021,1,12,3,20,0
2021,1,12,3,30,0
2021,1,12,3,40,0
2021,1,12,3,50,0
2021,1,12,4,0,0
2021,1,12,4,10,0
2021,1,12,4,20,0
2021,1,12,4,30,0
2021,1,12,4,40,0
2021,1,12,4,50,0
2021,1,12,5,0,0
2021,1,12,5,10,0
2021,1,12,5,20,0
2021,1,12,5,30,0
2021,1,12,5,40,0
2021,1,12,5,50,0
2021,1,12,6,0,0
2021,1,12,6,10,0
2021,1,12,6,20,0
2021,1,12,6,30,0
2021,1,12,6,40,0
2021,1,12,6,50,0
2021,1,12,7,0,0
2021,1,12,7,10,0
2021,1,12,7,20,0
2021,1,12,7,30,0
2021,1,12,7,40,0
2021,1,12,7,50,0
2021,1,12,8,0,0
2021,1,12,8,10,0
2021,1,12,8,20,0
2021,1,12,8,30,0
2021,1,12,8,40,0
2021,1,12,8,50,0
2021,1,12,9,0,0
2021,1,12,9,10,0
2021,1,12,9,20,0
2021,1,12,9,30,0
2021,1,12,9,40,0
2021,1,12,9,50,0
2021,1,12,10,0,10
2021,1,12,10,10,28
2021,1,12,10,20,45
2021,1,12,10,30,75
2021,1,12,10,40,104
2021,1,12,10,50,130
2021,1,12,11,0,157
2021,1,12,11,10,192
2021,1,12,11,20,168
2021,1,12,11,30,131
2021,1,12,11,40,200
2021,1,12,11,50,290
2021,1,12,12,0,365
2021,1,12,12,10,403
2021,1,12,12,20,490
2021,1,12,12,30,605
2021,1,12,12,40,643
2021,1,12,12,50,697
2021,1,12,13,0,685
2021,1,12,13,10,773
2021,1,12,13,20,809
2021,1,12,13,30,803
2021,1,12,13,40,785
2021,1,12,13,50,837
2021,1,12,14,0,864
2021,1,12,14,10,848
2021,1,12,14,20,926
2021,1,12,14,30,885
2021,1,12,14,40,1047
2021,1,12,14,50,1069
2021,1,12,15,0,1086
2021,1,12,15,10,1104
2021,1,12,15,20,1120
2021,1,12,15,30,1133
2021,1,12,15,40,1146
2021,1,12,15,50,1156
2021,1,12,16,0,1163
2021,1,12,16,10,1094
2021,1,12,16,20,752
2021,1,12,16,30,798
2021,1,12,16,40,859
2021,1,12,16,50,533
2021,1,12,17,0,482
2021,1,12,17,10,626
2021,1,12,17,20,437
2021,1,12,17,30,962
2021,1,12,17,40,910
2021,1,12,17,50,916
2021,1,12,18,0,435
2021,1,12,18,10,947
2021,1,12,18,20,992
2021,1,12,18,30,973
2021,1,12,18,40,796
2021,1,12,18,50,562
2021,1,12,19,0,766
2021,1,12,19,10,717
2021,1,12,19,20,666
2021,1,12,19,30,565
2021,1,12,19,40,343
2021,1,12,19,50,349
2021,1,12,20,0,359
2021,1,12,20,10,262
2021,1,12,20,20,205
2021,1,12,20,30,64
2021,1,12,20,40,63
2021,1,12,20,50,26
2021,1,12,21,0,25
2021,1,12,21,10,57
2021,1,12,21,20,81
2021,1,12,21,30,74
2021,1,12,21,40,98
2021,1,12,21,50,82
2021,1,12,22,0,12
2021,1,12,22,10,32
2021,1,12,22,20,50
2021,1,12,22,30,43
2021,1,12,22,40,35
2021,1,12,22,50,24
2021,1,12,23,0,8
2021,1,12,23,10,0
2021,1,12,23,20,0
2021,1,12,23,30,0
2021,1,12,23,40,0
2021,1,12,23,50,0
2021,1,13,0,0,0
2021,1,13,0,10,0
2021,1,13,0,20,0
2021,1,13,0,30,0
2021,1,13,0,40,0
2021,1,13,0,50,0
2021,1,13,1,0,0
2021,1,13,1,10,0
2021,1,13,1,20,0
2021,1,13,1,30,0
2021,1,13,1,40,0
2021,1,13,1,50,0
2021,1,13,2,0,0
2021,1,13,2,10,0
2021,1,13,2,20,0
2021,1,13,2,30,0
2021,1,13,2,40,0
2021,1,13,2,50,0
2021,1,13,3,0,0
2021,1,13,3,10,0
2021,1,13,3,20,0
2021,1,13,3,30,0
2021,1,13,3,40,0
2021,1,13,3,50,0
2021,1,13,4,0,0
2021,1,13,4,10,0
2021,1,13,4,20,0
2021,1,13,4,30,0
2021,1,13,4,40,0
2021,1,13,4,50,0
2021,1,13,5,0,0
2021,1,13,5,10,0
2021,1,13,5,20,0
2021,1,13,5,30,0
2021,1,13,5,40,0
2021,1,13,5,50,0
2021,1,13,6,0,0
2021,1,13,6,10,0
2021,1,13,6,20,0
2021,1,13,6,30,0
2021,1,13,6,40,0
2021,1,13,6,50,0
2021,1,13,7,0,0
2021,1,13,7,10,0
2021,1,13,7,20,0
2021,1,13,7,30,0
2021,1,13,7,40,0
2021,1,13,7,50,0
2021,1,13,8,0,0
2021,1,13,8,10,0
2021,1,13,8,20,0
2021,1,13,8,30,0
2021,1,13,8,40,0
2021,1,13,8,50,0
2021,1,13,9,0,0
2021,1,13,9,10,0
2021,1,13,9,20,0
2021,1,13,9,30,0
2021,1,13,9,40,0
2021,1,13,9,50,0
2021,1,13,10,0,7
2021,1,13,10,10,24
2021,1,13,10,20,46
2021,1,13,10,30,105
2021,1,13,10,40,145
2021,1,13,10,50,186
2021,1,13,11,0,227
2021,1,13,11,10,269
2021,1,13,11,20,312
2021,1,13,11,30,355
2021,1,13,11,40,400
2021,1,13,11,50,443
2021,1,13,12,0,485
2021,1,13,12,10,469
2021,1,13,12,20,569
2021,1,13,12,30,517
2021,1,13,12,40,382
2021,1,13,12,50,544
2021,1,13,13,0,677
2021,1,13,13,10,604
2021,1,13,13,20,798
2021,1,13,13,30,731
2021,1,13,13,40,775
2021,1,13,13,50,754
2021,1,13,14,0,799
2021,1,13,14,10,777
2021,1,13,14,20,991
2021,1,13,14,30,1016
2021,1,13,14,40,1039
2021,1,13,14,50,1061
2021,1,13,15,0,1081
2021,1,13,15,10,1098
2021,1,13,15,20,1114
2021,1,13,15,30,723
2021,1,13,15,40,862
2021,1,13,15,50,962
2021,1,13,16,0,994
2021,1,13,16,10,946
2021,1,13,16,20,964
2021,1,13,16,30,891
2021,1,13,16,40,1106
2021,1,13,16,50,1106
2021,1,13,17,0,866
2021,1,13,17,10,1098
2021,1,13,17,20,1094
2021,1,13,17,30,1134
2021,1,13,17,40,1062
2021,1,13,17,50,1006
2021,1,13,18,0,853
2021,1,13,18,10,1065
2021,1,13,18,20,1044
2021,1,13,18,30,1021
2021,1,13,18,40,996
2021,1,13,18,50,969
2021,1,13,19,0,863
2021,1,13,19,10,560
2021,1,13,19,20,799
2021,1,13,19,30,665
2021,1,13,19,40,809
2021,1,13,19,50,774
2021,1,13,20,0,737
2021,1,13,20,10,640
2021,1,13,20,20,606
2021,1,13,20,30,281
2021,1,13,20,40,369
2021,1,13,20,50,325
2021,1,13,21,0,323
2021,1,13,21,10,370
2021,1,13,21,20,368
2021,1,13,21,30,365
2021,1,13,21,40,322
2021,1,13,21,50,279
2021,1,13,22,0,187
2021,1,13,22,10,166
2021,1,13,22,20,120
2021,1,13,22,30,71
2021,1,13,22,40,47
2021,1,13,22,50,27
2021,1,13,23,0,12
2021,1,13,23,10,0
2021,1,13,23,20,0
2021,1,13,23,30,0
2021,1,13,23,40,0
2021,1,13,23,50,0
2021,1,14,0,0,0
2021,1,14,0,10,0
2021,1,14,0,20,0
2021,1,14,0,30,0
2021,1,14,0,40,0
2021,1,14,0,50,0
2021,1,14,1,0,0
2021,1,14,1,10,0
2021,1,14,1,20,0
2021,1,14,1,30,0
2021,1,14,1,40,0
2021,1,14,1,50,0
2021,1,14,2,0,0
2021,1,14,2,10,0
2021,1,14,2,20,0
2021,1,14,2,30,0
2021,1,14,2,40,0
2021,1,14,2,50,0
2021,1,14,3,0,0
2021,1,14,3,10,0
2021,1,14,3,20,0
2021,1,14,3,30,0
2021,1,14,3,40,0
2021,1,14,3,50,0
2021,1,14,4,0,0
2021,1,14,4,10,0
2021,1,14,4,20,0
2021,1,14,4,30,0
2021,1,14,4,40,0
2021,1,14,4,50,0
2021,1,14,5,0,0
2021,1,14,5,10,0
2021,1,14,5,20,0
2021,1,14,5,30,0
2021,1,14,5,40,0
2021,1,14,5,50,0
2021,1,14,6,0,0
2021,1,14,6,10,0
2021,1,14,6,20,0
2021,1,14,6,30,0
2021,1,14,6,40,0
2021,1,14,6,50,0
2021,1,14,7,0,0
2021,1,14,7,10,0
2021,1,14,7,20,0
2021,1,14,7,30,0
2021,1,14,7,40,0
2021,1,14,7,50,0
2021,1,14,8,0,0
2021,1,14,8,10,0
2021,1,14,8,20,0
2021,1,14,8,30,0
2021,1,14,8,40,0
2021,1,14,8,50,0
2021,1,14,9,0,0
2021,1,14,9,10,0
2021,1,14,9,20,0
2021,1,14,9,30,0
2021,1,14,9,40,0
2021,1,14,9,50,0
2021,1,14,10,0,6
2021,1,14,10,10,41
2021,1,14,10,20,44
2021,1,14,10,30,109
2021,1,14,10,40,107
2021,1,14,10,50,89
2021,1,14,11,0,157
2021,1,14,11,10,177
2021,1,14,11,20,166
2021,1,14,11,30,185
2021,1,14,11,40,160
2021,1,14,11,50,267
2021,1,14,12,0,276
2021,1,14,12,10,532
2021,1,14,12,20,574
2021,1,14,12,30,615
2021,1,14,12,40,655
2021,1,14,12,50,694
2021,1,14,13,0,732
2021,1,14,13,10,770
2021,1,14,13,20,806
2021,1,14,13,30,696
2021,1,14,13,40,871
2021,1,14,13,50,903
2021,1,14,14,0,933
2021,1,14,14,10,962
2021,1,14,14,20,989
2021,1,14,14,30,1014
2021,1,14,14,40,1038
2021,1,14,14,50,1060
2021,1,14,15,0,1017
2021,1,14,15,10,1001
2021,1,14,15,20,542
2021,1,14,15,30,607
2021,1,14,15,40,1082
2021,1,14,15,50,1094
2021,1,14,16,0,1156
2021,1,14,16,10,1162
2021,1,14,16,20,1166
2021,1,14,16,30,989
2021,1,14,16,40,586
2021,1,14,16,50,678
2021,1,14,17,0,654
2021,1,14,17,10,818
2021,1,14,17,20,1139
2021,1,14,17,30,1128
2021,1,14,17,40,914
2021,1,14,17,50,1093
2021,1,14,18,0,928
2021,1,14,18,10,701
2021,1,14,18,20,1035
2021,1,14,18,30,1012
2021,1,14,18,40,988
2021,1,14,18,50,961
2021,1,14,19,0,924
2021,1,14,19,10,903
2021,1,14,19,20,843
2021,1,14,19,30,839
2021,1,14,19,40,616
2021,1,14,19,50,712
2021,1,14,20,0,732
2021,1,14,20,10,694
2021,1,14,20,20,653
2021,1,14,20,30,613
2021,1,14,20,40,573
2021,1,14,20,50,532
2021,1,14,21,0,442
2021,1,14,21,10,356
2021,1,14,21,20,216
2021,1,14,21,30,290
2021,1,14,21,40,207
2021,1,14,21,50,198
2021,1,14,22,0,190
2021,1,14,22,10,152
2021,1,14,22,20,132
2021,1,14,22,30,82
2021,1,14,22,40,54
2021,1,14,22,50,35
2021,1,14,23,0,14
2021,1,14,23,10,0
2021,1,14,23,20,0
2021,1,14,23,30,0
2021,1,14,23,40,0
2021,1,14,23,50,0
2021,1,15,0,0,0
2021,1,15,0,10,0
2021,1,15,0,20,0
2021,1,15,0,30,0
2021,1,15,0,40,0
2021,1,15,0,50,0
2021,1,15,1,0,0
2021,1,15,1,10,0
2021,1,15,1,20,0
2021,1,15,1,30,0
2021,1,15,1,40,0
2021,1,15,1,50,0
2021,1,15,2,0,0
2021,1,15,2,10,0
2021,1,15,2,20,0
2021,1,15,2,30,0
2021,1,15,2,40,0
2021,1,15,2,50,0
2021,1,15,3,0,0
2021,1,15,3,10,0
2021,1,15,3,20,0
2021,1,15,3,30,0
2021,1,15,3,40,0
2021,1,15,3,50,0
2021,1,15,4,0,0
2021,1,15,4,10,0
2021,1,15,4,20,0
2021,1,15,4,30,0
2021,1,15,4,40,0
2021,1,15,4,50,0
2021,1,15,5,0,0
2021,1,15,5,10,0
2021,1,15,5,20,0
2021,1,15,5,30,0
2021,1,15,5,40,0
2021,1,15,5,50,0
2021,1,15,6,0,0
2021,1,15,6,10,0
2021,1,15,6,20,0
2021,1,15,6,30,0
2021,1,15,6,40,0
2021,1,15,6,50,0
2021,1,15,7,0,0
2021,1,15,7,10,0
2021,1,15,7,20,0
2021,1,15,7,30,0
2021,1,15,7,40,0
2021,1,15,7,50,0
2021,1,15,8,0,0
2021,1,15,8,10,0
2021,1,15,8,20,0
2021,1,15,8,30,0
2021,1,15,8,40,0
2021,1,15,8,50,0
2021,1,15,9,0,0
2021,1,15,9,10,0
2021,1,15,9,20,0
2021,1,15,9,30,0
2021,1,15,9,40,0
2021,1,15,9,50,0
2021,1,15,10,0,6
2021,1,15,10,10,21
2021,1,15,10,20,58
2021,1,15,10,30,60
2021,1,15,10,40,91
2021,1,15,10,50,166
2021,1,15,11,0,207
2021,1,15,11,10,248
2021,1,15,11,20,234
2021,1,15,11,30,333
2021,1,15,11,40,319
2021,1,15,11,50,336
2021,1,15,12,0,466
2021,1,15,12,10,508
2021,1,15,12,20,550
2021,1,15,12,30,591
2021,1,15,12,40,635
2021,1,15,12,50,675
2021,1,15,13,0,713
2021,1,15,13,10,751
2021,1,15,13,20,787
2021,1,15,13,30,822
2021,1,15,13,40,858
2021,1,15,13,50,890
2021,1,15,14,0,921
2021,1,15,14,10,949
2021,1,15,14,20,977
2021,1,15,14,30,1002
2021,1,15,14,40,1029
2021,1,15,14,50,1051
2021,1,15,15,0,1071
2021,1,15,15,10,1089
2021,1,15,15,20,1105
2021,1,15,15,30,1119
2021,1,15,15,40,1131
2021,1,15,15,50,1141
2021,1,15,16,0,1146
2021,1,15,16,10,1152
2021,1,15,16,20,1155
2021,1,15,16,30,1157
2021,1,15,16,40,1156
2021,1,15,16,50,1153
2021,1,15,17,0,1148
2021,1,15,17,10,1141
2021,1,15,17,20,1132
2021,1,15,17,30,1121
2021,1,15,17,40,1105
2021,1,15,17,50,1090
2021,1,15,18,0,1070
2021,1,15,18,10,1051
2021,1,15,18,20,1030
2021,1,15,18,30,1007
2021,1,15,18,40,982
2021,1,15,18,50,784
2021,1,15,19,0,722
2021,1,15,19,10,646
2021,1,15,19,20,538
2021,1,15,19,30,419
2021,1,15,19,40,375
2021,1,15,19,50,362
2021,1,15,20,0,425
2021,1,15,20,10,448
2021,1,15,20,20,462
2021,1,15,20,30,449
2021,1,15,20,40,390
2021,1,15,20,50,354
2021,1,15,21,0,297
2021,1,15,21,10,252
2021,1,15,21,20,257
2021,1,15,21,30,289
2021,1,15,21,40,279
2021,1,15,21,50,146
2021,1,15,22,0,185
2021,1,15,22,10,131
2021,1,15,22,20,107
2021,1,15,22,30,85
2021,1,15,22,40,54
2021,1,15,22,50,35
2021,1,15,23,0,15
2021,1,15,23,10,0
2021,1,15,23,20,0
2021,1,15,23,30,0
2021,1,15,23,40,0
2021,1,15,23,50,0
2021,1,16,0,0,0
2021,1,16,0,10,0
2021,1,16,0,20,0
2021,1,16,0,30,0
2021,1,16,0,40,0
2021,1,16,0,50,0
2021,1,16,1,0,0
2021,1,16,1,10,0
2021,1,16,1,20,0
2021,1,16,1,30,0
2021,1,16,1,40,0
2021,1,16,1,50,0
2021,1,16,2,0,0
2021,1,16,2,10,0
2021,1,16,2,20,0
2021,1,16,2,30,0
2021,1,16,2,40,0
2021,1,16,2,50,0
2021,1,16,3,0,0
2021,1,16,3,10,0
2021,1,16,3,20,0
2021,1,16,3,30,0
2021,1,16,3,40,0
2021,1,16,3,50,0
2021,1,16,4,0,0
2021,1,16,4,10,0
2021,1,16,4,20,0
2021,1,16,4,30,0
2021,1,16,4,40,0
2021,1,16,4,50,0
2021,1,16,5,0,0
2021,1,16,5,10,0
2021,1,16,5,20,0
2021,1,16,5,30,0
2021,1,16,5,40,0
2021,1,16,5,50,0
2021,1,16,6,0,0
2021,1,16,6,10,0
2021,1,16,6,20,0
2021,1,16,6,30,0
2021,1,16,6,40,0
2021,1,16,6,50,0
2021,1,16,7,0,0
2021,1,16,7,10,0
2021,1,16,7,20,0
2021,1,16,7,30,0
2021,1,16,7,40,0
2021,1,16,7,50,0
2021,1,16,8,0,0
2021,1,16,8,10,0
2021,1,16,8,20,0
2021,1,16,8,30,0
2021,1,16,8,40,0
2021,1,16,8,50,0
2021,1,16,9,0,0
2021,1,16,9,10,0
2021,1,16,9,20,0
2021,1,16,9,30,0
2021,1,16,9,40,0
2021,1,16,9,50,0
2021,1,16,10,0,0
2021,1,16,10,10,16
2021,1,16,10,20,22
2021,1,16,10,30,21
2021,1,16,10,40,55
2021,1,16,10,50,78
2021,1,16,11,0,48
2021,1,16,11,10,87
2021,1,16,11,20,129
2021,1,16,11,30,160
2021,1,16,11,40,137
2021,1,16,11,50,306
2021,1,16,12,0,231
2021,1,16,12,10,446
2021,1,16,12,20,479
2021,1,16,12,30,585
2021,1,16,12,40,630
2021,1,16,12,50,669
2021,1,16,13,0,658
2021,1,16,13,10,676
2021,1,16,13,20,782
2021,1,16,13,30,817
2021,1,16,13,40,384
2021,1,16,13,50,735
2021,1,16,14,0,718
2021,1,16,14,10,946
2021,1,16,14,20,977
2021,1,16,14,30,1002
2021,1,16,14,40,1040
2021,1,16,14,50,1062
2021,1,16,15,0,1082
2021,1,16,15,10,1100
2021,1,16,15,20,1116
2021,1,16,15,30,987
2021,1,16,15,40,1090
2021,1,16,15,50,1100
2021,1,16,16,0,1160
2021,1,16,16,10,1166
2021,1,16,16,20,1170
2021,1,16,16,30,1171
2021,1,16,16,40,1170
2021,1,16,16,50,1167
2021,1,16,17,0,1162
2021,1,16,17,10,1021
2021,1,16,17,20,982
2021,1,16,17,30,1135
2021,1,16,17,40,1120
2021,1,16,17,50,1104
2021,1,16,18,0,1087
2021,1,16,18,10,1068
2021,1,16,18,20,1047
2021,1,16,18,30,1023
2021,1,16,18,40,815
2021,1,16,18,50,812
2021,1,16,19,0,712
2021,1,16,19,10,755
2021,1,16,19,20,877
2021,1,16,19,30,841
2021,1,16,19,40,805
2021,1,16,19,50,769
2021,1,16,20,0,732
2021,1,16,20,10,692
2021,1,16,20,20,568
2021,1,16,20,30,601
2021,1,16,20,40,504
2021,1,16,20,50,478
2021,1,16,21,0,17
2021,1,16,21,10,20
2021,1,16,21,20,47
2021,1,16,21,30,19
2021,1,16,21,40,72
2021,1,16,21,50,17
2021,1,16,22,0,40
2021,1,16,22,10,17
2021,1,16,22,20,17
2021,1,16,22,30,28
2021,1,16,22,40,23
2021,1,16,22,50,15
2021,1,16,23,0,9
2021,1,16,23,10,0
2021,1,16,23,20,0
2021,1,16,23,30,0
2021,1,16,23,40,0
2021,1,16,23,50,0
2021,1,17,0,0,0
2021,1,17,0,10,0
2021,1,17,0,20,0
2021,1,17,0,30,0
2021,1,17,0,40,0
2021,1,17,0,50,0
2021,1,17,1,0,0
2021,1,17,1,10,0
2021,1,17,1,20,0
2021,1,17,1,30,0
2021,1,17,1,40,0
2021,1,17,1,50,0
2021,1,17,2,0,0
2021,1,17,2,10,0
2021,1,17,2,20,0
2021,1,17,2,30,0
2021,1,17,2,40,0
2021,1,17,2,50,0
2021,1,17,3,0,0
2021,1,17,3,10,0
2021,1,17,3,20,0
2021,1,17,3,30,0
2021,1,17,3,40,0
2021,1,17,3,50,0
2021,1,17,4,0,0
2021,1,17,4,10,0
2021,1,17,4,20,0
2021,1,17,4,30,0
2021,1,17,4,40,0
2021,1,17,4,50,0
2021,1,17,5,0,0
2021,1,17,5,10,0
2021,1,17,5,20,0
2021,1,17,5,30,0
2021,1,17,5,40,0
2021,1,17,5,50,0
2021,1,17,6,0,0
2021,1,17,6,10,0
2021,1,17,6,20,0
2021,1,17,6,30,0
2021,1,17,6,40,0
2021,1,17,6,50,0
2021,1,17,7,0,0
2021,1,17,7,10,0
2021,1,17,7,20,0
2021,1,17,7,30,0
2021,1,17,7,40,0
2021,1,17,7,50,0
2021,1,17,8,0,0
2021,1,17,8,10,0
2021,1,17,8,20,0
2021,1,17,8,30,0
2021,1,17,8,40,0
2021,1,17,8,50,0
2021,1,17,9,0,0
2021,1,17,9,10,0
2021,1,17,9,20,0
2021,1,17,9,30,0
2021,1,17,9,40,0
2021,1,17,9,50,0
2021,1,17,10,0,0
2021,1,17,10,10,16
2021,1,17,10,20,23
2021,1,17,10,30,45
2021,1,17,10,40,70
2021,1,17,10,50,30
2021,1,17,11,0,13
2021,1,17,11,10,6
2021,1,17,11,20,6
2021,1,17,11,30,30
2021,1,17,11,40,45
2021,1,17,11,50,46
2021,1,17,12,0,106
2021,1,17,12,10,196
2021,1,17,12,20,157
2021,1,17,12,30,164
2021,1,17,12,40,188
2021,1,17,12,50,311
2021,1,17,13,0,77
2021,1,17,13,10,53
2021,1,17,13,20,279
2021,1,17,13,30,423
2021,1,17,13,40,295
2021,1,17,13,50,374
2021,1,17,14,0,310
2021,1,17,14,10,482
2021,1,17,14,20,673
2021,1,17,14,30,634
2021,1,17,14,40,534
2021,1,17,14,50,281
2021,1,17,15,0,245
2021,1,17,15,10,378
2021,1,17,15,20,301
2021,1,17,15,30,364
2021,1,17,15,40,757
2021,1,17,15,50,892
2021,1,17,16,0,492
2021,1,17,16,10,794
2021,1,17,16,20,816
2021,1,17,16,30,893
2021,1,17,16,40,895
2021,1,17,16,50,863
2021,1,17,17,0,958
2021,1,17,17,10,888
2021,1,17,17,20,826
2021,1,17,17,30,872
2021,1,17,17,40,842
2021,1,17,17,50,750
2021,1,17,18,0,792
2021,1,17,18,10,754
2021,1,17,18,20,840
2021,1,17,18,30,823
2021,1,17,18,40,734
2021,1,17,18,50,557
2021,1,17,19,0,569
2021,1,17,19,10,581
2021,1,17,19,20,478
2021,1,17,19,30,596
2021,1,17,19,40,578
2021,1,17,19,50,679
2021,1,17,20,0,460
2021,1,17,20,10,509
2021,1,17,20,20,245
2021,1,17,20,30,495
2021,1,17,20,40,366
2021,1,17,20,50,244
2021,1,17,21,0,457
2021,1,17,21,10,399
2021,1,17,21,20,341
2021,1,17,21,30,254
2021,1,17,21,40,94
2021,1,17,21,50,112
2021,1,17,22,0,104
2021,1,17,22,10,85
2021,1,17,22,20,4
2021,1,17,22,30,52
2021,1,17,22,40,19
2021,1,17,22,50,23
2021,1,17,23,0,12
2021,1,17,23,10,0
2021,1,17,23,20,0
2021,1,17,23,30,0
2021,1,17,23,40,0
2021,1,17,23,50,0
2021,1,18,0,0,0
2021,1,18,0,10,0
2021,1,18,0,20,0
2021,1,18,0,30,0
2021,1,18,0,40,0
2021,1,18,0,50,0
2021,1,18,1,0,0
2021,1,18,1,10,0
2021,1,18,1,20,0
2021,1,18,1,30,0
2021,1,18,1,40,0
2021,1,18,1,50,0
2021,1,18,2,0,0
2021,1,18,2,10,0
2021,1,18,2,20,0
2021,1,18,2,30,0
2021,1,18,2,40,0
2021,1,18,2,50,0
2021,1,18,3,0,0
2021,1,18,3,10,0
2021,1,18,3,20,0
2021,1,18,3,30,0
2021,1,18,3,40,0
2021,1,18,3,50,0
2021,1,18,4,0,0
2021,1,18,4,10,0
2021,1,18,4,20,0
2021,1,18,4,30,0
2021,1,18,4,40,0
2021,1,18,4,50,0
2021,1,18,5,0,0
2021,1,18,5,10,0
2021,1,18,5,20,0
2021,1,18,5,30,0
2021,1,18,5,40,0
2021,1,18,5,50,0
2021,1,18,6,0,0
2021,1,18,6,10,0
2021,1,18,6,20,0
2021,1,18,6,30,0
2021,1,18,6,40,0
2021,1,18,6,50,0
2021,1,18,7,0,0
2021,1,18,7,10,0
2021,1,18,7,20,0
2021,1,18,7,30,0
2021,1,18,7,40,0
2021,1,18,7,50,0
2021,1,18,8,0,0
2021,1,18,8,10,0
2021,1,18,8,20,0
2021,1,18,8,30,0
2021,1,18,8,40,0
2021,1,18,8,50,0
2021,1,18,9,0,0
2021,1,18,9,10,0
2021,1,18,9,20,0
2021,1,18,9,30,0
2021,1,18,9,40,0
2021,1,18,9,50,0
2021,1,18,10,0,0
2021,1,18,10,10,3
2021,1,18,10,20,9
2021,1,18,10,30,4
2021,1,18,10,40,5
2021,1,18,10,50,6
2021,1,18,11,0,26
2021,1,18,11,10,48
2021,1,18,11,20,50
2021,1,18,11,30,147
2021,1,18,11,40,253
2021,1,18,11,50,150
2021,1,18,12,0,179
2021,1,18,12,10,158
2021,1,18,12,20,334
2021,1,18,12,30,256
2021,1,18,12,40,187
2021,1,18,12,50,237
2021,1,18,13,0,187
2021,1,18,13,10,266
2021,1,18,13,20,265
2021,1,18,13,30,250
2021,1,18,13,40,179
2021,1,18,13,50,177
2021,1,18,14,0,354
2021,1,18,14,10,352
2021,1,18,14,20,226
2021,1,18,14,30,334
2021,1,18,14,40,329
2021,1,18,14,50,432
2021,1,18,15,0,683
2021,1,18,15,10,643
2021,1,18,15,20,760
2021,1,18,15,30,874
2021,1,18,15,40,892
2021,1,18,15,50,817
2021,1,18,16,0,795
2021,1,18,16,10,792
2021,1,18,16,20,1039
2021,1,18,16,30,1031
2021,1,18,16,40,837
2021,1,18,16,50,800
2021,1,18,17,0,508
2021,1,18,17,10,661
2021,1,18,17,20,925
2021,1,18,17,30,961
2021,1,18,17,40,938
2021,1,18,17,50,1109
2021,1,18,18,0,1092
2021,1,18,18,10,923
2021,1,18,18,20,837
2021,1,18,18,30,708
2021,1,18,18,40,316
2021,1,18,18,50,837
2021,1,18,19,0,606
2021,1,18,19,10,918
2021,1,18,19,20,887
2021,1,18,19,30,854
2021,1,18,19,40,819
2021,1,18,19,50,783
2021,1,18,20,0,745
2021,1,18,20,10,707
2021,1,18,20,20,668
2021,1,18,20,30,479
2021,1,18,20,40,584
2021,1,18,20,50,403
2021,1,18,21,0,405
2021,1,18,21,10,374
2021,1,18,21,20,330
2021,1,18,21,30,158
2021,1,18,21,40,144
2021,1,18,21,50,39
2021,1,18,22,0,66
2021,1,18,22,10,181
2021,1,18,22,20,76
2021,1,18,22,30,73
2021,1,18,22,40,45
2021,1,18,22,50,22
2021,1,18,23,0,8
2021,1,18,23,10,0
2021,1,18,23,20,0
2021,1,18,23,30,0
2021,1,18,23,40,0
2021,1,18,23,50,0
2021,1,19,0,0,0
2021,1,19,0,10,0
2021,1,19,0,20,0
2021,1,19,0,30,0
2021,1,19,0,40,0
2021,1,19,0,50,0
2021,1,19,1,0,0
2021,1,19,1,10,0
2021,1,19,1,20,0
2021,1,19,1,30,0
2021,1,19,1,40,0
2021,1,19,1,50,0
2021,1,19,2,0,0
2021,1,19,2,10,0
2021,1,19,2,20,0
2021,1,19,2,30,0
2021,1,19,2,40,0
2021,1,19,2,50,0
2021,1,19,3,0,0
2021,1,19,3,10,0
2021,1,19,3,20,0
2021,1,19,3,30,0
2021,1,19,3,40,0
2021,1,19,3,50,0
2021,1,19,4,0,0
2021,1,19,4,10,0
2021,1,19,4,20,0
2021,1,19,4,30,0
2021,1,19,4,40,0
2021,1,19,4,50,0
2021,1,19,5,0,0
2021,1,19,5,10,0
2021,1,19,5,20,0
2021,1,19,5,30,0
2021,1,19,5,40,0
2021,1,19,5,50,0
2021,1,19,6,0,0
2021,1,19,6,10,0
2021,1,19,6,20,0
2021,1,19,6,30,0
2021,1,19,6,40,0
2021,1,19,6,50,0
2021,1,19,7,0,0
2021,1,19,7,10,0
2021,1,19,7,20,0
2021,1,19,7,30,0
2021,1,19,7,40,0
2021,1,19,7,50,0
2021,1,19,8,0,0
2021,1,19,8,10,0
2021,1,19,8,20,0
2021,1,19,8,30,0
2021,1,19,8,40,0
2021,1,19,8,50,0
2021,1,19,9,0,0
2021,1,19,9,10,0
2021,1,19,9,20,0
2021,1,19,9,30,0
2021,1,19,9,40,0
2021,1,19,9,50,0
2021,1,19,10,0,0
2021,1,19,10,10,13
2021,1,19,10,20,25
2021,1,19,10,30,29
2021,1,19,10,40,29
2021,1,19,10,50,33
2021,1,19,11,0,60
2021,1,19,11,10,73
2021,1,19,11,20,115
2021,1,19,11,30,98
2021,1,19,11,40,139
2021,1,19,11,50,193
2021,1,19,12,0,260
2021,1,19,12,10,273
2021,1,19,12,20,311
2021,1,19,12,30,379
2021,1,19,12,40,428
2021,1,19,12,50,518
2021,1,19,13,0,707
2021,1,19,13,10,745
2021,1,19,13,20,781
2021,1,19,13,30,817
2021,1,19,13,40,852
2021,1,19,13,50,884
2021,1,19,14,0,915
2021,1,19,14,10,945
2021,1,19,14,20,868
2021,1,19,14,30,884
2021,1,19,14,40,1029
2021,1,19,14,50,1051
2021,1,19,15,0,1072
2021,1,19,15,10,1090
2021,1,19,15,20,1107
2021,1,19,15,30,1121
2021,1,19,15,40,1135
2021,1,19,15,50,1145
2021,1,19,16,0,982
2021,1,19,16,10,1156
2021,1,19,16,20,968
2021,1,19,16,30,989
2021,1,19,16,40,664
2021,1,19,16,50,532
2021,1,19,17,0,902
2021,1,19,17,10,1029
2021,1,19,17,20,932
2021,1,19,17,30,1126
2021,1,19,17,40,1114
2021,1,19,17,50,1099
2021,1,19,18,0,1081
2021,1,19,18,10,1062
2021,1,19,18,20,1038
2021,1,19,18,30,1015
2021,1,19,18,40,956
2021,1,19,18,50,451
2021,1,19,19,0,872
2021,1,19,19,10,850
2021,1,19,19,20,876
2021,1,19,19,30,590
2021,1,19,19,40,234
2021,1,19,19,50,505
2021,1,19,20,0,680
2021,1,19,20,10,480
2021,1,19,20,20,583
2021,1,19,20,30,537
2021,1,19,20,40,575
2021,1,19,20,50,427
2021,1,19,21,0,339
2021,1,19,21,10,218
2021,1,19,21,20,181
2021,1,19,21,30,301
2021,1,19,21,40,270
2021,1,19,21,50,129
2021,1,19,22,0,156
2021,1,19,22,10,79
2021,1,19,22,20,57
2021,1,19,22,30,23
2021,1,19,22,40,8
2021,1,19,22,50,12
2021,1,19,23,0,9
2021,1,19,23,10,0
2021,1,19,23,20,0
2021,1,19,23,30,0
2021,1,19,23,40,0
2021,1,19,23,50,0
2021,1,20,0,0,0
2021,1,20,0,10,0
2021,1,20,0,20,0
2021,1,20,0,30,0
2021,1,20,0,40,0
2021,1,20,0,50,0
2021,1,20,1,0,0
2021,1,20,1,10,0
2021,1,20,1,20,0
2021,1,20,1,30,0
2021,1,20,1,40,0
2021,1,20,1,50,0
2021,1,20,2,0,0
2021,1,20,2,10,0
2021,1,20,2,20,0
2021,1,20,2,30,0
2021,1,20,2,40,0
2021,1,20,2,50,0
2021,1,20,3,0,0
2021,1,20,3,10,0
2021,1,20,3,20,0
2021,1,20,3,30,0
2021,1,20,3,40,0
2021,1,20,3,50,0
2021,1,20,4,0,0
2021,1,20,4,10,0
2021,1,20,4,20,0
2021,1,20,4,30,0
2021,1,20,4,40,0
2021,1,20,4,50,0
2021,1,20,5,0,0
2021,1,20,5,10,0
2021,1,20,5,20,0
2021,1,20,5,30,0
2021,1,20,5,40,0
2021,1,20,5,50,0
2021,1,20,6,0,0
2021,1,20,6,10,0
2021,1,20,6,20,0
2021,1,20,6,30,0
2021,1,20,6,40,0
2021,1,20,6,50,0
2021,1,20,7,0,0
2021,1,20,7,10,0
2021,1,20,7,20,0
2021,1,20,7,30,0
2021,1,20,7,40,0
2021,1,20,7,50,0
2021,1,20,8,0,0
2021,1,20,8,10,0
2021,1,20,8,20,0
2021,1,20,8,30,0
2021,1,20,8,40,0
2021,1,20,8,50,0
2021,1,20,9,0,0
2021,1,20,9,10,0
2021,1,20,9,20,0
2021,1,20,9,30,0
2021,1,20,9,40,0
2021,1,20,9,50,0
2021,1,20,10,0,0
2021,1,20,10,10,7
2021,1,20,10,20,17
2021,1,20,10,30,42
2021,1,20,10,40,34
2021,1,20,10,50,4
2021,1,20,11,0,4
2021,1,20,11,10,174
2021,1,20,11,20,209
2021,1,20,11,30,63
2021,1,20,11,40,274
2021,1,20,11,50,289
2021,1,20,12,0,77
2021,1,20,12,10,163
2021,1,20,12,20,139
2021,1,20,12,30,191
2021,1,20,12,40,242
2021,1,20,12,50,171
2021,1,20,13,0,148
2021,1,20,13,10,115
2021,1,20,13,20,122
2021,1,20,13,30,215
2021,1,20,13,40,310
2021,1,20,13,50,238
2021,1,20,14,0,461
2021,1,20,14,10,504
2021,1,20,14,20,634
2021,1,20,14,30,743
2021,1,20,14,40,533
2021,1,20,14,50,651
2021,1,20,15,0,791
2021,1,20,15,10,672
2021,1,20,15,20,844
2021,1,20,15,30,892
2021,1,20,15,40,811
2021,1,20,15,50,702
2021,1,20,16,0,775
2021,1,20,16,10,775
2021,1,20,16,20,864
2021,1,20,16,30,815
2021,1,20,16,40,815
2021,1,20,16,50,784
2021,1,20,17,0,593
2021,1,20,17,10,791
2021,1,20,17,20,774
2021,1,20,17,30,263
2021,1,20,17,40,276
2021,1,20,17,50,410
2021,1,20,18,0,287
2021,1,20,18,10,700
2021,1,20,18,20,639
2021,1,20,18,30,866
2021,1,20,18,40,568
2021,1,20,18,50,633
2021,1,20,19,0,719
2021,1,20,19,10,797
2021,1,20,19,20,797
2021,1,20,19,30,752
2021,1,20,19,40,684
2021,1,20,19,50,746
2021,1,20,20,0,465
2021,1,20,20,10,639
2021,1,20,20,20,660
2021,1,20,20,30,620
2021,1,20,20,40,548
2021,1,20,20,50,412
2021,1,20,21,0,494
2021,1,20,21,10,451
2021,1,20,21,20,408
2021,1,20,21,30,366
2021,1,20,21,40,323
2021,1,20,21,50,279
2021,1,20,22,0,227
2021,1,20,22,10,189
2021,1,20,22,20,129
2021,1,20,22,30,56
2021,1,20,22,40,32
2021,1,20,22,50,15
2021,1,20,23,0,9
2021,1,20,23,10,0
2021,1,20,23,20,0
2021,1,20,23,30,0
2021,1,20,23,40,0
2021,1,20,23,50,0
2021,1,21,0,0,0
2021,1,21,0,10,0
2021,1,21,0,20,0
2021,1,21,0,30,0
2021,1,21,0,40,0
2021,1,21,0,50,0
2021,1,21,1,0,0
2021,1,21,1,10,0
2021,1,21,1,20,0
2021,1,21,1,30,0
2021,1,21,1,40,0
2021,1,21,1,50,0
2021,1,21,2,0,0
2021,1,21,2,10,0
2021,1,21,2,20,0
2021,1,21,2,30,0
2021,1,21,2,40,0
2021,1,21,2,50,0
2021,1,21,3,0,0
2021,1,21,3,10,0
2021,1,21,3,20,0
2021,1,21,3,30,0
2021,1,21,3,40,0
2021,1,21,3,50,0
2021,1,21,4,0,0
2021,1,21,4,10,0
2021,1,21,4,20,0
2021,1,21,4,30,0
2021,1,21,4,40,0
2021,1,21,4,50,0
2021,1,21,5,0,0
2021,1,21,5,10,0
2021,1,21,5,20,0
2021,1,21,5,30,0
2021,1,21,5,40,0
2021,1,21,5,50,0
2021,1,21,6,0,0
2021,1,21,6,10,0
2021,1,21,6,20,0
2021,1,21,6,30,0
2021,1,21,6,40,0
2021,1,21,6,50,0
2021,1,21,7,0,0
2021,1,21,7,10,0
2021,1,21,7,20,0
2021,1,21,7,30,0
2021,1,21,7,40,0
2021,1,21,7,50,0
2021,1,21,8,0,0
2021,1,21,8,10,0
2021,1,21,8,20,0
2021,1,21,8,30,0
2021,1,21,8,40,0
2021,1,21,8,50,0
2021,1,21,9,0,0
2021,1,21,9,10,0
2021,1,21,9,20,0
2021,1,21,9,30,0
2021,1,21,9,40,0
2021,1,21,9,50,0
2021,1,21,10,0,0
2021,1,21,10,10,8
2021,1,21,10,20,18
2021,1,21,10,30,37
2021,1,21,10,40,4
2021,1,21,10,50,28
2021,1,21,11,0,101
2021,1,21,11,10,39
2021,1,21,11,20,61
2021,1,21,11,30,94
2021,1,21,11,40,64
2021,1,21,11,50,35
2021,1,21,12,0,160
2021,1,21,12,10,182
2021,1,21,12,20,35
2021,1,21,12,30,294
2021,1,21,12,40,124
2021,1,21,12,50,120
2021,1,21,13,0,157
2021,1,21,13,10,363
2021,1,21,13,20,338
2021,1,21,13,30,413
2021,1,21,13,40,244
2021,1,21,13,50,124
2021,1,21,14,0,195
2021,1,21,14,10,422
2021,1,21,14,20,113
2021,1,21,14,30,274
2021,1,21,14,40,312
2021,1,21,14,50,197
2021,1,21,15,0,365
2021,1,21,15,10,339
2021,1,21,15,20,266
2021,1,21,15,30,165
2021,1,21,15,40,203
2021,1,21,15,50,324
2021,1,21,16,0,350
2021,1,21,16,10,439
2021,1,21,16,20,716
2021,1,21,16,30,727
2021,1,21,16,40,820
2021,1,21,16,50,939
2021,1,21,17,0,969
2021,1,21,17,10,1158
2021,1,21,17,20,1013
2021,1,21,17,30,892
2021,1,21,17,40,1003
2021,1,21,17,50,1105
2021,1,21,18,0,745
2021,1,21,18,10,834
2021,1,21,18,20,403
2021,1,21,18,30,826
2021,1,21,18,40,756
2021,1,21,18,50,666
2021,1,21,19,0,630
2021,1,21,19,10,663
2021,1,21,19,20,727
2021,1,21,19,30,30
2021,1,21,19,40,27
2021,1,21,19,50,25
2021,1,21,20,0,23
2021,1,21,20,10,21
2021,1,21,20,20,26
2021,1,21,20,30,43
2021,1,21,20,40,44
2021,1,21,20,50,446
2021,1,21,21,0,406
2021,1,21,21,10,364
2021,1,21,21,20,321
2021,1,21,21,30,280
2021,1,21,21,40,238
2021,1,21,21,50,201
2021,1,21,22,0,166
2021,1,21,22,10,161
2021,1,21,22,20,122
2021,1,21,22,30,62
2021,1,21,22,40,44
2021,1,21,22,50,27
2021,1,21,23,0,9
2021,1,21,23,10,0
2021,1,21,23,20,0
2021,1,21,23,30,0
2021,1,21,23,40,0
2021,1,21,23,50,0
2021,1,22,0,0,0
2021,1,22,0,10,0
2021,1,22,0,20,0
2021,1,22,0,30,0
2021,1,22,0,40,0
2021,1,22,0,50,0
2021,1,22,1,0,0
2021,1,22,1,10,0
2021,1,22,1,20,0
2021,1,22,1,30,0
2021,1,22,1,40,0
2021,1,22,1,50,0
2021,1,22,2,0,0
2021,1,22,2,10,0
2021,1,22,2,20,0
2021,1,22,2,30,0
2021,1,22,2,40,0
2021,1,22,2,50,0
2021,1,22,3,0,0
2021,1,22,3,10,0
2021,1,22,3,20,0
2021,1,22,3,30,0
2021,1,22,3,40,0
2021,1,22,3,50,0
2021,1,22,4,0,0
2021,1,22,4,10,0
2021,1,22,4,20,0
2021,1,22,4,30,0
2021,1,22,4,40,0
2021,1,22,4,50,0
2021,1,22,5,0,0
2021,1,22,5,10,0
2021,1,22,5,20,0
2021,1,22,5,30,0
2021,1,22,5,40,0
2021,1,22,5,50,0
2021,1,22,6,0,0
2021,1,22,6,10,0
2021,1,22,6,20,0
2021,1,22,6,30,0
2021,1,22,6,40,0
2021,1,22,6,50,0
2021,1,22,7,0,0
2021,1,22,7,10,0
2021,1,22,7,20,0
2021,1,22,7,30,0
2021,1,22,7,40,0
2021,1,22,7,50,0
2021,1,22,8,0,0
2021,1,22,8,10,0
2021,1,22,8,20,0
2021,1,22,8,30,0
2021,1,22,8,40,0
2021,1,22,8,50,0
2021,1,22,9,0,0
2021,1,22,9,10,0
2021,1,22,9,20,0
2021,1,22,9,30,0
2021,1,22,9,40,0
2021,1,22,9,50,0
2021,1,22,10,0,0
2021,1,22,10,10,8
2021,1,22,10,20,17
2021,1,22,10,30,8
2021,1,22,10,40,33
2021,1,22,10,50,29
2021,1,22,11,0,78
2021,1,22,11,10,74
2021,1,22,11,20,36
2021,1,22,11,30,33
2021,1,22,11,40,24
2021,1,22,11,50,121
2021,1,22,12,0,31
2021,1,22,12,10,55
2021,1,22,12,20,68
2021,1,22,12,30,56
2021,1,22,12,40,174
2021,1,22,12,50,197
2021,1,22,13,0,408
2021,1,22,13,10,579
2021,1,22,13,20,353
2021,1,22,13,30,369
2021,1,22,13,40,345
2021,1,22,13,50,337
2021,1,22,14,0,368
2021,1,22,14,10,490
2021,1,22,14,20,725
2021,1,22,14,30,795
2021,1,22,14,40,566
2021,1,22,14,50,600
2021,1,22,15,0,419
2021,1,22,15,10,377
2021,1,22,15,20,366
2021,1,22,15,30,348
2021,1,22,15,40,365
2021,1,22,15,50,390
2021,1,22,16,0,447
2021,1,22,16,10,538
2021,1,22,16,20,719
2021,1,22,16,30,612
2021,1,22,16,40,570
2021,1,22,16,50,598
2021,1,22,17,0,500
2021,1,22,17,10,465
2021,1,22,17,20,695
2021,1,22,17,30,954
2021,1,22,17,40,777
2021,1,22,17,50,393
2021,1,22,18,0,598
2021,1,22,18,10,678
2021,1,22,18,20,661
2021,1,22,18,30,47
2021,1,22,18,40,397
2021,1,22,18,50,562
2021,1,22,19,0,407
2021,1,22,19,10,398
2021,1,22,19,20,321
2021,1,22,19,30,415
2021,1,22,19,40,491
2021,1,22,19,50,609
2021,1,22,20,0,395
2021,1,22,20,10,173
2021,1,22,20,20,50
2021,1,22,20,30,16
2021,1,22,20,40,250
2021,1,22,20,50,205
2021,1,22,21,0,254
2021,1,22,21,10,368
2021,1,22,21,20,288
2021,1,22,21,30,309
2021,1,22,21,40,123
2021,1,22,21,50,137
2021,1,22,22,0,160
2021,1,22,22,10,99
2021,1,22,22,20,55
2021,1,22,22,30,56
2021,1,22,22,40,39
2021,1,22,22,50,27
2021,1,22,23,0,10
2021,1,22,23,10,0
2021,1,22,23,20,0
2021,1,22,23,30,0
2021,1,22,23,40,0
2021,1,22,23,50,0
2021,1,23,0,0,0
2021,1,23,0,10,0
2021,1,23,0,20,0
2021,1,23,0,30,0
2021,1,23,0,40,0
2021,1,23,0,50,0
2021,1,23,1,0,0
2021,1,23,1,10,0
2021,1,23,1,20,0
2021,1,23,1,30,0
2021,1,23,1,40,0
2021,1,23,1,50,0
2021,1,23,2,0,0
2021,1,23,2,10,0
2021,1,23,2,20,0
2021,1,23,2,30,0
2021,1,23,2,40,0
2021,1,23,2,50,0
2021,1,23,3,0,0
2021,1,23,3,10,0
2021,1,23,3,20,0
2021,1,23,3,30,0
2021,1,23,3,40,0
2021,1,23,3,50,0
2021,1,23,4,0,0
2021,1,23,4,10,0
2021,1,23,4,20,0
2021,1,23,4,30,0
2021,1,23,4,40,0
2021,1,23,4,50,0
2021,1,23,5,0,0
2021,1,23,5,10,0
2021,1,23,5,20,0
2021,1,23,5,30,0
2021,1,23,5,40,0
2021,1,23,5,50,0
2021,1,23,6,0,0
2021,1,23,6,10,0
2021,1,23,6,20,0
2021,1,23,6,30,0
2021,1,23,6,40,0
2021,1,23,6,50,0
2021,1,23,7,0,0
2021,1,23,7,10,0
2021,1,23,7,20,0
2021,1,23,7,30,0
2021,1,23,7,40,0
2021,1,23,7,50,0
2021,1,23,8,0,0
2021,1,23,8,10,0
2021,1,23,8,20,0
2021,1,23,8,30,0
2021,1,23,8,40,0
2021,1,23,8,50,0
2021,1,23,9,0,0
2021,1,23,9,10,0
2021,1,23,9,20,0
2021,1,23,9,30,0
2021,1,23,9,40,0
2021,1,23,9,50,0
2021,1,23,10,0,0
2021,1,23,10,10,7
2021,1,23,10,20,15
2021,1,23,10,30,39
2021,1,23,10,40,23
2021,1,23,10,50,47
2021,1,23,11,0,77
2021,1,23,11,10,94
2021,1,23,11,20,100
2021,1,23,11,30,131
2021,1,23,11,40,250
2021,1,23,11,50,300
2021,1,23,12,0,334
2021,1,23,12,10,394
2021,1,23,12,20,281
2021,1,23,12,30,407
2021,1,23,12,40,509
2021,1,23,12,50,560
2021,1,23,13,0,563
2021,1,23,13,10,595
2021,1,23,13,20,662
2021,1,23,13,30,748
2021,1,23,13,40,694
2021,1,23,13,50,720
2021,1,23,14,0,497
2021,1,23,14,10,686
2021,1,23,14,20,534
2021,1,23,14,30,484
2021,1,23,14,40,746
2021,1,23,14,50,738
2021,1,23,15,0,604
2021,1,23,15,10,649
2021,1,23,15,20,830
2021,1,23,15,30,767
2021,1,23,15,40,803
2021,1,23,15,50,895
2021,1,23,16,0,929
2021,1,23,16,10,812
2021,1,23,16,20,430
2021,1,23,16,30,341
2021,1,23,16,40,376
2021,1,23,16,50,678
2021,1,23,17,0,985
2021,1,23,17,10,692
2021,1,23,17,20,961
2021,1,23,17,30,718
2021,1,23,17,40,815
2021,1,23,17,50,877
2021,1,23,18,0,589
2021,1,23,18,10,697
2021,1,23,18,20,143
2021,1,23,18,30,550
2021,1,23,18,40,713
2021,1,23,18,50,269
2021,1,23,19,0,524
2021,1,23,19,10,513
2021,1,23,19,20,781
2021,1,23,19,30,581
2021,1,23,19,40,224
2021,1,23,19,50,369
2021,1,23,20,0,128
2021,1,23,20,10,198
2021,1,23,20,20,487
2021,1,23,20,30,339
2021,1,23,20,40,265
2021,1,23,20,50,308
2021,1,23,21,0,437
2021,1,23,21,10,284
2021,1,23,21,20,410
2021,1,23,21,30,367
2021,1,23,21,40,323
2021,1,23,21,50,280
2021,1,23,22,0,237
2021,1,23,22,10,149
2021,1,23,22,20,113
2021,1,23,22,30,59
2021,1,23,22,40,38
2021,1,23,22,50,34
2021,1,23,23,0,12
2021,1,23,23,10,0
2021,1,23,23,20,0
2021,1,23,23,30,0
2021,1,23,23,40,0
2021,1,23,23,50,0
2021,1,24,0,0,0
2021,1,24,0,10,0
2021,1,24,0,20,0
2021,1,24,0,30,0
2021,1,24,0,40,0
2021,1,24,0,50,0
2021,1,24,1,0,0
2021,1,24,1,10,0
2021,1,24,1,20,0
2021,1,24,1,30,0
2021,1,24,1,40,0
2021,1,24,1,50,0
2021,1,24,2,0,0
2021,1,24,2,10,0
2021,1,24,2,20,0
2021,1,24,2,30,0
2021,1,24,2,40,0
2021,1,24,2,50,0
2021,1,24,3,0,0
2021,1,24,3,10,0
2021,1,24,3,20,0
2021,1,24,3,30,0
2021,1,24,3,40,0
2021,1,24,3,50,0
2021,1,24,4,0,0
2021,1,24,4,10,0
2021,1,24,4,20,0
2021,1,24,4,30,0
2021,1,24,4,40,0
2021,1,24,4,50,0
2021,1,24,5,0,0
2021,1,24,5,10,0
2021,1,24,5,20,0
2021,1,24,5,30,0
2021,1,24,5,40,0
2021,1,24,5,50,0
2021,1,24,6,0,0
2021,1,24,6,10,0
2021,1,24,6,20,0
2021,1,24,6,30,0
2021,1,24,6,40,0
2021,1,24,6,50,0
2021,1,24,7,0,0
2021,1,24,7,10,0
2021,1,24,7,20,0
2021,1,24,7,30,0
2021,1,24,7,40,0
2021,1,24,7,50,0
2021,1,24,8,0,0
2021,1,24,8,10,0
2021,1,24,8,20,0
2021,1,24,8,30,0
2021,1,24,8,40,0
2021,1,24,8,50,0
2021,1,24,9,0,0
2021,1,24,9,10,0
2021,1,24,9,20,0
2021,1,24,9,30,0
2021,1,24,9,40,0
2021,1,24,9,50,0
2021,1,24,10,0,0
2021,1,24,10,10,5
2021,1,24,10,20,15
2021,1,24,10,30,28
2021,1,24,10,40,45
2021,1,24,10,50,28
2021,1,24,11,0,53
2021,1,24,11,10,31
2021,1,24,11,20,18
2021,1,24,11,30,105
2021,1,24,11,40,63
2021,1,24,11,50,74
2021,1,24,12,0,81
2021,1,24,12,10,106
2021,1,24,12,20,190
2021,1,24,12,30,249
2021,1,24,12,40,312
2021,1,24,12,50,605
2021,1,24,13,0,606
2021,1,24,13,10,723
2021,1,24,13,20,636
2021,1,24,13,30,796
2021,1,24,13,40,774
2021,1,24,13,50,811
2021,1,24,14,0,776
2021,1,24,14,10,926
2021,1,24,14,20,787
2021,1,24,14,30,824
2021,1,24,14,40,912
2021,1,24,14,50,836
2021,1,24,15,0,872
2021,1,24,15,10,909
2021,1,24,15,20,915
2021,1,24,15,30,868
2021,1,24,15,40,619
2021,1,24,15,50,698
2021,1,24,16,0,910
2021,1,24,16,10,877
2021,1,24,16,20,1081
2021,1,24,16,30,1027
2021,1,24,16,40,1003
2021,1,24,16,50,906
2021,1,24,17,0,953
2021,1,24,17,10,988
2021,1,24,17,20,1041
2021,1,24,17,30,888
2021,1,24,17,40,1065
2021,1,24,17,50,203
2021,1,24,18,0,233
2021,1,24,18,10,356
2021,1,24,18,20,70
2021,1,24,18,30,122
2021,1,24,18,40,135
2021,1,24,18,50,38
2021,1,24,19,0,37
2021,1,24,19,10,29
2021,1,24,19,20,105
2021,1,24,19,30,24
2021,1,24,19,40,527
2021,1,24,19,50,695
2021,1,24,20,0,731
2021,1,24,20,10,692
2021,1,24,20,20,529
2021,1,24,20,30,590
2021,1,24,20,40,448
2021,1,24,20,50,488
2021,1,24,21,0,466
2021,1,24,21,10,439
2021,1,24,21,20,338
2021,1,24,21,30,195
2021,1,24,21,40,284
2021,1,24,21,50,261
2021,1,24,22,0,195
2021,1,24,22,10,144
2021,1,24,22,20,132
2021,1,24,22,30,67
2021,1,24,22,40,42
2021,1,24,22,50,19
2021,1,24,23,0,7
2021,1,24,23,10,0
2021,1,24,23,20,0
2021,1,24,23,30,0
2021,1,24,23,40,0
2021,1,24,23,50,0
2021,1,25,0,0,0
2021,1,25,0,10,0
2021,1,25,0,20,0
2021,1,25,0,30,0
2021,1,25,0,40,0
2021,1,25,0,50,0
2021,1,25,1,0,0
2021,1,25,1,10,0
2021,1,25,1,20,0
2021,1,25,1,30,0
2021,1,25,1,40,0
2021,1,25,1,50,0
2021,1,25,2,0,0
2021,1,25,2,10,0
2021,1,25,2,20,0
2021,1,25,2,30,0
2021,1,25,2,40,0
2021,1,25,2,50,0
2021,1,25,3,0,0
2021,1,25,3,10,0
2021,1,25,3,20,0
2021,1,25,3,30,0
2021,1,25,3,40,0
2021,1,25,3,50,0
2021,1,25,4,0,0
2021,1,25,4,10,0
2021,1,25,4,20,0
2021,1,25,4,30,0
2021,1,25,4,40,0
2021,1,25,4,50,0
2021,1,25,5,0,0
2021,1,25,5,10,0
2021,1,25,5,20,0
2021,1,25,5,30,0
2021,1,25,5,40,0
2021,1,25,5,50,0
2021,1,25,6,0,0
2021,1,25,6,10,0
2021,1,25,6,20,0
2021,1,25,6,30,0
2021,1,25,6,40,0
2021,1,25,6,50,0
2021,1,25,7,0,0
2021,1,25,7,10,0
2021,1,25,7,20,0
2021,1,25,7,30,0
2021,1,25,7,40,0
2021,1,25,7,50,0
2021,1,25,8,0,0
2021,1,25,8,10,0
2021,1,25,8,20,0
2021,1,25,8,30,0
2021,1,25,8,40,0
2021,1,25,8,50,0
2021,1,25,9,0,0
2021,1,25,9,10,0
2021,1,25,9,20,0
2021,1,25,9,30,0
2021,1,25,9,40,0
2021,1,25,9,50,0
2021,1,25,10,0,0
2021,1,25,10,10,5
2021,1,25,10,20,10
2021,1,25,10,30,16
2021,1,25,10,40,83
2021,1,25,10,50,117
2021,1,25,11,0,168
2021,1,25,11,10,73
2021,1,25,11,20,5
2021,1,25,11,30,202
2021,1,25,11,40,186
2021,1,25,11,50,256
2021,1,25,12,0,221
2021,1,25,12,10,279
2021,1,25,12,20,388
2021,1,25,12,30,443
2021,1,25,12,40,513
2021,1,25,12,50,613
2021,1,25,13,0,573
2021,1,25,13,10,485
2021,1,25,13,20,400
2021,1,25,13,30,313
2021,1,25,13,40,526
2021,1,25,13,50,415
2021,1,25,14,0,614
2021,1,25,14,10,642
2021,1,25,14,20,560
2021,1,25,14,30,490
2021,1,25,14,40,492
2021,1,25,14,50,733
2021,1,25,15,0,899
2021,1,25,15,10,865
2021,1,25,15,20,877
2021,1,25,15,30,971
2021,1,25,15,40,1125
2021,1,25,15,50,1136
2021,1,25,16,0,1145
2021,1,25,16,10,1151
2021,1,25,16,20,1155
2021,1,25,16,30,1157
2021,1,25,16,40,1159
2021,1,25,16,50,1157
2021,1,25,17,0,1149
2021,1,25,17,10,1143
2021,1,25,17,20,1134
2021,1,25,17,30,1124
2021,1,25,17,40,892
2021,1,25,17,50,146
2021,1,25,18,0,185
2021,1,25,18,10,121
2021,1,25,18,20,217
2021,1,25,18,30,44
2021,1,25,18,40,118
2021,1,25,18,50,218
2021,1,25,19,0,165
2021,1,25,19,10,467
2021,1,25,19,20,627
2021,1,25,19,30,765
2021,1,25,19,40,672
2021,1,25,19,50,607
2021,1,25,20,0,613
2021,1,25,20,10,392
2021,1,25,20,20,483
2021,1,25,20,30,336
2021,1,25,20,40,510
2021,1,25,20,50,481
2021,1,25,21,0,470
2021,1,25,21,10,427
2021,1,25,21,20,384
2021,1,25,21,30,271
2021,1,25,21,40,239
2021,1,25,21,50,253
2021,1,25,22,0,196
2021,1,25,22,10,59
2021,1,25,22,20,45
2021,1,25,22,30,4
2021,1,25,22,40,5
2021,1,25,22,50,12
2021,1,25,23,0,4
2021,1,25,23,10,0
2021,1,25,23,20,0
2021,1,25,23,30,0
2021,1,25,23,40,0
2021,1,25,23,50,0
2021,1,26,0,0,0
2021,1,26,0,10,0
2021,1,26,0,20,0
2021,1,26,0,30,0
2021,1,26,0,40,0
2021,1,26,0,50,0
2021,1,26,1,0,0
2021,1,26,1,10,0
2021,1,26,1,20,0
2021,1,26,1,30,0
2021,1,26,1,40,0
2021,1,26,1,50,0
2021,1,26,2,0,0
2021,1,26,2,10,0
2021,1,26,2,20,0
2021,1,26,2,30,0
2021,1,26,2,40,0
2021,1,26,2,50,0
2021,1,26,3,0,0
2021,1,26,3,10,0
2021,1,26,3,20,0
2021,1,26,3,30,0
2021,1,26,3,40,0
2021,1,26,3,50,0
2021,1,26,4,0,0
2021,1,26,4,10,0
2021,1,26,4,20,0
2021,1,26,4,30,0
2021,1,26,4,40,0
2021,1,26,4,50,0
2021,1,26,5,0,0
2021,1,26,5,10,0
2021,1,26,5,20,0
2021,1,26,5,30,0
2021,1,26,5,40,0
2021,1,26,5,50,0
2021,1,26,6,0,0
2021,1,26,6,10,0
2021,1,26,6,20,0
2021,1,26,6,30,0
2021,1,26,6,40,0
2021,1,26,6,50,0
2021,1,26,7,0,0
2021,1,26,7,10,0
2021,1,26,7,20,0
2021,1,26,7,30,0
2021,1,26,7,40,0
2021,1,26,7,50,0
2021,1,26,8,0,0
2021,1,26,8,10,0
2021,1,26,8,20,0
2021,1,26,8,30,0
2021,1,26,8,40,0
2021,1,26,8,50,0
2021,1,26,9,0,0
2021,1,26,9,10,0
2021,1,26,9,20,0
2021,1,26,9,30,0
2021,1,26,9,40,0
2021,1,26,9,50,0
2021,1,26,10,0,0
2021,1,26,10,10,9
2021,1,26,10,20,28
2021,1,26,10,30,47
2021,1,26,10,40,62
2021,1,26,10,50,100
2021,1,26,11,0,119
2021,1,26,11,10,149
2021,1,26,11,20,181
2021,1,26,11,30,262
2021,1,26,11,40,285
2021,1,26,11,50,319
2021,1,26,12,0,387
2021,1,26,12,10,430
2021,1,26,12,20,434
2021,1,26,12,30,601
2021,1,26,12,40,644
2021,1,26,12,50,686
2021,1,26,13,0,729
2021,1,26,13,10,769
2021,1,26,13,20,611
2021,1,26,13,30,843
2021,1,26,13,40,879
2021,1,26,13,50,913
2021,1,26,14,0,945
2021,1,26,14,10,975
2021,1,26,14,20,832
2021,1,26,14,30,977
2021,1,26,14,40,970
2021,1,26,14,50,1080
2021,1,26,15,0,1101
2021,1,26,15,10,1126
2021,1,26,15,20,1143
2021,1,26,15,30,1158
2021,1,26,15,40,1172
2021,1,26,15,50,1088
2021,1,26,16,0,1191
2021,1,26,16,10,703
2021,1,26,16,20,1128
2021,1,26,16,30,1150
2021,1,26,16,40,1204
2021,1,26,16,50,996
2021,1,26,17,0,1198
2021,1,26,17,10,1191
2021,1,26,17,20,1010
2021,1,26,17,30,1045
2021,1,26,17,40,1157
2021,1,26,17,50,1142
2021,1,26,18,0,1040
2021,1,26,18,10,1100
2021,1,26,18,20,932
2021,1,26,18,30,917
2021,1,26,18,40,928
2021,1,26,18,50,896
2021,1,26,19,0,877
2021,1,26,19,10,839
2021,1,26,19,20,749
2021,1,26,19,30,742
2021,1,26,19,40,588
2021,1,26,19,50,801
2021,1,26,20,0,229
2021,1,26,20,10,724
2021,1,26,20,20,515
2021,1,26,20,30,643
2021,1,26,20,40,599
2021,1,26,20,50,556
2021,1,26,21,0,512
2021,1,26,21,10,465
2021,1,26,21,20,421
2021,1,26,21,30,374
2021,1,26,21,40,274
2021,1,26,21,50,234
2021,1,26,22,0,219
2021,1,26,22,10,152
2021,1,26,22,20,118
2021,1,26,22,30,96
2021,1,26,22,40,55
2021,1,26,22,50,33
2021,1,26,23,0,12
2021,1,26,23,10,0
2021,1,26,23,20,0
2021,1,26,23,30,0
2021,1,26,23,40,0
2021,1,26,23,50,0
2021,1,27,0,0,0
2021,1,27,0,10,0
2021,1,27,0,20,0
2021,1,27,0,30,0
2021,1,27,0,40,0
2021,1,27,0,50,0
2021,1,27,1,0,0
2021,1,27,1,10,0
2021,1,27,1,20,0
2021,1,27,1,30,0
2021,1,27,1,40,0
2021,1,27,1,50,0
2021,1,27,2,0,0
2021,1,27,2,10,0
2021,1,27,2,20,0
2021,1,27,2,30,0
2021,1,27,2,40,0
2021,1,27,2,50,0
2021,1,27,3,0,0
2021,1,27,3,10,0
2021,1,27,3,20,0
2021,1,27,3,30,0
2021,1,27,3,40,0
2021,1,27,3,50,0
2021,1,27,4,0,0
2021,1,27,4,10,0
2021,1,27,4,20,0
2021,1,27,4,30,0
2021,1,27,4,40,0
2021,1,27,4,50,0
2021,1,27,5,0,0
2021,1,27,5,10,0
2021,1,27,5,20,0
2021,1,27,5,30,0
2021,1,27,5,40,0
2021,1,27,5,50,0
2021,1,27,6,0,0
2021,1,27,6,10,0
2021,1,27,6,20,0
2021,1,27,6,30,0
2021,1,27,6,40,0
2021,1,27,6,50,0
2021,1,27,7,0,0
2021,1,27,7,10,0
2021,1,27,7,20,0
2021,1,27,7,30,0
2021,1,27,7,40,0
2021,1,27,7,50,0
2021,1,27,8,0,0
2021,1,27,8,10,0
2021,1,27,8,20,0
2021,1,27,8,30,0
2021,1,27,8,40,0
2021,1,27,8,50,0
2021,1,27,9,0,0
2021,1,27,9,10,0
2021,1,27,9,20,0
2021,1,27,9,30,0
2021,1,27,9,40,0
2021,1,27,9,50,0
2021,1,27,10,0,0
2021,1,27,10,10,8
2021,1,27,10,20,27
2021,1,27,10,30,53
2021,1,27,10,40,69
2021,1,27,10,50,103
2021,1,27,11,0,185
2021,1,27,11,10,227
2021,1,27,11,20,270
2021,1,27,11,30,314
2021,1,27,11,40,354
2021,1,27,11,50,398
2021,1,27,12,0,442
2021,1,27,12,10,485
2021,1,27,12,20,529
2021,1,27,12,30,571
2021,1,27,12,40,610
2021,1,27,12,50,651
2021,1,27,13,0,691
2021,1,27,13,10,729
2021,1,27,13,20,767
2021,1,27,13,30,803
2021,1,27,13,40,842
2021,1,27,13,50,875
2021,1,27,14,0,907
2021,1,27,14,10,937
2021,1,27,14,20,966
2021,1,27,14,30,993
2021,1,27,14,40,1029
2021,1,27,14,50,1052
2021,1,27,15,0,1073
2021,1,27,15,10,1092
2021,1,27,15,20,1105
2021,1,27,15,30,1121
2021,1,27,15,40,1134
2021,1,27,15,50,1145
2021,1,27,16,0,1154
2021,1,27,16,10,1161
2021,1,27,16,20,1165
2021,1,27,16,30,1167
2021,1,27,16,40,1168
2021,1,27,16,50,1166
2021,1,27,17,0,664
2021,1,27,17,10,1155
2021,1,27,17,20,1146
2021,1,27,17,30,1084
2021,1,27,17,40,1117
2021,1,27,17,50,1102
2021,1,27,18,0,1085
2021,1,27,18,10,1023
2021,1,27,18,20,1045
2021,1,27,18,30,1022
2021,1,27,18,40,998
2021,1,27,18,50,971
2021,1,27,19,0,873
2021,1,27,19,10,844
2021,1,27,19,20,815
2021,1,27,19,30,718
2021,1,27,19,40,818
2021,1,27,19,50,782
2021,1,27,20,0,62
2021,1,27,20,10,243
2021,1,27,20,20,527
2021,1,27,20,30,539
2021,1,27,20,40,357
2021,1,27,20,50,450
2021,1,27,21,0,486
2021,1,27,21,10,457
2021,1,27,21,20,413
2021,1,27,21,30,369
2021,1,27,21,40,324
2021,1,27,21,50,278
2021,1,27,22,0,222
2021,1,27,22,10,135
2021,1,27,22,20,123
2021,1,27,22,30,70
2021,1,27,22,40,44
2021,1,27,22,50,28
2021,1,27,23,0,5
2021,1,27,23,10,0
2021,1,27,23,20,0
2021,1,27,23,30,0
2021,1,27,23,40,0
2021,1,27,23,50,0
2021,1,28,0,0,0
2021,1,28,0,10,0
2021,1,28,0,20,0
2021,1,28,0,30,0
2021,1,28,0,40,0
2021,1,28,0,50,0
2021,1,28,1,0,0
2021,1,28,1,10,0
2021,1,28,1,20,0
2021,1,28,1,30,0
2021,1,28,1,40,0
2021,1,28,1,50,0
2021,1,28,2,0,0
2021,1,28,2,10,0
2021,1,28,2,20,0
2021,1,28,2,30,0
2021,1,28,2,40,0
2021,1,28,2,50,0
2021,1,28,3,0,0
2021,1,28,3,10,0
2021,1,28,3,20,0
2021,1,28,3,30,0
2021,1,28,3,40,0
2021,1,28,3,50,0
2021,1,28,4,0,0
2021,1,28,4,10,0
2021,1,28,4,20,0
2021,1,28,4,30,0
2021,1,28,4,40,0
2021,1,28,4,50,0
2021,1,28,5,0,0
2021,1,28,5,10,0
2021,1,28,5,20,0
2021,1,28,5,30,0
2021,1,28,5,40,0
2021,1,28,5,50,0
2021,1,28,6,0,0
2021,1,28,6,10,0
2021,1,28,6,20,0
2021,1,28,6,30,0
2021,1,28,6,40,0
2021,1,28,6,50,0
2021,1,28,7,0,0
2021,1,28,7,10,0
2021,1,28,7,20,0
2021,1,28,7,30,0
2021,1,28,7,40,0
2021,1,28,7,50,0
2021,1,28,8,0,0
2021,1,28,8,10,0
2021,1,28,8,20,0
2021,1,28,8,30,0
2021,1,28,8,40,0
2021,1,28,8,50,0
2021,1,28,9,0,0
2021,1,28,9,10,0
2021,1,28,9,20,0
2021,1,28,9,30,0
2021,1,28,9,40,0
2021,1,28,9,50,0
2021,1,28,10,0,0
2021,1,28,10,10,9
2021,1,28,10,20,24
2021,1,28,10,30,43
2021,1,28,10,40,57
2021,1,28,10,50,102
2021,1,28,11,0,201
2021,1,28,11,10,245
2021,1,28,11,20,290
2021,1,28,11,30,336
2021,1,28,11,40,382
2021,1,28,11,50,427
2021,1,28,12,0,135
2021,1,28,12,10,356
2021,1,28,12,20,561
2021,1,28,12,30,605
2021,1,28,12,40,647
2021,1,28,12,50,689
2021,1,28,13,0,725
2021,1,28,13,10,764
2021,1,28,13,20,802
2021,1,28,13,30,839
2021,1,28,13,40,873
2021,1,28,13,50,907
2021,1,28,14,0,940
2021,1,28,14,10,970
2021,1,28,14,20,994
2021,1,28,14,30,1021
2021,1,28,14,40,1045
2021,1,28,14,50,1068
2021,1,28,15,0,1089
2021,1,28,15,10,1109
2021,1,28,15,20,1126
2021,1,28,15,30,1141
2021,1,28,15,40,1148
2021,1,28,15,50,1159
2021,1,28,16,0,1168
2021,1,28,16,10,1175
2021,1,28,16,20,1179
2021,1,28,16,30,1181
2021,1,28,16,40,1181
2021,1,28,16,50,1179
2021,1,28,17,0,1175
2021,1,28,17,10,1168
2021,1,28,17,20,1159
2021,1,28,17,30,1144
2021,1,28,17,40,1130
2021,1,28,17,50,1115
2021,1,28,18,0,1098
2021,1,28,18,10,1078
2021,1,28,18,20,1057
2021,1,28,18,30,1034
2021,1,28,18,40,1009
2021,1,28,18,50,982
2021,1,28,19,0,953
2021,1,28,19,10,920
2021,1,28,19,20,888
2021,1,28,19,30,854
2021,1,28,19,40,820
2021,1,28,19,50,784
2021,1,28,20,0,746
2021,1,28,20,10,705
2021,1,28,20,20,665
2021,1,28,20,30,624
2021,1,28,20,40,582
2021,1,28,20,50,539
2021,1,28,21,0,496
2021,1,28,21,10,451
2021,1,28,21,20,407
2021,1,28,21,30,363
2021,1,28,21,40,317
2021,1,28,21,50,274
2021,1,28,22,0,229
2021,1,28,22,10,187
2021,1,28,22,20,137
2021,1,28,22,30,65
2021,1,28,22,40,25
2021,1,28,22,50,29
2021,1,28,23,0,9
2021,1,28,23,10,0
2021,1,28,23,20,0
2021,1,28,23,30,0
2021,1,28,23,40,0
2021,1,28,23,50,0
2021,1,29,0,0,0
2021,1,29,0,10,0
2021,1,29,0,20,0
2021,1,29,0,30,0
2021,1,29,0,40,0
2021,1,29,0,50,0
2021,1,29,1,0,0
2021,1,29,1,10,0
2021,1,29,1,20,0
2021,1,29,1,30,0
2021,1,29,1,40,0
2021,1,29,1,50,0
2021,1,29,2,0,0
2021,1,29,2,10,0
2021,1,29,2,20,0
2021,1,29,2,30,0
2021,1,29,2,40,0
2021,1,29,2,50,0
2021,1,29,3,0,0
2021,1,29,3,10,0
2021,1,29,3,20,0
2021,1,29,3,30,0
2021,1,29,3,40,0
2021,1,29,3,50,0
2021,1,29,4,0,0
2021,1,29,4,10,0
2021,1,29,4,20,0
2021,1,29,4,30,0
2021,1,29,4,40,0
2021,1,29,4,50,0
2021,1,29,5,0,0
2021,1,29,5,10,0
2021,1,29,5,20,0
2021,1,29,5,30,0
2021,1,29,5,40,0
2021,1,29,5,50,0
2021,1,29,6,0,0
2021,1,29,6,10,0
2021,1,29,6,20,0
2021,1,29,6,30,0
2021,1,29,6,40,0
2021,1,29,6,50,0
2021,1,29,7,0,0
2021,1,29,7,10,0
2021,1,29,7,20,0
2021,1,29,7,30,0
2021,1,29,7,40,0
2021,1,29,7,50,0
2021,1,29,8,0,0
2021,1,29,8,10,0
2021,1,29,8,20,0
2021,1,29,8,30,0
2021,1,29,8,40,0
2021,1,29,8,50,0
2021,1,29,9,0,0
2021,1,29,9,10,0
2021,1,29,9,20,0
2021,1,29,9,30,0
2021,1,29,9,40,0
2021,1,29,9,50,0
2021,1,29,10,0,0
2021,1,29,10,10,6
2021,1,29,10,20,40
2021,1,29,10,30,72
2021,1,29,10,40,109
2021,1,29,10,50,149
2021,1,29,11,0,191
2021,1,29,11,10,235
2021,1,29,11,20,280
2021,1,29,11,30,325
2021,1,29,11,40,371
2021,1,29,11,50,416
2021,1,29,12,0,461
2021,1,29,12,10,505
2021,1,29,12,20,548
2021,1,29,12,30,591
2021,1,29,12,40,635
2021,1,29,12,50,676
2021,1,29,13,0,716
2021,1,29,13,10,755
2021,1,29,13,20,793
2021,1,29,13,30,830
2021,1,29,13,40,865
2021,1,29,13,50,899
2021,1,29,14,0,931
2021,1,29,14,10,961
2021,1,29,14,20,990
2021,1,29,14,30,1013
2021,1,29,14,40,1038
2021,1,29,14,50,1061
2021,1,29,15,0,1082
2021,1,29,15,10,1101
2021,1,29,15,20,1119
2021,1,29,15,30,1134
2021,1,29,15,40,1146
2021,1,29,15,50,1157
2021,1,29,16,0,1166
2021,1,29,16,10,1168
2021,1,29,16,20,1173
2021,1,29,16,30,1175
2021,1,29,16,40,1172
2021,1,29,16,50,1170
2021,1,29,17,0,1162
2021,1,29,17,10,1156
2021,1,29,17,20,1147
2021,1,29,17,30,1136
2021,1,29,17,40,1125
2021,1,29,17,50,1107
2021,1,29,18,0,1090
2021,1,29,18,10,1071
2021,1,29,18,20,1050
2021,1,29,18,30,1024
2021,1,29,18,40,994
2021,1,29,18,50,968
2021,1,29,19,0,940
2021,1,29,19,10,909
2021,1,29,19,20,723
2021,1,29,19,30,701
2021,1,29,19,40,804
2021,1,29,19,50,708
2021,1,29,20,0,598
2021,1,29,20,10,690
2021,1,29,20,20,650
2021,1,29,20,30,610
2021,1,29,20,40,566
2021,1,29,20,50,524
2021,1,29,21,0,481
2021,1,29,21,10,438
2021,1,29,21,20,395
2021,1,29,21,30,351
2021,1,29,21,40,311
2021,1,29,21,50,268
2021,1,29,22,0,225
2021,1,29,22,10,183
2021,1,29,22,20,142
2021,1,29,22,30,104
2021,1,29,22,40,55
2021,1,29,22,50,31
2021,1,29,23,0,9
2021,1,29,23,10,0
2021,1,29,23,20,0
2021,1,29,23,30,0
2021,1,29,23,40,0
2021,1,29,23,50,0
2021,1,30,0,0,0
2021,1,30,0,10,0
2021,1,30,0,20,0
2021,1,30,0,30,0
2021,1,30,0,40,0
2021,1,30,0,50,0
2021,1,30,1,0,0
2021,1,30,1,10,0
2021,1,30,1,20,0
2021,1,30,1,30,0
2021,1,30,1,40,0
2021,1,30,1,50,0
2021,1,30,2,0,0
2021,1,30,2,10,0
2021,1,30,2,20,0
2021,1,30,2,30,0
2021,1,30,2,40,0
2021,1,30,2,50,0
2021,1,30,3,0,0
2021,1,30,3,10,0
2021,1,30,3,20,0
2021,1,30,3,30,0
2021,1,30,3,40,0
2021,1,30,3,50,0
2021,1,30,4,0,0
2021,1,30,4,10,0
2021,1,30,4,20,0
2021,1,30,4,30,0
2021,1,30,4,40,0
2021,1,30,4,50,0
2021,1,30,5,0,0
2021,1,30,5,10,0
2021,1,30,5,20,0
2021,1,30,5,30,0
2021,1,30,5,40,0
2021,1,30,5,50,0
2021,1,30,6,0,0
2021,1,30,6,10,0
2021,1,30,6,20,0
2021,1,30,6,30,0
2021,1,30,6,40,0
2021,1,30,6,50,0
2021,1,30,7,0,0
2021,1,30,7,10,0
2021,1,30,7,20,0
2021,1,30,7,30,0
2021,1,30,7,40,0
2021,1,30,7,50,0
2021,1,30,8,0,0
2021,1,30,8,10,0
2021,1,30,8,20,0
2021,1,30,8,30,0
2021,1,30,8,40,0
2021,1,30,8,50,0
2021,1,30,9,0,0
2021,1,30,9,10,0
2021,1,30,9,20,0
2021,1,30,9,30,0
2021,1,30,9,40,0
2021,1,30,9,50,0
2021,1,30,10,0,0
2021,1,30,10,10,15
2021,1,30,10,20,23
2021,1,30,10,30,71
2021,1,30,10,40,110
2021,1,30,10,50,150
2021,1,30,11,0,192
2021,1,30,11,10,236
2021,1,30,11,20,280
2021,1,30,11,30,325
2021,1,30,11,40,372
2021,1,30,11,50,416
2021,1,30,12,0,461
2021,1,30,12,10,505
2021,1,30,12,20,549
2021,1,30,12,30,592
2021,1,30,12,40,635
2021,1,30,12,50,679
2021,1,30,13,0,720
2021,1,30,13,10,759
2021,1,30,13,20,797
2021,1,30,13,30,833
2021,1,30,13,40,869
2021,1,30,13,50,903
2021,1,30,14,0,935
2021,1,30,14,10,965
2021,1,30,14,20,994
2021,1,30,14,30,1017
2021,1,30,14,40,1042
2021,1,30,14,50,1065
2021,1,30,15,0,1087
2021,1,30,15,10,1106
2021,1,30,15,20,1124
2021,1,30,15,30,1139
2021,1,30,15,40,1152
2021,1,30,15,50,1163
2021,1,30,16,0,1172
2021,1,30,16,10,1179
2021,1,30,16,20,1183
2021,1,30,16,30,1186
2021,1,30,16,40,1185
2021,1,30,16,50,1183
2021,1,30,17,0,1175
2021,1,30,17,10,1169
2021,1,30,17,20,1160
2021,1,30,17,30,1149
2021,1,30,17,40,1136
2021,1,30,17,50,1121
2021,1,30,18,0,1104
2021,1,30,18,10,1085
2021,1,30,18,20,1064
2021,1,30,18,30,1041
2021,1,30,18,40,1015
2021,1,30,18,50,985
2021,1,30,19,0,956
2021,1,30,19,10,926
2021,1,30,19,20,894
2021,1,30,19,30,861
2021,1,30,19,40,825
2021,1,30,19,50,786
2021,1,30,20,0,748
2021,1,30,20,10,709
2021,1,30,20,20,667
2021,1,30,20,30,626
2021,1,30,20,40,582
2021,1,30,20,50,537
2021,1,30,21,0,494
2021,1,30,21,10,451
2021,1,30,21,20,405
2021,1,30,21,30,288
2021,1,30,21,40,316
2021,1,30,21,50,271
2021,1,30,22,0,228
2021,1,30,22,10,185
2021,1,30,22,20,144
2021,1,30,22,30,106
2021,1,30,22,40,70
2021,1,30,22,50,39
2021,1,30,23,0,16
2021,1,30,23,10,0
2021,1,30,23,20,0
2021,1,30,23,30,0
2021,1,30,23,40,0
2021,1,30,23,50,0
2021,1,31,0,0,0
2021,1,31,0,10,0
2021,1,31,0,20,0
2021,1,31,0,30,0
2021,1,31,0,40,0
2021,1,31,0,50,0
2021,1,31,1,0,0
2021,1,31,1,10,0
2021,1,31,1,20,0
2021,1,31,1,30,0
2021,1,31,1,40,0
2021,1,31,1,50,0
2021,1,31,2,0,0
2021,1,31,2,10,0
2021,1,31,2,20,0
2021,1,31,2,30,0
2021,1,31,2,40,0
2021,1,31,2,50,0
2021,1,31,3,0,0
2021,1,31,3,10,0
2021,1,31,3,20,0
2021,1,31,3,30,0
2021,1,31,3,40,0
2021,1,31,3,50,0
2021,1,31,4,0,0
2021,1,31,4,10,0
2021,1,31,4,20,0
2021,1,31,4,30,0
2021,1,31,4,40,0
2021,1,31,4,50,0
2021,1,31,5,0,0
2021,1,31,5,10,0
2021,1,31,5,20,0
2021,1,31,5,30,0
2021,1,31,5,40,0
2021,1,31,5,50,0
2021,1,31,6,0,0
2021,1,31,6,10,0
2021,1,31,6,20,0
2021,1,31,6,30,0
2021,1,31,6,40,0
2021,1,31,6,50,0
2021,1,31,7,0,0
2021,1,31,7,10,0
2021,1,31,7,20,0
2021,1,31,7,30,0
2021,1,31,7,40,0
2021,1,31,7,50,0
2021,1,31,8,0,0
2021,1,31,8,10,0
2021,1,31,8,20,0
2021,1,31,8,30,0
2021,1,31,8,40,0
2021,1,31,8,50,0
2021,1,31,9,0,0
2021,1,31,9,10,0
2021,1,31,9,20,0
2021,1,31,9,30,0
2021,1,31,9,40,0
2021,1,31,9,50,0
2021,1,31,10,0,0
2021,1,31,10,10,0
2021,1,31,10,20,20
2021,1,31,10,30,43
2021,1,31,10,40,65
2021,1,31,10,50,84
2021,1,31,11,0,131
2021,1,31,11,10,171
2021,1,31,11,20,204
2021,1,31,11,30,234
2021,1,31,11,40,242
2021,1,31,11,50,405
2021,1,31,12,0,384
2021,1,31,12,10,418
2021,1,31,12,20,298
2021,1,31,12,30,226
2021,1,31,12,40,357
2021,1,31,12,50,517
2021,1,31,13,0,447
2021,1,31,13,10,538
2021,1,31,13,20,779
2021,1,31,13,30,815
2021,1,31,13,40,608
2021,1,31,13,50,882
2021,1,31,14,0,916
2021,1,31,14,10,814
2021,1,31,14,20,976
2021,1,31,14,30,1002
2021,1,31,14,40,1027
2021,1,31,14,50,1051
2021,1,31,15,0,1072
2021,1,31,15,10,1091
2021,1,31,15,20,1109
2021,1,31,15,30,559
2021,1,31,15,40,1137
2021,1,31,15,50,1148
2021,1,31,16,0,1157
2021,1,31,16,10,1164
2021,1,31,16,20,1168
2021,1,31,16,30,1171
2021,1,31,16,40,1171
2021,1,31,16,50,1169
2021,1,31,17,0,1165
2021,1,31,17,10,1158
2021,1,31,17,20,1150
2021,1,31,17,30,1139
2021,1,31,17,40,1126
2021,1,31,17,50,1111
2021,1,31,18,0,1094
2021,1,31,18,10,1075
2021,1,31,18,20,1054
2021,1,31,18,30,1031
2021,1,31,18,40,1006
2021,1,31,18,50,980
2021,1,31,19,0,951
2021,1,31,19,10,921
2021,1,31,19,20,889
2021,1,31,19,30,856
2021,1,31,19,40,822
2021,1,31,19,50,785
2021,1,31,20,0,748
2021,1,31,20,10,707
2021,1,31,20,20,667
2021,1,31,20,30,626
2021,1,31,20,40,584
2021,1,31,20,50,542
2021,1,31,21,0,499
2021,1,31,21,10,455
2021,1,31,21,20,411
2021,1,31,21,30,367
2021,1,31,21,40,320
2021,1,31,21,50,276
2021,1,31,22,0,231
2021,1,31,22,10,189
2021,1,31,22,20,147
2021,1,31,22,30,108
2021,1,31,22,40,47
2021,1,31,22,50,29
2021,1,31,23,0,16
2021,1,31,23,10,0
2021,1,31,23,20,0
2021,1,31,23,30,0
2021,1,31,23,40,0
2021,1,31,23,50,0
2021,2,1,0,0,0
2021,2,1,0,10,0
2021,2,1,0,20,0
2021,2,1,0,30,0
2021,2,1,0,40,0
2021,2,1,0,50,0
2021,2,1,1,0,0
2021,2,1,1,10,0
2021,2,1,1,20,0
2021,2,1,1,30,0
2021,2,1,1,40,0
2021,2,1,1,50,0
2021,2,1,2,0,0
2021,2,1,2,10,0
2021,2,1,2,20,0
2021,2,1,2,30,0
2021,2,1,2,40,0
2021,2,1,2,50,0
2021,2,1,3,0,0
2021,2,1,3,10,0
2021,2,1,3,20,0
2021,2,1,3,30,0
2021,2,1,3,40,0
2021,2,1,3,50,0
2021,2,1,4,0,0
2021,2,1,4,10,0
2021,2,1,4,20,0
2021,2,1,4,30,0
2021,2,1,4,40,0
2021,2,1,4,50,0
2021,2,1,5,0,0
2021,2,1,5,10,0
2021,2,1,5,20,0
2021,2,1,5,30,0
2021,2,1,5,40,0
2021,2,1,5,50,0
2021,2,1,6,0,0
2021,2,1,6,10,0
2021,2,1,6,20,0
2021,2,1,6,30,0
2021,2,1,6,40,0
2021,2,1,6,50,0
2021,2,1,7,0,0
2021,2,1,7,10,0
2021,2,1,7,20,0
2021,2,1,7,30,0
2021,2,1,7,40,0
2021,2,1,7,50,0
2021,2,1,8,0,0
2021,2,1,8,10,0
2021,2,1,8,20,0
2021,2,1,8,30,0
2021,2,1,8,40,0
2021,2,1,8,50,0
2021,2,1,9,0,0
2021,2,1,9,10,0
2021,2,1,9,20,0
2021,2,1,9,30,0
2021,2,1,9,40,0
2021,2,1,9,50,0
2021,2,1,10,0,0
2021,2,1,10,10,0
2021,2,1,10,20,21
2021,2,1,10,30,41
2021,2,1,10,40,34
2021,2,1,10,50,105
2021,2,1,11,0,87
2021,2,1,11,10,163
2021,2,1,11,20,159
2021,2,1,11,30,220
2021,2,1,11,40,235
2021,2,1,11,50,325
2021,2,1,12,0,312
2021,2,1,12,10,412
2021,2,1,12,20,471
2021,2,1,12,30,428
2021,2,1,12,40,496
2021,2,1,12,50,531
2021,2,1,13,0,580
2021,2,1,13,10,633
2021,2,1,13,20,597
2021,2,1,13,30,651
2021,2,1,13,40,847
2021,2,1,13,50,880
2021,2,1,14,0,786
2021,2,1,14,10,806
2021,2,1,14,20,970
2021,2,1,14,30,997
2021,2,1,14,40,1022
2021,2,1,14,50,1045
2021,2,1,15,0,1066
2021,2,1,15,10,1086
2021,2,1,15,20,1103
2021,2,1,15,30,1118
2021,2,1,15,40,979
2021,2,1,15,50,1002
2021,2,1,16,0,1151
2021,2,1,16,10,1008
2021,2,1,16,20,1163
2021,2,1,16,30,1165
2021,2,1,16,40,1012
2021,2,1,16,50,1163
2021,2,1,17,0,1023
2021,2,1,17,10,1153
2021,2,1,17,20,1141
2021,2,1,17,30,1131
2021,2,1,17,40,1115
2021,2,1,17,50,1100
2021,2,1,18,0,1084
2021,2,1,18,10,1065
2021,2,1,18,20,1044
2021,2,1,18,30,1021
2021,2,1,18,40,996
2021,2,1,18,50,969
2021,2,1,19,0,941
2021,2,1,19,10,909
2021,2,1,19,20,877
2021,2,1,19,30,844
2021,2,1,19,40,808
2021,2,1,19,50,773
2021,2,1,20,0,735
2021,2,1,20,10,697
2021,2,1,20,20,655
2021,2,1,20,30,615
2021,2,1,20,40,572
2021,2,1,20,50,530
2021,2,1,21,0,487
2021,2,1,21,10,444
2021,2,1,21,20,399
2021,2,1,21,30,355
2021,2,1,21,40,310
2021,2,1,21,50,266
2021,2,1,22,0,223
2021,2,1,22,10,181
2021,2,1,22,20,140
2021,2,1,22,30,102
2021,2,1,22,40,65
2021,2,1,22,50,36
2021,2,1,23,0,14
2021,2,1,23,10,0
2021,2,1,23,20,0
2021,2,1,23,30,0
2021,2,1,23,40,0
2021,2,1,23,50,0
2021,2,2,0,0,0
2021,2,2,0,10,0
2021,2,2,0,20,0
2021,2,2,0,30,0
2021,2,2,0,40,0
2021,2,2,0,50,0
2021,2,2,1,0,0
2021,2,2,1,10,0
2021,2,2,1,20,0
2021,2,2,1,30,0
2021,2,2,1,40,0
2021,2,2,1,50,0
2021,2,2,2,0,0
2021,2,2,2,10,0
2021,2,2,2,20,0
2021,2,2,2,30,0
2021,2,2,2,40,0
2021,2,2,2,50,0
2021,2,2,3,0,0
2021,2,2,3,10,0
2021,2,2,3,20,0
2021,2,2,3,30,0
2021,2,2,3,40,0
2021,2,2,3,50,0
2021,2,2,4,0,0
2021,2,2,4,10,0
2021,2,2,4,20,0
2021,2,2,4,30,0
2021,2,2,4,40,0
2021,2,2,4,50,0
2021,2,2,5,0,0
2021,2,2,5,10,0
2021,2,2,5,20,0
2021,2,2,5,30,0
2021,2,2,5,40,0
2021,2,2,5,50,0
2021,2,2,6,0,0
2021,2,2,6,10,0
2021,2,2,6,20,0
2021,2,2,6,30,0
2021,2,2,6,40,0
2021,2,2,6,50,0
2021,2,2,7,0,0
2021,2,2,7,10,0
2021,2,2,7,20,0
2021,2,2,7,30,0
2021,2,2,7,40,0
2021,2,2,7,50,0
2021,2,2,8,0,0
2021,2,2,8,10,0
2021,2,2,8,20,0
2021,2,2,8,30,0
2021,2,2,8,40,0
2021,2,2,8,50,0
2021,2,2,9,0,0
2021,2,2,9,10,0
2021,2,2,9,20,0
2021,2,2,9,30,0
2021,2,2,9,40,0
2021,2,2,9,50,0
2021,2,2,10,0,0
2021,2,2,10,10,0
2021,2,2,10,20,17
2021,2,2,10,30,31
2021,2,2,10,40,29
2021,2,2,10,50,35
2021,2,2,11,0,9
2021,2,2,11,10,103
2021,2,2,11,20,175
2021,2,2,11,30,146
2021,2,2,11,40,147
2021,2,2,11,50,315
2021,2,2,12,0,360
2021,2,2,12,10,487
2021,2,2,12,20,341
2021,2,2,12,30,258
2021,2,2,12,40,301
2021,2,2,12,50,365
2021,2,2,13,0,695
2021,2,2,13,10,734
2021,2,2,13,20,771
2021,2,2,13,30,808
2021,2,2,13,40,842
2021,2,2,13,50,876
2021,2,2,14,0,907
2021,2,2,14,10,938
2021,2,2,14,20,966
2021,2,2,14,30,993
2021,2,2,14,40,1017
2021,2,2,14,50,1040
2021,2,2,15,0,1061
2021,2,2,15,10,1081
2021,2,2,15,20,1095
2021,2,2,15,30,1110
2021,2,2,15,40,1123
2021,2,2,15,50,1134
2021,2,2,16,0,1143
2021,2,2,16,10,1150
2021,2,2,16,20,1154
2021,2,2,16,30,1157
2021,2,2,16,40,1157
2021,2,2,16,50,1155
2021,2,2,17,0,1151
2021,2,2,17,10,1144
2021,2,2,17,20,1085
2021,2,2,17,30,1126
2021,2,2,17,40,909
2021,2,2,17,50,916
2021,2,2,18,0,903
2021,2,2,18,10,485
2021,2,2,18,20,597
2021,2,2,18,30,1018
2021,2,2,18,40,893
2021,2,2,18,50,621
2021,2,2,19,0,869
2021,2,2,19,10,442
2021,2,2,19,20,828
2021,2,2,19,30,257
2021,2,2,19,40,188
2021,2,2,19,50,211
2021,2,2,20,0,208
2021,2,2,20,10,561
2021,2,2,20,20,507
2021,2,2,20,30,612
2021,2,2,20,40,570
2021,2,2,20,50,444
2021,2,2,21,0,280
2021,2,2,21,10,166
2021,2,2,21,20,171
2021,2,2,21,30,107
2021,2,2,21,40,87
2021,2,2,21,50,114
2021,2,2,22,0,62
2021,2,2,22,10,82
2021,2,2,22,20,36
2021,2,2,22,30,44
2021,2,2,22,40,36
2021,2,2,22,50,24
2021,2,2,23,0,5
2021,2,2,23,10,0
2021,2,2,23,20,0
2021,2,2,23,30,0
2021,2,2,23,40,0
2021,2,2,23,50,0
2021,2,3,0,0,0
2021,2,3,0,10,0
2021,2,3,0,20,0
2021,2,3,0,30,0
2021,2,3,0,40,0
2021,2,3,0,50,0
2021,2,3,1,0,0
2021,2,3,1,10,0
2021,2,3,1,20,0
2021,2,3,1,30,0
2021,2,3,1,40,0
2021,2,3,1,50,0
2021,2,3,2,0,0
2021,2,3,2,10,0
2021,2,3,2,20,0
2021,2,3,2,30,0
2021,2,3,2,40,0
2021,2,3,2,50,0
2021,2,3,3,0,0
2021,2,3,3,10,0
2021,2,3,3,20,0
2021,2,3,3,30,0
2021,2,3,3,40,0
2021,2,3,3,50,0
2021,2,3,4,0,0
2021,2,3,4,10,0
2021,2,3,4,20,0
2021,2,3,4,30,0
2021,2,3,4,40,0
2021,2,3,4,50,0
2021,2,3,5,0,0
2021,2,3,5,10,0
2021,2,3,5,20,0
2021,2,3,5,30,0
2021,2,3,5,40,0
2021,2,3,5,50,0
2021,2,3,6,0,0
2021,2,3,6,10,0
2021,2,3,6,20,0
2021,2,3,6,30,0
2021,2,3,6,40,0
2021,2,3,6,50,0
2021,2,3,7,0,0
2021,2,3,7,10,0
2021,2,3,7,20,0
2021,2,3,7,30,0
2021,2,3,7,40,0
2021,2,3,7,50,0
2021,2,3,8,0,0
2021,2,3,8,10,0
2021,2,3,8,20,0
2021,2,3,8,30,0
2021,2,3,8,40,0
2021,2,3,8,50,0
2021,2,3,9,0,0
2021,2,3,9,10,0
2021,2,3,9,20,0
2021,2,3,9,30,0
2021,2,3,9,40,0
2021,2,3,9,50,0
2021,2,3,10,0,0
2021,2,3,10,10,0
2021,2,3,10,20,16
2021,2,3,10,30,36
2021,2,3,10,40,79
2021,2,3,10,50,113
2021,2,3,11,0,125
2021,2,3,11,10,137
2021,2,3,11,20,222
2021,2,3,11,30,182
2021,2,3,11,40,267
2021,2,3,11,50,277
2021,2,3,12,0,205
2021,2,3,12,10,354
2021,2,3,12,20,362
2021,2,3,12,30,428
2021,2,3,12,40,460
2021,2,3,12,50,496
2021,2,3,13,0,530
2021,2,3,13,10,515
2021,2,3,13,20,594
2021,2,3,13,30,639
2021,2,3,13,40,672
2021,2,3,13,50,701
2021,2,3,14,0,748
2021,2,3,14,10,712
2021,2,3,14,20,783
2021,2,3,14,30,847
2021,2,3,14,40,1008
2021,2,3,14,50,1031
2021,2,3,15,0,847
2021,2,3,15,10,858
2021,2,3,15,20,878
2021,2,3,15,30,872
2021,2,3,15,40,801
2021,2,3,15,50,863
2021,2,3,16,0,893
2021,2,3,16,10,838
2021,2,3,16,20,922
2021,2,3,16,30,674
2021,2,3,16,40,769
2021,2,3,16,50,868
2021,2,3,17,0,910
2021,2,3,17,10,934
2021,2,3,17,20,935
2021,2,3,17,30,922
2021,2,3,17,40,955
2021,2,3,17,50,906
2021,2,3,18,0,807
2021,2,3,18,10,652
2021,2,3,18,20,818
2021,2,3,18,30,364
2021,2,3,18,40,383
2021,2,3,18,50,613
2021,2,3,19,0,773
2021,2,3,19,10,898
2021,2,3,19,20,738
2021,2,3,19,30,611
2021,2,3,19,40,677
2021,2,3,19,50,650
2021,2,3,20,0,561
2021,2,3,20,10,565
2021,2,3,20,20,539
2021,2,3,20,30,504
2021,2,3,20,40,485
2021,2,3,20,50,451
2021,2,3,21,0,378
2021,2,3,21,10,329
2021,2,3,21,20,393
2021,2,3,21,30,348
2021,2,3,21,40,126
2021,2,3,21,50,83
2021,2,3,22,0,199
2021,2,3,22,10,133
2021,2,3,22,20,137
2021,2,3,22,30,65
2021,2,3,22,40,32
2021,2,3,22,50,16
2021,2,3,23,0,0
2021,2,3,23,10,0
2021,2,3,23,20,0
2021,2,3,23,30,0
2021,2,3,23,40,0
2021,2,3,23,50,0
2021,2,4,0,0,0
2021,2,4,0,10,0
2021,2,4,0,20,0
2021,2,4,0,30,0
2021,2,4,0,40,0
2021,2,4,0,50,0
2021,2,4,1,0,0
2021,2,4,1,10,0
2021,2,4,1,20,0
2021,2,4,1,30,0
2021,2,4,1,40,0
2021,2,4,1,50,0
2021,2,4,2,0,0
2021,2,4,2,10,0
2021,2,4,2,20,0
2021,2,4,2,30,0
2021,2,4,2,40,0
2021,2,4,2,50,0
2021,2,4,3,0,0
2021,2,4,3,10,0
2021,2,4,3,20,0
2021,2,4,3,30,0
2021,2,4,3,40,0
2021,2,4,3,50,0
2021,2,4,4,0,0
2021,2,4,4,10,0
2021,2,4,4,20,0
2021,2,4,4,30,0
2021,2,4,4,40,0
2021,2,4,4,50,0
2021,2,4,5,0,0
2021,2,4,5,10,0
2021,2,4,5,20,0
2021,2,4,5,30,0
2021,2,4,5,40,0
2021,2,4,5,50,0
2021,2,4,6,0,0
2021,2,4,6,10,0
2021,2,4,6,20,0
2021,2,4,6,30,0
2021,2,4,6,40,0
2021,2,4,6,50,0
2021,2,4,7,0,0
2021,2,4,7,10,0
2021,2,4,7,20,0
2021,2,4,7,30,0
2021,2,4,7,40,0
2021,2,4,7,50,0
2021,2,4,8,0,0
2021,2,4,8,10,0
2021,2,4,8,20,0
2021,2,4,8,30,0
2021,2,4,8,40,0
2021,2,4,8,50,0
2021,2,4,9,0,0
2021,2,4,9,10,0
2021,2,4,9,20,0
2021,2,4,9,30,0
2021,2,4,9,40,0
2021,2,4,9,50,0
2021,2,4,10,0,0
2021,2,4,10,10,0
2021,2,4,10,20,15
2021,2,4,10,30,20
2021,2,4,10,40,25
2021,2,4,10,50,74
2021,2,4,11,0,6
2021,2,4,11,10,194
2021,2,4,11,20,225
2021,2,4,11,30,208
2021,2,4,11,40,198
2021,2,4,11,50,168
2021,2,4,12,0,297
2021,2,4,12,10,301
2021,2,4,12,20,522
2021,2,4,12,30,435
2021,2,4,12,40,480
2021,2,4,12,50,628
2021,2,4,13,0,406
2021,2,4,13,10,360
2021,2,4,13,20,273
2021,2,4,13,30,259
2021,2,4,13,40,173
2021,2,4,13,50,343
2021,2,4,14,0,263
2021,2,4,14,10,223
2021,2,4,14,20,197
2021,2,4,14,30,532
2021,2,4,14,40,645
2021,2,4,14,50,475
2021,2,4,15,0,663
2021,2,4,15,10,817
2021,2,4,15,20,921
2021,2,4,15,30,864
2021,2,4,15,40,735
2021,2,4,15,50,707
2021,2,4,16,0,864
2021,2,4,16,10,808
2021,2,4,16,20,1083
2021,2,4,16,30,1013
2021,2,4,16,40,1152
2021,2,4,16,50,1147
2021,2,4,17,0,1143
2021,2,4,17,10,1136
2021,2,4,17,20,1128
2021,2,4,17,30,1117
2021,2,4,17,40,855
2021,2,4,17,50,443
2021,2,4,18,0,150
2021,2,4,18,10,126
2021,2,4,18,20,284
2021,2,4,18,30,918
2021,2,4,18,40,988
2021,2,4,18,50,853
2021,2,4,19,0,767
2021,2,4,19,10,753
2021,2,4,19,20,729
2021,2,4,19,30,686
2021,2,4,19,40,647
2021,2,4,19,50,665
2021,2,4,20,0,653
2021,2,4,20,10,529
2021,2,4,20,20,472
2021,2,4,20,30,473
2021,2,4,20,40,482
2021,2,4,20,50,470
2021,2,4,21,0,468
2021,2,4,21,10,394
2021,2,4,21,20,352
2021,2,4,21,30,331
2021,2,4,21,40,257
2021,2,4,21,50,222
2021,2,4,22,0,155
2021,2,4,22,10,113
2021,2,4,22,20,78
2021,2,4,22,30,55
2021,2,4,22,40,39
2021,2,4,22,50,21
2021,2,4,23,0,0
2021,2,4,23,10,0
2021,2,4,23,20,0
2021,2,4,23,30,0
2021,2,4,23,40,0
2021,2,4,23,50,0
2021,2,5,0,0,0
2021,2,5,0,10,0
2021,2,5,0,20,0
2021,2,5,0,30,0
2021,2,5,0,40,0
2021,2,5,0,50,0
2021,2,5,1,0,0
2021,2,5,1,10,0
2021,2,5,1,20,0
2021,2,5,1,30,0
2021,2,5,1,40,0
2021,2,5,1,50,0
2021,2,5,2,0,0
2021,2,5,2,10,0
2021,2,5,2,20,0
2021,2,5,2,30,0
2021,2,5,2,40,0
2021,2,5,2,50,0
2021,2,5,3,0,0
2021,2,5,3,10,0
2021,2,5,3,20,0
2021,2,5,3,30,0
2021,2,5,3,40,0
2021,2,5,3,50,0
2021,2,5,4,0,0
2021,2,5,4,10,0
2021,2,5,4,20,0
2021,2,5,4,30,0
2021,2,5,4,40,0
2021,2,5,4,50,0
2021,2,5,5,0,0
2021,2,5,5,10,0
2021,2,5,5,20,0
2021,2,5,5,30,0
2021,2,5,5,40,0
2021,2,5,5,50,0
2021,2,5,6,0,0
2021,2,5,6,10,0
2021,2,5,6,20,0
2021,2,5,6,30,0
2021,2,5,6,40,0
2021,2,5,6,50,0
2021,2,5,7,0,0
2021,2,5,7,10,0
2021,2,5,7,20,0
2021,2,5,7,30,0
2021,2,5,7,40,0
2021,2,5,7,50,0
2021,2,5,8,0,0
2021,2,5,8,10,0
2021,2,5,8,20,0
2021,2,5,8,30,0
2021,2,5,8,40,0
2021,2,5,8,50,0
2021,2,5,9,0,0
2021,2,5,9,10,0
2021,2,5,9,20,0
2021,2,5,9,30,0
2021,2,5,9,40,0
2021,2,5,9,50,0
2021,2,5,10,0,0
2021,2,5,10,10,0
2021,2,5,10,20,8
2021,2,5,10,30,15
2021,2,5,10,40,23
2021,2,5,10,50,19
2021,2,5,11,0,16
2021,2,5,11,10,36
2021,2,5,11,20,60
2021,2,5,11,30,98
2021,2,5,11,40,130
2021,2,5,11,50,182
2021,2,5,12,0,308
2021,2,5,12,10,380
2021,2,5,12,20,368
2021,2,5,12,30,419
2021,2,5,12,40,465
2021,2,5,12,50,445
2021,2,5,13,0,512
2021,2,5,13,10,467
2021,2,5,13,20,750
2021,2,5,13,30,787
2021,2,5,13,40,821
2021,2,5,13,50,854
2021,2,5,14,0,886
2021,2,5,14,10,917
2021,2,5,14,20,945
2021,2,5,14,30,970
2021,2,5,14,40,999
2021,2,5,14,50,1022
2021,2,5,15,0,1044
2021,2,5,15,10,1063
2021,2,5,15,20,1080
2021,2,5,15,30,1096
2021,2,5,15,40,1109
2021,2,5,15,50,1120
2021,2,5,16,0,1129
2021,2,5,16,10,1136
2021,2,5,16,20,1141
2021,2,5,16,30,1143
2021,2,5,16,40,1143
2021,2,5,16,50,1141
2021,2,5,17,0,1137
2021,2,5,17,10,1131
2021,2,5,17,20,977
2021,2,5,17,30,946
2021,2,5,17,40,1049
2021,2,5,17,50,1083
2021,2,5,18,0,1064
2021,2,5,18,10,1045
2021,2,5,18,20,1024
2021,2,5,18,30,1002
2021,2,5,18,40,976
2021,2,5,18,50,903
2021,2,5,19,0,922
2021,2,5,19,10,892
2021,2,5,19,20,860
2021,2,5,19,30,828
2021,2,5,19,40,729
2021,2,5,19,50,467
2021,2,5,20,0,579
2021,2,5,20,10,553
2021,2,5,20,20,640
2021,2,5,20,30,586
2021,2,5,20,40,454
2021,2,5,20,50,431
2021,2,5,21,0,324
2021,2,5,21,10,294
2021,2,5,21,20,149
2021,2,5,21,30,144
2021,2,5,21,40,103
2021,2,5,21,50,126
2021,2,5,22,0,81
2021,2,5,22,10,48
2021,2,5,22,20,46
2021,2,5,22,30,27
2021,2,5,22,40,23
2021,2,5,22,50,13
2021,2,5,23,0,0
2021,2,5,23,10,0
2021,2,5,23,20,0
2021,2,5,23,30,0
2021,2,5,23,40,0
2021,2,5,23,50,0
2021,2,6,0,0,0
2021,2,6,0,10,0
2021,2,6,0,20,0
2021,2,6,0,30,0
2021,2,6,0,40,0
2021,2,6,0,50,0
2021,2,6,1,0,0
2021,2,6,1,10,0
2021,2,6,1,20,0
2021,2,6,1,30,0
2021,2,6,1,40,0
2021,2,6,1,50,0
2021,2,6,2,0,0
2021,2,6,2,10,0
2021,2,6,2,20,0
2021,2,6,2,30,0
2021,2,6,2,40,0
2021,2,6,2,50,0
2021,2,6,3,0,0
2021,2,6,3,10,0
2021,2,6,3,20,0
2021,2,6,3,30,0
2021,2,6,3,40,0
2021,2,6,3,50,0
2021,2,6,4,0,0
2021,2,6,4,10,0
2021,2,6,4,20,0
2021,2,6,4,30,0
2021,2,6,4,40,0
2021,2,6,4,50,0
2021,2,6,5,0,0
2021,2,6,5,10,0
2021,2,6,5,20,0
2021,2,6,5,30,0
2021,2,6,5,40,0
2021,2,6,5,50,0
2021,2,6,6,0,0
2021,2,6,6,10,0
2021,2,6,6,20,0
2021,2,6,6,30,0
2021,2,6,6,40,0
2021,2,6,6,50,0
2021,2,6,7,0,0
2021,2,6,7,10,0
2021,2,6,7,20,0
2021,2,6,7,30,0
2021,2,6,7,40,0
2021,2,6,7,50,0
2021,2,6,8,0,0
2021,2,6,8,10,0
2021,2,6,8,20,0
2021,2,6,8,30,0
2021,2,6,8,40,0
2021,2,6,8,50,0
2021,2,6,9,0,0
2021,2,6,9,10,0
2021,2,6,9,20,0
2021,2,6,9,30,0
2021,2,6,9,40,0
2021,2,6,9,50,0
2021,2,6,10,0,0
2021,2,6,10,10,0
2021,2,6,10,20,14
2021,2,6,10,30,34
2021,2,6,10,40,53
2021,2,6,10,50,66
2021,2,6,11,0,51
2021,2,6,11,10,79
2021,2,6,11,20,100
2021,2,6,11,30,72
2021,2,6,11,40,112
2021,2,6,11,50,135
2021,2,6,12,0,171
2021,2,6,12,10,199
2021,2,6,12,20,332
2021,2,6,12,30,407
2021,2,6,12,40,449
2021,2,6,12,50,628
2021,2,6,13,0,669
2021,2,6,13,10,708
2021,2,6,13,20,746
2021,2,6,13,30,782
2021,2,6,13,40,820
2021,2,6,13,50,854
2021,2,6,14,0,886
2021,2,6,14,10,917
2021,2,6,14,20,946
2021,2,6,14,30,973
2021,2,6,14,40,1005
2021,2,6,14,50,1029
2021,2,6,15,0,1050
2021,2,6,15,10,1070
2021,2,6,15,20,1087
2021,2,6,15,30,1103
2021,2,6,15,40,1116
2021,2,6,15,50,1128
2021,2,6,16,0,1137
2021,2,6,16,10,1144
2021,2,6,16,20,1148
2021,2,6,16,30,1148
2021,2,6,16,40,1148
2021,2,6,16,50,1146
2021,2,6,17,0,1142
2021,2,6,17,10,1136
2021,2,6,17,20,1127
2021,2,6,17,30,1117
2021,2,6,17,40,1103
2021,2,6,17,50,1085
2021,2,6,18,0,1068
2021,2,6,18,10,1049
2021,2,6,18,20,1028
2021,2,6,18,30,1005
2021,2,6,18,40,979
2021,2,6,18,50,952
2021,2,6,19,0,921
2021,2,6,19,10,891
2021,2,6,19,20,860
2021,2,6,19,30,827
2021,2,6,19,40,752
2021,2,6,19,50,266
2021,2,6,20,0,216
2021,2,6,20,10,149
2021,2,6,20,20,42
2021,2,6,20,30,54
2021,2,6,20,40,51
2021,2,6,20,50,44
2021,2,6,21,0,38
2021,2,6,21,10,28
2021,2,6,21,20,44
2021,2,6,21,30,91
2021,2,6,21,40,30
2021,2,6,21,50,36
2021,2,6,22,0,97
2021,2,6,22,10,4
2021,2,6,22,20,12
2021,2,6,22,30,19
2021,2,6,22,40,14
2021,2,6,22,50,12
2021,2,6,23,0,0
2021,2,6,23,10,0
2021,2,6,23,20,0
2021,2,6,23,30,0
2021,2,6,23,40,0
2021,2,6,23,50,0
2021,2,7,0,0,0
2021,2,7,0,10,0
2021,2,7,0,20,0
2021,2,7,0,30,0
2021,2,7,0,40,0
2021,2,7,0,50,0
2021,2,7,1,0,0
2021,2,7,1,10,0
2021,2,7,1,20,0
2021,2,7,1,30,0
2021,2,7,1,40,0
2021,2,7,1,50,0
2021,2,7,2,0,0
2021,2,7,2,10,0
2021,2,7,2,20,0
2021,2,7,2,30,0
2021,2,7,2,40,0
2021,2,7,2,50,0
2021,2,7,3,0,0
2021,2,7,3,10,0
2021,2,7,3,20,0
2021,2,7,3,30,0
2021,2,7,3,40,0
2021,2,7,3,50,0
2021,2,7,4,0,0
2021,2,7,4,10,0
2021,2,7,4,20,0
2021,2,7,4,30,0
2021,2,7,4,40,0
2021,2,7,4,50,0
2021,2,7,5,0,0
2021,2,7,5,10,0
2021,2,7,5,20,0
2021,2,7,5,30,0
2021,2,7,5,40,0
2021,2,7,5,50,0
2021,2,7,6,0,0
2021,2,7,6,10,0
2021,2,7,6,20,0
2021,2,7,6,30,0
2021,2,7,6,40,0
2021,2,7,6,50,0
2021,2,7,7,0,0
2021,2,7,7,10,0
2021,2,7,7,20,0
2021,2,7,7,30,0
2021,2,7,7,40,0
2021,2,7,7,50,0
2021,2,7,8,0,0
2021,2,7,8,10,0
2021,2,7,8,20,0
2021,2,7,8,30,0
2021,2,7,8,40,0
2021,2,7,8,50,0
2021,2,7,9,0,0
2021,2,7,9,10,0
2021,2,7,9,20,0
2021,2,7,9,30,0
2021,2,7,9,40,0
2021,2,7,9,50,0
2021,2,7,10,0,0
2021,2,7,10,10,0
2021,2,7,10,20,23
2021,2,7,10,30,49
2021,2,7,10,40,81
2021,2,7,10,50,118
2021,2,7,11,0,157
2021,2,7,11,10,199
2021,2,7,11,20,241
2021,2,7,11,30,285
2021,2,7,11,40,326
2021,2,7,11,50,370
2021,2,7,12,0,414
2021,2,7,12,10,458
2021,2,7,12,20,501
2021,2,7,12,30,544
2021,2,7,12,40,584
2021,2,7,12,50,625
2021,2,7,13,0,665
2021,2,7,13,10,704
2021,2,7,13,20,742
2021,2,7,13,30,779
2021,2,7,13,40,815
2021,2,7,13,50,849
2021,2,7,14,0,881
2021,2,7,14,10,912
2021,2,7,14,20,940
2021,2,7,14,30,968
2021,2,7,14,40,1001
2021,2,7,14,50,1025
2021,2,7,15,0,1046
2021,2,7,15,10,1066
2021,2,7,15,20,1084
2021,2,7,15,30,1096
2021,2,7,15,40,1110
2021,2,7,15,50,1121
2021,2,7,16,0,1130
2021,2,7,16,10,1137
2021,2,7,16,20,1142
2021,2,7,16,30,1144
2021,2,7,16,40,1145
2021,2,7,16,50,1143
2021,2,7,17,0,1139
2021,2,7,17,10,1132
2021,2,7,17,20,1124
2021,2,7,17,30,1113
2021,2,7,17,40,1101
2021,2,7,17,50,1086
2021,2,7,18,0,1070
2021,2,7,18,10,1051
2021,2,7,18,20,1030
2021,2,7,18,30,1007
2021,2,7,18,40,981
2021,2,7,18,50,955
2021,2,7,19,0,926
2021,2,7,19,10,896
2021,2,7,19,20,865
2021,2,7,19,30,666
2021,2,7,19,40,349
2021,2,7,19,50,211
2021,2,7,20,0,206
2021,2,7,20,10,119
2021,2,7,20,20,85
2021,2,7,20,30,62
2021,2,7,20,40,28
2021,2,7,20,50,52
2021,2,7,21,0,121
2021,2,7,21,10,13
2021,2,7,21,20,10
2021,2,7,21,30,7
2021,2,7,21,40,85
2021,2,7,21,50,5
2021,2,7,22,0,69
2021,2,7,22,10,50
2021,2,7,22,20,4
2021,2,7,22,30,25
2021,2,7,22,40,10
2021,2,7,22,50,14
2021,2,7,23,0,0
2021,2,7,23,10,0
2021,2,7,23,20,0
2021,2,7,23,30,0
2021,2,7,23,40,0
2021,2,7,23,50,0
2021,2,8,0,0,0
2021,2,8,0,10,0
2021,2,8,0,20,0
2021,2,8,0,30,0
2021,2,8,0,40,0
2021,2,8,0,50,0
2021,2,8,1,0,0
2021,2,8,1,10,0
2021,2,8,1,20,0
2021,2,8,1,30,0
2021,2,8,1,40,0
2021,2,8,1,50,0
2021,2,8,2,0,0
2021,2,8,2,10,0
2021,2,8,2,20,0
2021,2,8,2,30,0
2021,2,8,2,40,0
2021,2,8,2,50,0
2021,2,8,3,0,0
2021,2,8,3,10,0
2021,2,8,3,20,0
2021,2,8,3,30,0
2021,2,8,3,40,0
2021,2,8,3,50,0
2021,2,8,4,0,0
2021,2,8,4,10,0
2021,2,8,4,20,0
2021,2,8,4,30,0
2021,2,8,4,40,0
2021,2,8,4,50,0
2021,2,8,5,0,0
2021,2,8,5,10,0
2021,2,8,5,20,0
2021,2,8,5,30,0
2021,2,8,5,40,0
2021,2,8,5,50,0
2021,2,8,6,0,0
2021,2,8,6,10,0
2021,2,8,6,20,0
2021,2,8,6,30,0
2021,2,8,6,40,0
2021,2,8,6,50,0
2021,2,8,7,0,0
2021,2,8,7,10,0
2021,2,8,7,20,0
2021,2,8,7,30,0
2021,2,8,7,40,0
2021,2,8,7,50,0
2021,2,8,8,0,0
2021,2,8,8,10,0
2021,2,8,8,20,0
2021,2,8,8,30,0
2021,2,8,8,40,0
2021,2,8,8,50,0
2021,2,8,9,0,0
2021,2,8,9,10,0
2021,2,8,9,20,0
2021,2,8,9,30,0
2021,2,8,9,40,0
2021,2,8,9,50,0
2021,2,8,10,0,0
2021,2,8,10,10,0
2021,2,8,10,20,9
2021,2,8,10,30,16
2021,2,8,10,40,23
2021,2,8,10,50,29
2021,2,8,11,0,131
2021,2,8,11,10,155
2021,2,8,11,20,223
2021,2,8,11,30,273
2021,2,8,11,40,317
2021,2,8,11,50,360
2021,2,8,12,0,322
2021,2,8,12,10,353
2021,2,8,12,20,457
2021,2,8,12,30,468
2021,2,8,12,40,533
2021,2,8,12,50,529
2021,2,8,13,0,629
2021,2,8,13,10,633
2021,2,8,13,20,633
2021,2,8,13,30,564
2021,2,8,13,40,812
2021,2,8,13,50,846
2021,2,8,14,0,879
2021,2,8,14,10,714
2021,2,8,14,20,831
2021,2,8,14,30,966
2021,2,8,14,40,995
2021,2,8,14,50,1019
2021,2,8,15,0,1041
2021,2,8,15,10,1060
2021,2,8,15,20,1075
2021,2,8,15,30,1090
2021,2,8,15,40,1105
2021,2,8,15,50,1116
2021,2,8,16,0,1125
2021,2,8,16,10,1132
2021,2,8,16,20,1137
2021,2,8,16,30,1136
2021,2,8,16,40,1137
2021,2,8,16,50,1135
2021,2,8,17,0,830
2021,2,8,17,10,1121
2021,2,8,17,20,1113
2021,2,8,17,30,1102
2021,2,8,17,40,1084
2021,2,8,17,50,1066
2021,2,8,18,0,1050
2021,2,8,18,10,1031
2021,2,8,18,20,1010
2021,2,8,18,30,891
2021,2,8,18,40,908
2021,2,8,18,50,928
2021,2,8,19,0,736
2021,2,8,19,10,675
2021,2,8,19,20,656
2021,2,8,19,30,393
2021,2,8,19,40,249
2021,2,8,19,50,131
2021,2,8,20,0,48
2021,2,8,20,10,20
2021,2,8,20,20,38
2021,2,8,20,30,43
2021,2,8,20,40,46
2021,2,8,20,50,12
2021,2,8,21,0,39
2021,2,8,21,10,31
2021,2,8,21,20,40
2021,2,8,21,30,41
2021,2,8,21,40,51
2021,2,8,21,50,66
2021,2,8,22,0,62
2021,2,8,22,10,29
2021,2,8,22,20,7
2021,2,8,22,30,9
2021,2,8,22,40,7
2021,2,8,22,50,9
2021,2,8,23,0,0
2021,2,8,23,10,0
2021,2,8,23,20,0
2021,2,8,23,30,0
2021,2,8,23,40,0
2021,2,8,23,50,0
2021,2,9,0,0,0
2021,2,9,0,10,0
2021,2,9,0,20,0
2021,2,9,0,30,0
2021,2,9,0,40,0
2021,2,9,0,50,0
2021,2,9,1,0,0
2021,2,9,1,10,0
2021,2,9,1,20,0
2021,2,9,1,30,0
2021,2,9,1,40,0
2021,2,9,1,50,0
2021,2,9,2,0,0
2021,2,9,2,10,0
2021,2,9,2,20,0
2021,2,9,2,30,0
2021,2,9,2,40,0
2021,2,9,2,50,0
2021,2,9,3,0,0
2021,2,9,3,10,0
2021,2,9,3,20,0
2021,2,9,3,30,0
2021,2,9,3,40,0
2021,2,9,3,50,0
2021,2,9,4,0,0
2021,2,9,4,10,0
2021,2,9,4,20,0
2021,2,9,4,30,0
2021,2,9,4,40,0
2021,2,9,4,50,0
2021,2,9,5,0,0
2021,2,9,5,10,0
2021,2,9,5,20,0
2021,2,9,5,30,0
2021,2,9,5,40,0
2021,2,9,5,50,0
2021,2,9,6,0,0
2021,2,9,6,10,0
2021,2,9,6,20,0
2021,2,9,6,30,0
2021,2,9,6,40,0
2021,2,9,6,50,0
2021,2,9,7,0,0
2021,2,9,7,10,0
2021,2,9,7,20,0
2021,2,9,7,30,0
2021,2,9,7,40,0
2021,2,9,7,50,0
2021,2,9,8,0,0
2021,2,9,8,10,0
2021,2,9,8,20,0
2021,2,9,8,30,0
2021,2,9,8,40,0
2021,2,9,8,50,0
2021,2,9,9,0,0
2021,2,9,9,10,0
2021,2,9,9,20,0
2021,2,9,9,30,0
2021,2,9,9,40,0
2021,2,9,9,50,0
2021,2,9,10,0,0
2021,2,9,10,10,0
2021,2,9,10,20,12
2021,2,9,10,30,29
2021,2,9,10,40,50
2021,2,9,10,50,45
2021,2,9,11,0,91
2021,2,9,11,10,129
2021,2,9,11,20,64
2021,2,9,11,30,60
2021,2,9,11,40,135
2021,2,9,11,50,84
2021,2,9,12,0,217
2021,2,9,12,10,235
2021,2,9,12,20,382
2021,2,9,12,30,119
2021,2,9,12,40,277
2021,2,9,12,50,343
2021,2,9,13,0,392
2021,2,9,13,10,318
2021,2,9,13,20,450
2021,2,9,13,30,607
2021,2,9,13,40,472
2021,2,9,13,50,855
2021,2,9,14,0,887
2021,2,9,14,10,918
2021,2,9,14,20,948
2021,2,9,14,30,864
2021,2,9,14,40,997
2021,2,9,14,50,1021
2021,2,9,15,0,1043
2021,2,9,15,10,1063
2021,2,9,15,20,1080
2021,2,9,15,30,1096
2021,2,9,15,40,1110
2021,2,9,15,50,1118
2021,2,9,16,0,1127
2021,2,9,16,10,1134
2021,2,9,16,20,1139
2021,2,9,16,30,1141
2021,2,9,16,40,1139
2021,2,9,16,50,1137
2021,2,9,17,0,1133
2021,2,9,17,10,1126
2021,2,9,17,20,1115
2021,2,9,17,30,1104
2021,2,9,17,40,1086
2021,2,9,17,50,1071
2021,2,9,18,0,1051
2021,2,9,18,10,1032
2021,2,9,18,20,1011
2021,2,9,18,30,988
2021,2,9,18,40,958
2021,2,9,18,50,932
2021,2,9,19,0,903
2021,2,9,19,10,873
2021,2,9,19,20,841
2021,2,9,19,30,808
2021,2,9,19,40,775
2021,2,9,19,50,739
2021,2,9,20,0,702
2021,2,9,20,10,663
2021,2,9,20,20,624
2021,2,9,20,30,583
2021,2,9,20,40,542
2021,2,9,20,50,500
2021,2,9,21,0,457
2021,2,9,21,10,414
2021,2,9,21,20,336
2021,2,9,21,30,262
2021,2,9,21,40,172
2021,2,9,21,50,5
2021,2,9,22,0,193
2021,2,9,22,10,148
2021,2,9,22,20,57
2021,2,9,22,30,57
2021,2,9,22,40,42
2021,2,9,22,50,20
2021,2,9,23,0,0
2021,2,9,23,10,0
2021,2,9,23,20,0
2021,2,9,23,30,0
2021,2,9,23,40,0
2021,2,9,23,50,0
2021,2,10,0,0,0
2021,2,10,0,10,0
2021,2,10,0,20,0
2021,2,10,0,30,0
2021,2,10,0,40,0
2021,2,10,0,50,0
2021,2,10,1,0,0
2021,2,10,1,10,0
2021,2,10,1,20,0
2021,2,10,1,30,0
2021,2,10,1,40,0
2021,2,10,1,50,0
2021,2,10,2,0,0
2021,2,10,2,10,0
2021,2,10,2,20,0
2021,2,10,2,30,0
2021,2,10,2,40,0
2021,2,10,2,50,0
2021,2,10,3,0,0
2021,2,10,3,10,0
2021,2,10,3,20,0
2021,2,10,3,30,0
2021,2,10,3,40,0
2021,2,10,3,50,0
2021,2,10,4,0,0
2021,2,10,4,10,0
2021,2,10,4,20,0
2021,2,10,4,30,0
2021,2,10,4,40,0
2021,2,10,4,50,0
2021,2,10,5,0,0
2021,2,10,5,10,0
2021,2,10,5,20,0
2021,2,10,5,30,0
2021,2,10,5,40,0
2021,2,10,5,50,0
2021,2,10,6,0,0
2021,2,10,6,10,0
2021,2,10,6,20,0
2021,2,10,6,30,0
2021,2,10,6,40,0
2021,2,10,6,50,0
2021,2,10,7,0,0
2021,2,10,7,10,0
2021,2,10,7,20,0
2021,2,10,7,30,0
2021,2,10,7,40,0
2021,2,10,7,50,0
2021,2,10,8,0,0
2021,2,10,8,10,0
2021,2,10,8,20,0
2021,2,10,8,30,0
2021,2,10,8,40,0
2021,2,10,8,50,0
2021,2,10,9,0,0
2021,2,10,9,10,0
2021,2,10,9,20,0
2021,2,10,9,30,0
2021,2,10,9,40,0
2021,2,10,9,50,0
2021,2,10,10,0,0
2021,2,10,10,10,0
2021,2,10,10,20,10
2021,2,10,10,30,17
2021,2,10,10,40,86
2021,2,10,10,50,5
2021,2,10,11,0,52
2021,2,10,11,10,33
2021,2,10,11,20,157
2021,2,10,11,30,146
2021,2,10,11,40,190
2021,2,10,11,50,389
2021,2,10,12,0,434
2021,2,10,12,10,400
2021,2,10,12,20,434
2021,2,10,12,30,486
2021,2,10,12,40,386
2021,2,10,12,50,359
2021,2,10,13,0,507
2021,2,10,13,10,643
2021,2,10,13,20,767
2021,2,10,13,30,803
2021,2,10,13,40,839
2021,2,10,13,50,873
2021,2,10,14,0,905
2021,2,10,14,10,936
2021,2,10,14,20,966
2021,2,10,14,30,993
2021,2,10,14,40,1018
2021,2,10,14,50,1042
2021,2,10,15,0,991
2021,2,10,15,10,908
2021,2,10,15,20,1097
2021,2,10,15,30,1113
2021,2,10,15,40,1126
2021,2,10,15,50,1137
2021,2,10,16,0,1146
2021,2,10,16,10,1153
2021,2,10,16,20,1158
2021,2,10,16,30,1161
2021,2,10,16,40,1156
2021,2,10,16,50,1155
2021,2,10,17,0,1151
2021,2,10,17,10,1145
2021,2,10,17,20,1136
2021,2,10,17,30,1126
2021,2,10,17,40,1105
2021,2,10,17,50,1091
2021,2,10,18,0,1074
2021,2,10,18,10,1055
2021,2,10,18,20,1033
2021,2,10,18,30,1007
2021,2,10,18,40,979
2021,2,10,18,50,952
2021,2,10,19,0,924
2021,2,10,19,10,891
2021,2,10,19,20,859
2021,2,10,19,30,825
2021,2,10,19,40,688
2021,2,10,19,50,638
2021,2,10,20,0,588
2021,2,10,20,10,557
2021,2,10,20,20,405
2021,2,10,20,30,365
2021,2,10,20,40,275
2021,2,10,20,50,13
2021,2,10,21,0,34
2021,2,10,21,10,163
2021,2,10,21,20,244
2021,2,10,21,30,81
2021,2,10,21,40,177
2021,2,10,21,50,190
2021,2,10,22,0,122
2021,2,10,22,10,147
2021,2,10,22,20,91
2021,2,10,22,30,82
2021,2,10,22,40,42
2021,2,10,22,50,19
2021,2,10,23,0,0
2021,2,10,23,10,0
2021,2,10,23,20,0
2021,2,10,23,30,0
2021,2,10,23,40,0
2021,2,10,23,50,0
2021,2,11,0,0,0
2021,2,11,0,10,0
2021,2,11,0,20,0
2021,2,11,0,30,0
2021,2,11,0,40,0
2021,2,11,0,50,0
2021,2,11,1,0,0
2021,2,11,1,10,0
2021,2,11,1,20,0
2021,2,11,1,30,0
2021,2,11,1,40,0
2021,2,11,1,50,0
2021,2,11,2,0,0
2021,2,11,2,10,0
2021,2,11,2,20,0
2021,2,11,2,30,0
2021,2,11,2,40,0
2021,2,11,2,50,0
2021,2,11,3,0,0
2021,2,11,3,10,0
2021,2,11,3,20,0
2021,2,11,3,30,0
2021,2,11,3,40,0
2021,2,11,3,50,0
2021,2,11,4,0,0
2021,2,11,4,10,0
2021,2,11,4,20,0
2021,2,11,4,30,0
2021,2,11,4,40,0
2021,2,11,4,50,0
2021,2,11,5,0,0
2021,2,11,5,10,0
2021,2,11,5,20,0
2021,2,11,5,30,0
2021,2,11,5,40,0
2021,2,11,5,50,0
2021,2,11,6,0,0
2021,2,11,6,10,0
2021,2,11,6,20,0
2021,2,11,6,30,0
2021,2,11,6,40,0
2021,2,11,6,50,0
2021,2,11,7,0,0
2021,2,11,7,10,0
2021,2,11,7,20,0
2021,2,11,7,30,0
2021,2,11,7,40,0
2021,2,11,7,50,0
2021,2,11,8,0,0
2021,2,11,8,10,0
2021,2,11,8,20,0
2021,2,11,8,30,0
2021,2,11,8,40,0
2021,2,11,8,50,0
2021,2,11,9,0,0
2021,2,11,9,10,0
2021,2,11,9,20,0
2021,2,11,9,30,0
2021,2,11,9,40,0
2021,2,11,9,50,0
2021,2,11,10,0,0
2021,2,11,10,10,0
2021,2,11,10,20,7
2021,2,11,10,30,21
2021,2,11,10,40,29
2021,2,11,10,50,50
2021,2,11,11,0,30
2021,2,11,11,10,54
2021,2,11,11,20,55
2021,2,11,11,30,166
2021,2,11,11,40,171
2021,2,11,11,50,131
2021,2,11,12,0,138
2021,2,11,12,10,478
2021,2,11,12,20,522
2021,2,11,12,30,566
2021,2,11,12,40,609
2021,2,11,12,50,651
2021,2,11,13,0,691
2021,2,11,13,10,731
2021,2,11,13,20,770
2021,2,11,13,30,606
2021,2,11,13,40,843
2021,2,11,13,50,877
2021,2,11,14,0,914
2021,2,11,14,10,945
2021,2,11,14,20,974
2021,2,11,14,30,1002
2021,2,11,14,40,1027
2021,2,11,14,50,1051
2021,2,11,15,0,1072
2021,2,11,15,10,1092
2021,2,11,15,20,1105
2021,2,11,15,30,1121
2021,2,11,15,40,1134
2021,2,11,15,50,1146
2021,2,11,16,0,1155
2021,2,11,16,10,1162
2021,2,11,16,20,1167
2021,2,11,16,30,1169
2021,2,11,16,40,1169
2021,2,11,16,50,1167
2021,2,11,17,0,1163
2021,2,11,17,10,1157
2021,2,11,17,20,1148
2021,2,11,17,30,1138
2021,2,11,17,40,1117
2021,2,11,17,50,1102
2021,2,11,18,0,1085
2021,2,11,18,10,1066
2021,2,11,18,20,1045
2021,2,11,18,30,1022
2021,2,11,18,40,990
2021,2,11,18,50,963
2021,2,11,19,0,726
2021,2,11,19,10,581
2021,2,11,19,20,725
2021,2,11,19,30,638
2021,2,11,19,40,502
2021,2,11,19,50,317
2021,2,11,20,0,152
2021,2,11,20,10,343
2021,2,11,20,20,542
2021,2,11,20,30,470
2021,2,11,20,40,430
2021,2,11,20,50,355
2021,2,11,21,0,421
2021,2,11,21,10,365
2021,2,11,21,20,201
2021,2,11,21,30,192
2021,2,11,21,40,139
2021,2,11,21,50,210
2021,2,11,22,0,199
2021,2,11,22,10,99
2021,2,11,22,20,63
2021,2,11,22,30,43
2021,2,11,22,40,37
2021,2,11,22,50,18
2021,2,11,23,0,0
2021,2,11,23,10,0
2021,2,11,23,20,0
2021,2,11,23,30,0
2021,2,11,23,40,0
2021,2,11,23,50,0
2021,2,12,0,0,0
2021,2,12,0,10,0
2021,2,12,0,20,0
2021,2,12,0,30,0
2021,2,12,0,40,0
2021,2,12,0,50,0
2021,2,12,1,0,0
2021,2,12,1,10,0
2021,2,12,1,20,0
2021,2,12,1,30,0
2021,2,12,1,40,0
2021,2,12,1,50,0
2021,2,12,2,0,0
2021,2,12,2,10,0
2021,2,12,2,20,0
2021,2,12,2,30,0
2021,2,12,2,40,0
2021,2,12,2,50,0
2021,2,12,3,0,0
2021,2,12,3,10,0
2021,2,12,3,20,0
2021,2,12,3,30,0
2021,2,12,3,40,0
2021,2,12,3,50,0
2021,2,12,4,0,0
2021,2,12,4,10,0
2021,2,12,4,20,0
2021,2,12,4,30,0
2021,2,12,4,40,0
2021,2,12,4,50,0
2021,2,12,5,0,0
2021,2,12,5,10,0
2021,2,12,5,20,0
2021,2,12,5,30,0
2021,2,12,5,40,0
2021,2,12,5,50,0
2021,2,12,6,0,0
2021,2,12,6,10,0
2021,2,12,6,20,0
2021,2,12,6,30,0
2021,2,12,6,40,0
2021,2,12,6,50,0
2021,2,12,7,0,0
2021,2,12,7,10,0
2021,2,12,7,20,0
2021,2,12,7,30,0
2021,2,12,7,40,0
2021,2,12,7,50,0
2021,2,12,8,0,0
2021,2,12,8,10,0
2021,2,12,8,20,0
2021,2,12,8,30,0
2021,2,12,8,40,0
2021,2,12,8,50,0
2021,2,12,9,0,0
2021,2,12,9,10,0
2021,2,12,9,20,0
2021,2,12,9,30,0
2021,2,12,9,40,0
2021,2,12,9,50,0
2021,2,12,10,0,0
2021,2,12,10,10,0
2021,2,12,10,20,20
2021,2,12,10,30,28
2021,2,12,10,40,82
2021,2,12,10,50,121
2021,2,12,11,0,162
2021,2,12,11,10,205
2021,2,12,11,20,249
2021,2,12,11,30,294
2021,2,12,11,40,339
2021,2,12,11,50,384
2021,2,12,12,0,429
2021,2,12,12,10,473
2021,2,12,12,20,517
2021,2,12,12,30,560
2021,2,12,12,40,603
2021,2,12,12,50,644
2021,2,12,13,0,685
2021,2,12,13,10,724
2021,2,12,13,20,602
2021,2,12,13,30,718
2021,2,12,13,40,835
2021,2,12,13,50,869
2021,2,12,14,0,772
2021,2,12,14,10,932
2021,2,12,14,20,961
2021,2,12,14,30,989
2021,2,12,14,40,1014
2021,2,12,14,50,1037
2021,2,12,15,0,1059
2021,2,12,15,10,1079
2021,2,12,15,20,1096
2021,2,12,15,30,836
2021,2,12,15,40,1125
2021,2,12,15,50,1137
2021,2,12,16,0,1146
2021,2,12,16,10,1153
2021,2,12,16,20,1158
2021,2,12,16,30,1160
2021,2,12,16,40,1160
2021,2,12,16,50,1154
2021,2,12,17,0,1150
2021,2,12,17,10,1144
2021,2,12,17,20,1136
2021,2,12,17,30,1125
2021,2,12,17,40,1110
2021,2,12,17,50,1096
2021,2,12,18,0,1079
2021,2,12,18,10,1060
2021,2,12,18,20,1038
2021,2,12,18,30,1015
2021,2,12,18,40,985
2021,2,12,18,50,958
2021,2,12,19,0,930
2021,2,12,19,10,899
2021,2,12,19,20,867
2021,2,12,19,30,834
2021,2,12,19,40,797
2021,2,12,19,50,760
2021,2,12,20,0,720
2021,2,12,20,10,681
2021,2,12,20,20,641
2021,2,12,20,30,600
2021,2,12,20,40,556
2021,2,12,20,50,513
2021,2,12,21,0,439
2021,2,12,21,10,424
2021,2,12,21,20,286
2021,2,12,21,30,196
2021,2,12,21,40,121
2021,2,12,21,50,82
2021,2,12,22,0,101
2021,2,12,22,10,96
2021,2,12,22,20,61
2021,2,12,22,30,24
2021,2,12,22,40,35
2021,2,12,22,50,17
2021,2,12,23,0,0
2021,2,12,23,10,0
2021,2,12,23,20,0
2021,2,12,23,30,0
2021,2,12,23,40,0
2021,2,12,23,50,0
2021,2,13,0,0,0
2021,2,13,0,10,0
2021,2,13,0,20,0
2021,2,13,0,30,0
2021,2,13,0,40,0
2021,2,13,0,50,0
2021,2,13,1,0,0
2021,2,13,1,10,0
2021,2,13,1,20,0
2021,2,13,1,30,0
2021,2,13,1,40,0
2021,2,13,1,50,0
2021,2,13,2,0,0
2021,2,13,2,10,0
2021,2,13,2,20,0
2021,2,13,2,30,0
2021,2,13,2,40,0
2021,2,13,2,50,0
2021,2,13,3,0,0
2021,2,13,3,10,0
2021,2,13,3,20,0
2021,2,13,3,30,0
2021,2,13,3,40,0
2021,2,13,3,50,0
2021,2,13,4,0,0
2021,2,13,4,10,0
2021,2,13,4,20,0
2021,2,13,4,30,0
2021,2,13,4,40,0
2021,2,13,4,50,0
2021,2,13,5,0,0
2021,2,13,5,10,0
2021,2,13,5,20,0
2021,2,13,5,30,0
2021,2,13,5,40,0
2021,2,13,5,50,0
2021,2,13,6,0,0
2021,2,13,6,10,0
2021,2,13,6,20,0
2021,2,13,6,30,0
2021,2,13,6,40,0
2021,2,13,6,50,0
2021,2,13,7,0,0
2021,2,13,7,10,0
2021,2,13,7,20,0
2021,2,13,7,30,0
2021,2,13,7,40,0
2021,2,13,7,50,0
2021,2,13,8,0,0
2021,2,13,8,10,0
2021,2,13,8,20,0
2021,2,13,8,30,0
2021,2,13,8,40,0
2021,2,13,8,50,0
2021,2,13,9,0,0
2021,2,13,9,10,0
2021,2,13,9,20,0
2021,2,13,9,30,0
2021,2,13,9,40,0
2021,2,13,9,50,0
2021,2,13,10,0,0
2021,2,13,10,10,0
2021,2,13,10,20,9
2021,2,13,10,30,22
2021,2,13,10,40,78
2021,2,13,10,50,116
2021,2,13,11,0,158
2021,2,13,11,10,200
2021,2,13,11,20,244
2021,2,13,11,30,289
2021,2,13,11,40,222
2021,2,13,11,50,307
2021,2,13,12,0,226
2021,2,13,12,10,450
2021,2,13,12,20,410
2021,2,13,12,30,547
2021,2,13,12,40,599
2021,2,13,12,50,597
2021,2,13,13,0,612
2021,2,13,13,10,721
2021,2,13,13,20,759
2021,2,13,13,30,685
2021,2,13,13,40,709
2021,2,13,13,50,866
2021,2,13,14,0,898
2021,2,13,14,10,929
2021,2,13,14,20,962
2021,2,13,14,30,989
2021,2,13,14,40,1014
2021,2,13,14,50,1038
2021,2,13,15,0,1059
2021,2,13,15,10,1079
2021,2,13,15,20,1097
2021,2,13,15,30,1113
2021,2,13,15,40,1127
2021,2,13,15,50,1138
2021,2,13,16,0,1147
2021,2,13,16,10,1154
2021,2,13,16,20,1159
2021,2,13,16,30,1162
2021,2,13,16,40,1162
2021,2,13,16,50,1160
2021,2,13,17,0,1156
2021,2,13,17,10,1150
2021,2,13,17,20,1141
2021,2,13,17,30,1130
2021,2,13,17,40,1116
2021,2,13,17,50,1101
2021,2,13,18,0,1084
2021,2,13,18,10,1065
2021,2,13,18,20,1043
2021,2,13,18,30,1020
2021,2,13,18,40,994
2021,2,13,18,50,967
2021,2,13,19,0,938
2021,2,13,19,10,907
2021,2,13,19,20,875
2021,2,13,19,30,841
2021,2,13,19,40,804
2021,2,13,19,50,767
2021,2,13,20,0,726
2021,2,13,20,10,621
2021,2,13,20,20,430
2021,2,13,20,30,267
2021,2,13,20,40,404
2021,2,13,20,50,182
2021,2,13,21,0,234
2021,2,13,21,10,231
2021,2,13,21,20,120
2021,2,13,21,30,204
2021,2,13,21,40,166
2021,2,13,21,50,124
2021,2,13,22,0,114
2021,2,13,22,10,66
2021,2,13,22,20,51
2021,2,13,22,30,46
2021,2,13,22,40,31
2021,2,13,22,50,14
2021,2,13,23,0,0
2021,2,13,23,10,0
2021,2,13,23,20,0
2021,2,13,23,30,0
2021,2,13,23,40,0
2021,2,13,23,50,0
2021,2,14,0,0,0
2021,2,14,0,10,0
2021,2,14,0,20,0
2021,2,14,0,30,0
2021,2,14,0,40,0
2021,2,14,0,50,0
2021,2,14,1,0,0
2021,2,14,1,10,0
2021,2,14,1,20,0
2021,2,14,1,30,0
2021,2,14,1,40,0
2021,2,14,1,50,0
2021,2,14,2,0,0
2021,2,14,2,10,0
2021,2,14,2,20,0
2021,2,14,2,30,0
2021,2,14,2,40,0
2021,2,14,2,50,0
2021,2,14,3,0,0
2021,2,14,3,10,0
2021,2,14,3,20,0
2021,2,14,3,30,0
2021,2,14,3,40,0
2021,2,14,3,50,0
2021,2,14,4,0,0
2021,2,14,4,10,0
2021,2,14,4,20,0
2021,2,14,4,30,0
2021,2,14,4,40,0
2021,2,14,4,50,0
2021,2,14,5,0,0
2021,2,14,5,10,0
2021,2,14,5,20,0
2021,2,14,5,30,0
2021,2,14,5,40,0
2021,2,14,5,50,0
2021,2,14,6,0,0
2021,2,14,6,10,0
2021,2,14,6,20,0
2021,2,14,6,30,0
2021,2,14,6,40,0
2021,2,14,6,50,0
2021,2,14,7,0,0
2021,2,14,7,10,0
2021,2,14,7,20,0
2021,2,14,7,30,0
2021,2,14,7,40,0
2021,2,14,7,50,0
2021,2,14,8,0,0
2021,2,14,8,10,0
2021,2,14,8,20,0
2021,2,14,8,30,0
2021,2,14,8,40,0
2021,2,14,8,50,0
2021,2,14,9,0,0
2021,2,14,9,10,0
2021,2,14,9,20,0
2021,2,14,9,30,0
2021,2,14,9,40,0
2021,2,14,9,50,0
2021,2,14,10,0,0
2021,2,14,10,10,0
2021,2,14,10,20,18
2021,2,14,10,30,45
2021,2,14,10,40,81
2021,2,14,10,50,120
2021,2,14,11,0,162
2021,2,14,11,10,207
2021,2,14,11,20,252
2021,2,14,11,30,297
2021,2,14,11,40,344
2021,2,14,11,50,390
2021,2,14,12,0,436
2021,2,14,12,10,481
2021,2,14,12,20,526
2021,2,14,12,30,570
2021,2,14,12,40,614
2021,2,14,12,50,656
2021,2,14,13,0,697
2021,2,14,13,10,737
2021,2,14,13,20,776
2021,2,14,13,30,814
2021,2,14,13,40,850
2021,2,14,13,50,885
2021,2,14,14,0,918
2021,2,14,14,10,949
2021,2,14,14,20,979
2021,2,14,14,30,1006
2021,2,14,14,40,1032
2021,2,14,14,50,1056
2021,2,14,15,0,1078
2021,2,14,15,10,1098
2021,2,14,15,20,1116
2021,2,14,15,30,1126
2021,2,14,15,40,1139
2021,2,14,15,50,1151
2021,2,14,16,0,1160
2021,2,14,16,10,1167
2021,2,14,16,20,1172
2021,2,14,16,30,1175
2021,2,14,16,40,1175
2021,2,14,16,50,1173
2021,2,14,17,0,1164
2021,2,14,17,10,1157
2021,2,14,17,20,1149
2021,2,14,17,30,1138
2021,2,14,17,40,1124
2021,2,14,17,50,1109
2021,2,14,18,0,1092
2021,2,14,18,10,1068
2021,2,14,18,20,1047
2021,2,14,18,30,1024
2021,2,14,18,40,997
2021,2,14,18,50,970
2021,2,14,19,0,937
2021,2,14,19,10,907
2021,2,14,19,20,874
2021,2,14,19,30,840
2021,2,14,19,40,800
2021,2,14,19,50,763
2021,2,14,20,0,725
2021,2,14,20,10,686
2021,2,14,20,20,643
2021,2,14,20,30,602
2021,2,14,20,40,553
2021,2,14,20,50,510
2021,2,14,21,0,466
2021,2,14,21,10,420
2021,2,14,21,20,376
2021,2,14,21,30,330
2021,2,14,21,40,283
2021,2,14,21,50,238
2021,2,14,22,0,196
2021,2,14,22,10,154
2021,2,14,22,20,114
2021,2,14,22,30,77
2021,2,14,22,40,45
2021,2,14,22,50,20
2021,2,14,23,0,0
2021,2,14,23,10,0
2021,2,14,23,20,0
2021,2,14,23,30,0
2021,2,14,23,40,0
2021,2,14,23,50,0
2021,2,15,0,0,0
2021,2,15,0,10,0
2021,2,15,0,20,0
2021,2,15,0,30,0
2021,2,15,0,40,0
2021,2,15,0,50,0
2021,2,15,1,0,0
2021,2,15,1,10,0
2021,2,15,1,20,0
2021,2,15,1,30,0
2021,2,15,1,40,0
2021,2,15,1,50,0
2021,2,15,2,0,0
2021,2,15,2,10,0
2021,2,15,2,20,0
2021,2,15,2,30,0
2021,2,15,2,40,0
2021,2,15,2,50,0
2021,2,15,3,0,0
2021,2,15,3,10,0
2021,2,15,3,20,0
2021,2,15,3,30,0
2021,2,15,3,40,0
2021,2,15,3,50,0
2021,2,15,4,0,0
2021,2,15,4,10,0
2021,2,15,4,20,0
2021,2,15,4,30,0
2021,2,15,4,40,0
2021,2,15,4,50,0
2021,2,15,5,0,0
2021,2,15,5,10,0
2021,2,15,5,20,0
2021,2,15,5,30,0
2021,2,15,5,40,0
2021,2,15,5,50,0
2021,2,15,6,0,0
2021,2,15,6,10,0
2021,2,15,6,20,0
2021,2,15,6,30,0
2021,2,15,6,40,0
2021,2,15,6,50,0
2021,2,15,7,0,0
2021,2,15,7,10,0
2021,2,15,7,20,0
2021,2,15,7,30,0
2021,2,15,7,40,0
2021,2,15,7,50,0
2021,2,15,8,0,0
2021,2,15,8,10,0
2021,2,15,8,20,0
2021,2,15,8,30,0
2021,2,15,8,40,0
2021,2,15,8,50,0
2021,2,15,9,0,0
2021,2,15,9,10,0
2021,2,15,9,20,0
2021,2,15,9,30,0
2021,2,15,9,40,0
2021,2,15,9,50,0
2021,2,15,10,0,0
2021,2,15,10,10,0
2021,2,15,10,20,6
2021,2,15,10,30,25
2021,2,15,10,40,72
2021,2,15,10,50,109
2021,2,15,11,0,150
2021,2,15,11,10,192
2021,2,15,11,20,236
2021,2,15,11,30,281
2021,2,15,11,40,326
2021,2,15,11,50,371
2021,2,15,12,0,416
2021,2,15,12,10,458
2021,2,15,12,20,502
2021,2,15,12,30,546
2021,2,15,12,40,588
2021,2,15,12,50,630
2021,2,15,13,0,671
2021,2,15,13,10,710
2021,2,15,13,20,749
2021,2,15,13,30,786
2021,2,15,13,40,822
2021,2,15,13,50,853
2021,2,15,14,0,885
2021,2,15,14,10,916
2021,2,15,14,20,946
2021,2,15,14,30,973
2021,2,15,14,40,1000
2021,2,15,14,50,1024
2021,2,15,15,0,1042
2021,2,15,15,10,1062
2021,2,15,15,20,1080
2021,2,15,15,30,1095
2021,2,15,15,40,678
2021,2,15,15,50,1116
2021,2,15,16,0,1126
2021,2,15,16,10,1133
2021,2,15,16,20,1137
2021,2,15,16,30,1140
2021,2,15,16,40,1141
2021,2,15,16,50,1136
2021,2,15,17,0,1132
2021,2,15,17,10,1125
2021,2,15,17,20,1117
2021,2,15,17,30,1106
2021,2,15,17,40,1093
2021,2,15,17,50,1075
2021,2,15,18,0,1058
2021,2,15,18,10,1039
2021,2,15,18,20,1018
2021,2,15,18,30,995
2021,2,15,18,40,969
2021,2,15,18,50,942
2021,2,15,19,0,914
2021,2,15,19,10,884
2021,2,15,19,20,852
2021,2,15,19,30,818
2021,2,15,19,40,784
2021,2,15,19,50,748
2021,2,15,20,0,710
2021,2,15,20,10,672
2021,2,15,20,20,632
2021,2,15,20,30,590
2021,2,15,20,40,549
2021,2,15,20,50,506
2021,2,15,21,0,463
2021,2,15,21,10,419
2021,2,15,21,20,375
2021,2,15,21,30,330
2021,2,15,21,40,286
2021,2,15,21,50,243
2021,2,15,22,0,200
2021,2,15,22,10,158
2021,2,15,22,20,117
2021,2,15,22,30,80
2021,2,15,22,40,46
2021,2,15,22,50,20
2021,2,15,23,0,0
2021,2,15,23,10,0
2021,2,15,23,20,0
2021,2,15,23,30,0
2021,2,15,23,40,0
2021,2,15,23,50,0
2021,2,16,0,0,0
2021,2,16,0,10,0
2021,2,16,0,20,0
2021,2,16,0,30,0
2021,2,16,0,40,0
2021,2,16,0,50,0
2021,2,16,1,0,0
2021,2,16,1,10,0
2021,2,16,1,20,0
2021,2,16,1,30,0
2021,2,16,1,40,0
2021,2,16,1,50,0
2021,2,16,2,0,0
2021,2,16,2,10,0
2021,2,16,2,20,0
2021,2,16,2,30,0
2021,2,16,2,40,0
2021,2,16,2,50,0
2021,2,16,3,0,0
2021,2,16,3,10,0
2021,2,16,3,20,0
2021,2,16,3,30,0
2021,2,16,3,40,0
2021,2,16,3,50,0
2021,2,16,4,0,0
2021,2,16,4,10,0
2021,2,16,4,20,0
2021,2,16,4,30,0
2021,2,16,4,40,0
2021,2,16,4,50,0
2021,2,16,5,0,0
2021,2,16,5,10,0
2021,2,16,5,20,0
2021,2,16,5,30,0
2021,2,16,5,40,0
2021,2,16,5,50,0
2021,2,16,6,0,0
2021,2,16,6,10,0
2021,2,16,6,20,0
2021,2,16,6,30,0
2021,2,16,6,40,0
2021,2,16,6,50,0
2021,2,16,7,0,0
2021,2,16,7,10,0
2021,2,16,7,20,0
2021,2,16,7,30,0
2021,2,16,7,40,0
2021,2,16,7,50,0
2021,2,16,8,0,0
2021,2,16,8,10,0
2021,2,16,8,20,0
2021,2,16,8,30,0
2021,2,16,8,40,0
2021,2,16,8,50,0
2021,2,16,9,0,0
2021,2,16,9,10,0
2021,2,16,9,20,0
2021,2,16,9,30,0
2021,2,16,9,40,0
2021,2,16,9,50,0
2021,2,16,10,0,0
2021,2,16,10,10,0
2021,2,16,10,20,5
2021,2,16,10,30,22
2021,2,16,10,40,46
2021,2,16,10,50,109
2021,2,16,11,0,150
2021,2,16,11,10,190
2021,2,16,11,20,231
2021,2,16,11,30,277
2021,2,16,11,40,299
2021,2,16,11,50,272
2021,2,16,12,0,328
2021,2,16,12,10,464
2021,2,16,12,20,508
2021,2,16,12,30,552
2021,2,16,12,40,596
2021,2,16,12,50,636
2021,2,16,13,0,677
2021,2,16,13,10,717
2021,2,16,13,20,755
2021,2,16,13,30,793
2021,2,16,13,40,829
2021,2,16,13,50,864
2021,2,16,14,0,896
2021,2,16,14,10,928
2021,2,16,14,20,957
2021,2,16,14,30,985
2021,2,16,14,40,1011
2021,2,16,14,50,1035
2021,2,16,15,0,1056
2021,2,16,15,10,1076
2021,2,16,15,20,1090
2021,2,16,15,30,1106
2021,2,16,15,40,1119
2021,2,16,15,50,1131
2021,2,16,16,0,1140
2021,2,16,16,10,1147
2021,2,16,16,20,1152
2021,2,16,16,30,1151
2021,2,16,16,40,1150
2021,2,16,16,50,1148
2021,2,16,17,0,1144
2021,2,16,17,10,1138
2021,2,16,17,20,1126
2021,2,16,17,30,1115
2021,2,16,17,40,1102
2021,2,16,17,50,1087
2021,2,16,18,0,1066
2021,2,16,18,10,1047
2021,2,16,18,20,1026
2021,2,16,18,30,1003
2021,2,16,18,40,973
2021,2,16,18,50,946
2021,2,16,19,0,918
2021,2,16,19,10,887
2021,2,16,19,20,855
2021,2,16,19,30,819
2021,2,16,19,40,784
2021,2,16,19,50,747
2021,2,16,20,0,709
2021,2,16,20,10,670
2021,2,16,20,20,630
2021,2,16,20,30,589
2021,2,16,20,40,544
2021,2,16,20,50,501
2021,2,16,21,0,458
2021,2,16,21,10,414
2021,2,16,21,20,370
2021,2,16,21,30,325
2021,2,16,21,40,281
2021,2,16,21,50,237
2021,2,16,22,0,194
2021,2,16,22,10,152
2021,2,16,22,20,112
2021,2,16,22,30,76
2021,2,16,22,40,43
2021,2,16,22,50,19
2021,2,16,23,0,0
2021,2,16,23,10,0
2021,2,16,23,20,0
2021,2,16,23,30,0
2021,2,16,23,40,0
2021,2,16,23,50,0
2021,2,17,0,0,0
2021,2,17,0,10,0
2021,2,17,0,20,0
2021,2,17,0,30,0
2021,2,17,0,40,0
2021,2,17,0,50,0
2021,2,17,1,0,0
2021,2,17,1,10,0
2021,2,17,1,20,0
2021,2,17,1,30,0
2021,2,17,1,40,0
2021,2,17,1,50,0
2021,2,17,2,0,0
2021,2,17,2,10,0
2021,2,17,2,20,0
2021,2,17,2,30,0
2021,2,17,2,40,0
2021,2,17,2,50,0
2021,2,17,3,0,0
2021,2,17,3,10,0
2021,2,17,3,20,0
2021,2,17,3,30,0
2021,2,17,3,40,0
2021,2,17,3,50,0
2021,2,17,4,0,0
2021,2,17,4,10,0
2021,2,17,4,20,0
2021,2,17,4,30,0
2021,2,17,4,40,0
2021,2,17,4,50,0
2021,2,17,5,0,0
2021,2,17,5,10,0
2021,2,17,5,20,0
2021,2,17,5,30,0
2021,2,17,5,40,0
2021,2,17,5,50,0
2021,2,17,6,0,0
2021,2,17,6,10,0
2021,2,17,6,20,0
2021,2,17,6,30,0
2021,2,17,6,40,0
2021,2,17,6,50,0
2021,2,17,7,0,0
2021,2,17,7,10,0
2021,2,17,7,20,0
2021,2,17,7,30,0
2021,2,17,7,40,0
2021,2,17,7,50,0
2021,2,17,8,0,0
2021,2,17,8,10,0
2021,2,17,8,20,0
2021,2,17,8,30,0
2021,2,17,8,40,0
2021,2,17,8,50,0
2021,2,17,9,0,0
2021,2,17,9,10,0
2021,2,17,9,20,0
2021,2,17,9,30,0
2021,2,17,9,40,0
2021,2,17,9,50,0
2021,2,17,10,0,0
2021,2,17,10,10,0
2021,2,17,10,20,0
2021,2,17,10,30,13
2021,2,17,10,40,15
2021,2,17,10,50,55
2021,2,17,11,0,5
2021,2,17,11,10,73
2021,2,17,11,20,119
2021,2,17,11,30,10
2021,2,17,11,40,249
2021,2,17,11,50,282
2021,2,17,12,0,331
2021,2,17,12,10,351
2021,2,17,12,20,376
2021,2,17,12,30,541
2021,2,17,12,40,585
2021,2,17,12,50,626
2021,2,17,13,0,667
2021,2,17,13,10,706
2021,2,17,13,20,744
2021,2,17,13,30,781
2021,2,17,13,40,817
2021,2,17,13,50,851
2021,2,17,14,0,884
2021,2,17,14,10,914
2021,2,17,14,20,941
2021,2,17,14,30,968
2021,2,17,14,40,995
2021,2,17,14,50,1018
2021,2,17,15,0,1040
2021,2,17,15,10,1059
2021,2,17,15,20,1077
2021,2,17,15,30,1093
2021,2,17,15,40,1106
2021,2,17,15,50,1114
2021,2,17,16,0,1124
2021,2,17,16,10,1130
2021,2,17,16,20,1135
2021,2,17,16,30,1138
2021,2,17,16,40,1138
2021,2,17,16,50,1136
2021,2,17,17,0,1129
2021,2,17,17,10,1123
2021,2,17,17,20,1114
2021,2,17,17,30,1103
2021,2,17,17,40,1091
2021,2,17,17,50,1076
2021,2,17,18,0,1056
2021,2,17,18,10,1037
2021,2,17,18,20,1016
2021,2,17,18,30,993
2021,2,17,18,40,967
2021,2,17,18,50,940
2021,2,17,19,0,912
2021,2,17,19,10,879
2021,2,17,19,20,848
2021,2,17,19,30,814
2021,2,17,19,40,778
2021,2,17,19,50,742
2021,2,17,20,0,704
2021,2,17,20,10,665
2021,2,17,20,20,625
2021,2,17,20,30,585
2021,2,17,20,40,540
2021,2,17,20,50,498
2021,2,17,21,0,454
2021,2,17,21,10,411
2021,2,17,21,20,367
2021,2,17,21,30,323
2021,2,17,21,40,276
2021,2,17,21,50,233
2021,2,17,22,0,190
2021,2,17,22,10,148
2021,2,17,22,20,109
2021,2,17,22,30,72
2021,2,17,22,40,40
2021,2,17,22,50,17
2021,2,17,23,0,0
2021,2,17,23,10,0
2021,2,17,23,20,0
2021,2,17,23,30,0
2021,2,17,23,40,0
2021,2,17,23,50,0
2021,2,18,0,0,0
2021,2,18,0,10,0
2021,2,18,0,20,0
2021,2,18,0,30,0
2021,2,18,0,40,0
2021,2,18,0,50,0
2021,2,18,1,0,0
2021,2,18,1,10,0
2021,2,18,1,20,0
2021,2,18,1,30,0
2021,2,18,1,40,0
2021,2,18,1,50,0
2021,2,18,2,0,0
2021,2,18,2,10,0
2021,2,18,2,20,0
2021,2,18,2,30,0
2021,2,18,2,40,0
2021,2,18,2,50,0
2021,2,18,3,0,0
2021,2,18,3,10,0
2021,2,18,3,20,0
2021,2,18,3,30,0
2021,2,18,3,40,0
2021,2,18,3,50,0
2021,2,18,4,0,0
2021,2,18,4,10,0
2021,2,18,4,20,0
2021,2,18,4,30,0
2021,2,18,4,40,0
2021,2,18,4,50,0
2021,2,18,5,0,0
2021,2,18,5,10,0
2021,2,18,5,20,0
2021,2,18,5,30,0
2021,2,18,5,40,0
2021,2,18,5,50,0
2021,2,18,6,0,0
2021,2,18,6,10,0
2021,2,18,6,20,0
2021,2,18,6,30,0
2021,2,18,6,40,0
2021,2,18,6,50,0
2021,2,18,7,0,0
2021,2,18,7,10,0
2021,2,18,7,20,0
2021,2,18,7,30,0
2021,2,18,7,40,0
2021,2,18,7,50,0
2021,2,18,8,0,0
2021,2,18,8,10,0
2021,2,18,8,20,0
2021,2,18,8,30,0
2021,2,18,8,40,0
2021,2,18,8,50,0
2021,2,18,9,0,0
2021,2,18,9,10,0
2021,2,18,9,20,0
2021,2,18,9,30,0
2021,2,18,9,40,0
2021,2,18,9,50,0
2021,2,18,10,0,0
2021,2,18,10,10,0
2021,2,18,10,20,0
2021,2,18,10,30,18
2021,2,18,10,40,26
2021,2,18,10,50,49
2021,2,18,11,0,36
2021,2,18,11,10,59
2021,2,18,11,20,13
2021,2,18,11,30,10
2021,2,18,11,40,12
2021,2,18,11,50,69
2021,2,18,12,0,225
2021,2,18,12,10,348
2021,2,18,12,20,491
2021,2,18,12,30,534
2021,2,18,12,40,577
2021,2,18,12,50,618
2021,2,18,13,0,659
2021,2,18,13,10,698
2021,2,18,13,20,736
2021,2,18,13,30,773
2021,2,18,13,40,810
2021,2,18,13,50,844
2021,2,18,14,0,877
2021,2,18,14,10,908
2021,2,18,14,20,937
2021,2,18,14,30,961
2021,2,18,14,40,985
2021,2,18,14,50,1009
2021,2,18,15,0,1031
2021,2,18,15,10,1050
2021,2,18,15,20,1068
2021,2,18,15,30,1018
2021,2,18,15,40,1098
2021,2,18,15,50,1109
2021,2,18,16,0,1115
2021,2,18,16,10,1122
2021,2,18,16,20,1030
2021,2,18,16,30,1080
2021,2,18,16,40,1130
2021,2,18,16,50,1128
2021,2,18,17,0,1121
2021,2,18,17,10,1114
2021,2,18,17,20,987
2021,2,18,17,30,1095
2021,2,18,17,40,936
2021,2,18,17,50,918
2021,2,18,18,0,929
2021,2,18,18,10,1025
2021,2,18,18,20,898
2021,2,18,18,30,911
2021,2,18,18,40,760
2021,2,18,18,50,424
2021,2,18,19,0,483
2021,2,18,19,10,198
2021,2,18,19,20,30
2021,2,18,19,30,109
2021,2,18,19,40,763
2021,2,18,19,50,727
2021,2,18,20,0,690
2021,2,18,20,10,651
2021,2,18,20,20,611
2021,2,18,20,30,232
2021,2,18,20,40,528
2021,2,18,20,50,485
2021,2,18,21,0,442
2021,2,18,21,10,399
2021,2,18,21,20,355
2021,2,18,21,30,311
2021,2,18,21,40,269
2021,2,18,21,50,226
2021,2,18,22,0,183
2021,2,18,22,10,142
2021,2,18,22,20,104
2021,2,18,22,30,68
2021,2,18,22,40,24
2021,2,18,22,50,7
2021,2,18,23,0,0
2021,2,18,23,10,0
2021,2,18,23,20,0
2021,2,18,23,30,0
2021,2,18,23,40,0
2021,2,18,23,50,0
2021,2,19,0,0,0
2021,2,19,0,10,0
2021,2,19,0,20,0
2021,2,19,0,30,0
2021,2,19,0,40,0
2021,2,19,0,50,0
2021,2,19,1,0,0
2021,2,19,1,10,0
2021,2,19,1,20,0
2021,2,19,1,30,0
2021,2,19,1,40,0
2021,2,19,1,50,0
2021,2,19,2,0,0
2021,2,19,2,10,0
2021,2,19,2,20,0
2021,2,19,2,30,0
2021,2,19,2,40,0
2021,2,19,2,50,0
2021,2,19,3,0,0
2021,2,19,3,10,0
2021,2,19,3,20,0
2021,2,19,3,30,0
2021,2,19,3,40,0
2021,2,19,3,50,0
2021,2,19,4,0,0
2021,2,19,4,10,0
2021,2,19,4,20,0
2021,2,19,4,30,0
2021,2,19,4,40,0
2021,2,19,4,50,0
2021,2,19,5,0,0
2021,2,19,5,10,0
2021,2,19,5,20,0
2021,2,19,5,30,0
2021,2,19,5,40,0
2021,2,19,5,50,0
2021,2,19,6,0,0
2021,2,19,6,10,0
2021,2,19,6,20,0
2021,2,19,6,30,0
2021,2,19,6,40,0
2021,2,19,6,50,0
2021,2,19,7,0,0
2021,2,19,7,10,0
2021,2,19,7,20,0
2021,2,19,7,30,0
2021,2,19,7,40,0
2021,2,19,7,50,0
2021,2,19,8,0,0
2021,2,19,8,10,0
2021,2,19,8,20,0
2021,2,19,8,30,0
2021,2,19,8,40,0
2021,2,19,8,50,0
2021,2,19,9,0,0
2021,2,19,9,10,0
2021,2,19,9,20,0
2021,2,19,9,30,0
2021,2,19,9,40,0
2021,2,19,9,50,0
2021,2,19,10,0,0
2021,2,19,10,10,0
2021,2,19,10,20,0
2021,2,19,10,30,19
2021,2,19,10,40,42
2021,2,19,10,50,100
2021,2,19,11,0,140
2021,2,19,11,10,181
2021,2,19,11,20,224
2021,2,19,11,30,268
2021,2,19,11,40,312
2021,2,19,11,50,356
2021,2,19,12,0,401
2021,2,19,12,10,445
2021,2,19,12,20,488
2021,2,19,12,30,531
2021,2,19,12,40,574
2021,2,19,12,50,616
2021,2,19,13,0,656
2021,2,19,13,10,693
2021,2,19,13,20,731
2021,2,19,13,30,768
2021,2,19,13,40,804
2021,2,19,13,50,838
2021,2,19,14,0,870
2021,2,19,14,10,901
2021,2,19,14,20,930
2021,2,19,14,30,957
2021,2,19,14,40,984
2021,2,19,14,50,1007
2021,2,19,15,0,1029
2021,2,19,15,10,1048
2021,2,19,15,20,1066
2021,2,19,15,30,1081
2021,2,19,15,40,1095
2021,2,19,15,50,1106
2021,2,19,16,0,1115
2021,2,19,16,10,1122
2021,2,19,16,20,1126
2021,2,19,16,30,1126
2021,2,19,16,40,1126
2021,2,19,16,50,1124
2021,2,19,17,0,1120
2021,2,19,17,10,1114
2021,2,19,17,20,1105
2021,2,19,17,30,1094
2021,2,19,17,40,1079
2021,2,19,17,50,1064
2021,2,19,18,0,1044
2021,2,19,18,10,1025
2021,2,19,18,20,1004
2021,2,19,18,30,981
2021,2,19,18,40,954
2021,2,19,18,50,927
2021,2,19,19,0,899
2021,2,19,19,10,868
2021,2,19,19,20,834
2021,2,19,19,30,801
2021,2,19,19,40,765
2021,2,19,19,50,729
2021,2,19,20,0,691
2021,2,19,20,10,586
2021,2,19,20,20,567
2021,2,19,20,30,487
2021,2,19,20,40,324
2021,2,19,20,50,480
2021,2,19,21,0,437
2021,2,19,21,10,364
2021,2,19,21,20,350
2021,2,19,21,30,305
2021,2,19,21,40,261
2021,2,19,21,50,219
2021,2,19,22,0,177
2021,2,19,22,10,137
2021,2,19,22,20,99
2021,2,19,22,30,48
2021,2,19,22,40,26
2021,2,19,22,50,7
2021,2,19,23,0,0
2021,2,19,23,10,0
2021,2,19,23,20,0
2021,2,19,23,30,0
2021,2,19,23,40,0
2021,2,19,23,50,0
2021,2,20,0,0,0
2021,2,20,0,10,0
2021,2,20,0,20,0
2021,2,20,0,30,0
2021,2,20,0,40,0
2021,2,20,0,50,0
2021,2,20,1,0,0
2021,2,20,1,10,0
2021,2,20,1,20,0
2021,2,20,1,30,0
2021,2,20,1,40,0
2021,2,20,1,50,0
2021,2,20,2,0,0
2021,2,20,2,10,0
2021,2,20,2,20,0
2021,2,20,2,30,0
2021,2,20,2,40,0
2021,2,20,2,50,0
2021,2,20,3,0,0
2021,2,20,3,10,0
2021,2,20,3,20,0
2021,2,20,3,30,0
2021,2,20,3,40,0
2021,2,20,3,50,0
2021,2,20,4,0,0
2021,2,20,4,10,0
2021,2,20,4,20,0
2021,2,20,4,30,0
2021,2,20,4,40,0
2021,2,20,4,50,0
2021,2,20,5,0,0
2021,2,20,5,10,0
2021,2,20,5,20,0
2021,2,20,5,30,0
2021,2,20,5,40,0
2021,2,20,5,50,0
2021,2,20,6,0,0
2021,2,20,6,10,0
2021,2,20,6,20,0
2021,2,20,6,30,0
2021,2,20,6,40,0
2021,2,20,6,50,0
2021,2,20,7,0,0
2021,2,20,7,10,0
2021,2,20,7,20,0
2021,2,20,7,30,0
2021,2,20,7,40,0
2021,2,20,7,50,0
2021,2,20,8,0,0
2021,2,20,8,10,0
2021,2,20,8,20,0
2021,2,20,8,30,0
2021,2,20,8,40,0
2021,2,20,8,50,0
2021,2,20,9,0,0
2021,2,20,9,10,0
2021,2,20,9,20,0
2021,2,20,9,30,0
2021,2,20,9,40,0
2021,2,20,9,50,0
2021,2,20,10,0,0
2021,2,20,10,10,0
2021,2,20,10,20,0
2021,2,20,10,30,17
2021,2,20,10,40,40
2021,2,20,10,50,70
2021,2,20,11,0,59
2021,2,20,11,10,99
2021,2,20,11,20,164
2021,2,20,11,30,204
2021,2,20,11,40,312
2021,2,20,11,50,253
2021,2,20,12,0,220
2021,2,20,12,10,265
2021,2,20,12,20,231
2021,2,20,12,30,269
2021,2,20,12,40,374
2021,2,20,12,50,343
2021,2,20,13,0,465
2021,2,20,13,10,486
2021,2,20,13,20,417
2021,2,20,13,30,619
2021,2,20,13,40,535
2021,2,20,13,50,490
2021,2,20,14,0,730
2021,2,20,14,10,781
2021,2,20,14,20,554
2021,2,20,14,30,736
2021,2,20,14,40,810
2021,2,20,14,50,806
2021,2,20,15,0,731
2021,2,20,15,10,1050
2021,2,20,15,20,732
2021,2,20,15,30,256
2021,2,20,15,40,481
2021,2,20,15,50,989
2021,2,20,16,0,1113
2021,2,20,16,10,911
2021,2,20,16,20,881
2021,2,20,16,30,956
2021,2,20,16,40,1127
2021,2,20,16,50,917
2021,2,20,17,0,889
2021,2,20,17,10,854
2021,2,20,17,20,512
2021,2,20,17,30,893
2021,2,20,17,40,804
2021,2,20,17,50,798
2021,2,20,18,0,1050
2021,2,20,18,10,1029
2021,2,20,18,20,1008
2021,2,20,18,30,861
2021,2,20,18,40,960
2021,2,20,18,50,933
2021,2,20,19,0,905
2021,2,20,19,10,872
2021,2,20,19,20,732
2021,2,20,19,30,610
2021,2,20,19,40,671
2021,2,20,19,50,422
2021,2,20,20,0,448
2021,2,20,20,10,79
2021,2,20,20,20,212
2021,2,20,20,30,68
2021,2,20,20,40,108
2021,2,20,20,50,134
2021,2,20,21,0,52
2021,2,20,21,10,51
2021,2,20,21,20,75
2021,2,20,21,30,69
2021,2,20,21,40,70
2021,2,20,21,50,109
2021,2,20,22,0,71
2021,2,20,22,10,62
2021,2,20,22,20,46
2021,2,20,22,30,34
2021,2,20,22,40,20
2021,2,20,22,50,4
2021,2,20,23,0,0
2021,2,20,23,10,0
2021,2,20,23,20,0
2021,2,20,23,30,0
2021,2,20,23,40,0
2021,2,20,23,50,0
2021,2,21,0,0,0
2021,2,21,0,10,0
2021,2,21,0,20,0
2021,2,21,0,30,0
2021,2,21,0,40,0
2021,2,21,0,50,0
2021,2,21,1,0,0
2021,2,21,1,10,0
2021,2,21,1,20,0
2021,2,21,1,30,0
2021,2,21,1,40,0
2021,2,21,1,50,0
2021,2,21,2,0,0
2021,2,21,2,10,0
2021,2,21,2,20,0
2021,2,21,2,30,0
2021,2,21,2,40,0
2021,2,21,2,50,0
2021,2,21,3,0,0
2021,2,21,3,10,0
2021,2,21,3,20,0
2021,2,21,3,30,0
2021,2,21,3,40,0
2021,2,21,3,50,0
2021,2,21,4,0,0
2021,2,21,4,10,0
2021,2,21,4,20,0
2021,2,21,4,30,0
2021,2,21,4,40,0
2021,2,21,4,50,0
2021,2,21,5,0,0
2021,2,21,5,10,0
2021,2,21,5,20,0
2021,2,21,5,30,0
2021,2,21,5,40,0
2021,2,21,5,50,0
2021,2,21,6,0,0
2021,2,21,6,10,0
2021,2,21,6,20,0
2021,2,21,6,30,0
2021,2,21,6,40,0
2021,2,21,6,50,0
2021,2,21,7,0,0
2021,2,21,7,10,0
2021,2,21,7,20,0
2021,2,21,7,30,0
2021,2,21,7,40,0
2021,2,21,7,50,0
2021,2,21,8,0,0
2021,2,21,8,10,0
2021,2,21,8,20,0
2021,2,21,8,30,0
2021,2,21,8,40,0
2021,2,21,8,50,0
2021,2,21,9,0,0
2021,2,21,9,10,0
2021,2,21,9,20,0
2021,2,21,9,30,0
2021,2,21,9,40,0
2021,2,21,9,50,0
2021,2,21,10,0,0
2021,2,21,10,10,0
2021,2,21,10,20,0
2021,2,21,10,30,19
2021,2,21,10,40,30
2021,2,21,10,50,66
2021,2,21,11,0,51
2021,2,21,11,10,120
2021,2,21,11,20,169
2021,2,21,11,30,230
2021,2,21,11,40,319
2021,2,21,11,50,364
2021,2,21,12,0,410
2021,2,21,12,10,447
2021,2,21,12,20,475
2021,2,21,12,30,451
2021,2,21,12,40,431
2021,2,21,12,50,483
2021,2,21,13,0,667
2021,2,21,13,10,707
2021,2,21,13,20,746
2021,2,21,13,30,783
2021,2,21,13,40,819
2021,2,21,13,50,854
2021,2,21,14,0,886
2021,2,21,14,10,917
2021,2,21,14,20,947
2021,2,21,14,30,974
2021,2,21,14,40,1000
2021,2,21,14,50,1024
2021,2,21,15,0,1046
2021,2,21,15,10,1066
2021,2,21,15,20,1083
2021,2,21,15,30,1099
2021,2,21,15,40,1108
2021,2,21,15,50,1120
2021,2,21,16,0,1129
2021,2,21,16,10,1136
2021,2,21,16,20,1140
2021,2,21,16,30,1143
2021,2,21,16,40,1142
2021,2,21,16,50,1137
2021,2,21,17,0,1132
2021,2,21,17,10,1126
2021,2,21,17,20,1117
2021,2,21,17,30,1106
2021,2,21,17,40,1087
2021,2,21,17,50,1072
2021,2,21,18,0,1055
2021,2,21,18,10,1036
2021,2,21,18,20,1011
2021,2,21,18,30,988
2021,2,21,18,40,959
2021,2,21,18,50,932
2021,2,21,19,0,903
2021,2,21,19,10,870
2021,2,21,19,20,838
2021,2,21,19,30,804
2021,2,21,19,40,765
2021,2,21,19,50,643
2021,2,21,20,0,581
2021,2,21,20,10,511
2021,2,21,20,20,336
2021,2,21,20,30,271
2021,2,21,20,40,195
2021,2,21,20,50,231
2021,2,21,21,0,236
2021,2,21,21,10,215
2021,2,21,21,20,161
2021,2,21,21,30,131
2021,2,21,21,40,73
2021,2,21,21,50,78
2021,2,21,22,0,61
2021,2,21,22,10,51
2021,2,21,22,20,28
2021,2,21,22,30,20
2021,2,21,22,40,12
2021,2,21,22,50,0
2021,2,21,23,0,0
2021,2,21,23,10,0
2021,2,21,23,20,0
2021,2,21,23,30,0
2021,2,21,23,40,0
2021,2,21,23,50,0
2021,2,22,0,0,0
2021,2,22,0,10,0
2021,2,22,0,20,0
2021,2,22,0,30,0
2021,2,22,0,40,0
2021,2,22,0,50,0
2021,2,22,1,0,0
2021,2,22,1,10,0
2021,2,22,1,20,0
2021,2,22,1,30,0
2021,2,22,1,40,0
2021,2,22,1,50,0
2021,2,22,2,0,0
2021,2,22,2,10,0
2021,2,22,2,20,0
2021,2,22,2,30,0
2021,2,22,2,40,0
2021,2,22,2,50,0
2021,2,22,3,0,0
2021,2,22,3,10,0
2021,2,22,3,20,0
2021,2,22,3,30,0
2021,2,22,3,40,0
2021,2,22,3,50,0
2021,2,22,4,0,0
2021,2,22,4,10,0
2021,2,22,4,20,0
2021,2,22,4,30,0
2021,2,22,4,40,0
2021,2,22,4,50,0
2021,2,22,5,0,0
2021,2,22,5,10,0
2021,2,22,5,20,0
2021,2,22,5,30,0
2021,2,22,5,40,0
2021,2,22,5,50,0
2021,2,22,6,0,0
2021,2,22,6,10,0
2021,2,22,6,20,0
2021,2,22,6,30,0
2021,2,22,6,40,0
2021,2,22,6,50,0
2021,2,22,7,0,0
2021,2,22,7,10,0
2021,2,22,7,20,0
2021,2,22,7,30,0
2021,2,22,7,40,0
2021,2,22,7,50,0
2021,2,22,8,0,0
2021,2,22,8,10,0
2021,2,22,8,20,0
2021,2,22,8,30,0
2021,2,22,8,40,0
2021,2,22,8,50,0
2021,2,22,9,0,0
2021,2,22,9,10,0
2021,2,22,9,20,0
2021,2,22,9,30,0
2021,2,22,9,40,0
2021,2,22,9,50,0
2021,2,22,10,0,0
2021,2,22,10,10,0
2021,2,22,10,20,0
2021,2,22,10,30,15
2021,2,22,10,40,60
2021,2,22,10,50,95
2021,2,22,11,0,134
2021,2,22,11,10,177
2021,2,22,11,20,220
2021,2,22,11,30,264
2021,2,22,11,40,309
2021,2,22,11,50,257
2021,2,22,12,0,176
2021,2,22,12,10,317
2021,2,22,12,20,347
2021,2,22,12,30,530
2021,2,22,12,40,572
2021,2,22,12,50,616
2021,2,22,13,0,657
2021,2,22,13,10,696
2021,2,22,13,20,735
2021,2,22,13,30,771
2021,2,22,13,40,808
2021,2,22,13,50,842
2021,2,22,14,0,874
2021,2,22,14,10,905
2021,2,22,14,20,934
2021,2,22,14,30,962
2021,2,22,14,40,988
2021,2,22,14,50,1011
2021,2,22,15,0,1033
2021,2,22,15,10,1053
2021,2,22,15,20,1070
2021,2,22,15,30,1086
2021,2,22,15,40,1098
2021,2,22,15,50,1110
2021,2,22,16,0,1115
2021,2,22,16,10,1122
2021,2,22,16,20,1127
2021,2,22,16,30,1129
2021,2,22,16,40,1129
2021,2,22,16,50,1126
2021,2,22,17,0,1122
2021,2,22,17,10,1116
2021,2,22,17,20,1107
2021,2,22,17,30,1096
2021,2,22,17,40,1082
2021,2,22,17,50,1067
2021,2,22,18,0,1050
2021,2,22,18,10,1028
2021,2,22,18,20,1006
2021,2,22,18,30,983
2021,2,22,18,40,957
2021,2,22,18,50,930
2021,2,22,19,0,901
2021,2,22,19,10,871
2021,2,22,19,20,839
2021,2,22,19,30,805
2021,2,22,19,40,769
2021,2,22,19,50,730
2021,2,22,20,0,559
2021,2,22,20,10,446
2021,2,22,20,20,592
2021,2,22,20,30,495
2021,2,22,20,40,454
2021,2,22,20,50,489
2021,2,22,21,0,444
2021,2,22,21,10,363
2021,2,22,21,20,336
2021,2,22,21,30,289
2021,2,22,21,40,256
2021,2,22,21,50,203
2021,2,22,22,0,159
2021,2,22,22,10,138
2021,2,22,22,20,71
2021,2,22,22,30,51
2021,2,22,22,40,26
2021,2,22,22,50,0
2021,2,22,23,0,0
2021,2,22,23,10,0
2021,2,22,23,20,0
2021,2,22,23,30,0
2021,2,22,23,40,0
2021,2,22,23,50,0
2021,2,23,0,0,0
2021,2,23,0,10,0
2021,2,23,0,20,0
2021,2,23,0,30,0
2021,2,23,0,40,0
2021,2,23,0,50,0
2021,2,23,1,0,0
2021,2,23,1,10,0
2021,2,23,1,20,0
2021,2,23,1,30,0
2021,2,23,1,40,0
2021,2,23,1,50,0
2021,2,23,2,0,0
2021,2,23,2,10,0
2021,2,23,2,20,0
2021,2,23,2,30,0
2021,2,23,2,40,0
2021,2,23,2,50,0
2021,2,23,3,0,0
2021,2,23,3,10,0
2021,2,23,3,20,0
2021,2,23,3,30,0
2021,2,23,3,40,0
2021,2,23,3,50,0
2021,2,23,4,0,0
2021,2,23,4,10,0
2021,2,23,4,20,0
2021,2,23,4,30,0
2021,2,23,4,40,0
2021,2,23,4,50,0
2021,2,23,5,0,0
2021,2,23,5,10,0
2021,2,23,5,20,0
2021,2,23,5,30,0
2021,2,23,5,40,0
2021,2,23,5,50,0
2021,2,23,6,0,0
2021,2,23,6,10,0
2021,2,23,6,20,0
2021,2,23,6,30,0
2021,2,23,6,40,0
2021,2,23,6,50,0
2021,2,23,7,0,0
2021,2,23,7,10,0
2021,2,23,7,20,0
2021,2,23,7,30,0
2021,2,23,7,40,0
2021,2,23,7,50,0
2021,2,23,8,0,0
2021,2,23,8,10,0
2021,2,23,8,20,0
2021,2,23,8,30,0
2021,2,23,8,40,0
2021,2,23,8,50,0
2021,2,23,9,0,0
2021,2,23,9,10,0
2021,2,23,9,20,0
2021,2,23,9,30,0
2021,2,23,9,40,0
2021,2,23,9,50,0
2021,2,23,10,0,0
2021,2,23,10,10,0
2021,2,23,10,20,0
2021,2,23,10,30,16
2021,2,23,10,40,61
2021,2,23,10,50,98
2021,2,23,11,0,139
2021,2,23,11,10,181
2021,2,23,11,20,225
2021,2,23,11,30,270
2021,2,23,11,40,315
2021,2,23,11,50,361
2021,2,23,12,0,406
2021,2,23,12,10,450
2021,2,23,12,20,495
2021,2,23,12,30,538
2021,2,23,12,40,581
2021,2,23,12,50,621
2021,2,23,13,0,662
2021,2,23,13,10,701
2021,2,23,13,20,740
2021,2,23,13,30,777
2021,2,23,13,40,812
2021,2,23,13,50,846
2021,2,23,14,0,879
2021,2,23,14,10,910
2021,2,23,14,20,939
2021,2,23,14,30,967
2021,2,23,14,40,992
2021,2,23,14,50,1012
2021,2,23,15,0,1034
2021,2,23,15,10,1054
2021,2,23,15,20,1072
2021,2,23,15,30,1087
2021,2,23,15,40,1100
2021,2,23,15,50,1111
2021,2,23,16,0,1120
2021,2,23,16,10,1127
2021,2,23,16,20,1132
2021,2,23,16,30,1134
2021,2,23,16,40,1130
2021,2,23,16,50,1128
2021,2,23,17,0,1124
2021,2,23,17,10,1117
2021,2,23,17,20,1108
2021,2,23,17,30,1097
2021,2,23,17,40,1084
2021,2,23,17,50,1069
2021,2,23,18,0,1052
2021,2,23,18,10,1033
2021,2,23,18,20,1011
2021,2,23,18,30,988
2021,2,23,18,40,962
2021,2,23,18,50,932
2021,2,23,19,0,903
2021,2,23,19,10,873
2021,2,23,19,20,840
2021,2,23,19,30,807
2021,2,23,19,40,771
2021,2,23,19,50,734
2021,2,23,20,0,696
2021,2,23,20,10,657
2021,2,23,20,20,617
2021,2,23,20,30,575
2021,2,23,20,40,533
2021,2,23,20,50,490
2021,2,23,21,0,446
2021,2,23,21,10,402
2021,2,23,21,20,357
2021,2,23,21,30,313
2021,2,23,21,40,268
2021,2,23,21,50,224
2021,2,23,22,0,181
2021,2,23,22,10,139
2021,2,23,22,20,99
2021,2,23,22,30,62
2021,2,23,22,40,32
2021,2,23,22,50,0
2021,2,23,23,0,0
2021,2,23,23,10,0
2021,2,23,23,20,0
2021,2,23,23,30,0
2021,2,23,23,40,0
2021,2,23,23,50,0
2021,2,24,0,0,0
2021,2,24,0,10,0
2021,2,24,0,20,0
2021,2,24,0,30,0
2021,2,24,0,40,0
2021,2,24,0,50,0
2021,2,24,1,0,0
2021,2,24,1,10,0
2021,2,24,1,20,0
2021,2,24,1,30,0
2021,2,24,1,40,0
2021,2,24,1,50,0
2021,2,24,2,0,0
2021,2,24,2,10,0
2021,2,24,2,20,0
2021,2,24,2,30,0
2021,2,24,2,40,0
2021,2,24,2,50,0
2021,2,24,3,0,0
2021,2,24,3,10,0
2021,2,24,3,20,0
2021,2,24,3,30,0
2021,2,24,3,40,0
2021,2,24,3,50,0
2021,2,24,4,0,0
2021,2,24,4,10,0
2021,2,24,4,20,0
2021,2,24,4,30,0
2021,2,24,4,40,0
2021,2,24,4,50,0
2021,2,24,5,0,0
2021,2,24,5,10,0
2021,2,24,5,20,0
2021,2,24,5,30,0
2021,2,24,5,40,0
2021,2,24,5,50,0
2021,2,24,6,0,0
2021,2,24,6,10,0
2021,2,24,6,20,0
2021,2,24,6,30,0
2021,2,24,6,40,0
2021,2,24,6,50,0
2021,2,24,7,0,0
2021,2,24,7,10,0
2021,2,24,7,20,0
2021,2,24,7,30,0
2021,2,24,7,40,0
2021,2,24,7,50,0
2021,2,24,8,0,0
2021,2,24,8,10,0
2021,2,24,8,20,0
2021,2,24,8,30,0
2021,2,24,8,40,0
2021,2,24,8,50,0
2021,2,24,9,0,0
2021,2,24,9,10,0
2021,2,24,9,20,0
2021,2,24,9,30,0
2021,2,24,9,40,0
2021,2,24,9,50,0
2021,2,24,10,0,0
2021,2,24,10,10,0
2021,2,24,10,20,0
2021,2,24,10,30,10
2021,2,24,10,40,15
2021,2,24,10,50,32
2021,2,24,11,0,5
2021,2,24,11,10,15
2021,2,24,11,20,43
2021,2,24,11,30,53
2021,2,24,11,40,46
2021,2,24,11,50,109
2021,2,24,12,0,103
2021,2,24,12,10,164
2021,2,24,12,20,263
2021,2,24,12,30,354
2021,2,24,12,40,393
2021,2,24,12,50,536
2021,2,24,13,0,523
2021,2,24,13,10,582
2021,2,24,13,20,506
2021,2,24,13,30,439
2021,2,24,13,40,562
2021,2,24,13,50,590
2021,2,24,14,0,656
2021,2,24,14,10,720
2021,2,24,14,20,743
2021,2,24,14,30,854
2021,2,24,14,40,539
2021,2,24,14,50,855
2021,2,24,15,0,771
2021,2,24,15,10,812
2021,2,24,15,20,904
2021,2,24,15,30,1016
2021,2,24,15,40,746
2021,2,24,15,50,1104
2021,2,24,16,0,1110
2021,2,24,16,10,1117
2021,2,24,16,20,1121
2021,2,24,16,30,1124
2021,2,24,16,40,1125
2021,2,24,16,50,1123
2021,2,24,17,0,1119
2021,2,24,17,10,1112
2021,2,24,17,20,1103
2021,2,24,17,30,1089
2021,2,24,17,40,1078
2021,2,24,17,50,1063
2021,2,24,18,0,1046
2021,2,24,18,10,1026
2021,2,24,18,20,1005
2021,2,24,18,30,981
2021,2,24,18,40,954
2021,2,24,18,50,926
2021,2,24,19,0,897
2021,2,24,19,10,867
2021,2,24,19,20,834
2021,2,24,19,30,800
2021,2,24,19,40,763
2021,2,24,19,50,726
2021,2,24,20,0,688
2021,2,24,20,10,649
2021,2,24,20,20,609
2021,2,24,20,30,566
2021,2,24,20,40,523
2021,2,24,20,50,468
2021,2,24,21,0,336
2021,2,24,21,10,53
2021,2,24,21,20,7
2021,2,24,21,30,7
2021,2,24,21,40,69
2021,2,24,21,50,5
2021,2,24,22,0,4
2021,2,24,22,10,53
2021,2,24,22,20,30
2021,2,24,22,30,16
2021,2,24,22,40,10
2021,2,24,22,50,0
2021,2,24,23,0,0
2021,2,24,23,10,0
2021,2,24,23,20,0
2021,2,24,23,30,0
2021,2,24,23,40,0
2021,2,24,23,50,0
2021,2,25,0,0,0
2021,2,25,0,10,0
2021,2,25,0,20,0
2021,2,25,0,30,0
2021,2,25,0,40,0
2021,2,25,0,50,0
2021,2,25,1,0,0
2021,2,25,1,10,0
2021,2,25,1,20,0
2021,2,25,1,30,0
2021,2,25,1,40,0
2021,2,25,1,50,0
2021,2,25,2,0,0
2021,2,25,2,10,0
2021,2,25,2,20,0
2021,2,25,2,30,0
2021,2,25,2,40,0
2021,2,25,2,50,0
2021,2,25,3,0,0
2021,2,25,3,10,0
2021,2,25,3,20,0
2021,2,25,3,30,0
2021,2,25,3,40,0
2021,2,25,3,50,0
2021,2,25,4,0,0
2021,2,25,4,10,0
2021,2,25,4,20,0
2021,2,25,4,30,0
2021,2,25,4,40,0
2021,2,25,4,50,0
2021,2,25,5,0,0
2021,2,25,5,10,0
2021,2,25,5,20,0
2021,2,25,5,30,0
2021,2,25,5,40,0
2021,2,25,5,50,0
2021,2,25,6,0,0
2021,2,25,6,10,0
2021,2,25,6,20,0
2021,2,25,6,30,0
2021,2,25,6,40,0
2021,2,25,6,50,0
2021,2,25,7,0,0
2021,2,25,7,10,0
2021,2,25,7,20,0
2021,2,25,7,30,0
2021,2,25,7,40,0
2021,2,25,7,50,0
2021,2,25,8,0,0
2021,2,25,8,10,0
2021,2,25,8,20,0
2021,2,25,8,30,0
2021,2,25,8,40,0
2021,2,25,8,50,0
2021,2,25,9,0,0
2021,2,25,9,10,0
2021,2,25,9,20,0
2021,2,25,9,30,0
2021,2,25,9,40,0
2021,2,25,9,50,0
2021,2,25,10,0,0
2021,2,25,10,10,0
2021,2,25,10,20,0
2021,2,25,10,30,18
2021,2,25,10,40,39
2021,2,25,10,50,60
2021,2,25,11,0,95
2021,2,25,11,10,167
2021,2,25,11,20,209
2021,2,25,11,30,253
2021,2,25,11,40,298
2021,2,25,11,50,342
2021,2,25,12,0,307
2021,2,25,12,10,431
2021,2,25,12,20,474
2021,2,25,12,30,518
2021,2,25,12,40,561
2021,2,25,12,50,602
2021,2,25,13,0,643
2021,2,25,13,10,682
2021,2,25,13,20,721
2021,2,25,13,30,758
2021,2,25,13,40,791
2021,2,25,13,50,825
2021,2,25,14,0,857
2021,2,25,14,10,888
2021,2,25,14,20,917
2021,2,25,14,30,944
2021,2,25,14,40,967
2021,2,25,14,50,991
2021,2,25,15,0,950
2021,2,25,15,10,817
2021,2,25,15,20,1050
2021,2,25,15,30,1065
2021,2,25,15,40,1074
2021,2,25,15,50,1085
2021,2,25,16,0,1094
2021,2,25,16,10,1101
2021,2,25,16,20,1105
2021,2,25,16,30,1006
2021,2,25,16,40,860
2021,2,25,16,50,946
2021,2,25,17,0,854
2021,2,25,17,10,907
2021,2,25,17,20,930
2021,2,25,17,30,852
2021,2,25,17,40,1056
2021,2,25,17,50,852
2021,2,25,18,0,746
2021,2,25,18,10,607
2021,2,25,18,20,547
2021,2,25,18,30,714
2021,2,25,18,40,816
2021,2,25,18,50,905
2021,2,25,19,0,762
2021,2,25,19,10,660
2021,2,25,19,20,525
2021,2,25,19,30,468
2021,2,25,19,40,740
2021,2,25,19,50,704
2021,2,25,20,0,589
2021,2,25,20,10,462
2021,2,25,20,20,444
2021,2,25,20,30,432
2021,2,25,20,40,419
2021,2,25,20,50,393
2021,2,25,21,0,356
2021,2,25,21,10,368
2021,2,25,21,20,325
2021,2,25,21,30,266
2021,2,25,21,40,238
2021,2,25,21,50,196
2021,2,25,22,0,146
2021,2,25,22,10,94
2021,2,25,22,20,51
2021,2,25,22,30,35
2021,2,25,22,40,17
2021,2,25,22,50,0
2021,2,25,23,0,0
2021,2,25,23,10,0
2021,2,25,23,20,0
2021,2,25,23,30,0
2021,2,25,23,40,0
2021,2,25,23,50,0
2021,2,26,0,0,0
2021,2,26,0,10,0
2021,2,26,0,20,0
2021,2,26,0,30,0
2021,2,26,0,40,0
2021,2,26,0,50,0
2021,2,26,1,0,0
2021,2,26,1,10,0
2021,2,26,1,20,0
2021,2,26,1,30,0
2021,2,26,1,40,0
2021,2,26,1,50,0
2021,2,26,2,0,0
2021,2,26,2,10,0
2021,2,26,2,20,0
2021,2,26,2,30,0
2021,2,26,2,40,0
2021,2,26,2,50,0
2021,2,26,3,0,0
2021,2,26,3,10,0
2021,2,26,3,20,0
2021,2,26,3,30,0
2021,2,26,3,40,0
2021,2,26,3,50,0
2021,2,26,4,0,0
2021,2,26,4,10,0
2021,2,26,4,20,0
2021,2,26,4,30,0
2021,2,26,4,40,0
2021,2,26,4,50,0
2021,2,26,5,0,0
2021,2,26,5,10,0
2021,2,26,5,20,0
2021,2,26,5,30,0
2021,2,26,5,40,0
2021,2,26,5,50,0
2021,2,26,6,0,0
2021,2,26,6,10,0
2021,2,26,6,20,0
2021,2,26,6,30,0
2021,2,26,6,40,0
2021,2,26,6,50,0
2021,2,26,7,0,0
2021,2,26,7,10,0
2021,2,26,7,20,0
2021,2,26,7,30,0
2021,2,26,7,40,0
2021,2,26,7,50,0
2021,2,26,8,0,0
2021,2,26,8,10,0
2021,2,26,8,20,0
2021,2,26,8,30,0
2021,2,26,8,40,0
2021,2,26,8,50,0
2021,2,26,9,0,0
2021,2,26,9,10,0
2021,2,26,9,20,0
2021,2,26,9,30,0
2021,2,26,9,40,0
2021,2,26,9,50,0
2021,2,26,10,0,0
2021,2,26,10,10,0
2021,2,26,10,20,0
2021,2,26,10,30,16
2021,2,26,10,40,38
2021,2,26,10,50,59
2021,2,26,11,0,108
2021,2,26,11,10,142
2021,2,26,11,20,93
2021,2,26,11,30,148
2021,2,26,11,40,142
2021,2,26,11,50,253
2021,2,26,12,0,278
2021,2,26,12,10,333
2021,2,26,12,20,476
2021,2,26,12,30,517
2021,2,26,12,40,558
2021,2,26,12,50,599
2021,2,26,13,0,640
2021,2,26,13,10,679
2021,2,26,13,20,717
2021,2,26,13,30,754
2021,2,26,13,40,788
2021,2,26,13,50,822
2021,2,26,14,0,854
2021,2,26,14,10,885
2021,2,26,14,20,911
2021,2,26,14,30,938
2021,2,26,14,40,964
2021,2,26,14,50,987
2021,2,26,15,0,1009
2021,2,26,15,10,1028
2021,2,26,15,20,1045
2021,2,26,15,30,1061
2021,2,26,15,40,1073
2021,2,26,15,50,1084
2021,2,26,16,0,1093
2021,2,26,16,10,1100
2021,2,26,16,20,1101
2021,2,26,16,30,1104
2021,2,26,16,40,1103
2021,2,26,16,50,1101
2021,2,26,17,0,1097
2021,2,26,17,10,1090
2021,2,26,17,20,1081
2021,2,26,17,30,1070
2021,2,26,17,40,1014
2021,2,26,17,50,994
2021,2,26,18,0,758
2021,2,26,18,10,869
2021,2,26,18,20,43
2021,2,26,18,30,43
2021,2,26,18,40,143
2021,2,26,18,50,390
2021,2,26,19,0,299
2021,2,26,19,10,165
2021,2,26,19,20,322
2021,2,26,19,30,529
2021,2,26,19,40,626
2021,2,26,19,50,572
2021,2,26,20,0,588
2021,2,26,20,10,628
2021,2,26,20,20,588
2021,2,26,20,30,547
2021,2,26,20,40,504
2021,2,26,20,50,460
2021,2,26,21,0,417
2021,2,26,21,10,297
2021,2,26,21,20,261
2021,2,26,21,30,286
2021,2,26,21,40,243
2021,2,26,21,50,201
2021,2,26,22,0,160
2021,2,26,22,10,120
2021,2,26,22,20,64
2021,2,26,22,30,37
2021,2,26,22,40,16
2021,2,26,22,50,0
2021,2,26,23,0,0
2021,2,26,23,10,0
2021,2,26,23,20,0
2021,2,26,23,30,0
2021,2,26,23,40,0
2021,2,26,23,50,0
2021,2,27,0,0,0
2021,2,27,0,10,0
2021,2,27,0,20,0
2021,2,27,0,30,0
2021,2,27,0,40,0
2021,2,27,0,50,0
2021,2,27,1,0,0
2021,2,27,1,10,0
2021,2,27,1,20,0
2021,2,27,1,30,0
2021,2,27,1,40,0
2021,2,27,1,50,0
2021,2,27,2,0,0
2021,2,27,2,10,0
2021,2,27,2,20,0
2021,2,27,2,30,0
2021,2,27,2,40,0
2021,2,27,2,50,0
2021,2,27,3,0,0
2021,2,27,3,10,0
2021,2,27,3,20,0
2021,2,27,3,30,0
2021,2,27,3,40,0
2021,2,27,3,50,0
2021,2,27,4,0,0
2021,2,27,4,10,0
2021,2,27,4,20,0
2021,2,27,4,30,0
2021,2,27,4,40,0
2021,2,27,4,50,0
2021,2,27,5,0,0
2021,2,27,5,10,0
2021,2,27,5,20,0
2021,2,27,5,30,0
2021,2,27,5,40,0
2021,2,27,5,50,0
2021,2,27,6,0,0
2021,2,27,6,10,0
2021,2,27,6,20,0
2021,2,27,6,30,0
2021,2,27,6,40,0
2021,2,27,6,50,0
2021,2,27,7,0,0
2021,2,27,7,10,0
2021,2,27,7,20,0
2021,2,27,7,30,0
2021,2,27,7,40,0
2021,2,27,7,50,0
2021,2,27,8,0,0
2021,2,27,8,10,0
2021,2,27,8,20,0
2021,2,27,8,30,0
2021,2,27,8,40,0
2021,2,27,8,50,0
2021,2,27,9,0,0
2021,2,27,9,10,0
2021,2,27,9,20,0
2021,2,27,9,30,0
2021,2,27,9,40,0
2021,2,27,9,50,0
2021,2,27,10,0,0
2021,2,27,10,10,0
2021,2,27,10,20,0
2021,2,27,10,30,11
2021,2,27,10,40,54
2021,2,27,10,50,89
2021,2,27,11,0,7
2021,2,27,11,10,32
2021,2,27,11,20,8
2021,2,27,11,30,66
2021,2,27,11,40,75
2021,2,27,11,50,33
2021,2,27,12,0,237
2021,2,27,12,10,150
2021,2,27,12,20,247
2021,2,27,12,30,343
2021,2,27,12,40,446
2021,2,27,12,50,296
2021,2,27,13,0,513
2021,2,27,13,10,688
2021,2,27,13,20,726
2021,2,27,13,30,660
2021,2,27,13,40,710
2021,2,27,13,50,737
2021,2,27,14,0,755
2021,2,27,14,10,559
2021,2,27,14,20,922
2021,2,27,14,30,949
2021,2,27,14,40,973
2021,2,27,14,50,996
2021,2,27,15,0,785
2021,2,27,15,10,1037
2021,2,27,15,20,1055
2021,2,27,15,30,1070
2021,2,27,15,40,1083
2021,2,27,15,50,1094
2021,2,27,16,0,1103
2021,2,27,16,10,1109
2021,2,27,16,20,1114
2021,2,27,16,30,1116
2021,2,27,16,40,1112
2021,2,27,16,50,1110
2021,2,27,17,0,1106
2021,2,27,17,10,1099
2021,2,27,17,20,1090
2021,2,27,17,30,1079
2021,2,27,17,40,1063
2021,2,27,17,50,1047
2021,2,27,18,0,1030
2021,2,27,18,10,1010
2021,2,27,18,20,989
2021,2,27,18,30,962
2021,2,27,18,40,937
2021,2,27,18,50,862
2021,2,27,19,0,735
2021,2,27,19,10,675
2021,2,27,19,20,817
2021,2,27,19,30,784
2021,2,27,19,40,749
2021,2,27,19,50,712
2021,2,27,20,0,672
2021,2,27,20,10,633
2021,2,27,20,20,592
2021,2,27,20,30,551
2021,2,27,20,40,510
2021,2,27,20,50,467
2021,2,27,21,0,424
2021,2,27,21,10,380
2021,2,27,21,20,336
2021,2,27,21,30,291
2021,2,27,21,40,248
2021,2,27,21,50,205
2021,2,27,22,0,162
2021,2,27,22,10,122
2021,2,27,22,20,84
2021,2,27,22,30,50
2021,2,27,22,40,22
2021,2,27,22,50,0
2021,2,27,23,0,0
2021,2,27,23,10,0
2021,2,27,23,20,0
2021,2,27,23,30,0
2021,2,27,23,40,0
2021,2,27,23,50,0
2021,2,28,0,0,0
2021,2,28,0,10,0
2021,2,28,0,20,0
2021,2,28,0,30,0
2021,2,28,0,40,0
2021,2,28,0,50,0
2021,2,28,1,0,0
2021,2,28,1,10,0
2021,2,28,1,20,0
2021,2,28,1,30,0
2021,2,28,1,40,0
2021,2,28,1,50,0
2021,2,28,2,0,0
2021,2,28,2,10,0
2021,2,28,2,20,0
2021,2,28,2,30,0
2021,2,28,2,40,0
2021,2,28,2,50,0
2021,2,28,3,0,0
2021,2,28,3,10,0
2021,2,28,3,20,0
2021,2,28,3,30,0
2021,2,28,3,40,0
2021,2,28,3,50,0
2021,2,28,4,0,0
2021,2,28,4,10,0
2021,2,28,4,20,0
2021,2,28,4,30,0
2021,2,28,4,40,0
2021,2,28,4,50,0
2021,2,28,5,0,0
2021,2,28,5,10,0
2021,2,28,5,20,0
2021,2,28,5,30,0
2021,2,28,5,40,0
2021,2,28,5,50,0
2021,2,28,6,0,0
2021,2,28,6,10,0
2021,2,28,6,20,0
2021,2,28,6,30,0
2021,2,28,6,40,0
2021,2,28,6,50,0
2021,2,28,7,0,0
2021,2,28,7,10,0
2021,2,28,7,20,0
2021,2,28,7,30,0
2021,2,28,7,40,0
2021,2,28,7,50,0
2021,2,28,8,0,0
2021,2,28,8,10,0
2021,2,28,8,20,0
2021,2,28,8,30,0
2021,2,28,8,40,0
2021,2,28,8,50,0
2021,2,28,9,0,0
2021,2,28,9,10,0
2021,2,28,9,20,0
2021,2,28,9,30,0
2021,2,28,9,40,0
2021,2,28,9,50,0
2021,2,28,10,0,0
2021,2,28,10,10,0
2021,2,28,10,20,0
2021,2,28,10,30,10
2021,2,28,10,40,24
2021,2,28,10,50,40
2021,2,28,11,0,52
2021,2,28,11,10,41
2021,2,28,11,20,66
2021,2,28,11,30,71
2021,2,28,11,40,169
2021,2,28,11,50,193
2021,2,28,12,0,191
2021,2,28,12,10,150
2021,2,28,12,20,167
2021,2,28,12,30,223
2021,2,28,12,40,264
2021,2,28,12,50,412
2021,2,28,13,0,529
2021,2,28,13,10,481
2021,2,28,13,20,494
2021,2,28,13,30,557
2021,2,28,13,40,314
2021,2,28,13,50,801
2021,2,28,14,0,833
2021,2,28,14,10,864
2021,2,28,14,20,893
2021,2,28,14,30,920
2021,2,28,14,40,949
2021,2,28,14,50,972
2021,2,28,15,0,958
2021,2,28,15,10,1013
2021,2,28,15,20,1030
2021,2,28,15,30,1046
2021,2,28,15,40,1056
2021,2,28,15,50,1067
2021,2,28,16,0,1076
2021,2,28,16,10,991
2021,2,28,16,20,1084
2021,2,28,16,30,757
2021,2,28,16,40,1089
2021,2,28,16,50,1087
2021,2,28,17,0,1082
2021,2,28,17,10,1076
2021,2,28,17,20,1067
2021,2,28,17,30,1056
2021,2,28,17,40,1030
2021,2,28,17,50,981
2021,2,28,18,0,997
2021,2,28,18,10,977
2021,2,28,18,20,956
2021,2,28,18,30,839
2021,2,28,18,40,745
2021,2,28,18,50,533
2021,2,28,19,0,810
2021,2,28,19,10,692
2021,2,28,19,20,327
2021,2,28,19,30,388
2021,2,28,19,40,546
2021,2,28,19,50,494
2021,2,28,20,0,510
2021,2,28,20,10,380
2021,2,28,20,20,357
2021,2,28,20,30,282
2021,2,28,20,40,388
2021,2,28,20,50,440
2021,2,28,21,0,240
2021,2,28,21,10,275
2021,2,28,21,20,311
2021,2,28,21,30,269
2021,2,28,21,40,227
2021,2,28,21,50,186
2021,2,28,22,0,146
2021,2,28,22,10,102
2021,2,28,22,20,72
2021,2,28,22,30,35
2021,2,28,22,40,13
2021,2,28,22,50,0
2021,2,28,23,0,0
2021,2,28,23,10,0
2021,2,28,23,20,0
2021,2,28,23,30,0
2021,2,28,23,40,0
2021,2,28,23,50,0
2021,3,1,0,0,0
2021,3,1,0,10,0
2021,3,1,0,20,0
2021,3,1,0,30,0
2021,3,1,0,40,0
2021,3,1,0,50,0
2021,3,1,1,0,0
2021,3,1,1,10,0
2021,3,1,1,20,0
2021,3,1,1,30,0
2021,3,1,1,40,0
2021,3,1,1,50,0
2021,3,1,2,0,0
2021,3,1,2,10,0
2021,3,1,2,20,0
2021,3,1,2,30,0
2021,3,1,2,40,0
2021,3,1,2,50,0
2021,3,1,3,0,0
2021,3,1,3,10,0
2021,3,1,3,20,0
2021,3,1,3,30,0
2021,3,1,3,40,0
2021,3,1,3,50,0
2021,3,1,4,0,0
2021,3,1,4,10,0
2021,3,1,4,20,0
2021,3,1,4,30,0
2021,3,1,4,40,0
2021,3,1,4,50,0
2021,3,1,5,0,0
2021,3,1,5,10,0
2021,3,1,5,20,0
2021,3,1,5,30,0
2021,3,1,5,40,0
2021,3,1,5,50,0
2021,3,1,6,0,0
2021,3,1,6,10,0
2021,3,1,6,20,0
2021,3,1,6,30,0
2021,3,1,6,40,0
2021,3,1,6,50,0
2021,3,1,7,0,0
2021,3,1,7,10,0
2021,3,1,7,20,0
2021,3,1,7,30,0
2021,3,1,7,40,0
2021,3,1,7,50,0
2021,3,1,8,0,0
2021,3,1,8,10,0
2021,3,1,8,20,0
2021,3,1,8,30,0
2021,3,1,8,40,0
2021,3,1,8,50,0
2021,3,1,9,0,0
2021,3,1,9,10,0
2021,3,1,9,20,0
2021,3,1,9,30,0
2021,3,1,9,40,0
2021,3,1,9,50,0
2021,3,1,10,0,0
2021,3,1,10,10,0
2021,3,1,10,20,0
2021,3,1,10,30,7
2021,3,1,10,40,13
2021,3,1,10,50,22
2021,3,1,11,0,43
2021,3,1,11,10,63
2021,3,1,11,20,39
2021,3,1,11,30,154
2021,3,1,11,40,135
2021,3,1,11,50,150
2021,3,1,12,0,269
2021,3,1,12,10,422
2021,3,1,12,20,373
2021,3,1,12,30,476
2021,3,1,12,40,313
2021,3,1,12,50,181
2021,3,1,13,0,507
2021,3,1,13,10,418
2021,3,1,13,20,357
2021,3,1,13,30,605
2021,3,1,13,40,662
2021,3,1,13,50,771
2021,3,1,14,0,742
2021,3,1,14,10,727
2021,3,1,14,20,798
2021,3,1,14,30,839
2021,3,1,14,40,799
2021,3,1,14,50,841
2021,3,1,15,0,856
2021,3,1,15,10,798
2021,3,1,15,20,869
2021,3,1,15,30,991
2021,3,1,15,40,1073
2021,3,1,15,50,912
2021,3,1,16,0,918
2021,3,1,16,10,910
2021,3,1,16,20,960
2021,3,1,16,30,1103
2021,3,1,16,40,1103
2021,3,1,16,50,1101
2021,3,1,17,0,1096
2021,3,1,17,10,1090
2021,3,1,17,20,1081
2021,3,1,17,30,1070
2021,3,1,17,40,1058
2021,3,1,17,50,1040
2021,3,1,18,0,1023
2021,3,1,18,10,1003
2021,3,1,18,20,982
2021,3,1,18,30,958
2021,3,1,18,40,933
2021,3,1,18,50,906
2021,3,1,19,0,877
2021,3,1,19,10,847
2021,3,1,19,20,815
2021,3,1,19,30,591
2021,3,1,19,40,694
2021,3,1,19,50,709
2021,3,1,20,0,568
2021,3,1,20,10,412
2021,3,1,20,20,389
2021,3,1,20,30,77
2021,3,1,20,40,41
2021,3,1,20,50,43
2021,3,1,21,0,91
2021,3,1,21,10,10
2021,3,1,21,20,85
2021,3,1,21,30,39
2021,3,1,21,40,25
2021,3,1,21,50,29
2021,3,1,22,0,4
2021,3,1,22,10,16
2021,3,1,22,20,15
2021,3,1,22,30,7
2021,3,1,22,40,3
2021,3,1,22,50,0
2021,3,1,23,0,0
2021,3,1,23,10,0
2021,3,1,23,20,0
2021,3,1,23,30,0
2021,3,1,23,40,0
2021,3,1,23,50,0
2021,3,2,0,0,0
2021,3,2,0,10,0
2021,3,2,0,20,0
2021,3,2,0,30,0
2021,3,2,0,40,0
2021,3,2,0,50,0
2021,3,2,1,0,0
2021,3,2,1,10,0
2021,3,2,1,20,0
2021,3,2,1,30,0
2021,3,2,1,40,0
2021,3,2,1,50,0
2021,3,2,2,0,0
2021,3,2,2,10,0
2021,3,2,2,20,0
2021,3,2,2,30,0
2021,3,2,2,40,0
2021,3,2,2,50,0
2021,3,2,3,0,0
2021,3,2,3,10,0
2021,3,2,3,20,0
2021,3,2,3,30,0
2021,3,2,3,40,0
2021,3,2,3,50,0
2021,3,2,4,0,0
2021,3,2,4,10,0
2021,3,2,4,20,0
2021,3,2,4,30,0
2021,3,2,4,40,0
2021,3,2,4,50,0
2021,3,2,5,0,0
2021,3,2,5,10,0
2021,3,2,5,20,0
2021,3,2,5,30,0
2021,3,2,5,40,0
2021,3,2,5,50,0
2021,3,2,6,0,0
2021,3,2,6,10,0
2021,3,2,6,20,0
2021,3,2,6,30,0
2021,3,2,6,40,0
2021,3,2,6,50,0
2021,3,2,7,0,0
2021,3,2,7,10,0
2021,3,2,7,20,0
2021,3,2,7,30,0
2021,3,2,7,40,0
2021,3,2,7,50,0
2021,3,2,8,0,0
2021,3,2,8,10,0
2021,3,2,8,20,0
2021,3,2,8,30,0
2021,3,2,8,40,0
2021,3,2,8,50,0
2021,3,2,9,0,0
2021,3,2,9,10,0
2021,3,2,9,20,0
2021,3,2,9,30,0
2021,3,2,9,40,0
2021,3,2,9,50,0
2021,3,2,10,0,0
2021,3,2,10,10,0
2021,3,2,10,20,0
2021,3,2,10,30,11
2021,3,2,10,40,26
2021,3,2,10,50,47
2021,3,2,11,0,66
2021,3,2,11,10,88
2021,3,2,11,20,113
2021,3,2,11,30,130
2021,3,2,11,40,59
2021,3,2,11,50,113
2021,3,2,12,0,215
2021,3,2,12,10,257
2021,3,2,12,20,343
2021,3,2,12,30,521
2021,3,2,12,40,388
2021,3,2,12,50,487
2021,3,2,13,0,646
2021,3,2,13,10,686
2021,3,2,13,20,724
2021,3,2,13,30,761
2021,3,2,13,40,796
2021,3,2,13,50,830
2021,3,2,14,0,863
2021,3,2,14,10,894
2021,3,2,14,20,923
2021,3,2,14,30,950
2021,3,2,14,40,974
2021,3,2,14,50,998
2021,3,2,15,0,1019
2021,3,2,15,10,1035
2021,3,2,15,20,1053
2021,3,2,15,30,1068
2021,3,2,15,40,1081
2021,3,2,15,50,1092
2021,3,2,16,0,1100
2021,3,2,16,10,1107
2021,3,2,16,20,1111
2021,3,2,16,30,1113
2021,3,2,16,40,1109
2021,3,2,16,50,1107
2021,3,2,17,0,1103
2021,3,2,17,10,1096
2021,3,2,17,20,1087
2021,3,2,17,30,1075
2021,3,2,17,40,1061
2021,3,2,17,50,1042
2021,3,2,18,0,1025
2021,3,2,18,10,1005
2021,3,2,18,20,983
2021,3,2,18,30,960
2021,3,2,18,40,933
2021,3,2,18,50,904
2021,3,2,19,0,874
2021,3,2,19,10,844
2021,3,2,19,20,811
2021,3,2,19,30,728
2021,3,2,19,40,741
2021,3,2,19,50,704
2021,3,2,20,0,614
2021,3,2,20,10,479
2021,3,2,20,20,513
2021,3,2,20,30,436
2021,3,2,20,40,498
2021,3,2,20,50,400
2021,3,2,21,0,412
2021,3,2,21,10,359
2021,3,2,21,20,324
2021,3,2,21,30,280
2021,3,2,21,40,234
2021,3,2,21,50,191
2021,3,2,22,0,150
2021,3,2,22,10,110
2021,3,2,22,20,73
2021,3,2,22,30,41
2021,3,2,22,40,17
2021,3,2,22,50,0
2021,3,2,23,0,0
2021,3,2,23,10,0
2021,3,2,23,20,0
2021,3,2,23,30,0
2021,3,2,23,40,0
2021,3,2,23,50,0
2021,3,3,0,0,0
2021,3,3,0,10,0
2021,3,3,0,20,0
2021,3,3,0,30,0
2021,3,3,0,40,0
2021,3,3,0,50,0
2021,3,3,1,0,0
2021,3,3,1,10,0
2021,3,3,1,20,0
2021,3,3,1,30,0
2021,3,3,1,40,0
2021,3,3,1,50,0
2021,3,3,2,0,0
2021,3,3,2,10,0
2021,3,3,2,20,0
2021,3,3,2,30,0
2021,3,3,2,40,0
2021,3,3,2,50,0
2021,3,3,3,0,0
2021,3,3,3,10,0
2021,3,3,3,20,0
2021,3,3,3,30,0
2021,3,3,3,40,0
2021,3,3,3,50,0
2021,3,3,4,0,0
2021,3,3,4,10,0
2021,3,3,4,20,0
2021,3,3,4,30,0
2021,3,3,4,40,0
2021,3,3,4,50,0
2021,3,3,5,0,0
2021,3,3,5,10,0
2021,3,3,5,20,0
2021,3,3,5,30,0
2021,3,3,5,40,0
2021,3,3,5,50,0
2021,3,3,6,0,0
2021,3,3,6,10,0
2021,3,3,6,20,0
2021,3,3,6,30,0
2021,3,3,6,40,0
2021,3,3,6,50,0
2021,3,3,7,0,0
2021,3,3,7,10,0
2021,3,3,7,20,0
2021,3,3,7,30,0
2021,3,3,7,40,0
2021,3,3,7,50,0
2021,3,3,8,0,0
2021,3,3,8,10,0
2021,3,3,8,20,0
2021,3,3,8,30,0
2021,3,3,8,40,0
2021,3,3,8,50,0
2021,3,3,9,0,0
2021,3,3,9,10,0
2021,3,3,9,20,0
2021,3,3,9,30,0
2021,3,3,9,40,0
2021,3,3,9,50,0
2021,3,3,10,0,0
2021,3,3,10,10,0
2021,3,3,10,20,0
2021,3,3,10,30,10
2021,3,3,10,40,28
2021,3,3,10,50,42
2021,3,3,11,0,74
2021,3,3,11,10,75
2021,3,3,11,20,103
2021,3,3,11,30,146
2021,3,3,11,40,85
2021,3,3,11,50,295
2021,3,3,12,0,197
2021,3,3,12,10,296
2021,3,3,12,20,364
2021,3,3,12,30,461
2021,3,3,12,40,548
2021,3,3,12,50,431
2021,3,3,13,0,465
2021,3,3,13,10,461
2021,3,3,13,20,406
2021,3,3,13,30,458
2021,3,3,13,40,662
2021,3,3,13,50,824
2021,3,3,14,0,854
2021,3,3,14,10,885
2021,3,3,14,20,914
2021,3,3,14,30,941
2021,3,3,14,40,967
2021,3,3,14,50,991
2021,3,3,15,0,1012
2021,3,3,15,10,1032
2021,3,3,15,20,1049
2021,3,3,15,30,1064
2021,3,3,15,40,1078
2021,3,3,15,50,1089
2021,3,3,16,0,1095
2021,3,3,16,10,1101
2021,3,3,16,20,1105
2021,3,3,16,30,1108
2021,3,3,16,40,1108
2021,3,3,16,50,1105
2021,3,3,17,0,1098
2021,3,3,17,10,1091
2021,3,3,17,20,1082
2021,3,3,17,30,1070
2021,3,3,17,40,1056
2021,3,3,17,50,1041
2021,3,3,18,0,1020
2021,3,3,18,10,1001
2021,3,3,18,20,979
2021,3,3,18,30,955
2021,3,3,18,40,929
2021,3,3,18,50,901
2021,3,3,19,0,870
2021,3,3,19,10,839
2021,3,3,19,20,807
2021,3,3,19,30,773
2021,3,3,19,40,736
2021,3,3,19,50,699
2021,3,3,20,0,659
2021,3,3,20,10,620
2021,3,3,20,20,579
2021,3,3,20,30,538
2021,3,3,20,40,493
2021,3,3,20,50,451
2021,3,3,21,0,407
2021,3,3,21,10,362
2021,3,3,21,20,319
2021,3,3,21,30,275
2021,3,3,21,40,47
2021,3,3,21,50,14
2021,3,3,22,0,145
2021,3,3,22,10,105
2021,3,3,22,20,69
2021,3,3,22,30,38
2021,3,3,22,40,15
2021,3,3,22,50,0
2021,3,3,23,0,0
2021,3,3,23,10,0
2021,3,3,23,20,0
2021,3,3,23,30,0
2021,3,3,23,40,0
2021,3,3,23,50,0
2021,3,4,0,0,0
2021,3,4,0,10,0
2021,3,4,0,20,0
2021,3,4,0,30,0
2021,3,4,0,40,0
2021,3,4,0,50,0
2021,3,4,1,0,0
2021,3,4,1,10,0
2021,3,4,1,20,0
2021,3,4,1,30,0
2021,3,4,1,40,0
2021,3,4,1,50,0
2021,3,4,2,0,0
2021,3,4,2,10,0
2021,3,4,2,20,0
2021,3,4,2,30,0
2021,3,4,2,40,0
2021,3,4,2,50,0
2021,3,4,3,0,0
2021,3,4,3,10,0
2021,3,4,3,20,0
2021,3,4,3,30,0
2021,3,4,3,40,0
2021,3,4,3,50,0
2021,3,4,4,0,0
2021,3,4,4,10,0
2021,3,4,4,20,0
2021,3,4,4,30,0
2021,3,4,4,40,0
2021,3,4,4,50,0
2021,3,4,5,0,0
2021,3,4,5,10,0
2021,3,4,5,20,0
2021,3,4,5,30,0
2021,3,4,5,40,0
2021,3,4,5,50,0
2021,3,4,6,0,0
2021,3,4,6,10,0
2021,3,4,6,20,0
2021,3,4,6,30,0
2021,3,4,6,40,0
2021,3,4,6,50,0
2021,3,4,7,0,0
2021,3,4,7,10,0
2021,3,4,7,20,0
2021,3,4,7,30,0
2021,3,4,7,40,0
2021,3,4,7,50,0
2021,3,4,8,0,0
2021,3,4,8,10,0
2021,3,4,8,20,0
2021,3,4,8,30,0
2021,3,4,8,40,0
2021,3,4,8,50,0
2021,3,4,9,0,0
2021,3,4,9,10,0
2021,3,4,9,20,0
2021,3,4,9,30,0
2021,3,4,9,40,0
2021,3,4,9,50,0
2021,3,4,10,0,0
2021,3,4,10,10,0
2021,3,4,10,20,0
2021,3,4,10,30,6
2021,3,4,10,40,16
2021,3,4,10,50,43
2021,3,4,11,0,49
2021,3,4,11,10,81
2021,3,4,11,20,200
2021,3,4,11,30,143
2021,3,4,11,40,214
2021,3,4,11,50,331
2021,3,4,12,0,276
2021,3,4,12,10,303
2021,3,4,12,20,296
2021,3,4,12,30,353
2021,3,4,12,40,328
2021,3,4,12,50,511
2021,3,4,13,0,386
2021,3,4,13,10,396
2021,3,4,13,20,133
2021,3,4,13,30,638
2021,3,4,13,40,654
2021,3,4,13,50,475
2021,3,4,14,0,724
2021,3,4,14,10,875
2021,3,4,14,20,635
2021,3,4,14,30,931
2021,3,4,14,40,711
2021,3,4,14,50,481
2021,3,4,15,0,472
2021,3,4,15,10,1018
2021,3,4,15,20,1036
2021,3,4,15,30,1051
2021,3,4,15,40,1064
2021,3,4,15,50,1074
2021,3,4,16,0,1080
2021,3,4,16,10,1087
2021,3,4,16,20,1091
2021,3,4,16,30,1090
2021,3,4,16,40,1089
2021,3,4,16,50,1087
2021,3,4,17,0,935
2021,3,4,17,10,717
2021,3,4,17,20,858
2021,3,4,17,30,666
2021,3,4,17,40,392
2021,3,4,17,50,204
2021,3,4,18,0,206
2021,3,4,18,10,45
2021,3,4,18,20,323
2021,3,4,18,30,749
2021,3,4,18,40,244
2021,3,4,18,50,145
2021,3,4,19,0,74
2021,3,4,19,10,719
2021,3,4,19,20,790
2021,3,4,19,30,756
2021,3,4,19,40,724
2021,3,4,19,50,687
2021,3,4,20,0,649
2021,3,4,20,10,560
2021,3,4,20,20,347
2021,3,4,20,30,296
2021,3,4,20,40,64
2021,3,4,20,50,33
2021,3,4,21,0,20
2021,3,4,21,10,20
2021,3,4,21,20,37
2021,3,4,21,30,9
2021,3,4,21,40,19
2021,3,4,21,50,29
2021,3,4,22,0,51
2021,3,4,22,10,68
2021,3,4,22,20,52
2021,3,4,22,30,23
2021,3,4,22,40,7
2021,3,4,22,50,0
2021,3,4,23,0,0
2021,3,4,23,10,0
2021,3,4,23,20,0
2021,3,4,23,30,0
2021,3,4,23,40,0
2021,3,4,23,50,0
2021,3,5,0,0,0
2021,3,5,0,10,0
2021,3,5,0,20,0
2021,3,5,0,30,0
2021,3,5,0,40,0
2021,3,5,0,50,0
2021,3,5,1,0,0
2021,3,5,1,10,0
2021,3,5,1,20,0
2021,3,5,1,30,0
2021,3,5,1,40,0
2021,3,5,1,50,0
2021,3,5,2,0,0
2021,3,5,2,10,0
2021,3,5,2,20,0
2021,3,5,2,30,0
2021,3,5,2,40,0
2021,3,5,2,50,0
2021,3,5,3,0,0
2021,3,5,3,10,0
2021,3,5,3,20,0
2021,3,5,3,30,0
2021,3,5,3,40,0
2021,3,5,3,50,0
2021,3,5,4,0,0
2021,3,5,4,10,0
2021,3,5,4,20,0
2021,3,5,4,30,0
2021,3,5,4,40,0
2021,3,5,4,50,0
2021,3,5,5,0,0
2021,3,5,5,10,0
2021,3,5,5,20,0
2021,3,5,5,30,0
2021,3,5,5,40,0
2021,3,5,5,50,0
2021,3,5,6,0,0
2021,3,5,6,10,0
2021,3,5,6,20,0
2021,3,5,6,30,0
2021,3,5,6,40,0
2021,3,5,6,50,0
2021,3,5,7,0,0
2021,3,5,7,10,0
2021,3,5,7,20,0
2021,3,5,7,30,0
2021,3,5,7,40,0
2021,3,5,7,50,0
2021,3,5,8,0,0
2021,3,5,8,10,0
2021,3,5,8,20,0
2021,3,5,8,30,0
2021,3,5,8,40,0
2021,3,5,8,50,0
2021,3,5,9,0,0
2021,3,5,9,10,0
2021,3,5,9,20,0
2021,3,5,9,30,0
2021,3,5,9,40,0
2021,3,5,9,50,0
2021,3,5,10,0,0
2021,3,5,10,10,0
2021,3,5,10,20,0
2021,3,5,10,30,5
2021,3,5,10,40,7
2021,3,5,10,50,26
2021,3,5,11,0,31
2021,3,5,11,10,84
2021,3,5,11,20,122
2021,3,5,11,30,163
2021,3,5,11,40,177
2021,3,5,11,50,105
2021,3,5,12,0,189
2021,3,5,12,10,147
2021,3,5,12,20,224
2021,3,5,12,30,418
2021,3,5,12,40,480
2021,3,5,12,50,461
2021,3,5,13,0,480
2021,3,5,13,10,540
2021,3,5,13,20,601
2021,3,5,13,30,640
2021,3,5,13,40,638
2021,3,5,13,50,675
2021,3,5,14,0,728
2021,3,5,14,10,746
2021,3,5,14,20,917
2021,3,5,14,30,702
2021,3,5,14,40,759
2021,3,5,14,50,843
2021,3,5,15,0,913
2021,3,5,15,10,947
2021,3,5,15,20,939
2021,3,5,15,30,952
2021,3,5,15,40,1078
2021,3,5,15,50,1088
2021,3,5,16,0,1097
2021,3,5,16,10,775
2021,3,5,16,20,997
2021,3,5,16,30,1110
2021,3,5,16,40,1109
2021,3,5,16,50,1107
2021,3,5,17,0,999
2021,3,5,17,10,928
2021,3,5,17,20,975
2021,3,5,17,30,736
2021,3,5,17,40,840
2021,3,5,17,50,1041
2021,3,5,18,0,1023
2021,3,5,18,10,1003
2021,3,5,18,20,981
2021,3,5,18,30,954
2021,3,5,18,40,928
2021,3,5,18,50,900
2021,3,5,19,0,871
2021,3,5,19,10,840
2021,3,5,19,20,807
2021,3,5,19,30,624
2021,3,5,19,40,734
2021,3,5,19,50,697
2021,3,5,20,0,612
2021,3,5,20,10,442
2021,3,5,20,20,495
2021,3,5,20,30,537
2021,3,5,20,40,492
2021,3,5,20,50,434
2021,3,5,21,0,404
2021,3,5,21,10,338
2021,3,5,21,20,223
2021,3,5,21,30,227
2021,3,5,21,40,220
2021,3,5,21,50,142
2021,3,5,22,0,141
2021,3,5,22,10,61
2021,3,5,22,20,47
2021,3,5,22,30,20
2021,3,5,22,40,0
2021,3,5,22,50,0
2021,3,5,23,0,0
2021,3,5,23,10,0
2021,3,5,23,20,0
2021,3,5,23,30,0
2021,3,5,23,40,0
2021,3,5,23,50,0
2021,3,6,0,0,0
2021,3,6,0,10,0
2021,3,6,0,20,0
2021,3,6,0,30,0
2021,3,6,0,40,0
2021,3,6,0,50,0
2021,3,6,1,0,0
2021,3,6,1,10,0
2021,3,6,1,20,0
2021,3,6,1,30,0
2021,3,6,1,40,0
2021,3,6,1,50,0
2021,3,6,2,0,0
2021,3,6,2,10,0
2021,3,6,2,20,0
2021,3,6,2,30,0
2021,3,6,2,40,0
2021,3,6,2,50,0
2021,3,6,3,0,0
2021,3,6,3,10,0
2021,3,6,3,20,0
2021,3,6,3,30,0
2021,3,6,3,40,0
2021,3,6,3,50,0
2021,3,6,4,0,0
2021,3,6,4,10,0
2021,3,6,4,20,0
2021,3,6,4,30,0
2021,3,6,4,40,0
2021,3,6,4,50,0
2021,3,6,5,0,0
2021,3,6,5,10,0
2021,3,6,5,20,0
2021,3,6,5,30,0
2021,3,6,5,40,0
2021,3,6,5,50,0
2021,3,6,6,0,0
2021,3,6,6,10,0
2021,3,6,6,20,0
2021,3,6,6,30,0
2021,3,6,6,40,0
2021,3,6,6,50,0
2021,3,6,7,0,0
2021,3,6,7,10,0
2021,3,6,7,20,0
2021,3,6,7,30,0
2021,3,6,7,40,0
2021,3,6,7,50,0
2021,3,6,8,0,0
2021,3,6,8,10,0
2021,3,6,8,20,0
2021,3,6,8,30,0
2021,3,6,8,40,0
2021,3,6,8,50,0
2021,3,6,9,0,0
2021,3,6,9,10,0
2021,3,6,9,20,0
2021,3,6,9,30,0
2021,3,6,9,40,0
2021,3,6,9,50,0
2021,3,6,10,0,0
2021,3,6,10,10,0
2021,3,6,10,20,0
2021,3,6,10,30,6
2021,3,6,10,40,25
2021,3,6,10,50,41
2021,3,6,11,0,118
2021,3,6,11,10,37
2021,3,6,11,20,7
2021,3,6,11,30,21
2021,3,6,11,40,170
2021,3,6,11,50,238
2021,3,6,12,0,195
2021,3,6,12,10,253
2021,3,6,12,20,294
2021,3,6,12,30,370
2021,3,6,12,40,413
2021,3,6,12,50,601
2021,3,6,13,0,642
2021,3,6,13,10,682
2021,3,6,13,20,720
2021,3,6,13,30,757
2021,3,6,13,40,793
2021,3,6,13,50,827
2021,3,6,14,0,859
2021,3,6,14,10,890
2021,3,6,14,20,919
2021,3,6,14,30,946
2021,3,6,14,40,972
2021,3,6,14,50,996
2021,3,6,15,0,1017
2021,3,6,15,10,1036
2021,3,6,15,20,1054
2021,3,6,15,30,1065
2021,3,6,15,40,1078
2021,3,6,15,50,1089
2021,3,6,16,0,1097
2021,3,6,16,10,1104
2021,3,6,16,20,1108
2021,3,6,16,30,1110
2021,3,6,16,40,1109
2021,3,6,16,50,1107
2021,3,6,17,0,1102
2021,3,6,17,10,1095
2021,3,6,17,20,1086
2021,3,6,17,30,1071
2021,3,6,17,40,1056
2021,3,6,17,50,1040
2021,3,6,18,0,1023
2021,3,6,18,10,1003
2021,3,6,18,20,981
2021,3,6,18,30,957
2021,3,6,18,40,930
2021,3,6,18,50,903
2021,3,6,19,0,873
2021,3,6,19,10,842
2021,3,6,19,20,806
2021,3,6,19,30,772
2021,3,6,19,40,736
2021,3,6,19,50,698
2021,3,6,20,0,660
2021,3,6,20,10,620
2021,3,6,20,20,579
2021,3,6,20,30,538
2021,3,6,20,40,494
2021,3,6,20,50,449
2021,3,6,21,0,405
2021,3,6,21,10,361
2021,3,6,21,20,317
2021,3,6,21,30,272
2021,3,6,21,40,227
2021,3,6,21,50,184
2021,3,6,22,0,142
2021,3,6,22,10,101
2021,3,6,22,20,65
2021,3,6,22,30,33
2021,3,6,22,40,0
2021,3,6,22,50,0
2021,3,6,23,0,0
2021,3,6,23,10,0
2021,3,6,23,20,0
2021,3,6,23,30,0
2021,3,6,23,40,0
2021,3,6,23,50,0
2021,3,7,0,0,0
2021,3,7,0,10,0
2021,3,7,0,20,0
2021,3,7,0,30,0
2021,3,7,0,40,0
2021,3,7,0,50,0
2021,3,7,1,0,0
2021,3,7,1,10,0
2021,3,7,1,20,0
2021,3,7,1,30,0
2021,3,7,1,40,0
2021,3,7,1,50,0
2021,3,7,2,0,0
2021,3,7,2,10,0
2021,3,7,2,20,0
2021,3,7,2,30,0
2021,3,7,2,40,0
2021,3,7,2,50,0
2021,3,7,3,0,0
2021,3,7,3,10,0
2021,3,7,3,20,0
2021,3,7,3,30,0
2021,3,7,3,40,0
2021,3,7,3,50,0
2021,3,7,4,0,0
2021,3,7,4,10,0
2021,3,7,4,20,0
2021,3,7,4,30,0
2021,3,7,4,40,0
2021,3,7,4,50,0
2021,3,7,5,0,0
2021,3,7,5,10,0
2021,3,7,5,20,0
2021,3,7,5,30,0
2021,3,7,5,40,0
2021,3,7,5,50,0
2021,3,7,6,0,0
2021,3,7,6,10,0
2021,3,7,6,20,0
2021,3,7,6,30,0
2021,3,7,6,40,0
2021,3,7,6,50,0
2021,3,7,7,0,0
2021,3,7,7,10,0
2021,3,7,7,20,0
2021,3,7,7,30,0
2021,3,7,7,40,0
2021,3,7,7,50,0
2021,3,7,8,0,0
2021,3,7,8,10,0
2021,3,7,8,20,0
2021,3,7,8,30,0
2021,3,7,8,40,0
2021,3,7,8,50,0
2021,3,7,9,0,0
2021,3,7,9,10,0
2021,3,7,9,20,0
2021,3,7,9,30,0
2021,3,7,9,40,0
2021,3,7,9,50,0
2021,3,7,10,0,0
2021,3,7,10,10,0
2021,3,7,10,20,0
2021,3,7,10,30,17
2021,3,7,10,40,27
2021,3,7,10,50,76
2021,3,7,11,0,114
2021,3,7,11,10,155
2021,3,7,11,20,197
2021,3,7,11,30,241
2021,3,7,11,40,287
2021,3,7,11,50,331
2021,3,7,12,0,376
2021,3,7,12,10,420
2021,3,7,12,20,463
2021,3,7,12,30,506
2021,3,7,12,40,549
2021,3,7,12,50,591
2021,3,7,13,0,631
2021,3,7,13,10,671
2021,3,7,13,20,709
2021,3,7,13,30,745
2021,3,7,13,40,781
2021,3,7,13,50,815
2021,3,7,14,0,847
2021,3,7,14,10,877
2021,3,7,14,20,906
2021,3,7,14,30,933
2021,3,7,14,40,960
2021,3,7,14,50,983
2021,3,7,15,0,1004
2021,3,7,15,10,1023
2021,3,7,15,20,1040
2021,3,7,15,30,1055
2021,3,7,15,40,1068
2021,3,7,15,50,1079
2021,3,7,16,0,1088
2021,3,7,16,10,1094
2021,3,7,16,20,1098
2021,3,7,16,30,1100
2021,3,7,16,40,1099
2021,3,7,16,50,1097
2021,3,7,17,0,1092
2021,3,7,17,10,1085
2021,3,7,17,20,1076
2021,3,7,17,30,1064
2021,3,7,17,40,1050
2021,3,7,17,50,1034
2021,3,7,18,0,1016
2021,3,7,18,10,996
2021,3,7,18,20,974
2021,3,7,18,30,950
2021,3,7,18,40,922
2021,3,7,18,50,728
2021,3,7,19,0,690
2021,3,7,19,10,834
2021,3,7,19,20,801
2021,3,7,19,30,767
2021,3,7,19,40,731
2021,3,7,19,50,694
2021,3,7,20,0,656
2021,3,7,20,10,616
2021,3,7,20,20,575
2021,3,7,20,30,534
2021,3,7,20,40,489
2021,3,7,20,50,446
2021,3,7,21,0,402
2021,3,7,21,10,358
2021,3,7,21,20,314
2021,3,7,21,30,270
2021,3,7,21,40,225
2021,3,7,21,50,181
2021,3,7,22,0,125
2021,3,7,22,10,49
2021,3,7,22,20,26
2021,3,7,22,30,16
2021,3,7,22,40,0
2021,3,7,22,50,0
2021,3,7,23,0,0
2021,3,7,23,10,0
2021,3,7,23,20,0
2021,3,7,23,30,0
2021,3,7,23,40,0
2021,3,7,23,50,0
2021,3,8,0,0,0
2021,3,8,0,10,0
2021,3,8,0,20,0
2021,3,8,0,30,0
2021,3,8,0,40,0
2021,3,8,0,50,0
2021,3,8,1,0,0
2021,3,8,1,10,0
2021,3,8,1,20,0
2021,3,8,1,30,0
2021,3,8,1,40,0
2021,3,8,1,50,0
2021,3,8,2,0,0
2021,3,8,2,10,0
2021,3,8,2,20,0
2021,3,8,2,30,0
2021,3,8,2,40,0
2021,3,8,2,50,0
2021,3,8,3,0,0
2021,3,8,3,10,0
2021,3,8,3,20,0
2021,3,8,3,30,0
2021,3,8,3,40,0
2021,3,8,3,50,0
2021,3,8,4,0,0
2021,3,8,4,10,0
2021,3,8,4,20,0
2021,3,8,4,30,0
2021,3,8,4,40,0
2021,3,8,4,50,0
2021,3,8,5,0,0
2021,3,8,5,10,0
2021,3,8,5,20,0
2021,3,8,5,30,0
2021,3,8,5,40,0
2021,3,8,5,50,0
2021,3,8,6,0,0
2021,3,8,6,10,0
2021,3,8,6,20,0
2021,3,8,6,30,0
2021,3,8,6,40,0
2021,3,8,6,50,0
2021,3,8,7,0,0
2021,3,8,7,10,0
2021,3,8,7,20,0
2021,3,8,7,30,0
2021,3,8,7,40,0
2021,3,8,7,50,0
2021,3,8,8,0,0
2021,3,8,8,10,0
2021,3,8,8,20,0
2021,3,8,8,30,0
2021,3,8,8,40,0
2021,3,8,8,50,0
2021,3,8,9,0,0
2021,3,8,9,10,0
2021,3,8,9,20,0
2021,3,8,9,30,0
2021,3,8,9,40,0
2021,3,8,9,50,0
2021,3,8,10,0,0
2021,3,8,10,10,0
2021,3,8,10,20,0
2021,3,8,10,30,17
2021,3,8,10,40,43
2021,3,8,10,50,49
2021,3,8,11,0,115
2021,3,8,11,10,158
2021,3,8,11,20,201
2021,3,8,11,30,245
2021,3,8,11,40,290
2021,3,8,11,50,335
2021,3,8,12,0,380
2021,3,8,12,10,425
2021,3,8,12,20,469
2021,3,8,12,30,513
2021,3,8,12,40,557
2021,3,8,12,50,601
2021,3,8,13,0,642
2021,3,8,13,10,682
2021,3,8,13,20,721
2021,3,8,13,30,758
2021,3,8,13,40,794
2021,3,8,13,50,829
2021,3,8,14,0,861
2021,3,8,14,10,892
2021,3,8,14,20,921
2021,3,8,14,30,948
2021,3,8,14,40,975
2021,3,8,14,50,999
2021,3,8,15,0,941
2021,3,8,15,10,1039
2021,3,8,15,20,1057
2021,3,8,15,30,1072
2021,3,8,15,40,1085
2021,3,8,15,50,1096
2021,3,8,16,0,1100
2021,3,8,16,10,1106
2021,3,8,16,20,1110
2021,3,8,16,30,1112
2021,3,8,16,40,1111
2021,3,8,16,50,1108
2021,3,8,17,0,1103
2021,3,8,17,10,1096
2021,3,8,17,20,1087
2021,3,8,17,30,1001
2021,3,8,17,40,1061
2021,3,8,17,50,1001
2021,3,8,18,0,1028
2021,3,8,18,10,1008
2021,3,8,18,20,985
2021,3,8,18,30,961
2021,3,8,18,40,935
2021,3,8,18,50,765
2021,3,8,19,0,846
2021,3,8,19,10,670
2021,3,8,19,20,810
2021,3,8,19,30,541
2021,3,8,19,40,590
2021,3,8,19,50,579
2021,3,8,20,0,323
2021,3,8,20,10,541
2021,3,8,20,20,176
2021,3,8,20,30,302
2021,3,8,20,40,475
2021,3,8,20,50,347
2021,3,8,21,0,206
2021,3,8,21,10,302
2021,3,8,21,20,267
2021,3,8,21,30,217
2021,3,8,21,40,187
2021,3,8,21,50,61
2021,3,8,22,0,72
2021,3,8,22,10,66
2021,3,8,22,20,41
2021,3,8,22,30,20
2021,3,8,22,40,0
2021,3,8,22,50,0
2021,3,8,23,0,0
2021,3,8,23,10,0
2021,3,8,23,20,0
2021,3,8,23,30,0
2021,3,8,23,40,0
2021,3,8,23,50,0
2021,3,9,0,0,0
2021,3,9,0,10,0
2021,3,9,0,20,0
2021,3,9,0,30,0
2021,3,9,0,40,0
2021,3,9,0,50,0
2021,3,9,1,0,0
2021,3,9,1,10,0
2021,3,9,1,20,0
2021,3,9,1,30,0
2021,3,9,1,40,0
2021,3,9,1,50,0
2021,3,9,2,0,0
2021,3,9,2,10,0
2021,3,9,2,20,0
2021,3,9,2,30,0
2021,3,9,2,40,0
2021,3,9,2,50,0
2021,3,9,3,0,0
2021,3,9,3,10,0
2021,3,9,3,20,0
2021,3,9,3,30,0
2021,3,9,3,40,0
2021,3,9,3,50,0
2021,3,9,4,0,0
2021,3,9,4,10,0
2021,3,9,4,20,0
2021,3,9,4,30,0
2021,3,9,4,40,0
2021,3,9,4,50,0
2021,3,9,5,0,0
2021,3,9,5,10,0
2021,3,9,5,20,0
2021,3,9,5,30,0
2021,3,9,5,40,0
2021,3,9,5,50,0
2021,3,9,6,0,0
2021,3,9,6,10,0
2021,3,9,6,20,0
2021,3,9,6,30,0
2021,3,9,6,40,0
2021,3,9,6,50,0
2021,3,9,7,0,0
2021,3,9,7,10,0
2021,3,9,7,20,0
2021,3,9,7,30,0
2021,3,9,7,40,0
2021,3,9,7,50,0
2021,3,9,8,0,0
2021,3,9,8,10,0
2021,3,9,8,20,0
2021,3,9,8,30,0
2021,3,9,8,40,0
2021,3,9,8,50,0
2021,3,9,9,0,0
2021,3,9,9,10,0
2021,3,9,9,20,0
2021,3,9,9,30,0
2021,3,9,9,40,0
2021,3,9,9,50,0
2021,3,9,10,0,0
2021,3,9,10,10,0
2021,3,9,10,20,0
2021,3,9,10,30,7
2021,3,9,10,40,30
2021,3,9,10,50,80
2021,3,9,11,0,120
2021,3,9,11,10,162
2021,3,9,11,20,138
2021,3,9,11,30,177
2021,3,9,11,40,296
2021,3,9,11,50,341
2021,3,9,12,0,386
2021,3,9,12,10,431
2021,3,9,12,20,475
2021,3,9,12,30,518
2021,3,9,12,40,561
2021,3,9,12,50,603
2021,3,9,13,0,644
2021,3,9,13,10,683
2021,3,9,13,20,722
2021,3,9,13,30,759
2021,3,9,13,40,794
2021,3,9,13,50,828
2021,3,9,14,0,861
2021,3,9,14,10,891
2021,3,9,14,20,920
2021,3,9,14,30,943
2021,3,9,14,40,969
2021,3,9,14,50,992
2021,3,9,15,0,1013
2021,3,9,15,10,1033
2021,3,9,15,20,1050
2021,3,9,15,30,1065
2021,3,9,15,40,1077
2021,3,9,15,50,1088
2021,3,9,16,0,1097
2021,3,9,16,10,1103
2021,3,9,16,20,1107
2021,3,9,16,30,1105
2021,3,9,16,40,1104
2021,3,9,16,50,1101
2021,3,9,17,0,1096
2021,3,9,17,10,1089
2021,3,9,17,20,1080
2021,3,9,17,30,1068
2021,3,9,17,40,1054
2021,3,9,17,50,1034
2021,3,9,18,0,1016
2021,3,9,18,10,996
2021,3,9,18,20,974
2021,3,9,18,30,950
2021,3,9,18,40,923
2021,3,9,18,50,896
2021,3,9,19,0,866
2021,3,9,19,10,832
2021,3,9,19,20,799
2021,3,9,19,30,764
2021,3,9,19,40,728
2021,3,9,19,50,691
2021,3,9,20,0,652
2021,3,9,20,10,605
2021,3,9,20,20,484
2021,3,9,20,30,390
2021,3,9,20,40,377
2021,3,9,20,50,373
2021,3,9,21,0,362
2021,3,9,21,10,314
2021,3,9,21,20,276
2021,3,9,21,30,202
2021,3,9,21,40,139
2021,3,9,21,50,105
2021,3,9,22,0,102
2021,3,9,22,10,65
2021,3,9,22,20,34
2021,3,9,22,30,14
2021,3,9,22,40,0
2021,3,9,22,50,0
2021,3,9,23,0,0
2021,3,9,23,10,0
2021,3,9,23,20,0
2021,3,9,23,30,0
2021,3,9,23,40,0
2021,3,9,23,50,0
2021,3,10,0,0,0
2021,3,10,0,10,0
2021,3,10,0,20,0
2021,3,10,0,30,0
2021,3,10,0,40,0
2021,3,10,0,50,0
2021,3,10,1,0,0
2021,3,10,1,10,0
2021,3,10,1,20,0
2021,3,10,1,30,0
2021,3,10,1,40,0
2021,3,10,1,50,0
2021,3,10,2,0,0
2021,3,10,2,10,0
2021,3,10,2,20,0
2021,3,10,2,30,0
2021,3,10,2,40,0
2021,3,10,2,50,0
2021,3,10,3,0,0
2021,3,10,3,10,0
2021,3,10,3,20,0
2021,3,10,3,30,0
2021,3,10,3,40,0
2021,3,10,3,50,0
2021,3,10,4,0,0
2021,3,10,4,10,0
2021,3,10,4,20,0
2021,3,10,4,30,0
2021,3,10,4,40,0
2021,3,10,4,50,0
2021,3,10,5,0,0
2021,3,10,5,10,0
2021,3,10,5,20,0
2021,3,10,5,30,0
2021,3,10,5,40,0
2021,3,10,5,50,0
2021,3,10,6,0,0
2021,3,10,6,10,0
2021,3,10,6,20,0
2021,3,10,6,30,0
2021,3,10,6,40,0
2021,3,10,6,50,0
2021,3,10,7,0,0
2021,3,10,7,10,0
2021,3,10,7,20,0
2021,3,10,7,30,0
2021,3,10,7,40,0
2021,3,10,7,50,0
2021,3,10,8,0,0
2021,3,10,8,10,0
2021,3,10,8,20,0
2021,3,10,8,30,0
2021,3,10,8,40,0
2021,3,10,8,50,0
2021,3,10,9,0,0
2021,3,10,9,10,0
2021,3,10,9,20,0
2021,3,10,9,30,0
2021,3,10,9,40,0
2021,3,10,9,50,0
2021,3,10,10,0,0
2021,3,10,10,10,0
2021,3,10,10,20,0
2021,3,10,10,30,14
2021,3,10,10,40,37
2021,3,10,10,50,69
2021,3,10,11,0,105
2021,3,10,11,10,145
2021,3,10,11,20,187
2021,3,10,11,30,230
2021,3,10,11,40,275
2021,3,10,11,50,319
2021,3,10,12,0,363
2021,3,10,12,10,407
2021,3,10,12,20,451
2021,3,10,12,30,494
2021,3,10,12,40,537
2021,3,10,12,50,578
2021,3,10,13,0,619
2021,3,10,13,10,658
2021,3,10,13,20,694
2021,3,10,13,30,731
2021,3,10,13,40,652
2021,3,10,13,50,800
2021,3,10,14,0,832
2021,3,10,14,10,863
2021,3,10,14,20,892
2021,3,10,14,30,918
2021,3,10,14,40,946
2021,3,10,14,50,969
2021,3,10,15,0,990
2021,3,10,15,10,1010
2021,3,10,15,20,1027
2021,3,10,15,30,1042
2021,3,10,15,40,1050
2021,3,10,15,50,1061
2021,3,10,16,0,1070
2021,3,10,16,10,1076
2021,3,10,16,20,1080
2021,3,10,16,30,1081
2021,3,10,16,40,1080
2021,3,10,16,50,1077
2021,3,10,17,0,1072
2021,3,10,17,10,1064
2021,3,10,17,20,1055
2021,3,10,17,30,1040
2021,3,10,17,40,1026
2021,3,10,17,50,1010
2021,3,10,18,0,992
2021,3,10,18,10,972
2021,3,10,18,20,950
2021,3,10,18,30,926
2021,3,10,18,40,896
2021,3,10,18,50,866
2021,3,10,19,0,785
2021,3,10,19,10,585
2021,3,10,19,20,636
2021,3,10,19,30,410
2021,3,10,19,40,217
2021,3,10,19,50,221
2021,3,10,20,0,274
2021,3,10,20,10,409
2021,3,10,20,20,417
2021,3,10,20,30,337
2021,3,10,20,40,183
2021,3,10,20,50,194
2021,3,10,21,0,165
2021,3,10,21,10,243
2021,3,10,21,20,232
2021,3,10,21,30,244
2021,3,10,21,40,203
2021,3,10,21,50,161
2021,3,10,22,0,65
2021,3,10,22,10,54
2021,3,10,22,20,39
2021,3,10,22,30,23
2021,3,10,22,40,0
2021,3,10,22,50,0
2021,3,10,23,0,0
2021,3,10,23,10,0
2021,3,10,23,20,0
2021,3,10,23,30,0
2021,3,10,23,40,0
2021,3,10,23,50,0
2021,3,11,0,0,0
2021,3,11,0,10,0
2021,3,11,0,20,0
2021,3,11,0,30,0
2021,3,11,0,40,0
2021,3,11,0,50,0
2021,3,11,1,0,0
2021,3,11,1,10,0
2021,3,11,1,20,0
2021,3,11,1,30,0
2021,3,11,1,40,0
2021,3,11,1,50,0
2021,3,11,2,0,0
2021,3,11,2,10,0
2021,3,11,2,20,0
2021,3,11,2,30,0
2021,3,11,2,40,0
2021,3,11,2,50,0
2021,3,11,3,0,0
2021,3,11,3,10,0
2021,3,11,3,20,0
2021,3,11,3,30,0
2021,3,11,3,40,0
2021,3,11,3,50,0
2021,3,11,4,0,0
2021,3,11,4,10,0
2021,3,11,4,20,0
2021,3,11,4,30,0
2021,3,11,4,40,0
2021,3,11,4,50,0
2021,3,11,5,0,0
2021,3,11,5,10,0
2021,3,11,5,20,0
2021,3,11,5,30,0
2021,3,11,5,40,0
2021,3,11,5,50,0
2021,3,11,6,0,0
2021,3,11,6,10,0
2021,3,11,6,20,0
2021,3,11,6,30,0
2021,3,11,6,40,0
2021,3,11,6,50,0
2021,3,11,7,0,0
2021,3,11,7,10,0
2021,3,11,7,20,0
2021,3,11,7,30,0
2021,3,11,7,40,0
2021,3,11,7,50,0
2021,3,11,8,0,0
2021,3,11,8,10,0
2021,3,11,8,20,0
2021,3,11,8,30,0
2021,3,11,8,40,0
2021,3,11,8,50,0
2021,3,11,9,0,0
2021,3,11,9,10,0
2021,3,11,9,20,0
2021,3,11,9,30,0
2021,3,11,9,40,0
2021,3,11,9,50,0
2021,3,11,10,0,0
2021,3,11,10,10,0
2021,3,11,10,20,0
2021,3,11,10,30,14
2021,3,11,10,40,39
2021,3,11,10,50,72
2021,3,11,11,0,111
2021,3,11,11,10,152
2021,3,11,11,20,195
2021,3,11,11,30,239
2021,3,11,11,40,285
2021,3,11,11,50,330
2021,3,11,12,0,375
2021,3,11,12,10,419
2021,3,11,12,20,463
2021,3,11,12,30,507
2021,3,11,12,40,550
2021,3,11,12,50,592
2021,3,11,13,0,632
2021,3,11,13,10,672
2021,3,11,13,20,710
2021,3,11,13,30,747
2021,3,11,13,40,782
2021,3,11,13,50,813
2021,3,11,14,0,845
2021,3,11,14,10,876
2021,3,11,14,20,904
2021,3,11,14,30,931
2021,3,11,14,40,956
2021,3,11,14,50,979
2021,3,11,15,0,1000
2021,3,11,15,10,1016
2021,3,11,15,20,1033
2021,3,11,15,30,1047
2021,3,11,15,40,1059
2021,3,11,15,50,1069
2021,3,11,16,0,1074
2021,3,11,16,10,1080
2021,3,11,16,20,1084
2021,3,11,16,30,1086
2021,3,11,16,40,1083
2021,3,11,16,50,1077
2021,3,11,17,0,1071
2021,3,11,17,10,1064
2021,3,11,17,20,1055
2021,3,11,17,30,1040
2021,3,11,17,40,694
2021,3,11,17,50,239
2021,3,11,18,0,682
2021,3,11,18,10,610
2021,3,11,18,20,137
2021,3,11,18,30,48
2021,3,11,18,40,109
2021,3,11,18,50,154
2021,3,11,19,0,151
2021,3,11,19,10,110
2021,3,11,19,20,205
2021,3,11,19,30,215
2021,3,11,19,40,92
2021,3,11,19,50,198
2021,3,11,20,0,252
2021,3,11,20,10,391
2021,3,11,20,20,430
2021,3,11,20,30,438
2021,3,11,20,40,384
2021,3,11,20,50,399
2021,3,11,21,0,356
2021,3,11,21,10,27
2021,3,11,21,20,96
2021,3,11,21,30,127
2021,3,11,21,40,184
2021,3,11,21,50,144
2021,3,11,22,0,106
2021,3,11,22,10,71
2021,3,11,22,20,36
2021,3,11,22,30,17
2021,3,11,22,40,0
2021,3,11,22,50,0
2021,3,11,23,0,0
2021,3,11,23,10,0
2021,3,11,23,20,0
2021,3,11,23,30,0
2021,3,11,23,40,0
2021,3,11,23,50,0
2021,3,12,0,0,0
2021,3,12,0,10,0
2021,3,12,0,20,0
2021,3,12,0,30,0
2021,3,12,0,40,0
2021,3,12,0,50,0
2021,3,12,1,0,0
2021,3,12,1,10,0
2021,3,12,1,20,0
2021,3,12,1,30,0
2021,3,12,1,40,0
2021,3,12,1,50,0
2021,3,12,2,0,0
2021,3,12,2,10,0
2021,3,12,2,20,0
2021,3,12,2,30,0
2021,3,12,2,40,0
2021,3,12,2,50,0
2021,3,12,3,0,0
2021,3,12,3,10,0
2021,3,12,3,20,0
2021,3,12,3,30,0
2021,3,12,3,40,0
2021,3,12,3,50,0
2021,3,12,4,0,0
2021,3,12,4,10,0
2021,3,12,4,20,0
2021,3,12,4,30,0
2021,3,12,4,40,0
2021,3,12,4,50,0
2021,3,12,5,0,0
2021,3,12,5,10,0
2021,3,12,5,20,0
2021,3,12,5,30,0
2021,3,12,5,40,0
2021,3,12,5,50,0
2021,3,12,6,0,0
2021,3,12,6,10,0
2021,3,12,6,20,0
2021,3,12,6,30,0
2021,3,12,6,40,0
2021,3,12,6,50,0
2021,3,12,7,0,0
2021,3,12,7,10,0
2021,3,12,7,20,0
2021,3,12,7,30,0
2021,3,12,7,40,0
2021,3,12,7,50,0
2021,3,12,8,0,0
2021,3,12,8,10,0
2021,3,12,8,20,0
2021,3,12,8,30,0
2021,3,12,8,40,0
2021,3,12,8,50,0
2021,3,12,9,0,0
2021,3,12,9,10,0
2021,3,12,9,20,0
2021,3,12,9,30,0
2021,3,12,9,40,0
2021,3,12,9,50,0
2021,3,12,10,0,0
2021,3,12,10,10,0
2021,3,12,10,20,0
2021,3,12,10,30,0
2021,3,12,10,40,15
2021,3,12,10,50,30
2021,3,12,11,0,39
2021,3,12,11,10,78
2021,3,12,11,20,88
2021,3,12,11,30,137
2021,3,12,11,40,280
2021,3,12,11,50,207
2021,3,12,12,0,301
2021,3,12,12,10,414
2021,3,12,12,20,458
2021,3,12,12,30,501
2021,3,12,12,40,423
2021,3,12,12,50,542
2021,3,12,13,0,566
2021,3,12,13,10,517
2021,3,12,13,20,578
2021,3,12,13,30,648
2021,3,12,13,40,705
2021,3,12,13,50,749
2021,3,12,14,0,764
2021,3,12,14,10,792
2021,3,12,14,20,789
2021,3,12,14,30,838
2021,3,12,14,40,762
2021,3,12,14,50,882
2021,3,12,15,0,997
2021,3,12,15,10,1016
2021,3,12,15,20,1033
2021,3,12,15,30,1048
2021,3,12,15,40,1060
2021,3,12,15,50,1070
2021,3,12,16,0,1075
2021,3,12,16,10,1081
2021,3,12,16,20,1085
2021,3,12,16,30,1087
2021,3,12,16,40,1085
2021,3,12,16,50,1082
2021,3,12,17,0,1077
2021,3,12,17,10,1070
2021,3,12,17,20,1060
2021,3,12,17,30,1048
2021,3,12,17,40,839
2021,3,12,17,50,624
2021,3,12,18,0,525
2021,3,12,18,10,533
2021,3,12,18,20,217
2021,3,12,18,30,268
2021,3,12,18,40,550
2021,3,12,18,50,475
2021,3,12,19,0,721
2021,3,12,19,10,710
2021,3,12,19,20,651
2021,3,12,19,30,574
2021,3,12,19,40,558
2021,3,12,19,50,663
2021,3,12,20,0,624
2021,3,12,20,10,584
2021,3,12,20,20,543
2021,3,12,20,30,499
2021,3,12,20,40,450
2021,3,12,20,50,407
2021,3,12,21,0,364
2021,3,12,21,10,297
2021,3,12,21,20,248
2021,3,12,21,30,209
2021,3,12,21,40,166
2021,3,12,21,50,116
2021,3,12,22,0,75
2021,3,12,22,10,48
2021,3,12,22,20,29
2021,3,12,22,30,12
2021,3,12,22,40,0
2021,3,12,22,50,0
2021,3,12,23,0,0
2021,3,12,23,10,0
2021,3,12,23,20,0
2021,3,12,23,30,0
2021,3,12,23,40,0
2021,3,12,23,50,0
2021,3,13,0,0,0
2021,3,13,0,10,0
2021,3,13,0,20,0
2021,3,13,0,30,0
2021,3,13,0,40,0
2021,3,13,0,50,0
2021,3,13,1,0,0
2021,3,13,1,10,0
2021,3,13,1,20,0
2021,3,13,1,30,0
2021,3,13,1,40,0
2021,3,13,1,50,0
2021,3,13,2,0,0
2021,3,13,2,10,0
2021,3,13,2,20,0
2021,3,13,2,30,0
2021,3,13,2,40,0
2021,3,13,2,50,0
2021,3,13,3,0,0
2021,3,13,3,10,0
2021,3,13,3,20,0
2021,3,13,3,30,0
2021,3,13,3,40,0
2021,3,13,3,50,0
2021,3,13,4,0,0
2021,3,13,4,10,0
2021,3,13,4,20,0
2021,3,13,4,30,0
2021,3,13,4,40,0
2021,3,13,4,50,0
2021,3,13,5,0,0
2021,3,13,5,10,0
2021,3,13,5,20,0
2021,3,13,5,30,0
2021,3,13,5,40,0
2021,3,13,5,50,0
2021,3,13,6,0,0
2021,3,13,6,10,0
2021,3,13,6,20,0
2021,3,13,6,30,0
2021,3,13,6,40,0
2021,3,13,6,50,0
2021,3,13,7,0,0
2021,3,13,7,10,0
2021,3,13,7,20,0
2021,3,13,7,30,0
2021,3,13,7,40,0
2021,3,13,7,50,0
2021,3,13,8,0,0
2021,3,13,8,10,0
2021,3,13,8,20,0
2021,3,13,8,30,0
2021,3,13,8,40,0
2021,3,13,8,50,0
2021,3,13,9,0,0
2021,3,13,9,10,0
2021,3,13,9,20,0
2021,3,13,9,30,0
2021,3,13,9,40,0
2021,3,13,9,50,0
2021,3,13,10,0,0
2021,3,13,10,10,0
2021,3,13,10,20,0
2021,3,13,10,30,0
2021,3,13,10,40,5
2021,3,13,10,50,14
2021,3,13,11,0,4
2021,3,13,11,10,5
2021,3,13,11,20,45
2021,3,13,11,30,95
2021,3,13,11,40,33
2021,3,13,11,50,12
2021,3,13,12,0,60
2021,3,13,12,10,300
2021,3,13,12,20,345
2021,3,13,12,30,258
2021,3,13,12,40,188
2021,3,13,12,50,272
2021,3,13,13,0,278
2021,3,13,13,10,100
2021,3,13,13,20,315
2021,3,13,13,30,450
2021,3,13,13,40,608
2021,3,13,13,50,407
2021,3,13,14,0,509
2021,3,13,14,10,504
2021,3,13,14,20,384
2021,3,13,14,30,533
2021,3,13,14,40,658
2021,3,13,14,50,744
2021,3,13,15,0,665
2021,3,13,15,10,647
2021,3,13,15,20,674
2021,3,13,15,30,641
2021,3,13,15,40,502
2021,3,13,15,50,594
2021,3,13,16,0,710
2021,3,13,16,10,516
2021,3,13,16,20,499
2021,3,13,16,30,509
2021,3,13,16,40,899
2021,3,13,16,50,1068
2021,3,13,17,0,1062
2021,3,13,17,10,1055
2021,3,13,17,20,1045
2021,3,13,17,30,1033
2021,3,13,17,40,1021
2021,3,13,17,50,1005
2021,3,13,18,0,984
2021,3,13,18,10,881
2021,3,13,18,20,281
2021,3,13,18,30,449
2021,3,13,18,40,97
2021,3,13,18,50,32
2021,3,13,19,0,29
2021,3,13,19,10,94
2021,3,13,19,20,23
2021,3,13,19,30,54
2021,3,13,19,40,375
2021,3,13,19,50,104
2021,3,13,20,0,369
2021,3,13,20,10,344
2021,3,13,20,20,413
2021,3,13,20,30,376
2021,3,13,20,40,294
2021,3,13,20,50,297
2021,3,13,21,0,182
2021,3,13,21,10,222
2021,3,13,21,20,200
2021,3,13,21,30,61
2021,3,13,21,40,58
2021,3,13,21,50,48
2021,3,13,22,0,69
2021,3,13,22,10,71
2021,3,13,22,20,34
2021,3,13,22,30,11
2021,3,13,22,40,0
2021,3,13,22,50,0
2021,3,13,23,0,0
2021,3,13,23,10,0
2021,3,13,23,20,0
2021,3,13,23,30,0
2021,3,13,23,40,0
2021,3,13,23,50,0
2021,3,14,0,0,0
2021,3,14,0,10,0
2021,3,14,0,20,0
2021,3,14,0,30,0
2021,3,14,0,40,0
2021,3,14,0,50,0
2021,3,14,1,0,0
2021,3,14,1,10,0
2021,3,14,1,20,0
2021,3,14,1,30,0
2021,3,14,1,40,0
2021,3,14,1,50,0
2021,3,14,2,0,0
2021,3,14,2,10,0
2021,3,14,2,20,0
2021,3,14,2,30,0
2021,3,14,2,40,0
2021,3,14,2,50,0
2021,3,14,3,0,0
2021,3,14,3,10,0
2021,3,14,3,20,0
2021,3,14,3,30,0
2021,3,14,3,40,0
2021,3,14,3,50,0
2021,3,14,4,0,0
2021,3,14,4,10,0
2021,3,14,4,20,0
2021,3,14,4,30,0
2021,3,14,4,40,0
2021,3,14,4,50,0
2021,3,14,5,0,0
2021,3,14,5,10,0
2021,3,14,5,20,0
2021,3,14,5,30,0
2021,3,14,5,40,0
2021,3,14,5,50,0
2021,3,14,6,0,0
2021,3,14,6,10,0
2021,3,14,6,20,0
2021,3,14,6,30,0
2021,3,14,6,40,0
2021,3,14,6,50,0
2021,3,14,7,0,0
2021,3,14,7,10,0
2021,3,14,7,20,0
2021,3,14,7,30,0
2021,3,14,7,40,0
2021,3,14,7,50,0
2021,3,14,8,0,0
2021,3,14,8,10,0
2021,3,14,8,20,0
2021,3,14,8,30,0
2021,3,14,8,40,0
2021,3,14,8,50,0
2021,3,14,9,0,0
2021,3,14,9,10,0
2021,3,14,9,20,0
2021,3,14,9,30,0
2021,3,14,9,40,0
2021,3,14,9,50,0
2021,3,14,10,0,0
2021,3,14,10,10,0
2021,3,14,10,20,0
2021,3,14,10,30,0
2021,3,14,10,40,17
2021,3,14,10,50,29
2021,3,14,11,0,45
2021,3,14,11,10,61
2021,3,14,11,20,29
2021,3,14,11,30,45
2021,3,14,11,40,116
2021,3,14,11,50,165
2021,3,14,12,0,211
2021,3,14,12,10,267
2021,3,14,12,20,364
2021,3,14,12,30,233
2021,3,14,12,40,243
2021,3,14,12,50,129
2021,3,14,13,0,553
2021,3,14,13,10,644
2021,3,14,13,20,654
2021,3,14,13,30,718
2021,3,14,13,40,754
2021,3,14,13,50,753
2021,3,14,14,0,701
2021,3,14,14,10,585
2021,3,14,14,20,719
2021,3,14,14,30,902
2021,3,14,14,40,928
2021,3,14,14,50,951
2021,3,14,15,0,972
2021,3,14,15,10,991
2021,3,14,15,20,1007
2021,3,14,15,30,1022
2021,3,14,15,40,1035
2021,3,14,15,50,1042
2021,3,14,16,0,1050
2021,3,14,16,10,1056
2021,3,14,16,20,1060
2021,3,14,16,30,1061
2021,3,14,16,40,1063
2021,3,14,16,50,1060
2021,3,14,17,0,1055
2021,3,14,17,10,1047
2021,3,14,17,20,812
2021,3,14,17,30,751
2021,3,14,17,40,329
2021,3,14,17,50,121
2021,3,14,18,0,319
2021,3,14,18,10,122
2021,3,14,18,20,251
2021,3,14,18,30,306
2021,3,14,18,40,366
2021,3,14,18,50,611
2021,3,14,19,0,275
2021,3,14,19,10,497
2021,3,14,19,20,559
2021,3,14,19,30,479
2021,3,14,19,40,394
2021,3,14,19,50,501
2021,3,14,20,0,617
2021,3,14,20,10,442
2021,3,14,20,20,537
2021,3,14,20,30,496
2021,3,14,20,40,453
2021,3,14,20,50,410
2021,3,14,21,0,367
2021,3,14,21,10,324
2021,3,14,21,20,280
2021,3,14,21,30,237
2021,3,14,21,40,195
2021,3,14,21,50,153
2021,3,14,22,0,113
2021,3,14,22,10,75
2021,3,14,22,20,42
2021,3,14,22,30,17
2021,3,14,22,40,0
2021,3,14,22,50,0
2021,3,14,23,0,0
2021,3,14,23,10,0
2021,3,14,23,20,0
2021,3,14,23,30,0
2021,3,14,23,40,0
2021,3,14,23,50,0
2021,3,15,0,0,0
2021,3,15,0,10,0
2021,3,15,0,20,0
2021,3,15,0,30,0
2021,3,15,0,40,0
2021,3,15,0,50,0
2021,3,15,1,0,0
2021,3,15,1,10,0
2021,3,15,1,20,0
2021,3,15,1,30,0
2021,3,15,1,40,0
2021,3,15,1,50,0
2021,3,15,2,0,0
2021,3,15,2,10,0
2021,3,15,2,20,0
2021,3,15,2,30,0
2021,3,15,2,40,0
2021,3,15,2,50,0
2021,3,15,3,0,0
2021,3,15,3,10,0
2021,3,15,3,20,0
2021,3,15,3,30,0
2021,3,15,3,40,0
2021,3,15,3,50,0
2021,3,15,4,0,0
2021,3,15,4,10,0
2021,3,15,4,20,0
2021,3,15,4,30,0
2021,3,15,4,40,0
2021,3,15,4,50,0
2021,3,15,5,0,0
2021,3,15,5,10,0
2021,3,15,5,20,0
2021,3,15,5,30,0
2021,3,15,5,40,0
2021,3,15,5,50,0
2021,3,15,6,0,0
2021,3,15,6,10,0
2021,3,15,6,20,0
2021,3,15,6,30,0
2021,3,15,6,40,0
2021,3,15,6,50,0
2021,3,15,7,0,0
2021,3,15,7,10,0
2021,3,15,7,20,0
2021,3,15,7,30,0
2021,3,15,7,40,0
2021,3,15,7,50,0
2021,3,15,8,0,0
2021,3,15,8,10,0
2021,3,15,8,20,0
2021,3,15,8,30,0
2021,3,15,8,40,0
2021,3,15,8,50,0
2021,3,15,9,0,0
2021,3,15,9,10,0
2021,3,15,9,20,0
2021,3,15,9,30,0
2021,3,15,9,40,0
2021,3,15,9,50,0
2021,3,15,10,0,0
2021,3,15,10,10,0
2021,3,15,10,20,0
2021,3,15,10,30,0
2021,3,15,10,40,18
2021,3,15,10,50,39
2021,3,15,11,0,105
2021,3,15,11,10,146
2021,3,15,11,20,188
2021,3,15,11,30,231
2021,3,15,11,40,187
2021,3,15,11,50,171
2021,3,15,12,0,240
2021,3,15,12,10,232
2021,3,15,12,20,234
2021,3,15,12,30,153
2021,3,15,12,40,238
2021,3,15,12,50,371
2021,3,15,13,0,469
2021,3,15,13,10,499
2021,3,15,13,20,497
2021,3,15,13,30,447
2021,3,15,13,40,575
2021,3,15,13,50,739
2021,3,15,14,0,677
2021,3,15,14,10,671
2021,3,15,14,20,642
2021,3,15,14,30,789
2021,3,15,14,40,939
2021,3,15,14,50,898
2021,3,15,15,0,980
2021,3,15,15,10,428
2021,3,15,15,20,888
2021,3,15,15,30,922
2021,3,15,15,40,927
2021,3,15,15,50,1052
2021,3,15,16,0,1060
2021,3,15,16,10,1066
2021,3,15,16,20,1069
2021,3,15,16,30,966
2021,3,15,16,40,1069
2021,3,15,16,50,1066
2021,3,15,17,0,1058
2021,3,15,17,10,1051
2021,3,15,17,20,1041
2021,3,15,17,30,1029
2021,3,15,17,40,1012
2021,3,15,17,50,996
2021,3,15,18,0,978
2021,3,15,18,10,958
2021,3,15,18,20,935
2021,3,15,18,30,911
2021,3,15,18,40,881
2021,3,15,18,50,853
2021,3,15,19,0,824
2021,3,15,19,10,793
2021,3,15,19,20,760
2021,3,15,19,30,725
2021,3,15,19,40,689
2021,3,15,19,50,651
2021,3,15,20,0,613
2021,3,15,20,10,573
2021,3,15,20,20,531
2021,3,15,20,30,490
2021,3,15,20,40,447
2021,3,15,20,50,404
2021,3,15,21,0,361
2021,3,15,21,10,317
2021,3,15,21,20,274
2021,3,15,21,30,230
2021,3,15,21,40,186
2021,3,15,21,50,145
2021,3,15,22,0,105
2021,3,15,22,10,68
2021,3,15,22,20,37
2021,3,15,22,30,14
2021,3,15,22,40,0
2021,3,15,22,50,0
2021,3,15,23,0,0
2021,3,15,23,10,0
2021,3,15,23,20,0
2021,3,15,23,30,0
2021,3,15,23,40,0
2021,3,15,23,50,0
2021,3,16,0,0,0
2021,3,16,0,10,0
2021,3,16,0,20,0
2021,3,16,0,30,0
2021,3,16,0,40,0
2021,3,16,0,50,0
2021,3,16,1,0,0
2021,3,16,1,10,0
2021,3,16,1,20,0
2021,3,16,1,30,0
2021,3,16,1,40,0
2021,3,16,1,50,0
2021,3,16,2,0,0
2021,3,16,2,10,0
2021,3,16,2,20,0
2021,3,16,2,30,0
2021,3,16,2,40,0
2021,3,16,2,50,0
2021,3,16,3,0,0
2021,3,16,3,10,0
2021,3,16,3,20,0
2021,3,16,3,30,0
2021,3,16,3,40,0
2021,3,16,3,50,0
2021,3,16,4,0,0
2021,3,16,4,10,0
2021,3,16,4,20,0
2021,3,16,4,30,0
2021,3,16,4,40,0
2021,3,16,4,50,0
2021,3,16,5,0,0
2021,3,16,5,10,0
2021,3,16,5,20,0
2021,3,16,5,30,0
2021,3,16,5,40,0
2021,3,16,5,50,0
2021,3,16,6,0,0
2021,3,16,6,10,0
2021,3,16,6,20,0
2021,3,16,6,30,0
2021,3,16,6,40,0
2021,3,16,6,50,0
2021,3,16,7,0,0
2021,3,16,7,10,0
2021,3,16,7,20,0
2021,3,16,7,30,0
2021,3,16,7,40,0
2021,3,16,7,50,0
2021,3,16,8,0,0
2021,3,16,8,10,0
2021,3,16,8,20,0
2021,3,16,8,30,0
2021,3,16,8,40,0
2021,3,16,8,50,0
2021,3,16,9,0,0
2021,3,16,9,10,0
2021,3,16,9,20,0
2021,3,16,9,30,0
2021,3,16,9,40,0
2021,3,16,9,50,0
2021,3,16,10,0,0
2021,3,16,10,10,0
2021,3,16,10,20,0
2021,3,16,10,30,0
2021,3,16,10,40,19
2021,3,16,10,50,61
2021,3,16,11,0,97
2021,3,16,11,10,136
2021,3,16,11,20,178
2021,3,16,11,30,221
2021,3,16,11,40,264
2021,3,16,11,50,308
2021,3,16,12,0,351
2021,3,16,12,10,395
2021,3,16,12,20,438
2021,3,16,12,30,481
2021,3,16,12,40,523
2021,3,16,12,50,564
2021,3,16,13,0,604
2021,3,16,13,10,643
2021,3,16,13,20,681
2021,3,16,13,30,717
2021,3,16,13,40,752
2021,3,16,13,50,710
2021,3,16,14,0,745
2021,3,16,14,10,754
2021,3,16,14,20,807
2021,3,16,14,30,867
2021,3,16,14,40,930
2021,3,16,14,50,832
2021,3,16,15,0,838
2021,3,16,15,10,908
2021,3,16,15,20,1009
2021,3,16,15,30,919
2021,3,16,15,40,1035
2021,3,16,15,50,882
2021,3,16,16,0,882
2021,3,16,16,10,874
2021,3,16,16,20,883
2021,3,16,16,30,883
2021,3,16,16,40,884
2021,3,16,16,50,867
2021,3,16,17,0,891
2021,3,16,17,10,858
2021,3,16,17,20,866
2021,3,16,17,30,846
2021,3,16,17,40,1007
2021,3,16,17,50,844
2021,3,16,18,0,970
2021,3,16,18,10,949
2021,3,16,18,20,927
2021,3,16,18,30,827
2021,3,16,18,40,875
2021,3,16,18,50,844
2021,3,16,19,0,726
2021,3,16,19,10,683
2021,3,16,19,20,750
2021,3,16,19,30,716
2021,3,16,19,40,677
2021,3,16,19,50,640
2021,3,16,20,0,602
2021,3,16,20,10,562
2021,3,16,20,20,520
2021,3,16,20,30,479
2021,3,16,20,40,433
2021,3,16,20,50,390
2021,3,16,21,0,348
2021,3,16,21,10,304
2021,3,16,21,20,261
2021,3,16,21,30,218
2021,3,16,21,40,174
2021,3,16,21,50,134
2021,3,16,22,0,96
2021,3,16,22,10,62
2021,3,16,22,20,32
2021,3,16,22,30,0
2021,3,16,22,40,0
2021,3,16,22,50,0
2021,3,16,23,0,0
2021,3,16,23,10,0
2021,3,16,23,20,0
2021,3,16,23,30,0
2021,3,16,23,40,0
2021,3,16,23,50,0
2021,3,17,0,0,0
2021,3,17,0,10,0
2021,3,17,0,20,0
2021,3,17,0,30,0
2021,3,17,0,40,0
2021,3,17,0,50,0
2021,3,17,1,0,0
2021,3,17,1,10,0
2021,3,17,1,20,0
2021,3,17,1,30,0
2021,3,17,1,40,0
2021,3,17,1,50,0
2021,3,17,2,0,0
2021,3,17,2,10,0
2021,3,17,2,20,0
2021,3,17,2,30,0
2021,3,17,2,40,0
2021,3,17,2,50,0
2021,3,17,3,0,0
2021,3,17,3,10,0
2021,3,17,3,20,0
2021,3,17,3,30,0
2021,3,17,3,40,0
2021,3,17,3,50,0
2021,3,17,4,0,0
2021,3,17,4,10,0
2021,3,17,4,20,0
2021,3,17,4,30,0
2021,3,17,4,40,0
2021,3,17,4,50,0
2021,3,17,5,0,0
2021,3,17,5,10,0
2021,3,17,5,20,0
2021,3,17,5,30,0
2021,3,17,5,40,0
2021,3,17,5,50,0
2021,3,17,6,0,0
2021,3,17,6,10,0
2021,3,17,6,20,0
2021,3,17,6,30,0
2021,3,17,6,40,0
2021,3,17,6,50,0
2021,3,17,7,0,0
2021,3,17,7,10,0
2021,3,17,7,20,0
2021,3,17,7,30,0
2021,3,17,7,40,0
2021,3,17,7,50,0
2021,3,17,8,0,0
2021,3,17,8,10,0
2021,3,17,8,20,0
2021,3,17,8,30,0
2021,3,17,8,40,0
2021,3,17,8,50,0
2021,3,17,9,0,0
2021,3,17,9,10,0
2021,3,17,9,20,0
2021,3,17,9,30,0
2021,3,17,9,40,0
2021,3,17,9,50,0
2021,3,17,10,0,0
2021,3,17,10,10,0
2021,3,17,10,20,0
2021,3,17,10,30,0
2021,3,17,10,40,18
2021,3,17,10,50,25
2021,3,17,11,0,59
2021,3,17,11,10,105
2021,3,17,11,20,184
2021,3,17,11,30,228
2021,3,17,11,40,272
2021,3,17,11,50,317
2021,3,17,12,0,282
2021,3,17,12,10,329
2021,3,17,12,20,315
2021,3,17,12,30,281
2021,3,17,12,40,533
2021,3,17,12,50,575
2021,3,17,13,0,615
2021,3,17,13,10,655
2021,3,17,13,20,693
2021,3,17,13,30,729
2021,3,17,13,40,764
2021,3,17,13,50,798
2021,3,17,14,0,830
2021,3,17,14,10,860
2021,3,17,14,20,889
2021,3,17,14,30,912
2021,3,17,14,40,755
2021,3,17,14,50,556
2021,3,17,15,0,584
2021,3,17,15,10,665
2021,3,17,15,20,570
2021,3,17,15,30,894
2021,3,17,15,40,292
2021,3,17,15,50,826
2021,3,17,16,0,481
2021,3,17,16,10,860
2021,3,17,16,20,764
2021,3,17,16,30,1024
2021,3,17,16,40,1021
2021,3,17,16,50,1058
2021,3,17,17,0,1053
2021,3,17,17,10,1042
2021,3,17,17,20,1032
2021,3,17,17,30,955
2021,3,17,17,40,660
2021,3,17,17,50,956
2021,3,17,18,0,967
2021,3,17,18,10,774
2021,3,17,18,20,924
2021,3,17,18,30,773
2021,3,17,18,40,873
2021,3,17,18,50,669
2021,3,17,19,0,742
2021,3,17,19,10,781
2021,3,17,19,20,748
2021,3,17,19,30,549
2021,3,17,19,40,678
2021,3,17,19,50,641
2021,3,17,20,0,601
2021,3,17,20,10,561
2021,3,17,20,20,520
2021,3,17,20,30,479
2021,3,17,20,40,434
2021,3,17,20,50,391
2021,3,17,21,0,348
2021,3,17,21,10,305
2021,3,17,21,20,261
2021,3,17,21,30,219
2021,3,17,21,40,176
2021,3,17,21,50,135
2021,3,17,22,0,97
2021,3,17,22,10,62
2021,3,17,22,20,21
2021,3,17,22,30,0
2021,3,17,22,40,0
2021,3,17,22,50,0
2021,3,17,23,0,0
2021,3,17,23,10,0
2021,3,17,23,20,0
2021,3,17,23,30,0
2021,3,17,23,40,0
2021,3,17,23,50,0
2021,3,18,0,0,0
2021,3,18,0,10,0
2021,3,18,0,20,0
2021,3,18,0,30,0
2021,3,18,0,40,0
2021,3,18,0,50,0
2021,3,18,1,0,0
2021,3,18,1,10,0
2021,3,18,1,20,0
2021,3,18,1,30,0
2021,3,18,1,40,0
2021,3,18,1,50,0
2021,3,18,2,0,0
2021,3,18,2,10,0
2021,3,18,2,20,0
2021,3,18,2,30,0
2021,3,18,2,40,0
2021,3,18,2,50,0
2021,3,18,3,0,0
2021,3,18,3,10,0
2021,3,18,3,20,0
2021,3,18,3,30,0
2021,3,18,3,40,0
2021,3,18,3,50,0
2021,3,18,4,0,0
2021,3,18,4,10,0
2021,3,18,4,20,0
2021,3,18,4,30,0
2021,3,18,4,40,0
2021,3,18,4,50,0
2021,3,18,5,0,0
2021,3,18,5,10,0
2021,3,18,5,20,0
2021,3,18,5,30,0
2021,3,18,5,40,0
2021,3,18,5,50,0
2021,3,18,6,0,0
2021,3,18,6,10,0
2021,3,18,6,20,0
2021,3,18,6,30,0
2021,3,18,6,40,0
2021,3,18,6,50,0
2021,3,18,7,0,0
2021,3,18,7,10,0
2021,3,18,7,20,0
2021,3,18,7,30,0
2021,3,18,7,40,0
2021,3,18,7,50,0
2021,3,18,8,0,0
2021,3,18,8,10,0
2021,3,18,8,20,0
2021,3,18,8,30,0
2021,3,18,8,40,0
2021,3,18,8,50,0
2021,3,18,9,0,0
2021,3,18,9,10,0
2021,3,18,9,20,0
2021,3,18,9,30,0
2021,3,18,9,40,0
2021,3,18,9,50,0
2021,3,18,10,0,0
2021,3,18,10,10,0
2021,3,18,10,20,0
2021,3,18,10,30,0
2021,3,18,10,40,13
2021,3,18,10,50,32
2021,3,18,11,0,26
2021,3,18,11,10,60
2021,3,18,11,20,168
2021,3,18,11,30,137
2021,3,18,11,40,259
2021,3,18,11,50,204
2021,3,18,12,0,187
2021,3,18,12,10,277
2021,3,18,12,20,370
2021,3,18,12,30,334
2021,3,18,12,40,390
2021,3,18,12,50,440
2021,3,18,13,0,491
2021,3,18,13,10,564
2021,3,18,13,20,597
2021,3,18,13,30,641
2021,3,18,13,40,644
2021,3,18,13,50,689
2021,3,18,14,0,710
2021,3,18,14,10,620
2021,3,18,14,20,603
2021,3,18,14,30,656
2021,3,18,14,40,756
2021,3,18,14,50,751
2021,3,18,15,0,591
2021,3,18,15,10,861
2021,3,18,15,20,870
2021,3,18,15,30,885
2021,3,18,15,40,852
2021,3,18,15,50,847
2021,3,18,16,0,887
2021,3,18,16,10,932
2021,3,18,16,20,905
2021,3,18,16,30,886
2021,3,18,16,40,897
2021,3,18,16,50,883
2021,3,18,17,0,870
2021,3,18,17,10,837
2021,3,18,17,20,851
2021,3,18,17,30,829
2021,3,18,17,40,821
2021,3,18,17,50,832
2021,3,18,18,0,815
2021,3,18,18,10,804
2021,3,18,18,20,798
2021,3,18,18,30,757
2021,3,18,18,40,740
2021,3,18,18,50,771
2021,3,18,19,0,688
2021,3,18,19,10,673
2021,3,18,19,20,647
2021,3,18,19,30,623
2021,3,18,19,40,550
2021,3,18,19,50,556
2021,3,18,20,0,520
2021,3,18,20,10,514
2021,3,18,20,20,467
2021,3,18,20,30,482
2021,3,18,20,40,440
2021,3,18,20,50,397
2021,3,18,21,0,354
2021,3,18,21,10,310
2021,3,18,21,20,267
2021,3,18,21,30,223
2021,3,18,21,40,181
2021,3,18,21,50,139
2021,3,18,22,0,99
2021,3,18,22,10,63
2021,3,18,22,20,32
2021,3,18,22,30,0
2021,3,18,22,40,0
2021,3,18,22,50,0
2021,3,18,23,0,0
2021,3,18,23,10,0
2021,3,18,23,20,0
2021,3,18,23,30,0
2021,3,18,23,40,0
2021,3,18,23,50,0
2021,3,19,0,0,0
2021,3,19,0,10,0
2021,3,19,0,20,0
2021,3,19,0,30,0
2021,3,19,0,40,0
2021,3,19,0,50,0
2021,3,19,1,0,0
2021,3,19,1,10,0
2021,3,19,1,20,0
2021,3,19,1,30,0
2021,3,19,1,40,0
2021,3,19,1,50,0
2021,3,19,2,0,0
2021,3,19,2,10,0
2021,3,19,2,20,0
2021,3,19,2,30,0
2021,3,19,2,40,0
2021,3,19,2,50,0
2021,3,19,3,0,0
2021,3,19,3,10,0
2021,3,19,3,20,0
2021,3,19,3,30,0
2021,3,19,3,40,0
2021,3,19,3,50,0
2021,3,19,4,0,0
2021,3,19,4,10,0
2021,3,19,4,20,0
2021,3,19,4,30,0
2021,3,19,4,40,0
2021,3,19,4,50,0
2021,3,19,5,0,0
2021,3,19,5,10,0
2021,3,19,5,20,0
2021,3,19,5,30,0
2021,3,19,5,40,0
2021,3,19,5,50,0
2021,3,19,6,0,0
2021,3,19,6,10,0
2021,3,19,6,20,0
2021,3,19,6,30,0
2021,3,19,6,40,0
2021,3,19,6,50,0
2021,3,19,7,0,0
2021,3,19,7,10,0
2021,3,19,7,20,0
2021,3,19,7,30,0
2021,3,19,7,40,0
2021,3,19,7,50,0
2021,3,19,8,0,0
2021,3,19,8,10,0
2021,3,19,8,20,0
2021,3,19,8,30,0
2021,3,19,8,40,0
2021,3,19,8,50,0
2021,3,19,9,0,0
2021,3,19,9,10,0
2021,3,19,9,20,0
2021,3,19,9,30,0
2021,3,19,9,40,0
2021,3,19,9,50,0
2021,3,19,10,0,0
2021,3,19,10,10,0
2021,3,19,10,20,0
2021,3,19,10,30,0
2021,3,19,10,40,15
2021,3,19,10,50,60
2021,3,19,11,0,8
2021,3,19,11,10,30
2021,3,19,11,20,177
2021,3,19,11,30,172
2021,3,19,11,40,264
2021,3,19,11,50,88
2021,3,19,12,0,81
2021,3,19,12,10,102
2021,3,19,12,20,119
2021,3,19,12,30,138
2021,3,19,12,40,374
2021,3,19,12,50,167
2021,3,19,13,0,436
2021,3,19,13,10,290
2021,3,19,13,20,525
2021,3,19,13,30,561
2021,3,19,13,40,752
2021,3,19,13,50,520
2021,3,19,14,0,817
2021,3,19,14,10,847
2021,3,19,14,20,875
2021,3,19,14,30,901
2021,3,19,14,40,927
2021,3,19,14,50,950
2021,3,19,15,0,970
2021,3,19,15,10,989
2021,3,19,15,20,1005
2021,3,19,15,30,1020
2021,3,19,15,40,1032
2021,3,19,15,50,1042
2021,3,19,16,0,1050
2021,3,19,16,10,1056
2021,3,19,16,20,1059
2021,3,19,16,30,1060
2021,3,19,16,40,1056
2021,3,19,16,50,1053
2021,3,19,17,0,1047
2021,3,19,17,10,1039
2021,3,19,17,20,1029
2021,3,19,17,30,1017
2021,3,19,17,40,1001
2021,3,19,17,50,985
2021,3,19,18,0,967
2021,3,19,18,10,946
2021,3,19,18,20,923
2021,3,19,18,30,899
2021,3,19,18,40,873
2021,3,19,18,50,842
2021,3,19,19,0,812
2021,3,19,19,10,780
2021,3,19,19,20,747
2021,3,19,19,30,713
2021,3,19,19,40,677
2021,3,19,19,50,640
2021,3,19,20,0,601
2021,3,19,20,10,561
2021,3,19,20,20,521
2021,3,19,20,30,479
2021,3,19,20,40,437
2021,3,19,20,50,394
2021,3,19,21,0,350
2021,3,19,21,10,306
2021,3,19,21,20,263
2021,3,19,21,30,219
2021,3,19,21,40,176
2021,3,19,21,50,135
2021,3,19,22,0,95
2021,3,19,22,10,59
2021,3,19,22,20,29
2021,3,19,22,30,0
2021,3,19,22,40,0
2021,3,19,22,50,0
2021,3,19,23,0,0
2021,3,19,23,10,0
2021,3,19,23,20,0
2021,3,19,23,30,0
2021,3,19,23,40,0
2021,3,19,23,50,0
2021,3,20,0,0,0
2021,3,20,0,10,0
2021,3,20,0,20,0
2021,3,20,0,30,0
2021,3,20,0,40,0
2021,3,20,0,50,0
2021,3,20,1,0,0
2021,3,20,1,10,0
2021,3,20,1,20,0
2021,3,20,1,30,0
2021,3,20,1,40,0
2021,3,20,1,50,0
2021,3,20,2,0,0
2021,3,20,2,10,0
2021,3,20,2,20,0
2021,3,20,2,30,0
2021,3,20,2,40,0
2021,3,20,2,50,0
2021,3,20,3,0,0
2021,3,20,3,10,0
2021,3,20,3,20,0
2021,3,20,3,30,0
2021,3,20,3,40,0
2021,3,20,3,50,0
2021,3,20,4,0,0
2021,3,20,4,10,0
2021,3,20,4,20,0
2021,3,20,4,30,0
2021,3,20,4,40,0
2021,3,20,4,50,0
2021,3,20,5,0,0
2021,3,20,5,10,0
2021,3,20,5,20,0
2021,3,20,5,30,0
2021,3,20,5,40,0
2021,3,20,5,50,0
2021,3,20,6,0,0
2021,3,20,6,10,0
2021,3,20,6,20,0
2021,3,20,6,30,0
2021,3,20,6,40,0
2021,3,20,6,50,0
2021,3,20,7,0,0
2021,3,20,7,10,0
2021,3,20,7,20,0
2021,3,20,7,30,0
2021,3,20,7,40,0
2021,3,20,7,50,0
2021,3,20,8,0,0
2021,3,20,8,10,0
2021,3,20,8,20,0
2021,3,20,8,30,0
2021,3,20,8,40,0
2021,3,20,8,50,0
2021,3,20,9,0,0
2021,3,20,9,10,0
2021,3,20,9,20,0
2021,3,20,9,30,0
2021,3,20,9,40,0
2021,3,20,9,50,0
2021,3,20,10,0,0
2021,3,20,10,10,0
2021,3,20,10,20,0
2021,3,20,10,30,0
2021,3,20,10,40,15
2021,3,20,10,50,39
2021,3,20,11,0,96
2021,3,20,11,10,135
2021,3,20,11,20,177
2021,3,20,11,30,220
2021,3,20,11,40,263
2021,3,20,11,50,307
2021,3,20,12,0,351
2021,3,20,12,10,394
2021,3,20,12,20,437
2021,3,20,12,30,478
2021,3,20,12,40,463
2021,3,20,12,50,283
2021,3,20,13,0,522
2021,3,20,13,10,383
2021,3,20,13,20,347
2021,3,20,13,30,387
2021,3,20,13,40,453
2021,3,20,13,50,487
2021,3,20,14,0,480
2021,3,20,14,10,516
2021,3,20,14,20,755
2021,3,20,14,30,793
2021,3,20,14,40,700
2021,3,20,14,50,739
2021,3,20,15,0,754
2021,3,20,15,10,979
2021,3,20,15,20,996
2021,3,20,15,30,1010
2021,3,20,15,40,1019
2021,3,20,15,50,1029
2021,3,20,16,0,994
2021,3,20,16,10,896
2021,3,20,16,20,865
2021,3,20,16,30,867
2021,3,20,16,40,818
2021,3,20,16,50,835
2021,3,20,17,0,915
2021,3,20,17,10,979
2021,3,20,17,20,1018
2021,3,20,17,30,1006
2021,3,20,17,40,846
2021,3,20,17,50,847
2021,3,20,18,0,797
2021,3,20,18,10,792
2021,3,20,18,20,914
2021,3,20,18,30,887
2021,3,20,18,40,861
2021,3,20,18,50,833
2021,3,20,19,0,803
2021,3,20,19,10,771
2021,3,20,19,20,739
2021,3,20,19,30,704
2021,3,20,19,40,667
2021,3,20,19,50,630
2021,3,20,20,0,591
2021,3,20,20,10,552
2021,3,20,20,20,511
2021,3,20,20,30,468
2021,3,20,20,40,424
2021,3,20,20,50,381
2021,3,20,21,0,339
2021,3,20,21,10,295
2021,3,20,21,20,252
2021,3,20,21,30,209
2021,3,20,21,40,167
2021,3,20,21,50,126
2021,3,20,22,0,88
2021,3,20,22,10,41
2021,3,20,22,20,25
2021,3,20,22,30,0
2021,3,20,22,40,0
2021,3,20,22,50,0
2021,3,20,23,0,0
2021,3,20,23,10,0
2021,3,20,23,20,0
2021,3,20,23,30,0
2021,3,20,23,40,0
2021,3,20,23,50,0
2021,3,21,0,0,0
2021,3,21,0,10,0
2021,3,21,0,20,0
2021,3,21,0,30,0
2021,3,21,0,40,0
2021,3,21,0,50,0
2021,3,21,1,0,0
2021,3,21,1,10,0
2021,3,21,1,20,0
2021,3,21,1,30,0
2021,3,21,1,40,0
2021,3,21,1,50,0
2021,3,21,2,0,0
2021,3,21,2,10,0
2021,3,21,2,20,0
2021,3,21,2,30,0
2021,3,21,2,40,0
2021,3,21,2,50,0
2021,3,21,3,0,0
2021,3,21,3,10,0
2021,3,21,3,20,0
2021,3,21,3,30,0
2021,3,21,3,40,0
2021,3,21,3,50,0
2021,3,21,4,0,0
2021,3,21,4,10,0
2021,3,21,4,20,0
2021,3,21,4,30,0
2021,3,21,4,40,0
2021,3,21,4,50,0
2021,3,21,5,0,0
2021,3,21,5,10,0
2021,3,21,5,20,0
2021,3,21,5,30,0
2021,3,21,5,40,0
2021,3,21,5,50,0
2021,3,21,6,0,0
2021,3,21,6,10,0
2021,3,21,6,20,0
2021,3,21,6,30,0
2021,3,21,6,40,0
2021,3,21,6,50,0
2021,3,21,7,0,0
2021,3,21,7,10,0
2021,3,21,7,20,0
2021,3,21,7,30,0
2021,3,21,7,40,0
2021,3,21,7,50,0
2021,3,21,8,0,0
2021,3,21,8,10,0
2021,3,21,8,20,0
2021,3,21,8,30,0
2021,3,21,8,40,0
2021,3,21,8,50,0
2021,3,21,9,0,0
2021,3,21,9,10,0
2021,3,21,9,20,0
2021,3,21,9,30,0
2021,3,21,9,40,0
2021,3,21,9,50,0
2021,3,21,10,0,0
2021,3,21,10,10,0
2021,3,21,10,20,0
2021,3,21,10,30,0
2021,3,21,10,40,11
2021,3,21,10,50,20
2021,3,21,11,0,4
2021,3,21,11,10,45
2021,3,21,11,20,12
2021,3,21,11,30,8
2021,3,21,11,40,9
2021,3,21,11,50,24
2021,3,21,12,0,191
2021,3,21,12,10,328
2021,3,21,12,20,281
2021,3,21,12,30,430
2021,3,21,12,40,292
2021,3,21,12,50,356
2021,3,21,13,0,102
2021,3,21,13,10,221
2021,3,21,13,20,437
2021,3,21,13,30,489
2021,3,21,13,40,163
2021,3,21,13,50,554
2021,3,21,14,0,563
2021,3,21,14,10,614
2021,3,21,14,20,860
2021,3,21,14,30,424
2021,3,21,14,40,670
2021,3,21,14,50,793
2021,3,21,15,0,639
2021,3,21,15,10,639
2021,3,21,15,20,445
2021,3,21,15,30,644
2021,3,21,15,40,1010
2021,3,21,15,50,1020
2021,3,21,16,0,918
2021,3,21,16,10,1033
2021,3,21,16,20,703
2021,3,21,16,30,861
2021,3,21,16,40,816
2021,3,21,16,50,542
2021,3,21,17,0,942
2021,3,21,17,10,874
2021,3,21,17,20,819
2021,3,21,17,30,954
2021,3,21,17,40,985
2021,3,21,17,50,968
2021,3,21,18,0,950
2021,3,21,18,10,930
2021,3,21,18,20,907
2021,3,21,18,30,883
2021,3,21,18,40,857
2021,3,21,18,50,830
2021,3,21,19,0,800
2021,3,21,19,10,767
2021,3,21,19,20,734
2021,3,21,19,30,700
2021,3,21,19,40,664
2021,3,21,19,50,627
2021,3,21,20,0,589
2021,3,21,20,10,550
2021,3,21,20,20,510
2021,3,21,20,30,469
2021,3,21,20,40,427
2021,3,21,20,50,384
2021,3,21,21,0,341
2021,3,21,21,10,256
2021,3,21,21,20,207
2021,3,21,21,30,175
2021,3,21,21,40,137
2021,3,21,21,50,97
2021,3,21,22,0,63
2021,3,21,22,10,41
2021,3,21,22,20,17
2021,3,21,22,30,0
2021,3,21,22,40,0
2021,3,21,22,50,0
2021,3,21,23,0,0
2021,3,21,23,10,0
2021,3,21,23,20,0
2021,3,21,23,30,0
2021,3,21,23,40,0
2021,3,21,23,50,0
2021,3,22,0,0,0
2021,3,22,0,10,0
2021,3,22,0,20,0
2021,3,22,0,30,0
2021,3,22,0,40,0
2021,3,22,0,50,0
2021,3,22,1,0,0
2021,3,22,1,10,0
2021,3,22,1,20,0
2021,3,22,1,30,0
2021,3,22,1,40,0
2021,3,22,1,50,0
2021,3,22,2,0,0
2021,3,22,2,10,0
2021,3,22,2,20,0
2021,3,22,2,30,0
2021,3,22,2,40,0
2021,3,22,2,50,0
2021,3,22,3,0,0
2021,3,22,3,10,0
2021,3,22,3,20,0
2021,3,22,3,30,0
2021,3,22,3,40,0
2021,3,22,3,50,0
2021,3,22,4,0,0
2021,3,22,4,10,0
2021,3,22,4,20,0
2021,3,22,4,30,0
2021,3,22,4,40,0
2021,3,22,4,50,0
2021,3,22,5,0,0
2021,3,22,5,10,0
2021,3,22,5,20,0
2021,3,22,5,30,0
2021,3,22,5,40,0
2021,3,22,5,50,0
2021,3,22,6,0,0
2021,3,22,6,10,0
2021,3,22,6,20,0
2021,3,22,6,30,0
2021,3,22,6,40,0
2021,3,22,6,50,0
2021,3,22,7,0,0
2021,3,22,7,10,0
2021,3,22,7,20,0
2021,3,22,7,30,0
2021,3,22,7,40,0
2021,3,22,7,50,0
2021,3,22,8,0,0
2021,3,22,8,10,0
2021,3,22,8,20,0
2021,3,22,8,30,0
2021,3,22,8,40,0
2021,3,22,8,50,0
2021,3,22,9,0,0
2021,3,22,9,10,0
2021,3,22,9,20,0
2021,3,22,9,30,0
2021,3,22,9,40,0
2021,3,22,9,50,0
2021,3,22,10,0,0
2021,3,22,10,10,0
2021,3,22,10,20,0
2021,3,22,10,30,0
2021,3,22,10,40,9
2021,3,22,10,50,24
2021,3,22,11,0,50
2021,3,22,11,10,5
2021,3,22,11,20,13
2021,3,22,11,30,67
2021,3,22,11,40,164
2021,3,22,11,50,232
2021,3,22,12,0,257
2021,3,22,12,10,283
2021,3,22,12,20,319
2021,3,22,12,30,352
2021,3,22,12,40,413
2021,3,22,12,50,425
2021,3,22,13,0,480
2021,3,22,13,10,435
2021,3,22,13,20,486
2021,3,22,13,30,354
2021,3,22,13,40,288
2021,3,22,13,50,571
2021,3,22,14,0,643
2021,3,22,14,10,725
2021,3,22,14,20,721
2021,3,22,14,30,822
2021,3,22,14,40,907
2021,3,22,14,50,929
2021,3,22,15,0,949
2021,3,22,15,10,967
2021,3,22,15,20,983
2021,3,22,15,30,997
2021,3,22,15,40,1009
2021,3,22,15,50,1019
2021,3,22,16,0,1026
2021,3,22,16,10,1031
2021,3,22,16,20,1035
2021,3,22,16,30,1035
2021,3,22,16,40,1034
2021,3,22,16,50,1031
2021,3,22,17,0,1025
2021,3,22,17,10,1017
2021,3,22,17,20,1007
2021,3,22,17,30,995
2021,3,22,17,40,980
2021,3,22,17,50,961
2021,3,22,18,0,943
2021,3,22,18,10,923
2021,3,22,18,20,900
2021,3,22,18,30,721
2021,3,22,18,40,699
2021,3,22,18,50,781
2021,3,22,19,0,230
2021,3,22,19,10,152
2021,3,22,19,20,76
2021,3,22,19,30,22
2021,3,22,19,40,18
2021,3,22,19,50,55
2021,3,22,20,0,14
2021,3,22,20,10,12
2021,3,22,20,20,11
2021,3,22,20,30,33
2021,3,22,20,40,116
2021,3,22,20,50,150
2021,3,22,21,0,78
2021,3,22,21,10,106
2021,3,22,21,20,94
2021,3,22,21,30,125
2021,3,22,21,40,106
2021,3,22,21,50,73
2021,3,22,22,0,54
2021,3,22,22,10,34
2021,3,22,22,20,14
2021,3,22,22,30,0
2021,3,22,22,40,0
2021,3,22,22,50,0
2021,3,22,23,0,0
2021,3,22,23,10,0
2021,3,22,23,20,0
2021,3,22,23,30,0
2021,3,22,23,40,0
2021,3,22,23,50,0
2021,3,23,0,0,0
2021,3,23,0,10,0
2021,3,23,0,20,0
2021,3,23,0,30,0
2021,3,23,0,40,0
2021,3,23,0,50,0
2021,3,23,1,0,0
2021,3,23,1,10,0
2021,3,23,1,20,0
2021,3,23,1,30,0
2021,3,23,1,40,0
2021,3,23,1,50,0
2021,3,23,2,0,0
2021,3,23,2,10,0
2021,3,23,2,20,0
2021,3,23,2,30,0
2021,3,23,2,40,0
2021,3,23,2,50,0
2021,3,23,3,0,0
2021,3,23,3,10,0
2021,3,23,3,20,0
2021,3,23,3,30,0
2021,3,23,3,40,0
2021,3,23,3,50,0
2021,3,23,4,0,0
2021,3,23,4,10,0
2021,3,23,4,20,0
2021,3,23,4,30,0
2021,3,23,4,40,0
2021,3,23,4,50,0
2021,3,23,5,0,0
2021,3,23,5,10,0
2021,3,23,5,20,0
2021,3,23,5,30,0
2021,3,23,5,40,0
2021,3,23,5,50,0
2021,3,23,6,0,0
2021,3,23,6,10,0
2021,3,23,6,20,0
2021,3,23,6,30,0
2021,3,23,6,40,0
2021,3,23,6,50,0
2021,3,23,7,0,0
2021,3,23,7,10,0
2021,3,23,7,20,0
2021,3,23,7,30,0
2021,3,23,7,40,0
2021,3,23,7,50,0
2021,3,23,8,0,0
2021,3,23,8,10,0
2021,3,23,8,20,0
2021,3,23,8,30,0
2021,3,23,8,40,0
2021,3,23,8,50,0
2021,3,23,9,0,0
2021,3,23,9,10,0
2021,3,23,9,20,0
2021,3,23,9,30,0
2021,3,23,9,40,0
2021,3,23,9,50,0
2021,3,23,10,0,0
2021,3,23,10,10,0
2021,3,23,10,20,0
2021,3,23,10,30,0
2021,3,23,10,40,6
2021,3,23,10,50,19
2021,3,23,11,0,30
2021,3,23,11,10,44
2021,3,23,11,20,107
2021,3,23,11,30,153
2021,3,23,11,40,197
2021,3,23,11,50,215
2021,3,23,12,0,169
2021,3,23,12,10,200
2021,3,23,12,20,327
2021,3,23,12,30,194
2021,3,23,12,40,274
2021,3,23,12,50,342
2021,3,23,13,0,432
2021,3,23,13,10,484
2021,3,23,13,20,488
2021,3,23,13,30,495
2021,3,23,13,40,455
2021,3,23,13,50,579
2021,3,23,14,0,803
2021,3,23,14,10,832
2021,3,23,14,20,859
2021,3,23,14,30,885
2021,3,23,14,40,908
2021,3,23,14,50,931
2021,3,23,15,0,750
2021,3,23,15,10,815
2021,3,23,15,20,773
2021,3,23,15,30,619
2021,3,23,15,40,1010
2021,3,23,15,50,1023
2021,3,23,16,0,848
2021,3,23,16,10,851
2021,3,23,16,20,1036
2021,3,23,16,30,1036
2021,3,23,16,40,1035
2021,3,23,16,50,1032
2021,3,23,17,0,1026
2021,3,23,17,10,1018
2021,3,23,17,20,1008
2021,3,23,17,30,824
2021,3,23,17,40,783
2021,3,23,17,50,770
2021,3,23,18,0,709
2021,3,23,18,10,432
2021,3,23,18,20,249
2021,3,23,18,30,235
2021,3,23,18,40,31
2021,3,23,18,50,29
2021,3,23,19,0,27
2021,3,23,19,10,24
2021,3,23,19,20,37
2021,3,23,19,30,77
2021,3,23,19,40,55
2021,3,23,19,50,27
2021,3,23,20,0,22
2021,3,23,20,10,142
2021,3,23,20,20,102
2021,3,23,20,30,234
2021,3,23,20,40,264
2021,3,23,20,50,277
2021,3,23,21,0,316
2021,3,23,21,10,278
2021,3,23,21,20,224
2021,3,23,21,30,157
2021,3,23,21,40,96
2021,3,23,21,50,38
2021,3,23,22,0,14
2021,3,23,22,10,14
2021,3,23,22,20,6
2021,3,23,22,30,0
2021,3,23,22,40,0
2021,3,23,22,50,0
2021,3,23,23,0,0
2021,3,23,23,10,0
2021,3,23,23,20,0
2021,3,23,23,30,0
2021,3,23,23,40,0
2021,3,23,23,50,0
2021,3,24,0,0,0
2021,3,24,0,10,0
2021,3,24,0,20,0
2021,3,24,0,30,0
2021,3,24,0,40,0
2021,3,24,0,50,0
2021,3,24,1,0,0
2021,3,24,1,10,0
2021,3,24,1,20,0
2021,3,24,1,30,0
2021,3,24,1,40,0
2021,3,24,1,50,0
2021,3,24,2,0,0
2021,3,24,2,10,0
2021,3,24,2,20,0
2021,3,24,2,30,0
2021,3,24,2,40,0
2021,3,24,2,50,0
2021,3,24,3,0,0
2021,3,24,3,10,0
2021,3,24,3,20,0
2021,3,24,3,30,0
2021,3,24,3,40,0
2021,3,24,3,50,0
2021,3,24,4,0,0
2021,3,24,4,10,0
2021,3,24,4,20,0
2021,3,24,4,30,0
2021,3,24,4,40,0
2021,3,24,4,50,0
2021,3,24,5,0,0
2021,3,24,5,10,0
2021,3,24,5,20,0
2021,3,24,5,30,0
2021,3,24,5,40,0
2021,3,24,5,50,0
2021,3,24,6,0,0
2021,3,24,6,10,0
2021,3,24,6,20,0
2021,3,24,6,30,0
2021,3,24,6,40,0
2021,3,24,6,50,0
2021,3,24,7,0,0
2021,3,24,7,10,0
2021,3,24,7,20,0
2021,3,24,7,30,0
2021,3,24,7,40,0
2021,3,24,7,50,0
2021,3,24,8,0,0
2021,3,24,8,10,0
2021,3,24,8,20,0
2021,3,24,8,30,0
2021,3,24,8,40,0
2021,3,24,8,50,0
2021,3,24,9,0,0
2021,3,24,9,10,0
2021,3,24,9,20,0
2021,3,24,9,30,0
2021,3,24,9,40,0
2021,3,24,9,50,0
2021,3,24,10,0,0
2021,3,24,10,10,0
2021,3,24,10,20,0
2021,3,24,10,30,0
2021,3,24,10,40,25
2021,3,24,10,50,53
2021,3,24,11,0,87
2021,3,24,11,10,126
2021,3,24,11,20,166
2021,3,24,11,30,209
2021,3,24,11,40,252
2021,3,24,11,50,296
2021,3,24,12,0,339
2021,3,24,12,10,383
2021,3,24,12,20,425
2021,3,24,12,30,468
2021,3,24,12,40,510
2021,3,24,12,50,550
2021,3,24,13,0,590
2021,3,24,13,10,628
2021,3,24,13,20,666
2021,3,24,13,30,702
2021,3,24,13,40,737
2021,3,24,13,50,770
2021,3,24,14,0,802
2021,3,24,14,10,831
2021,3,24,14,20,859
2021,3,24,14,30,885
2021,3,24,14,40,912
2021,3,24,14,50,935
2021,3,24,15,0,952
2021,3,24,15,10,970
2021,3,24,15,20,986
2021,3,24,15,30,1000
2021,3,24,15,40,1012
2021,3,24,15,50,1022
2021,3,24,16,0,1029
2021,3,24,16,10,1034
2021,3,24,16,20,1037
2021,3,24,16,30,1038
2021,3,24,16,40,1038
2021,3,24,16,50,1031
2021,3,24,17,0,1025
2021,3,24,17,10,1017
2021,3,24,17,20,1007
2021,3,24,17,30,994
2021,3,24,17,40,979
2021,3,24,17,50,963
2021,3,24,18,0,944
2021,3,24,18,10,923
2021,3,24,18,20,900
2021,3,24,18,30,876
2021,3,24,18,40,850
2021,3,24,18,50,821
2021,3,24,19,0,791
2021,3,24,19,10,757
2021,3,24,19,20,724
2021,3,24,19,30,689
2021,3,24,19,40,654
2021,3,24,19,50,616
2021,3,24,20,0,578
2021,3,24,20,10,538
2021,3,24,20,20,497
2021,3,24,20,30,456
2021,3,24,20,40,412
2021,3,24,20,50,370
2021,3,24,21,0,326
2021,3,24,21,10,283
2021,3,24,21,20,239
2021,3,24,21,30,196
2021,3,24,21,40,153
2021,3,24,21,50,113
2021,3,24,22,0,76
2021,3,24,22,10,29
2021,3,24,22,20,11
2021,3,24,22,30,0
2021,3,24,22,40,0
2021,3,24,22,50,0
2021,3,24,23,0,0
2021,3,24,23,10,0
2021,3,24,23,20,0
2021,3,24,23,30,0
2021,3,24,23,40,0
2021,3,24,23,50,0
2021,3,25,0,0,0
2021,3,25,0,10,0
2021,3,25,0,20,0
2021,3,25,0,30,0
2021,3,25,0,40,0
2021,3,25,0,50,0
2021,3,25,1,0,0
2021,3,25,1,10,0
2021,3,25,1,20,0
2021,3,25,1,30,0
2021,3,25,1,40,0
2021,3,25,1,50,0
2021,3,25,2,0,0
2021,3,25,2,10,0
2021,3,25,2,20,0
2021,3,25,2,30,0
2021,3,25,2,40,0
2021,3,25,2,50,0
2021,3,25,3,0,0
2021,3,25,3,10,0
2021,3,25,3,20,0
2021,3,25,3,30,0
2021,3,25,3,40,0
2021,3,25,3,50,0
2021,3,25,4,0,0
2021,3,25,4,10,0
2021,3,25,4,20,0
2021,3,25,4,30,0
2021,3,25,4,40,0
2021,3,25,4,50,0
2021,3,25,5,0,0
2021,3,25,5,10,0
2021,3,25,5,20,0
2021,3,25,5,30,0
2021,3,25,5,40,0
2021,3,25,5,50,0
2021,3,25,6,0,0
2021,3,25,6,10,0
2021,3,25,6,20,0
2021,3,25,6,30,0
2021,3,25,6,40,0
2021,3,25,6,50,0
2021,3,25,7,0,0
2021,3,25,7,10,0
2021,3,25,7,20,0
2021,3,25,7,30,0
2021,3,25,7,40,0
2021,3,25,7,50,0
2021,3,25,8,0,0
2021,3,25,8,10,0
2021,3,25,8,20,0
2021,3,25,8,30,0
2021,3,25,8,40,0
2021,3,25,8,50,0
2021,3,25,9,0,0
2021,3,25,9,10,0
2021,3,25,9,20,0
2021,3,25,9,30,0
2021,3,25,9,40,0
2021,3,25,9,50,0
2021,3,25,10,0,0
2021,3,25,10,10,0
2021,3,25,10,20,0
2021,3,25,10,30,0
2021,3,25,10,40,24
2021,3,25,10,50,52
2021,3,25,11,0,87
2021,3,25,11,10,125
2021,3,25,11,20,166
2021,3,25,11,30,208
2021,3,25,11,40,252
2021,3,25,11,50,296
2021,3,25,12,0,339
2021,3,25,12,10,382
2021,3,25,12,20,425
2021,3,25,12,30,467
2021,3,25,12,40,509
2021,3,25,12,50,549
2021,3,25,13,0,588
2021,3,25,13,10,627
2021,3,25,13,20,664
2021,3,25,13,30,699
2021,3,25,13,40,734
2021,3,25,13,50,766
2021,3,25,14,0,797
2021,3,25,14,10,829
2021,3,25,14,20,857
2021,3,25,14,30,883
2021,3,25,14,40,907
2021,3,25,14,50,929
2021,3,25,15,0,949
2021,3,25,15,10,967
2021,3,25,15,20,983
2021,3,25,15,30,997
2021,3,25,15,40,1009
2021,3,25,15,50,1018
2021,3,25,16,0,1022
2021,3,25,16,10,1027
2021,3,25,16,20,1030
2021,3,25,16,30,1031
2021,3,25,16,40,1029
2021,3,25,16,50,1026
2021,3,25,17,0,1020
2021,3,25,17,10,1012
2021,3,25,17,20,1001
2021,3,25,17,30,989
2021,3,25,17,40,974
2021,3,25,17,50,957
2021,3,25,18,0,939
2021,3,25,18,10,918
2021,3,25,18,20,895
2021,3,25,18,30,870
2021,3,25,18,40,843
2021,3,25,18,50,815
2021,3,25,19,0,785
2021,3,25,19,10,751
2021,3,25,19,20,718
2021,3,25,19,30,683
2021,3,25,19,40,646
2021,3,25,19,50,608
2021,3,25,20,0,570
2021,3,25,20,10,530
2021,3,25,20,20,489
2021,3,25,20,30,447
2021,3,25,20,40,403
2021,3,25,20,50,361
2021,3,25,21,0,318
2021,3,25,21,10,275
2021,3,25,21,20,231
2021,3,25,21,30,189
2021,3,25,21,40,147
2021,3,25,21,50,108
2021,3,25,22,0,71
2021,3,25,22,10,39
2021,3,25,22,20,15
2021,3,25,22,30,0
2021,3,25,22,40,0
2021,3,25,22,50,0
2021,3,25,23,0,0
2021,3,25,23,10,0
2021,3,25,23,20,0
2021,3,25,23,30,0
2021,3,25,23,40,0
2021,3,25,23,50,0
2021,3,26,0,0,0
2021,3,26,0,10,0
2021,3,26,0,20,0
2021,3,26,0,30,0
2021,3,26,0,40,0
2021,3,26,0,50,0
2021,3,26,1,0,0
2021,3,26,1,10,0
2021,3,26,1,20,0
2021,3,26,1,30,0
2021,3,26,1,40,0
2021,3,26,1,50,0
2021,3,26,2,0,0
2021,3,26,2,10,0
2021,3,26,2,20,0
2021,3,26,2,30,0
2021,3,26,2,40,0
2021,3,26,2,50,0
2021,3,26,3,0,0
2021,3,26,3,10,0
2021,3,26,3,20,0
2021,3,26,3,30,0
2021,3,26,3,40,0
2021,3,26,3,50,0
2021,3,26,4,0,0
2021,3,26,4,10,0
2021,3,26,4,20,0
2021,3,26,4,30,0
2021,3,26,4,40,0
2021,3,26,4,50,0
2021,3,26,5,0,0
2021,3,26,5,10,0
2021,3,26,5,20,0
2021,3,26,5,30,0
2021,3,26,5,40,0
2021,3,26,5,50,0
2021,3,26,6,0,0
2021,3,26,6,10,0
2021,3,26,6,20,0
2021,3,26,6,30,0
2021,3,26,6,40,0
2021,3,26,6,50,0
2021,3,26,7,0,0
2021,3,26,7,10,0
2021,3,26,7,20,0
2021,3,26,7,30,0
2021,3,26,7,40,0
2021,3,26,7,50,0
2021,3,26,8,0,0
2021,3,26,8,10,0
2021,3,26,8,20,0
2021,3,26,8,30,0
2021,3,26,8,40,0
2021,3,26,8,50,0
2021,3,26,9,0,0
2021,3,26,9,10,0
2021,3,26,9,20,0
2021,3,26,9,30,0
2021,3,26,9,40,0
2021,3,26,9,50,0
2021,3,26,10,0,0
2021,3,26,10,10,0
2021,3,26,10,20,0
2021,3,26,10,30,0
2021,3,26,10,40,12
2021,3,26,10,50,29
2021,3,26,11,0,87
2021,3,26,11,10,125
2021,3,26,11,20,166
2021,3,26,11,30,208
2021,3,26,11,40,251
2021,3,26,11,50,294
2021,3,26,12,0,337
2021,3,26,12,10,381
2021,3,26,12,20,423
2021,3,26,12,30,465
2021,3,26,12,40,507
2021,3,26,12,50,547
2021,3,26,13,0,585
2021,3,26,13,10,623
2021,3,26,13,20,660
2021,3,26,13,30,695
2021,3,26,13,40,731
2021,3,26,13,50,763
2021,3,26,14,0,794
2021,3,26,14,10,823
2021,3,26,14,20,851
2021,3,26,14,30,877
2021,3,26,14,40,898
2021,3,26,14,50,920
2021,3,26,15,0,940
2021,3,26,15,10,958
2021,3,26,15,20,974
2021,3,26,15,30,988
2021,3,26,15,40,999
2021,3,26,15,50,1009
2021,3,26,16,0,1016
2021,3,26,16,10,1021
2021,3,26,16,20,1024
2021,3,26,16,30,1025
2021,3,26,16,40,1024
2021,3,26,16,50,1020
2021,3,26,17,0,1014
2021,3,26,17,10,546
2021,3,26,17,20,933
2021,3,26,17,30,671
2021,3,26,17,40,968
2021,3,26,17,50,853
2021,3,26,18,0,933
2021,3,26,18,10,912
2021,3,26,18,20,671
2021,3,26,18,30,712
2021,3,26,18,40,724
2021,3,26,18,50,720
2021,3,26,19,0,599
2021,3,26,19,10,587
2021,3,26,19,20,672
2021,3,26,19,30,677
2021,3,26,19,40,640
2021,3,26,19,50,603
2021,3,26,20,0,565
2021,3,26,20,10,481
2021,3,26,20,20,455
2021,3,26,20,30,413
2021,3,26,20,40,186
2021,3,26,20,50,297
2021,3,26,21,0,256
2021,3,26,21,10,150
2021,3,26,21,20,192
2021,3,26,21,30,186
2021,3,26,21,40,100
2021,3,26,21,50,106
2021,3,26,22,0,52
2021,3,26,22,10,38
2021,3,26,22,20,14
2021,3,26,22,30,0
2021,3,26,22,40,0
2021,3,26,22,50,0
2021,3,26,23,0,0
2021,3,26,23,10,0
2021,3,26,23,20,0
2021,3,26,23,30,0
2021,3,26,23,40,0
2021,3,26,23,50,0
2021,3,27,0,0,0
2021,3,27,0,10,0
2021,3,27,0,20,0
2021,3,27,0,30,0
2021,3,27,0,40,0
2021,3,27,0,50,0
2021,3,27,1,0,0
2021,3,27,1,10,0
2021,3,27,1,20,0
2021,3,27,1,30,0
2021,3,27,1,40,0
2021,3,27,1,50,0
2021,3,27,2,0,0
2021,3,27,2,10,0
2021,3,27,2,20,0
2021,3,27,2,30,0
2021,3,27,2,40,0
2021,3,27,2,50,0
2021,3,27,3,0,0
2021,3,27,3,10,0
2021,3,27,3,20,0
2021,3,27,3,30,0
2021,3,27,3,40,0
2021,3,27,3,50,0
2021,3,27,4,0,0
2021,3,27,4,10,0
2021,3,27,4,20,0
2021,3,27,4,30,0
2021,3,27,4,40,0
2021,3,27,4,50,0
2021,3,27,5,0,0
2021,3,27,5,10,0
2021,3,27,5,20,0
2021,3,27,5,30,0
2021,3,27,5,40,0
2021,3,27,5,50,0
2021,3,27,6,0,0
2021,3,27,6,10,0
2021,3,27,6,20,0
2021,3,27,6,30,0
2021,3,27,6,40,0
2021,3,27,6,50,0
2021,3,27,7,0,0
2021,3,27,7,10,0
2021,3,27,7,20,0
2021,3,27,7,30,0
2021,3,27,7,40,0
2021,3,27,7,50,0
2021,3,27,8,0,0
2021,3,27,8,10,0
2021,3,27,8,20,0
2021,3,27,8,30,0
2021,3,27,8,40,0
2021,3,27,8,50,0
2021,3,27,9,0,0
2021,3,27,9,10,0
2021,3,27,9,20,0
2021,3,27,9,30,0
2021,3,27,9,40,0
2021,3,27,9,50,0
2021,3,27,10,0,0
2021,3,27,10,10,0
2021,3,27,10,20,0
2021,3,27,10,30,0
2021,3,27,10,40,11
2021,3,27,10,50,20
2021,3,27,11,0,19
2021,3,27,11,10,23
2021,3,27,11,20,47
2021,3,27,11,30,96
2021,3,27,11,40,23
2021,3,27,11,50,132
2021,3,27,12,0,233
2021,3,27,12,10,280
2021,3,27,12,20,422
2021,3,27,12,30,318
2021,3,27,12,40,128
2021,3,27,12,50,370
2021,3,27,13,0,440
2021,3,27,13,10,320
2021,3,27,13,20,535
2021,3,27,13,30,511
2021,3,27,13,40,514
2021,3,27,13,50,348
2021,3,27,14,0,587
2021,3,27,14,10,701
2021,3,27,14,20,847
2021,3,27,14,30,769
2021,3,27,14,40,794
2021,3,27,14,50,917
2021,3,27,15,0,937
2021,3,27,15,10,951
2021,3,27,15,20,967
2021,3,27,15,30,757
2021,3,27,15,40,822
2021,3,27,15,50,880
2021,3,27,16,0,806
2021,3,27,16,10,1013
2021,3,27,16,20,938
2021,3,27,16,30,766
2021,3,27,16,40,775
2021,3,27,16,50,1008
2021,3,27,17,0,1002
2021,3,27,17,10,994
2021,3,27,17,20,983
2021,3,27,17,30,971
2021,3,27,17,40,955
2021,3,27,17,50,938
2021,3,27,18,0,919
2021,3,27,18,10,896
2021,3,27,18,20,873
2021,3,27,18,30,849
2021,3,27,18,40,822
2021,3,27,18,50,794
2021,3,27,19,0,764
2021,3,27,19,10,732
2021,3,27,19,20,699
2021,3,27,19,30,665
2021,3,27,19,40,629
2021,3,27,19,50,592
2021,3,27,20,0,553
2021,3,27,20,10,514
2021,3,27,20,20,474
2021,3,27,20,30,433
2021,3,27,20,40,391
2021,3,27,20,50,348
2021,3,27,21,0,306
2021,3,27,21,10,263
2021,3,27,21,20,221
2021,3,27,21,30,179
2021,3,27,21,40,138
2021,3,27,21,50,99
2021,3,27,22,0,64
2021,3,27,22,10,34
2021,3,27,22,20,0
2021,3,27,22,30,0
2021,3,27,22,40,0
2021,3,27,22,50,0
2021,3,27,23,0,0
2021,3,27,23,10,0
2021,3,27,23,20,0
2021,3,27,23,30,0
2021,3,27,23,40,0
2021,3,27,23,50,0
2021,3,28,0,0,0
2021,3,28,0,10,0
2021,3,28,0,20,0
2021,3,28,0,30,0
2021,3,28,0,40,0
2021,3,28,0,50,0
2021,3,28,1,0,0
2021,3,28,1,10,0
2021,3,28,1,20,0
2021,3,28,1,30,0
2021,3,28,1,40,0
2021,3,28,1,50,0
2021,3,28,2,0,0
2021,3,28,2,10,0
2021,3,28,2,20,0
2021,3,28,2,30,0
2021,3,28,2,40,0
2021,3,28,2,50,0
2021,3,28,3,0,0
2021,3,28,3,10,0
2021,3,28,3,20,0
2021,3,28,3,30,0
2021,3,28,3,40,0
2021,3,28,3,50,0
2021,3,28,4,0,0
2021,3,28,4,10,0
2021,3,28,4,20,0
2021,3,28,4,30,0
2021,3,28,4,40,0
2021,3,28,4,50,0
2021,3,28,5,0,0
2021,3,28,5,10,0
2021,3,28,5,20,0
2021,3,28,5,30,0
2021,3,28,5,40,0
2021,3,28,5,50,0
2021,3,28,6,0,0
2021,3,28,6,10,0
2021,3,28,6,20,0
2021,3,28,6,30,0
2021,3,28,6,40,0
2021,3,28,6,50,0
2021,3,28,7,0,0
2021,3,28,7,10,0
2021,3,28,7,20,0
2021,3,28,7,30,0
2021,3,28,7,40,0
2021,3,28,7,50,0
2021,3,28,8,0,0
2021,3,28,8,10,0
2021,3,28,8,20,0
2021,3,28,8,30,0
2021,3,28,8,40,0
2021,3,28,8,50,0
2021,3,28,9,0,0
2021,3,28,9,10,0
2021,3,28,9,20,0
2021,3,28,9,30,0
2021,3,28,9,40,0
2021,3,28,9,50,0
2021,3,28,10,0,0
2021,3,28,10,10,0
2021,3,28,10,20,0
2021,3,28,10,30,0
2021,3,28,10,40,23
2021,3,28,10,50,52
2021,3,28,11,0,87
2021,3,28,11,10,125
2021,3,28,11,20,166
2021,3,28,11,30,209
2021,3,28,11,40,80
2021,3,28,11,50,87
2021,3,28,12,0,339
2021,3,28,12,10,135
2021,3,28,12,20,295
2021,3,28,12,30,303
2021,3,28,12,40,282
2021,3,28,12,50,548
2021,3,28,13,0,369
2021,3,28,13,10,479
2021,3,28,13,20,662
2021,3,28,13,30,697
2021,3,28,13,40,731
2021,3,28,13,50,763
2021,3,28,14,0,794
2021,3,28,14,10,823
2021,3,28,14,20,851
2021,3,28,14,30,876
2021,3,28,14,40,901
2021,3,28,14,50,922
2021,3,28,15,0,942
2021,3,28,15,10,960
2021,3,28,15,20,976
2021,3,28,15,30,992
2021,3,28,15,40,1004
2021,3,28,15,50,1013
2021,3,28,16,0,1020
2021,3,28,16,10,1025
2021,3,28,16,20,1028
2021,3,28,16,30,1028
2021,3,28,16,40,1026
2021,3,28,16,50,1023
2021,3,28,17,0,1016
2021,3,28,17,10,1008
2021,3,28,17,20,998
2021,3,28,17,30,985
2021,3,28,17,40,970
2021,3,28,17,50,956
2021,3,28,18,0,937
2021,3,28,18,10,916
2021,3,28,18,20,893
2021,3,28,18,30,869
2021,3,28,18,40,842
2021,3,28,18,50,814
2021,3,28,19,0,783
2021,3,28,19,10,751
2021,3,28,19,20,718
2021,3,28,19,30,683
2021,3,28,19,40,647
2021,3,28,19,50,609
2021,3,28,20,0,570
2021,3,28,20,10,530
2021,3,28,20,20,489
2021,3,28,20,30,447
2021,3,28,20,40,404
2021,3,28,20,50,360
2021,3,28,21,0,317
2021,3,28,21,10,273
2021,3,28,21,20,229
2021,3,28,21,30,186
2021,3,28,21,40,143
2021,3,28,21,50,103
2021,3,28,22,0,66
2021,3,28,22,10,34
2021,3,28,22,20,0
2021,3,28,22,30,0
2021,3,28,22,40,0
2021,3,28,22,50,0
2021,3,28,23,0,0
2021,3,28,23,10,0
2021,3,28,23,20,0
2021,3,28,23,30,0
2021,3,28,23,40,0
2021,3,28,23,50,0
2021,3,29,0,0,0
2021,3,29,0,10,0
2021,3,29,0,20,0
2021,3,29,0,30,0
2021,3,29,0,40,0
2021,3,29,0,50,0
2021,3,29,1,0,0
2021,3,29,1,10,0
2021,3,29,1,20,0
2021,3,29,1,30,0
2021,3,29,1,40,0
2021,3,29,1,50,0
2021,3,29,2,0,0
2021,3,29,2,10,0
2021,3,29,2,20,0
2021,3,29,2,30,0
2021,3,29,2,40,0
2021,3,29,2,50,0
2021,3,29,3,0,0
2021,3,29,3,10,0
2021,3,29,3,20,0
2021,3,29,3,30,0
2021,3,29,3,40,0
2021,3,29,3,50,0
2021,3,29,4,0,0
2021,3,29,4,10,0
2021,3,29,4,20,0
2021,3,29,4,30,0
2021,3,29,4,40,0
2021,3,29,4,50,0
2021,3,29,5,0,0
2021,3,29,5,10,0
2021,3,29,5,20,0
2021,3,29,5,30,0
2021,3,29,5,40,0
2021,3,29,5,50,0
2021,3,29,6,0,0
2021,3,29,6,10,0
2021,3,29,6,20,0
2021,3,29,6,30,0
2021,3,29,6,40,0
2021,3,29,6,50,0
2021,3,29,7,0,0
2021,3,29,7,10,0
2021,3,29,7,20,0
2021,3,29,7,30,0
2021,3,29,7,40,0
2021,3,29,7,50,0
2021,3,29,8,0,0
2021,3,29,8,10,0
2021,3,29,8,20,0
2021,3,29,8,30,0
2021,3,29,8,40,0
2021,3,29,8,50,0
2021,3,29,9,0,0
2021,3,29,9,10,0
2021,3,29,9,20,0
2021,3,29,9,30,0
2021,3,29,9,40,0
2021,3,29,9,50,0
2021,3,29,10,0,0
2021,3,29,10,10,0
2021,3,29,10,20,0
2021,3,29,10,30,0
2021,3,29,10,40,9
2021,3,29,10,50,49
2021,3,29,11,0,83
2021,3,29,11,10,121
2021,3,29,11,20,162
2021,3,29,11,30,204
2021,3,29,11,40,246
2021,3,29,11,50,289
2021,3,29,12,0,332
2021,3,29,12,10,375
2021,3,29,12,20,417
2021,3,29,12,30,459
2021,3,29,12,40,353
2021,3,29,12,50,431
2021,3,29,13,0,579
2021,3,29,13,10,521
2021,3,29,13,20,443
2021,3,29,13,30,555
2021,3,29,13,40,612
2021,3,29,13,50,755
2021,3,29,14,0,786
2021,3,29,14,10,815
2021,3,29,14,20,842
2021,3,29,14,30,865
2021,3,29,14,40,888
2021,3,29,14,50,909
2021,3,29,15,0,929
2021,3,29,15,10,947
2021,3,29,15,20,962
2021,3,29,15,30,976
2021,3,29,15,40,987
2021,3,29,15,50,996
2021,3,29,16,0,1003
2021,3,29,16,10,1008
2021,3,29,16,20,1011
2021,3,29,16,30,1011
2021,3,29,16,40,1009
2021,3,29,16,50,1005
2021,3,29,17,0,998
2021,3,29,17,10,990
2021,3,29,17,20,980
2021,3,29,17,30,967
2021,3,29,17,40,952
2021,3,29,17,50,935
2021,3,29,18,0,917
2021,3,29,18,10,893
2021,3,29,18,20,870
2021,3,29,18,30,846
2021,3,29,18,40,819
2021,3,29,18,50,790
2021,3,29,19,0,760
2021,3,29,19,10,729
2021,3,29,19,20,696
2021,3,29,19,30,661
2021,3,29,19,40,625
2021,3,29,19,50,588
2021,3,29,20,0,549
2021,3,29,20,10,510
2021,3,29,20,20,469
2021,3,29,20,30,428
2021,3,29,20,40,386
2021,3,29,20,50,343
2021,3,29,21,0,301
2021,3,29,21,10,258
2021,3,29,21,20,216
2021,3,29,21,30,174
2021,3,29,21,40,132
2021,3,29,21,50,94
2021,3,29,22,0,59
2021,3,29,22,10,29
2021,3,29,22,20,0
2021,3,29,22,30,0
2021,3,29,22,40,0
2021,3,29,22,50,0
2021,3,29,23,0,0
2021,3,29,23,10,0
2021,3,29,23,20,0
2021,3,29,23,30,0
2021,3,29,23,40,0
2021,3,29,23,50,0
2021,3,30,0,0,0
2021,3,30,0,10,0
2021,3,30,0,20,0
2021,3,30,0,30,0
2021,3,30,0,40,0
2021,3,30,0,50,0
2021,3,30,1,0,0
2021,3,30,1,10,0
2021,3,30,1,20,0
2021,3,30,1,30,0
2021,3,30,1,40,0
2021,3,30,1,50,0
2021,3,30,2,0,0
2021,3,30,2,10,0
2021,3,30,2,20,0
2021,3,30,2,30,0
2021,3,30,2,40,0
2021,3,30,2,50,0
2021,3,30,3,0,0
2021,3,30,3,10,0
2021,3,30,3,20,0
2021,3,30,3,30,0
2021,3,30,3,40,0
2021,3,30,3,50,0
2021,3,30,4,0,0
2021,3,30,4,10,0
2021,3,30,4,20,0
2021,3,30,4,30,0
2021,3,30,4,40,0
2021,3,30,4,50,0
2021,3,30,5,0,0
2021,3,30,5,10,0
2021,3,30,5,20,0
2021,3,30,5,30,0
2021,3,30,5,40,0
2021,3,30,5,50,0
2021,3,30,6,0,0
2021,3,30,6,10,0
2021,3,30,6,20,0
2021,3,30,6,30,0
2021,3,30,6,40,0
2021,3,30,6,50,0
2021,3,30,7,0,0
2021,3,30,7,10,0
2021,3,30,7,20,0
2021,3,30,7,30,0
2021,3,30,7,40,0
2021,3,30,7,50,0
2021,3,30,8,0,0
2021,3,30,8,10,0
2021,3,30,8,20,0
2021,3,30,8,30,0
2021,3,30,8,40,0
2021,3,30,8,50,0
2021,3,30,9,0,0
2021,3,30,9,10,0
2021,3,30,9,20,0
2021,3,30,9,30,0
2021,3,30,9,40,0
2021,3,30,9,50,0
2021,3,30,10,0,0
2021,3,30,10,10,0
2021,3,30,10,20,0
2021,3,30,10,30,0
2021,3,30,10,40,11
2021,3,30,10,50,47
2021,3,30,11,0,53
2021,3,30,11,10,63
2021,3,30,11,20,160
2021,3,30,11,30,115
2021,3,30,11,40,247
2021,3,30,11,50,291
2021,3,30,12,0,297
2021,3,30,12,10,351
2021,3,30,12,20,420
2021,3,30,12,30,462
2021,3,30,12,40,425
2021,3,30,12,50,482
2021,3,30,13,0,510
2021,3,30,13,10,539
2021,3,30,13,20,659
2021,3,30,13,30,657
2021,3,30,13,40,602
2021,3,30,13,50,601
2021,3,30,14,0,657
2021,3,30,14,10,712
2021,3,30,14,20,702
2021,3,30,14,30,874
2021,3,30,14,40,760
2021,3,30,14,50,920
2021,3,30,15,0,826
2021,3,30,15,10,854
2021,3,30,15,20,973
2021,3,30,15,30,986
2021,3,30,15,40,998
2021,3,30,15,50,852
2021,3,30,16,0,855
2021,3,30,16,10,881
2021,3,30,16,20,1021
2021,3,30,16,30,1022
2021,3,30,16,40,1020
2021,3,30,16,50,1016
2021,3,30,17,0,1010
2021,3,30,17,10,998
2021,3,30,17,20,987
2021,3,30,17,30,974
2021,3,30,17,40,960
2021,3,30,17,50,943
2021,3,30,18,0,924
2021,3,30,18,10,903
2021,3,30,18,20,880
2021,3,30,18,30,728
2021,3,30,18,40,828
2021,3,30,18,50,799
2021,3,30,19,0,769
2021,3,30,19,10,737
2021,3,30,19,20,701
2021,3,30,19,30,666
2021,3,30,19,40,630
2021,3,30,19,50,592
2021,3,30,20,0,553
2021,3,30,20,10,514
2021,3,30,20,20,473
2021,3,30,20,30,431
2021,3,30,20,40,388
2021,3,30,20,50,346
2021,3,30,21,0,301
2021,3,30,21,10,258
2021,3,30,21,20,216
2021,3,30,21,30,173
2021,3,30,21,40,132
2021,3,30,21,50,93
2021,3,30,22,0,57
2021,3,30,22,10,28
2021,3,30,22,20,0
2021,3,30,22,30,0
2021,3,30,22,40,0
2021,3,30,22,50,0
2021,3,30,23,0,0
2021,3,30,23,10,0
2021,3,30,23,20,0
2021,3,30,23,30,0
2021,3,30,23,40,0
2021,3,30,23,50,0
2021,3,31,0,0,0
2021,3,31,0,10,0
2021,3,31,0,20,0
2021,3,31,0,30,0
2021,3,31,0,40,0
2021,3,31,0,50,0
2021,3,31,1,0,0
2021,3,31,1,10,0
2021,3,31,1,20,0
2021,3,31,1,30,0
2021,3,31,1,40,0
2021,3,31,1,50,0
2021,3,31,2,0,0
2021,3,31,2,10,0
2021,3,31,2,20,0
2021,3,31,2,30,0
2021,3,31,2,40,0
2021,3,31,2,50,0
2021,3,31,3,0,0
2021,3,31,3,10,0
2021,3,31,3,20,0
2021,3,31,3,30,0
2021,3,31,3,40,0
2021,3,31,3,50,0
2021,3,31,4,0,0
2021,3,31,4,10,0
2021,3,31,4,20,0
2021,3,31,4,30,0
2021,3,31,4,40,0
2021,3,31,4,50,0
2021,3,31,5,0,0
2021,3,31,5,10,0
2021,3,31,5,20,0
2021,3,31,5,30,0
2021,3,31,5,40,0
2021,3,31,5,50,0
2021,3,31,6,0,0
2021,3,31,6,10,0
2021,3,31,6,20,0
2021,3,31,6,30,0
2021,3,31,6,40,0
2021,3,31,6,50,0
2021,3,31,7,0,0
2021,3,31,7,10,0
2021,3,31,7,20,0
2021,3,31,7,30,0
2021,3,31,7,40,0
2021,3,31,7,50,0
2021,3,31,8,0,0
2021,3,31,8,10,0
2021,3,31,8,20,0
2021,3,31,8,30,0
2021,3,31,8,40,0
2021,3,31,8,50,0
2021,3,31,9,0,0
2021,3,31,9,10,0
2021,3,31,9,20,0
2021,3,31,9,30,0
2021,3,31,9,40,0
2021,3,31,9,50,0
2021,3,31,10,0,0
2021,3,31,10,10,0
2021,3,31,10,20,0
2021,3,31,10,30,0
2021,3,31,10,40,11
2021,3,31,10,50,26
2021,3,31,11,0,44
2021,3,31,11,10,47
2021,3,31,11,20,79
2021,3,31,11,30,131
2021,3,31,11,40,155
2021,3,31,11,50,121
2021,3,31,12,0,226
2021,3,31,12,10,209
2021,3,31,12,20,187
2021,3,31,12,30,244
2021,3,31,12,40,262
2021,3,31,12,50,331
2021,3,31,13,0,452
2021,3,31,13,10,482
2021,3,31,13,20,529
2021,3,31,13,30,556
2021,3,31,13,40,583
2021,3,31,13,50,629
2021,3,31,14,0,692
2021,3,31,14,10,735
2021,3,31,14,20,601
2021,3,31,14,30,758
2021,3,31,14,40,884
2021,3,31,14,50,906
2021,3,31,15,0,925
2021,3,31,15,10,940
2021,3,31,15,20,823
2021,3,31,15,30,831
2021,3,31,15,40,823
2021,3,31,15,50,843
2021,3,31,16,0,837
2021,3,31,16,10,837
2021,3,31,16,20,838
2021,3,31,16,30,833
2021,3,31,16,40,818
2021,3,31,16,50,804
2021,3,31,17,0,785
2021,3,31,17,10,779
2021,3,31,17,20,741
2021,3,31,17,30,735
2021,3,31,17,40,689
2021,3,31,17,50,669
2021,3,31,18,0,665
2021,3,31,18,10,709
2021,3,31,18,20,594
2021,3,31,18,30,686
2021,3,31,18,40,651
2021,3,31,18,50,629
2021,3,31,19,0,598
2021,3,31,19,10,610
2021,3,31,19,20,511
2021,3,31,19,30,409
2021,3,31,19,40,403
2021,3,31,19,50,344
2021,3,31,20,0,426
2021,3,31,20,10,448
2021,3,31,20,20,349
2021,3,31,20,30,170
2021,3,31,20,40,245
2021,3,31,20,50,173
2021,3,31,21,0,214
2021,3,31,21,10,178
2021,3,31,21,20,145
2021,3,31,21,30,152
2021,3,31,21,40,58
2021,3,31,21,50,63
2021,3,31,22,0,36
2021,3,31,22,10,18
2021,3,31,22,20,0
2021,3,31,22,30,0
2021,3,31,22,40,0
2021,3,31,22,50,0
2021,3,31,23,0,0
2021,3,31,23,10,0
2021,3,31,23,20,0
2021,3,31,23,30,0
2021,3,31,23,40,0
2021,3,31,23,50,0
2021,4,1,0,0,0
2021,4,1,0,10,0
2021,4,1,0,20,0
2021,4,1,0,30,0
2021,4,1,0,40,0
2021,4,1,0,50,0
2021,4,1,1,0,0
2021,4,1,1,10,0
2021,4,1,1,20,0
2021,4,1,1,30,0
2021,4,1,1,40,0
2021,4,1,1,50,0
2021,4,1,2,0,0
2021,4,1,2,10,0
2021,4,1,2,20,0
2021,4,1,2,30,0
2021,4,1,2,40,0
2021,4,1,2,50,0
2021,4,1,3,0,0
2021,4,1,3,10,0
2021,4,1,3,20,0
2021,4,1,3,30,0
2021,4,1,3,40,0
2021,4,1,3,50,0
2021,4,1,4,0,0
2021,4,1,4,10,0
2021,4,1,4,20,0
2021,4,1,4,30,0
2021,4,1,4,40,0
2021,4,1,4,50,0
2021,4,1,5,0,0
2021,4,1,5,10,0
2021,4,1,5,20,0
2021,4,1,5,30,0
2021,4,1,5,40,0
2021,4,1,5,50,0
2021,4,1,6,0,0
2021,4,1,6,10,0
2021,4,1,6,20,0
2021,4,1,6,30,0
2021,4,1,6,40,0
2021,4,1,6,50,0
2021,4,1,7,0,0
2021,4,1,7,10,0
2021,4,1,7,20,0
2021,4,1,7,30,0
2021,4,1,7,40,0
2021,4,1,7,50,0
2021,4,1,8,0,0
2021,4,1,8,10,0
2021,4,1,8,20,0
2021,4,1,8,30,0
2021,4,1,8,40,0
2021,4,1,8,50,0
2021,4,1,9,0,0
2021,4,1,9,10,0
2021,4,1,9,20,0
2021,4,1,9,30,0
2021,4,1,9,40,0
2021,4,1,9,50,0
2021,4,1,10,0,0
2021,4,1,10,10,0
2021,4,1,10,20,0
2021,4,1,10,30,0
2021,4,1,10,40,8
2021,4,1,10,50,24
2021,4,1,11,0,4
2021,4,1,11,10,65
2021,4,1,11,20,67
2021,4,1,11,30,68
2021,4,1,11,40,4
2021,4,1,11,50,42
2021,4,1,12,0,102
2021,4,1,12,10,82
2021,4,1,12,20,100
2021,4,1,12,30,200
2021,4,1,12,40,238
2021,4,1,12,50,201
2021,4,1,13,0,386
2021,4,1,13,10,431
2021,4,1,13,20,488
2021,4,1,13,30,569
2021,4,1,13,40,586
2021,4,1,13,50,615
2021,4,1,14,0,675
2021,4,1,14,10,722
2021,4,1,14,20,729
2021,4,1,14,30,767
2021,4,1,14,40,755
2021,4,1,14,50,787
2021,4,1,15,0,838
2021,4,1,15,10,958
2021,4,1,15,20,840
2021,4,1,15,30,868
2021,4,1,15,40,854
2021,4,1,15,50,1007
2021,4,1,16,0,841
2021,4,1,16,10,871
2021,4,1,16,20,842
2021,4,1,16,30,841
2021,4,1,16,40,874
2021,4,1,16,50,837
2021,4,1,17,0,848
2021,4,1,17,10,835
2021,4,1,17,20,825
2021,4,1,17,30,798
2021,4,1,17,40,824
2021,4,1,17,50,941
2021,4,1,18,0,922
2021,4,1,18,10,901
2021,4,1,18,20,873
2021,4,1,18,30,703
2021,4,1,18,40,821
2021,4,1,18,50,792
2021,4,1,19,0,762
2021,4,1,19,10,730
2021,4,1,19,20,696
2021,4,1,19,30,661
2021,4,1,19,40,625
2021,4,1,19,50,452
2021,4,1,20,0,444
2021,4,1,20,10,508
2021,4,1,20,20,391
2021,4,1,20,30,331
2021,4,1,20,40,303
2021,4,1,20,50,276
2021,4,1,21,0,293
2021,4,1,21,10,250
2021,4,1,21,20,205
2021,4,1,21,30,144
2021,4,1,21,40,66
2021,4,1,21,50,86
2021,4,1,22,0,51
2021,4,1,22,10,23
2021,4,1,22,20,0
2021,4,1,22,30,0
2021,4,1,22,40,0
2021,4,1,22,50,0
2021,4,1,23,0,0
2021,4,1,23,10,0
2021,4,1,23,20,0
2021,4,1,23,30,0
2021,4,1,23,40,0
2021,4,1,23,50,0
2021,4,2,0,0,0
2021,4,2,0,10,0
2021,4,2,0,20,0
2021,4,2,0,30,0
2021,4,2,0,40,0
2021,4,2,0,50,0
2021,4,2,1,0,0
2021,4,2,1,10,0
2021,4,2,1,20,0
2021,4,2,1,30,0
2021,4,2,1,40,0
2021,4,2,1,50,0
2021,4,2,2,0,0
2021,4,2,2,10,0
2021,4,2,2,20,0
2021,4,2,2,30,0
2021,4,2,2,40,0
2021,4,2,2,50,0
2021,4,2,3,0,0
2021,4,2,3,10,0
2021,4,2,3,20,0
2021,4,2,3,30,0
2021,4,2,3,40,0
2021,4,2,3,50,0
2021,4,2,4,0,0
2021,4,2,4,10,0
2021,4,2,4,20,0
2021,4,2,4,30,0
2021,4,2,4,40,0
2021,4,2,4,50,0
2021,4,2,5,0,0
2021,4,2,5,10,0
2021,4,2,5,20,0
2021,4,2,5,30,0
2021,4,2,5,40,0
2021,4,2,5,50,0
2021,4,2,6,0,0
2021,4,2,6,10,0
2021,4,2,6,20,0
2021,4,2,6,30,0
2021,4,2,6,40,0
2021,4,2,6,50,0
2021,4,2,7,0,0
2021,4,2,7,10,0
2021,4,2,7,20,0
2021,4,2,7,30,0
2021,4,2,7,40,0
2021,4,2,7,50,0
2021,4,2,8,0,0
2021,4,2,8,10,0
2021,4,2,8,20,0
2021,4,2,8,30,0
2021,4,2,8,40,0
2021,4,2,8,50,0
2021,4,2,9,0,0
2021,4,2,9,10,0
2021,4,2,9,20,0
2021,4,2,9,30,0
2021,4,2,9,40,0
2021,4,2,9,50,0
2021,4,2,10,0,0
2021,4,2,10,10,0
2021,4,2,10,20,0
2021,4,2,10,30,0
2021,4,2,10,40,6
2021,4,2,10,50,19
2021,4,2,11,0,46
2021,4,2,11,10,44
2021,4,2,11,20,74
2021,4,2,11,30,82
2021,4,2,11,40,87
2021,4,2,11,50,53
2021,4,2,12,0,44
2021,4,2,12,10,374
2021,4,2,12,20,95
2021,4,2,12,30,19
2021,4,2,12,40,130
2021,4,2,12,50,369
2021,4,2,13,0,477
2021,4,2,13,10,618
2021,4,2,13,20,655
2021,4,2,13,30,690
2021,4,2,13,40,725
2021,4,2,13,50,757
2021,4,2,14,0,788
2021,4,2,14,10,817
2021,4,2,14,20,844
2021,4,2,14,30,869
2021,4,2,14,40,892
2021,4,2,14,50,914
2021,4,2,15,0,933
2021,4,2,15,10,951
2021,4,2,15,20,966
2021,4,2,15,30,979
2021,4,2,15,40,990
2021,4,2,15,50,999
2021,4,2,16,0,1005
2021,4,2,16,10,1010
2021,4,2,16,20,1012
2021,4,2,16,30,1012
2021,4,2,16,40,1009
2021,4,2,16,50,1005
2021,4,2,17,0,999
2021,4,2,17,10,990
2021,4,2,17,20,979
2021,4,2,17,30,966
2021,4,2,17,40,947
2021,4,2,17,50,930
2021,4,2,18,0,907
2021,4,2,18,10,886
2021,4,2,18,20,862
2021,4,2,18,30,837
2021,4,2,18,40,813
2021,4,2,18,50,784
2021,4,2,19,0,754
2021,4,2,19,10,722
2021,4,2,19,20,685
2021,4,2,19,30,651
2021,4,2,19,40,617
2021,4,2,19,50,579
2021,4,2,20,0,541
2021,4,2,20,10,501
2021,4,2,20,20,460
2021,4,2,20,30,417
2021,4,2,20,40,375
2021,4,2,20,50,333
2021,4,2,21,0,290
2021,4,2,21,10,247
2021,4,2,21,20,205
2021,4,2,21,30,163
2021,4,2,21,40,122
2021,4,2,21,50,84
2021,4,2,22,0,50
2021,4,2,22,10,22
2021,4,2,22,20,0
2021,4,2,22,30,0
2021,4,2,22,40,0
2021,4,2,22,50,0
2021,4,2,23,0,0
2021,4,2,23,10,0
2021,4,2,23,20,0
2021,4,2,23,30,0
2021,4,2,23,40,0
2021,4,2,23,50,0
2021,4,3,0,0,0
2021,4,3,0,10,0
2021,4,3,0,20,0
2021,4,3,0,30,0
2021,4,3,0,40,0
2021,4,3,0,50,0
2021,4,3,1,0,0
2021,4,3,1,10,0
2021,4,3,1,20,0
2021,4,3,1,30,0
2021,4,3,1,40,0
2021,4,3,1,50,0
2021,4,3,2,0,0
2021,4,3,2,10,0
2021,4,3,2,20,0
2021,4,3,2,30,0
2021,4,3,2,40,0
2021,4,3,2,50,0
2021,4,3,3,0,0
2021,4,3,3,10,0
2021,4,3,3,20,0
2021,4,3,3,30,0
2021,4,3,3,40,0
2021,4,3,3,50,0
2021,4,3,4,0,0
2021,4,3,4,10,0
2021,4,3,4,20,0
2021,4,3,4,30,0
2021,4,3,4,40,0
2021,4,3,4,50,0
2021,4,3,5,0,0
2021,4,3,5,10,0
2021,4,3,5,20,0
2021,4,3,5,30,0
2021,4,3,5,40,0
2021,4,3,5,50,0
2021,4,3,6,0,0
2021,4,3,6,10,0
2021,4,3,6,20,0
2021,4,3,6,30,0
2021,4,3,6,40,0
2021,4,3,6,50,0
2021,4,3,7,0,0
2021,4,3,7,10,0
2021,4,3,7,20,0
2021,4,3,7,30,0
2021,4,3,7,40,0
2021,4,3,7,50,0
2021,4,3,8,0,0
2021,4,3,8,10,0
2021,4,3,8,20,0
2021,4,3,8,30,0
2021,4,3,8,40,0
2021,4,3,8,50,0
2021,4,3,9,0,0
2021,4,3,9,10,0
2021,4,3,9,20,0
2021,4,3,9,30,0
2021,4,3,9,40,0
2021,4,3,9,50,0
2021,4,3,10,0,0
2021,4,3,10,10,0
2021,4,3,10,20,0
2021,4,3,10,30,0
2021,4,3,10,40,8
2021,4,3,10,50,25
2021,4,3,11,0,35
2021,4,3,11,10,54
2021,4,3,11,20,51
2021,4,3,11,30,74
2021,4,3,11,40,61
2021,4,3,11,50,145
2021,4,3,12,0,194
2021,4,3,12,10,218
2021,4,3,12,20,324
2021,4,3,12,30,347
2021,4,3,12,40,366
2021,4,3,12,50,416
2021,4,3,13,0,376
2021,4,3,13,10,469
2021,4,3,13,20,520
2021,4,3,13,30,599
2021,4,3,13,40,584
2021,4,3,13,50,427
2021,4,3,14,0,658
2021,4,3,14,10,664
2021,4,3,14,20,687
2021,4,3,14,30,737
2021,4,3,14,40,889
2021,4,3,14,50,735
2021,4,3,15,0,732
2021,4,3,15,10,804
2021,4,3,15,20,880
2021,4,3,15,30,799
2021,4,3,15,40,769
2021,4,3,15,50,733
2021,4,3,16,0,876
2021,4,3,16,10,780
2021,4,3,16,20,722
2021,4,3,16,30,792
2021,4,3,16,40,809
2021,4,3,16,50,818
2021,4,3,17,0,992
2021,4,3,17,10,801
2021,4,3,17,20,775
2021,4,3,17,30,716
2021,4,3,17,40,753
2021,4,3,17,50,748
2021,4,3,18,0,597
2021,4,3,18,10,674
2021,4,3,18,20,549
2021,4,3,18,30,648
2021,4,3,18,40,655
2021,4,3,18,50,531
2021,4,3,19,0,552
2021,4,3,19,10,578
2021,4,3,19,20,548
2021,4,3,19,30,432
2021,4,3,19,40,366
2021,4,3,19,50,390
2021,4,3,20,0,190
2021,4,3,20,10,264
2021,4,3,20,20,320
2021,4,3,20,30,232
2021,4,3,20,40,284
2021,4,3,20,50,186
2021,4,3,21,0,222
2021,4,3,21,10,111
2021,4,3,21,20,164
2021,4,3,21,30,88
2021,4,3,21,40,81
2021,4,3,21,50,55
2021,4,3,22,0,35
2021,4,3,22,10,12
2021,4,3,22,20,0
2021,4,3,22,30,0
2021,4,3,22,40,0
2021,4,3,22,50,0
2021,4,3,23,0,0
2021,4,3,23,10,0
2021,4,3,23,20,0
2021,4,3,23,30,0
2021,4,3,23,40,0
2021,4,3,23,50,0
2021,4,4,0,0,0
2021,4,4,0,10,0
2021,4,4,0,20,0
2021,4,4,0,30,0
2021,4,4,0,40,0
2021,4,4,0,50,0
2021,4,4,1,0,0
2021,4,4,1,10,0
2021,4,4,1,20,0
2021,4,4,1,30,0
2021,4,4,1,40,0
2021,4,4,1,50,0
2021,4,4,2,0,0
2021,4,4,2,10,0
2021,4,4,2,20,0
2021,4,4,2,30,0
2021,4,4,2,40,0
2021,4,4,2,50,0
2021,4,4,3,0,0
2021,4,4,3,10,0
2021,4,4,3,20,0
2021,4,4,3,30,0
2021,4,4,3,40,0
2021,4,4,3,50,0
2021,4,4,4,0,0
2021,4,4,4,10,0
2021,4,4,4,20,0
2021,4,4,4,30,0
2021,4,4,4,40,0
2021,4,4,4,50,0
2021,4,4,5,0,0
2021,4,4,5,10,0
2021,4,4,5,20,0
2021,4,4,5,30,0
2021,4,4,5,40,0
2021,4,4,5,50,0
2021,4,4,6,0,0
2021,4,4,6,10,0
2021,4,4,6,20,0
2021,4,4,6,30,0
2021,4,4,6,40,0
2021,4,4,6,50,0
2021,4,4,7,0,0
2021,4,4,7,10,0
2021,4,4,7,20,0
2021,4,4,7,30,0
2021,4,4,7,40,0
2021,4,4,7,50,0
2021,4,4,8,0,0
2021,4,4,8,10,0
2021,4,4,8,20,0
2021,4,4,8,30,0
2021,4,4,8,40,0
2021,4,4,8,50,0
2021,4,4,9,0,0
2021,4,4,9,10,0
2021,4,4,9,20,0
2021,4,4,9,30,0
2021,4,4,9,40,0
2021,4,4,9,50,0
2021,4,4,10,0,0
2021,4,4,10,10,0
2021,4,4,10,20,0
2021,4,4,10,30,0
2021,4,4,10,40,5
2021,4,4,10,50,5
2021,4,4,11,0,17
2021,4,4,11,10,52
2021,4,4,11,20,62
2021,4,4,11,30,33
2021,4,4,11,40,110
2021,4,4,11,50,100
2021,4,4,12,0,61
2021,4,4,12,10,72
2021,4,4,12,20,57
2021,4,4,12,30,279
2021,4,4,12,40,385
2021,4,4,12,50,225
2021,4,4,13,0,236
2021,4,4,13,10,387
2021,4,4,13,20,434
2021,4,4,13,30,347
2021,4,4,13,40,500
2021,4,4,13,50,427
2021,4,4,14,0,379
2021,4,4,14,10,605
2021,4,4,14,20,604
2021,4,4,14,30,696
2021,4,4,14,40,706
2021,4,4,14,50,654
2021,4,4,15,0,683
2021,4,4,15,10,548
2021,4,4,15,20,567
2021,4,4,15,30,623
2021,4,4,15,40,572
2021,4,4,15,50,567
2021,4,4,16,0,635
2021,4,4,16,10,772
2021,4,4,16,20,780
2021,4,4,16,30,595
2021,4,4,16,40,727
2021,4,4,16,50,613
2021,4,4,17,0,713
2021,4,4,17,10,686
2021,4,4,17,20,636
2021,4,4,17,30,544
2021,4,4,17,40,615
2021,4,4,17,50,631
2021,4,4,18,0,528
2021,4,4,18,10,603
2021,4,4,18,20,627
2021,4,4,18,30,502
2021,4,4,18,40,408
2021,4,4,18,50,312
2021,4,4,19,0,273
2021,4,4,19,10,158
2021,4,4,19,20,18
2021,4,4,19,30,184
2021,4,4,19,40,310
2021,4,4,19,50,269
2021,4,4,20,0,120
2021,4,4,20,10,106
2021,4,4,20,20,197
2021,4,4,20,30,102
2021,4,4,20,40,43
2021,4,4,20,50,109
2021,4,4,21,0,79
2021,4,4,21,10,65
2021,4,4,21,20,10
2021,4,4,21,30,69
2021,4,4,21,40,75
2021,4,4,21,50,49
2021,4,4,22,0,22
2021,4,4,22,10,9
2021,4,4,22,20,0
2021,4,4,22,30,0
2021,4,4,22,40,0
2021,4,4,22,50,0
2021,4,4,23,0,0
2021,4,4,23,10,0
2021,4,4,23,20,0
2021,4,4,23,30,0
2021,4,4,23,40,0
2021,4,4,23,50,0
2021,4,5,0,0,0
2021,4,5,0,10,0
2021,4,5,0,20,0
2021,4,5,0,30,0
2021,4,5,0,40,0
2021,4,5,0,50,0
2021,4,5,1,0,0
2021,4,5,1,10,0
2021,4,5,1,20,0
2021,4,5,1,30,0
2021,4,5,1,40,0
2021,4,5,1,50,0
2021,4,5,2,0,0
2021,4,5,2,10,0
2021,4,5,2,20,0
2021,4,5,2,30,0
2021,4,5,2,40,0
2021,4,5,2,50,0
2021,4,5,3,0,0
2021,4,5,3,10,0
2021,4,5,3,20,0
2021,4,5,3,30,0
2021,4,5,3,40,0
2021,4,5,3,50,0
2021,4,5,4,0,0
2021,4,5,4,10,0
2021,4,5,4,20,0
2021,4,5,4,30,0
2021,4,5,4,40,0
2021,4,5,4,50,0
2021,4,5,5,0,0
2021,4,5,5,10,0
2021,4,5,5,20,0
2021,4,5,5,30,0
2021,4,5,5,40,0
2021,4,5,5,50,0
2021,4,5,6,0,0
2021,4,5,6,10,0
2021,4,5,6,20,0
2021,4,5,6,30,0
2021,4,5,6,40,0
2021,4,5,6,50,0
2021,4,5,7,0,0
2021,4,5,7,10,0
2021,4,5,7,20,0
2021,4,5,7,30,0
2021,4,5,7,40,0
2021,4,5,7,50,0
2021,4,5,8,0,0
2021,4,5,8,10,0
2021,4,5,8,20,0
2021,4,5,8,30,0
2021,4,5,8,40,0
2021,4,5,8,50,0
2021,4,5,9,0,0
2021,4,5,9,10,0
2021,4,5,9,20,0
2021,4,5,9,30,0
2021,4,5,9,40,0
2021,4,5,9,50,0
2021,4,5,10,0,0
2021,4,5,10,10,0
2021,4,5,10,20,0
2021,4,5,10,30,0
2021,4,5,10,40,7
2021,4,5,10,50,24
2021,4,5,11,0,54
2021,4,5,11,10,96
2021,4,5,11,20,85
2021,4,5,11,30,162
2021,4,5,11,40,172
2021,4,5,11,50,242
2021,4,5,12,0,264
2021,4,5,12,10,268
2021,4,5,12,20,269
2021,4,5,12,30,302
2021,4,5,12,40,303
2021,4,5,12,50,357
2021,4,5,13,0,342
2021,4,5,13,10,485
2021,4,5,13,20,493
2021,4,5,13,30,470
2021,4,5,13,40,532
2021,4,5,13,50,584
2021,4,5,14,0,616
2021,4,5,14,10,640
2021,4,5,14,20,678
2021,4,5,14,30,709
2021,4,5,14,40,775
2021,4,5,14,50,724
2021,4,5,15,0,692
2021,4,5,15,10,520
2021,4,5,15,20,532
2021,4,5,15,30,671
2021,4,5,15,40,725
2021,4,5,15,50,706
2021,4,5,16,0,763
2021,4,5,16,10,686
2021,4,5,16,20,729
2021,4,5,16,30,817
2021,4,5,16,40,747
2021,4,5,16,50,775
2021,4,5,17,0,766
2021,4,5,17,10,781
2021,4,5,17,20,728
2021,4,5,17,30,773
2021,4,5,17,40,929
2021,4,5,17,50,909
2021,4,5,18,0,734
2021,4,5,18,10,868
2021,4,5,18,20,845
2021,4,5,18,30,820
2021,4,5,18,40,640
2021,4,5,18,50,575
2021,4,5,19,0,264
2021,4,5,19,10,188
2021,4,5,19,20,59
2021,4,5,19,30,26
2021,4,5,19,40,109
2021,4,5,19,50,240
2021,4,5,20,0,50
2021,4,5,20,10,11
2021,4,5,20,20,9
2021,4,5,20,30,8
2021,4,5,20,40,172
2021,4,5,20,50,184
2021,4,5,21,0,5
2021,4,5,21,10,221
2021,4,5,21,20,182
2021,4,5,21,30,141
2021,4,5,21,40,79
2021,4,5,21,50,46
2021,4,5,22,0,22
2021,4,5,22,10,6
2021,4,5,22,20,0
2021,4,5,22,30,0
2021,4,5,22,40,0
2021,4,5,22,50,0
2021,4,5,23,0,0
2021,4,5,23,10,0
2021,4,5,23,20,0
2021,4,5,23,30,0
2021,4,5,23,40,0
2021,4,5,23,50,0
2021,4,6,0,0,0
2021,4,6,0,10,0
2021,4,6,0,20,0
2021,4,6,0,30,0
2021,4,6,0,40,0
2021,4,6,0,50,0
2021,4,6,1,0,0
2021,4,6,1,10,0
2021,4,6,1,20,0
2021,4,6,1,30,0
2021,4,6,1,40,0
2021,4,6,1,50,0
2021,4,6,2,0,0
2021,4,6,2,10,0
2021,4,6,2,20,0
2021,4,6,2,30,0
2021,4,6,2,40,0
2021,4,6,2,50,0
2021,4,6,3,0,0
2021,4,6,3,10,0
2021,4,6,3,20,0
2021,4,6,3,30,0
2021,4,6,3,40,0
2021,4,6,3,50,0
2021,4,6,4,0,0
2021,4,6,4,10,0
2021,4,6,4,20,0
2021,4,6,4,30,0
2021,4,6,4,40,0
2021,4,6,4,50,0
2021,4,6,5,0,0
2021,4,6,5,10,0
2021,4,6,5,20,0
2021,4,6,5,30,0
2021,4,6,5,40,0
2021,4,6,5,50,0
2021,4,6,6,0,0
2021,4,6,6,10,0
2021,4,6,6,20,0
2021,4,6,6,30,0
2021,4,6,6,40,0
2021,4,6,6,50,0
2021,4,6,7,0,0
2021,4,6,7,10,0
2021,4,6,7,20,0
2021,4,6,7,30,0
2021,4,6,7,40,0
2021,4,6,7,50,0
2021,4,6,8,0,0
2021,4,6,8,10,0
2021,4,6,8,20,0
2021,4,6,8,30,0
2021,4,6,8,40,0
2021,4,6,8,50,0
2021,4,6,9,0,0
2021,4,6,9,10,0
2021,4,6,9,20,0
2021,4,6,9,30,0
2021,4,6,9,40,0
2021,4,6,9,50,0
2021,4,6,10,0,0
2021,4,6,10,10,0
2021,4,6,10,20,0
2021,4,6,10,30,0
2021,4,6,10,40,6
2021,4,6,10,50,25
2021,4,6,11,0,73
2021,4,6,11,10,110
2021,4,6,11,20,150
2021,4,6,11,30,191
2021,4,6,11,40,234
2021,4,6,11,50,277
2021,4,6,12,0,320
2021,4,6,12,10,362
2021,4,6,12,20,404
2021,4,6,12,30,446
2021,4,6,12,40,488
2021,4,6,12,50,527
2021,4,6,13,0,566
2021,4,6,13,10,604
2021,4,6,13,20,640
2021,4,6,13,30,675
2021,4,6,13,40,709
2021,4,6,13,50,741
2021,4,6,14,0,771
2021,4,6,14,10,799
2021,4,6,14,20,826
2021,4,6,14,30,851
2021,4,6,14,40,875
2021,4,6,14,50,896
2021,4,6,15,0,915
2021,4,6,15,10,932
2021,4,6,15,20,947
2021,4,6,15,30,960
2021,4,6,15,40,968
2021,4,6,15,50,976
2021,4,6,16,0,983
2021,4,6,16,10,987
2021,4,6,16,20,989
2021,4,6,16,30,989
2021,4,6,16,40,986
2021,4,6,16,50,982
2021,4,6,17,0,975
2021,4,6,17,10,966
2021,4,6,17,20,955
2021,4,6,17,30,942
2021,4,6,17,40,926
2021,4,6,17,50,908
2021,4,6,18,0,889
2021,4,6,18,10,868
2021,4,6,18,20,841
2021,4,6,18,30,816
2021,4,6,18,40,788
2021,4,6,18,50,760
2021,4,6,19,0,729
2021,4,6,19,10,698
2021,4,6,19,20,664
2021,4,6,19,30,629
2021,4,6,19,40,592
2021,4,6,19,50,555
2021,4,6,20,0,516
2021,4,6,20,10,477
2021,4,6,20,20,435
2021,4,6,20,30,394
2021,4,6,20,40,350
2021,4,6,20,50,308
2021,4,6,21,0,266
2021,4,6,21,10,224
2021,4,6,21,20,182
2021,4,6,21,30,142
2021,4,6,21,40,103
2021,4,6,21,50,67
2021,4,6,22,0,36
2021,4,6,22,10,13
2021,4,6,22,20,0
2021,4,6,22,30,0
2021,4,6,22,40,0
2021,4,6,22,50,0
2021,4,6,23,0,0
2021,4,6,23,10,0
2021,4,6,23,20,0
2021,4,6,23,30,0
2021,4,6,23,40,0
2021,4,6,23,50,0
2021,4,7,0,0,0
2021,4,7,0,10,0
2021,4,7,0,20,0
2021,4,7,0,30,0
2021,4,7,0,40,0
2021,4,7,0,50,0
2021,4,7,1,0,0
2021,4,7,1,10,0
2021,4,7,1,20,0
2021,4,7,1,30,0
2021,4,7,1,40,0
2021,4,7,1,50,0
2021,4,7,2,0,0
2021,4,7,2,10,0
2021,4,7,2,20,0
2021,4,7,2,30,0
2021,4,7,2,40,0
2021,4,7,2,50,0
2021,4,7,3,0,0
2021,4,7,3,10,0
2021,4,7,3,20,0
2021,4,7,3,30,0
2021,4,7,3,40,0
2021,4,7,3,50,0
2021,4,7,4,0,0
2021,4,7,4,10,0
2021,4,7,4,20,0
2021,4,7,4,30,0
2021,4,7,4,40,0
2021,4,7,4,50,0
2021,4,7,5,0,0
2021,4,7,5,10,0
2021,4,7,5,20,0
2021,4,7,5,30,0
2021,4,7,5,40,0
2021,4,7,5,50,0
2021,4,7,6,0,0
2021,4,7,6,10,0
2021,4,7,6,20,0
2021,4,7,6,30,0
2021,4,7,6,40,0
2021,4,7,6,50,0
2021,4,7,7,0,0
2021,4,7,7,10,0
2021,4,7,7,20,0
2021,4,7,7,30,0
2021,4,7,7,40,0
2021,4,7,7,50,0
2021,4,7,8,0,0
2021,4,7,8,10,0
2021,4,7,8,20,0
2021,4,7,8,30,0
2021,4,7,8,40,0
2021,4,7,8,50,0
2021,4,7,9,0,0
2021,4,7,9,10,0
2021,4,7,9,20,0
2021,4,7,9,30,0
2021,4,7,9,40,0
2021,4,7,9,50,0
2021,4,7,10,0,0
2021,4,7,10,10,0
2021,4,7,10,20,0
2021,4,7,10,30,0
2021,4,7,10,40,6
2021,4,7,10,50,20
2021,4,7,11,0,73
2021,4,7,11,10,110
2021,4,7,11,20,150
2021,4,7,11,30,71
2021,4,7,11,40,235
2021,4,7,11,50,278
2021,4,7,12,0,320
2021,4,7,12,10,363
2021,4,7,12,20,405
2021,4,7,12,30,446
2021,4,7,12,40,487
2021,4,7,12,50,526
2021,4,7,13,0,565
2021,4,7,13,10,603
2021,4,7,13,20,639
2021,4,7,13,30,673
2021,4,7,13,40,706
2021,4,7,13,50,738
2021,4,7,14,0,768
2021,4,7,14,10,797
2021,4,7,14,20,823
2021,4,7,14,30,848
2021,4,7,14,40,871
2021,4,7,14,50,892
2021,4,7,15,0,911
2021,4,7,15,10,928
2021,4,7,15,20,943
2021,4,7,15,30,956
2021,4,7,15,40,966
2021,4,7,15,50,975
2021,4,7,16,0,982
2021,4,7,16,10,986
2021,4,7,16,20,988
2021,4,7,16,30,984
2021,4,7,16,40,980
2021,4,7,16,50,976
2021,4,7,17,0,969
2021,4,7,17,10,960
2021,4,7,17,20,949
2021,4,7,17,30,936
2021,4,7,17,40,919
2021,4,7,17,50,901
2021,4,7,18,0,882
2021,4,7,18,10,861
2021,4,7,18,20,837
2021,4,7,18,30,812
2021,4,7,18,40,782
2021,4,7,18,50,753
2021,4,7,19,0,723
2021,4,7,19,10,691
2021,4,7,19,20,658
2021,4,7,19,30,623
2021,4,7,19,40,588
2021,4,7,19,50,551
2021,4,7,20,0,513
2021,4,7,20,10,471
2021,4,7,20,20,431
2021,4,7,20,30,390
2021,4,7,20,40,348
2021,4,7,20,50,306
2021,4,7,21,0,264
2021,4,7,21,10,222
2021,4,7,21,20,181
2021,4,7,21,30,140
2021,4,7,21,40,100
2021,4,7,21,50,64
2021,4,7,22,0,34
2021,4,7,22,10,0
2021,4,7,22,20,0
2021,4,7,22,30,0
2021,4,7,22,40,0
2021,4,7,22,50,0
2021,4,7,23,0,0
2021,4,7,23,10,0
2021,4,7,23,20,0
2021,4,7,23,30,0
2021,4,7,23,40,0
2021,4,7,23,50,0
2021,4,8,0,0,0
2021,4,8,0,10,0
2021,4,8,0,20,0
2021,4,8,0,30,0
2021,4,8,0,40,0
2021,4,8,0,50,0
2021,4,8,1,0,0
2021,4,8,1,10,0
2021,4,8,1,20,0
2021,4,8,1,30,0
2021,4,8,1,40,0
2021,4,8,1,50,0
2021,4,8,2,0,0
2021,4,8,2,10,0
2021,4,8,2,20,0
2021,4,8,2,30,0
2021,4,8,2,40,0
2021,4,8,2,50,0
2021,4,8,3,0,0
2021,4,8,3,10,0
2021,4,8,3,20,0
2021,4,8,3,30,0
2021,4,8,3,40,0
2021,4,8,3,50,0
2021,4,8,4,0,0
2021,4,8,4,10,0
2021,4,8,4,20,0
2021,4,8,4,30,0
2021,4,8,4,40,0
2021,4,8,4,50,0
2021,4,8,5,0,0
2021,4,8,5,10,0
2021,4,8,5,20,0
2021,4,8,5,30,0
2021,4,8,5,40,0
2021,4,8,5,50,0
2021,4,8,6,0,0
2021,4,8,6,10,0
2021,4,8,6,20,0
2021,4,8,6,30,0
2021,4,8,6,40,0
2021,4,8,6,50,0
2021,4,8,7,0,0
2021,4,8,7,10,0
2021,4,8,7,20,0
2021,4,8,7,30,0
2021,4,8,7,40,0
2021,4,8,7,50,0
2021,4,8,8,0,0
2021,4,8,8,10,0
2021,4,8,8,20,0
2021,4,8,8,30,0
2021,4,8,8,40,0
2021,4,8,8,50,0
2021,4,8,9,0,0
2021,4,8,9,10,0
2021,4,8,9,20,0
2021,4,8,9,30,0
2021,4,8,9,40,0
2021,4,8,9,50,0
2021,4,8,10,0,0
2021,4,8,10,10,0
2021,4,8,10,20,0
2021,4,8,10,30,0
2021,4,8,10,40,7
2021,4,8,10,50,22
2021,4,8,11,0,70
2021,4,8,11,10,107
2021,4,8,11,20,146
2021,4,8,11,30,187
2021,4,8,11,40,230
2021,4,8,11,50,272
2021,4,8,12,0,314
2021,4,8,12,10,216
2021,4,8,12,20,398
2021,4,8,12,30,439
2021,4,8,12,40,395
2021,4,8,12,50,425
2021,4,8,13,0,460
2021,4,8,13,10,536
2021,4,8,13,20,632
2021,4,8,13,30,666
2021,4,8,13,40,700
2021,4,8,13,50,731
2021,4,8,14,0,641
2021,4,8,14,10,790
2021,4,8,14,20,816
2021,4,8,14,30,841
2021,4,8,14,40,864
2021,4,8,14,50,885
2021,4,8,15,0,904
2021,4,8,15,10,921
2021,4,8,15,20,936
2021,4,8,15,30,949
2021,4,8,15,40,959
2021,4,8,15,50,968
2021,4,8,16,0,974
2021,4,8,16,10,975
2021,4,8,16,20,977
2021,4,8,16,30,977
2021,4,8,16,40,974
2021,4,8,16,50,970
2021,4,8,17,0,963
2021,4,8,17,10,954
2021,4,8,17,20,809
2021,4,8,17,30,930
2021,4,8,17,40,914
2021,4,8,17,50,764
2021,4,8,18,0,720
2021,4,8,18,10,753
2021,4,8,18,20,605
2021,4,8,18,30,622
2021,4,8,18,40,605
2021,4,8,18,50,645
2021,4,8,19,0,623
2021,4,8,19,10,586
2021,4,8,19,20,537
2021,4,8,19,30,471
2021,4,8,19,40,446
2021,4,8,19,50,366
2021,4,8,20,0,335
2021,4,8,20,10,300
2021,4,8,20,20,313
2021,4,8,20,30,313
2021,4,8,20,40,284
2021,4,8,20,50,303
2021,4,8,21,0,182
2021,4,8,21,10,197
2021,4,8,21,20,164
2021,4,8,21,30,120
2021,4,8,21,40,71
2021,4,8,21,50,43
2021,4,8,22,0,24
2021,4,8,22,10,0
2021,4,8,22,20,0
2021,4,8,22,30,0
2021,4,8,22,40,0
2021,4,8,22,50,0
2021,4,8,23,0,0
2021,4,8,23,10,0
2021,4,8,23,20,0
2021,4,8,23,30,0
2021,4,8,23,40,0
2021,4,8,23,50,0
2021,4,9,0,0,0
2021,4,9,0,10,0
2021,4,9,0,20,0
2021,4,9,0,30,0
2021,4,9,0,40,0
2021,4,9,0,50,0
2021,4,9,1,0,0
2021,4,9,1,10,0
2021,4,9,1,20,0
2021,4,9,1,30,0
2021,4,9,1,40,0
2021,4,9,1,50,0
2021,4,9,2,0,0
2021,4,9,2,10,0
2021,4,9,2,20,0
2021,4,9,2,30,0
2021,4,9,2,40,0
2021,4,9,2,50,0
2021,4,9,3,0,0
2021,4,9,3,10,0
2021,4,9,3,20,0
2021,4,9,3,30,0
2021,4,9,3,40,0
2021,4,9,3,50,0
2021,4,9,4,0,0
2021,4,9,4,10,0
2021,4,9,4,20,0
2021,4,9,4,30,0
2021,4,9,4,40,0
2021,4,9,4,50,0
2021,4,9,5,0,0
2021,4,9,5,10,0
2021,4,9,5,20,0
2021,4,9,5,30,0
2021,4,9,5,40,0
2021,4,9,5,50,0
2021,4,9,6,0,0
2021,4,9,6,10,0
2021,4,9,6,20,0
2021,4,9,6,30,0
2021,4,9,6,40,0
2021,4,9,6,50,0
2021,4,9,7,0,0
2021,4,9,7,10,0
2021,4,9,7,20,0
2021,4,9,7,30,0
2021,4,9,7,40,0
2021,4,9,7,50,0
2021,4,9,8,0,0
2021,4,9,8,10,0
2021,4,9,8,20,0
2021,4,9,8,30,0
2021,4,9,8,40,0
2021,4,9,8,50,0
2021,4,9,9,0,0
2021,4,9,9,10,0
2021,4,9,9,20,0
2021,4,9,9,30,0
2021,4,9,9,40,0
2021,4,9,9,50,0
2021,4,9,10,0,0
2021,4,9,10,10,0
2021,4,9,10,20,0
2021,4,9,10,30,0
2021,4,9,10,40,4
2021,4,9,10,50,21
2021,4,9,11,0,68
2021,4,9,11,10,105
2021,4,9,11,20,143
2021,4,9,11,30,110
2021,4,9,11,40,226
2021,4,9,11,50,268
2021,4,9,12,0,310
2021,4,9,12,10,352
2021,4,9,12,20,393
2021,4,9,12,30,401
2021,4,9,12,40,448
2021,4,9,12,50,513
2021,4,9,13,0,551
2021,4,9,13,10,588
2021,4,9,13,20,624
2021,4,9,13,30,658
2021,4,9,13,40,691
2021,4,9,13,50,722
2021,4,9,14,0,752
2021,4,9,14,10,780
2021,4,9,14,20,806
2021,4,9,14,30,830
2021,4,9,14,40,853
2021,4,9,14,50,873
2021,4,9,15,0,892
2021,4,9,15,10,909
2021,4,9,15,20,924
2021,4,9,15,30,936
2021,4,9,15,40,802
2021,4,9,15,50,955
2021,4,9,16,0,961
2021,4,9,16,10,966
2021,4,9,16,20,967
2021,4,9,16,30,967
2021,4,9,16,40,964
2021,4,9,16,50,960
2021,4,9,17,0,800
2021,4,9,17,10,800
2021,4,9,17,20,761
2021,4,9,17,30,745
2021,4,9,17,40,733
2021,4,9,17,50,768
2021,4,9,18,0,692
2021,4,9,18,10,687
2021,4,9,18,20,699
2021,4,9,18,30,639
2021,4,9,18,40,769
2021,4,9,18,50,740
2021,4,9,19,0,710
2021,4,9,19,10,679
2021,4,9,19,20,645
2021,4,9,19,30,609
2021,4,9,19,40,573
2021,4,9,19,50,536
2021,4,9,20,0,498
2021,4,9,20,10,459
2021,4,9,20,20,419
2021,4,9,20,30,378
2021,4,9,20,40,337
2021,4,9,20,50,296
2021,4,9,21,0,254
2021,4,9,21,10,212
2021,4,9,21,20,171
2021,4,9,21,30,131
2021,4,9,21,40,93
2021,4,9,21,50,59
2021,4,9,22,0,29
2021,4,9,22,10,0
2021,4,9,22,20,0
2021,4,9,22,30,0
2021,4,9,22,40,0
2021,4,9,22,50,0
2021,4,9,23,0,0
2021,4,9,23,10,0
2021,4,9,23,20,0
2021,4,9,23,30,0
2021,4,9,23,40,0
2021,4,9,23,50,0
2021,4,10,0,0,0
2021,4,10,0,10,0
2021,4,10,0,20,0
2021,4,10,0,30,0
2021,4,10,0,40,0
2021,4,10,0,50,0
2021,4,10,1,0,0
2021,4,10,1,10,0
2021,4,10,1,20,0
2021,4,10,1,30,0
2021,4,10,1,40,0
2021,4,10,1,50,0
2021,4,10,2,0,0
2021,4,10,2,10,0
2021,4,10,2,20,0
2021,4,10,2,30,0
2021,4,10,2,40,0
2021,4,10,2,50,0
2021,4,10,3,0,0
2021,4,10,3,10,0
2021,4,10,3,20,0
2021,4,10,3,30,0
2021,4,10,3,40,0
2021,4,10,3,50,0
2021,4,10,4,0,0
2021,4,10,4,10,0
2021,4,10,4,20,0
2021,4,10,4,30,0
2021,4,10,4,40,0
2021,4,10,4,50,0
2021,4,10,5,0,0
2021,4,10,5,10,0
2021,4,10,5,20,0
2021,4,10,5,30,0
2021,4,10,5,40,0
2021,4,10,5,50,0
2021,4,10,6,0,0
2021,4,10,6,10,0
2021,4,10,6,20,0
2021,4,10,6,30,0
2021,4,10,6,40,0
2021,4,10,6,50,0
2021,4,10,7,0,0
2021,4,10,7,10,0
2021,4,10,7,20,0
2021,4,10,7,30,0
2021,4,10,7,40,0
2021,4,10,7,50,0
2021,4,10,8,0,0
2021,4,10,8,10,0
2021,4,10,8,20,0
2021,4,10,8,30,0
2021,4,10,8,40,0
2021,4,10,8,50,0
2021,4,10,9,0,0
2021,4,10,9,10,0
2021,4,10,9,20,0
2021,4,10,9,30,0
2021,4,10,9,40,0
2021,4,10,9,50,0
2021,4,10,10,0,0
2021,4,10,10,10,0
2021,4,10,10,20,0
2021,4,10,10,30,0
2021,4,10,10,40,0
2021,4,10,10,50,22
2021,4,10,11,0,68
2021,4,10,11,10,104
2021,4,10,11,20,143
2021,4,10,11,30,184
2021,4,10,11,40,226
2021,4,10,11,50,268
2021,4,10,12,0,311
2021,4,10,12,10,353
2021,4,10,12,20,394
2021,4,10,12,30,435
2021,4,10,12,40,475
2021,4,10,12,50,515
2021,4,10,13,0,555
2021,4,10,13,10,592
2021,4,10,13,20,628
2021,4,10,13,30,663
2021,4,10,13,40,696
2021,4,10,13,50,727
2021,4,10,14,0,757
2021,4,10,14,10,785
2021,4,10,14,20,812
2021,4,10,14,30,836
2021,4,10,14,40,859
2021,4,10,14,50,880
2021,4,10,15,0,895
2021,4,10,15,10,912
2021,4,10,15,20,849
2021,4,10,15,30,864
2021,4,10,15,40,950
2021,4,10,15,50,875
2021,4,10,16,0,820
2021,4,10,16,10,808
2021,4,10,16,20,829
2021,4,10,16,30,827
2021,4,10,16,40,781
2021,4,10,16,50,750
2021,4,10,17,0,750
2021,4,10,17,10,727
2021,4,10,17,20,763
2021,4,10,17,30,919
2021,4,10,17,40,903
2021,4,10,17,50,886
2021,4,10,18,0,866
2021,4,10,18,10,845
2021,4,10,18,20,822
2021,4,10,18,30,794
2021,4,10,18,40,767
2021,4,10,18,50,738
2021,4,10,19,0,708
2021,4,10,19,10,676
2021,4,10,19,20,506
2021,4,10,19,30,545
2021,4,10,19,40,443
2021,4,10,19,50,444
2021,4,10,20,0,395
2021,4,10,20,10,393
2021,4,10,20,20,315
2021,4,10,20,30,327
2021,4,10,20,40,169
2021,4,10,20,50,291
2021,4,10,21,0,232
2021,4,10,21,10,208
2021,4,10,21,20,167
2021,4,10,21,30,128
2021,4,10,21,40,89
2021,4,10,21,50,35
2021,4,10,22,0,16
2021,4,10,22,10,0
2021,4,10,22,20,0
2021,4,10,22,30,0
2021,4,10,22,40,0
2021,4,10,22,50,0
2021,4,10,23,0,0
2021,4,10,23,10,0
2021,4,10,23,20,0
2021,4,10,23,30,0
2021,4,10,23,40,0
2021,4,10,23,50,0
2021,4,11,0,0,0
2021,4,11,0,10,0
2021,4,11,0,20,0
2021,4,11,0,30,0
2021,4,11,0,40,0
2021,4,11,0,50,0
2021,4,11,1,0,0
2021,4,11,1,10,0
2021,4,11,1,20,0
2021,4,11,1,30,0
2021,4,11,1,40,0
2021,4,11,1,50,0
2021,4,11,2,0,0
2021,4,11,2,10,0
2021,4,11,2,20,0
2021,4,11,2,30,0
2021,4,11,2,40,0
2021,4,11,2,50,0
2021,4,11,3,0,0
2021,4,11,3,10,0
2021,4,11,3,20,0
2021,4,11,3,30,0
2021,4,11,3,40,0
2021,4,11,3,50,0
2021,4,11,4,0,0
2021,4,11,4,10,0
2021,4,11,4,20,0
2021,4,11,4,30,0
2021,4,11,4,40,0
2021,4,11,4,50,0
2021,4,11,5,0,0
2021,4,11,5,10,0
2021,4,11,5,20,0
2021,4,11,5,30,0
2021,4,11,5,40,0
2021,4,11,5,50,0
2021,4,11,6,0,0
2021,4,11,6,10,0
2021,4,11,6,20,0
2021,4,11,6,30,0
2021,4,11,6,40,0
2021,4,11,6,50,0
2021,4,11,7,0,0
2021,4,11,7,10,0
2021,4,11,7,20,0
2021,4,11,7,30,0
2021,4,11,7,40,0
2021,4,11,7,50,0
2021,4,11,8,0,0
2021,4,11,8,10,0
2021,4,11,8,20,0
2021,4,11,8,30,0
2021,4,11,8,40,0
2021,4,11,8,50,0
2021,4,11,9,0,0
2021,4,11,9,10,0
2021,4,11,9,20,0
2021,4,11,9,30,0
2021,4,11,9,40,0
2021,4,11,9,50,0
2021,4,11,10,0,0
2021,4,11,10,10,0
2021,4,11,10,20,0
2021,4,11,10,30,0
2021,4,11,10,40,0
2021,4,11,10,50,20
2021,4,11,11,0,36
2021,4,11,11,10,74
2021,4,11,11,20,95
2021,4,11,11,30,137
2021,4,11,11,40,159
2021,4,11,11,50,191
2021,4,11,12,0,245
2021,4,11,12,10,334
2021,4,11,12,20,374
2021,4,11,12,30,414
2021,4,11,12,40,454
2021,4,11,12,50,492
2021,4,11,13,0,528
2021,4,11,13,10,564
2021,4,11,13,20,599
2021,4,11,13,30,632
2021,4,11,13,40,666
2021,4,11,13,50,696
2021,4,11,14,0,726
2021,4,11,14,10,753
2021,4,11,14,20,779
2021,4,11,14,30,803
2021,4,11,14,40,825
2021,4,11,14,50,845
2021,4,11,15,0,864
2021,4,11,15,10,880
2021,4,11,15,20,895
2021,4,11,15,30,907
2021,4,11,15,40,917
2021,4,11,15,50,925
2021,4,11,16,0,931
2021,4,11,16,10,935
2021,4,11,16,20,937
2021,4,11,16,30,936
2021,4,11,16,40,934
2021,4,11,16,50,929
2021,4,11,17,0,923
2021,4,11,17,10,916
2021,4,11,17,20,905
2021,4,11,17,30,652
2021,4,11,17,40,651
2021,4,11,17,50,356
2021,4,11,18,0,619
2021,4,11,18,10,616
2021,4,11,18,20,307
2021,4,11,18,30,405
2021,4,11,18,40,678
2021,4,11,18,50,367
2021,4,11,19,0,619
2021,4,11,19,10,349
2021,4,11,19,20,14
2021,4,11,19,30,372
2021,4,11,19,40,440
2021,4,11,19,50,384
2021,4,11,20,0,401
2021,4,11,20,10,174
2021,4,11,20,20,8
2021,4,11,20,30,125
2021,4,11,20,40,52
2021,4,11,20,50,130
2021,4,11,21,0,5
2021,4,11,21,10,71
2021,4,11,21,20,33
2021,4,11,21,30,3
2021,4,11,21,40,6
2021,4,11,21,50,9
2021,4,11,22,0,6
2021,4,11,22,10,0
2021,4,11,22,20,0
2021,4,11,22,30,0
2021,4,11,22,40,0
2021,4,11,22,50,0
2021,4,11,23,0,0
2021,4,11,23,10,0
2021,4,11,23,20,0
2021,4,11,23,30,0
2021,4,11,23,40,0
2021,4,11,23,50,0
2021,4,12,0,0,0
2021,4,12,0,10,0
2021,4,12,0,20,0
2021,4,12,0,30,0
2021,4,12,0,40,0
2021,4,12,0,50,0
2021,4,12,1,0,0
2021,4,12,1,10,0
2021,4,12,1,20,0
2021,4,12,1,30,0
2021,4,12,1,40,0
2021,4,12,1,50,0
2021,4,12,2,0,0
2021,4,12,2,10,0
2021,4,12,2,20,0
2021,4,12,2,30,0
2021,4,12,2,40,0
2021,4,12,2,50,0
2021,4,12,3,0,0
2021,4,12,3,10,0
2021,4,12,3,20,0
2021,4,12,3,30,0
2021,4,12,3,40,0
2021,4,12,3,50,0
2021,4,12,4,0,0
2021,4,12,4,10,0
2021,4,12,4,20,0
2021,4,12,4,30,0
2021,4,12,4,40,0
2021,4,12,4,50,0
2021,4,12,5,0,0
2021,4,12,5,10,0
2021,4,12,5,20,0
2021,4,12,5,30,0
2021,4,12,5,40,0
2021,4,12,5,50,0
2021,4,12,6,0,0
2021,4,12,6,10,0
2021,4,12,6,20,0
2021,4,12,6,30,0
2021,4,12,6,40,0
2021,4,12,6,50,0
2021,4,12,7,0,0
2021,4,12,7,10,0
2021,4,12,7,20,0
2021,4,12,7,30,0
2021,4,12,7,40,0
2021,4,12,7,50,0
2021,4,12,8,0,0
2021,4,12,8,10,0
2021,4,12,8,20,0
2021,4,12,8,30,0
2021,4,12,8,40,0
2021,4,12,8,50,0
2021,4,12,9,0,0
2021,4,12,9,10,0
2021,4,12,9,20,0
2021,4,12,9,30,0
2021,4,12,9,40,0
2021,4,12,9,50,0
2021,4,12,10,0,0
2021,4,12,10,10,0
2021,4,12,10,20,0
2021,4,12,10,30,0
2021,4,12,10,40,0
2021,4,12,10,50,16
2021,4,12,11,0,23
2021,4,12,11,10,96
2021,4,12,11,20,134
2021,4,12,11,30,27
2021,4,12,11,40,112
2021,4,12,11,50,193
2021,4,12,12,0,174
2021,4,12,12,10,113
2021,4,12,12,20,171
2021,4,12,12,30,136
2021,4,12,12,40,187
2021,4,12,12,50,234
2021,4,12,13,0,206
2021,4,12,13,10,212
2021,4,12,13,20,220
2021,4,12,13,30,217
2021,4,12,13,40,204
2021,4,12,13,50,266
2021,4,12,14,0,359
2021,4,12,14,10,427
2021,4,12,14,20,429
2021,4,12,14,30,455
2021,4,12,14,40,590
2021,4,12,14,50,675
2021,4,12,15,0,872
2021,4,12,15,10,889
2021,4,12,15,20,903
2021,4,12,15,30,916
2021,4,12,15,40,925
2021,4,12,15,50,933
2021,4,12,16,0,939
2021,4,12,16,10,943
2021,4,12,16,20,942
2021,4,12,16,30,942
2021,4,12,16,40,938
2021,4,12,16,50,934
2021,4,12,17,0,927
2021,4,12,17,10,918
2021,4,12,17,20,907
2021,4,12,17,30,893
2021,4,12,17,40,876
2021,4,12,17,50,753
2021,4,12,18,0,702
2021,4,12,18,10,543
2021,4,12,18,20,633
2021,4,12,18,30,629
2021,4,12,18,40,744
2021,4,12,18,50,669
2021,4,12,19,0,525
2021,4,12,19,10,652
2021,4,12,19,20,620
2021,4,12,19,30,585
2021,4,12,19,40,549
2021,4,12,19,50,513
2021,4,12,20,0,475
2021,4,12,20,10,274
2021,4,12,20,20,176
2021,4,12,20,30,357
2021,4,12,20,40,314
2021,4,12,20,50,238
2021,4,12,21,0,189
2021,4,12,21,10,153
2021,4,12,21,20,126
2021,4,12,21,30,91
2021,4,12,21,40,60
2021,4,12,21,50,37
2021,4,12,22,0,15
2021,4,12,22,10,0
2021,4,12,22,20,0
2021,4,12,22,30,0
2021,4,12,22,40,0
2021,4,12,22,50,0
2021,4,12,23,0,0
2021,4,12,23,10,0
2021,4,12,23,20,0
2021,4,12,23,30,0
2021,4,12,23,40,0
2021,4,12,23,50,0
2021,4,13,0,0,0
2021,4,13,0,10,0
2021,4,13,0,20,0
2021,4,13,0,30,0
2021,4,13,0,40,0
2021,4,13,0,50,0
2021,4,13,1,0,0
2021,4,13,1,10,0
2021,4,13,1,20,0
2021,4,13,1,30,0
2021,4,13,1,40,0
2021,4,13,1,50,0
2021,4,13,2,0,0
2021,4,13,2,10,0
2021,4,13,2,20,0
2021,4,13,2,30,0
2021,4,13,2,40,0
2021,4,13,2,50,0
2021,4,13,3,0,0
2021,4,13,3,10,0
2021,4,13,3,20,0
2021,4,13,3,30,0
2021,4,13,3,40,0
2021,4,13,3,50,0
2021,4,13,4,0,0
2021,4,13,4,10,0
2021,4,13,4,20,0
2021,4,13,4,30,0
2021,4,13,4,40,0
2021,4,13,4,50,0
2021,4,13,5,0,0
2021,4,13,5,10,0
2021,4,13,5,20,0
2021,4,13,5,30,0
2021,4,13,5,40,0
2021,4,13,5,50,0
2021,4,13,6,0,0
2021,4,13,6,10,0
2021,4,13,6,20,0
2021,4,13,6,30,0
2021,4,13,6,40,0
2021,4,13,6,50,0
2021,4,13,7,0,0
2021,4,13,7,10,0
2021,4,13,7,20,0
2021,4,13,7,30,0
2021,4,13,7,40,0
2021,4,13,7,50,0
2021,4,13,8,0,0
2021,4,13,8,10,0
2021,4,13,8,20,0
2021,4,13,8,30,0
2021,4,13,8,40,0
2021,4,13,8,50,0
2021,4,13,9,0,0
2021,4,13,9,10,0
2021,4,13,9,20,0
2021,4,13,9,30,0
2021,4,13,9,40,0
2021,4,13,9,50,0
2021,4,13,10,0,0
2021,4,13,10,10,0
2021,4,13,10,20,0
2021,4,13,10,30,0
2021,4,13,10,40,0
2021,4,13,10,50,28
2021,4,13,11,0,38
2021,4,13,11,10,87
2021,4,13,11,20,122
2021,4,13,11,30,102
2021,4,13,11,40,138
2021,4,13,11,50,165
2021,4,13,12,0,190
2021,4,13,12,10,217
2021,4,13,12,20,186
2021,4,13,12,30,262
2021,4,13,12,40,257
2021,4,13,12,50,241
2021,4,13,13,0,518
2021,4,13,13,10,554
2021,4,13,13,20,589
2021,4,13,13,30,622
2021,4,13,13,40,657
2021,4,13,13,50,688
2021,4,13,14,0,717
2021,4,13,14,10,744
2021,4,13,14,20,770
2021,4,13,14,30,794
2021,4,13,14,40,827
2021,4,13,14,50,847
2021,4,13,15,0,865
2021,4,13,15,10,882
2021,4,13,15,20,896
2021,4,13,15,30,906
2021,4,13,15,40,916
2021,4,13,15,50,924
2021,4,13,16,0,930
2021,4,13,16,10,934
2021,4,13,16,20,935
2021,4,13,16,30,935
2021,4,13,16,40,932
2021,4,13,16,50,927
2021,4,13,17,0,718
2021,4,13,17,10,709
2021,4,13,17,20,493
2021,4,13,17,30,321
2021,4,13,17,40,257
2021,4,13,17,50,73
2021,4,13,18,0,100
2021,4,13,18,10,132
2021,4,13,18,20,59
2021,4,13,18,30,95
2021,4,13,18,40,103
2021,4,13,18,50,49
2021,4,13,19,0,20
2021,4,13,19,10,75
2021,4,13,19,20,16
2021,4,13,19,30,15
2021,4,13,19,40,13
2021,4,13,19,50,11
2021,4,13,20,0,19
2021,4,13,20,10,98
2021,4,13,20,20,132
2021,4,13,20,30,6
2021,4,13,20,40,24
2021,4,13,20,50,224
2021,4,13,21,0,179
2021,4,13,21,10,126
2021,4,13,21,20,78
2021,4,13,21,30,31
2021,4,13,21,40,5
2021,4,13,21,50,14
2021,4,13,22,0,12
2021,4,13,22,10,0
2021,4,13,22,20,0
2021,4,13,22,30,0
2021,4,13,22,40,0
2021,4,13,22,50,0
2021,4,13,23,0,0
2021,4,13,23,10,0
2021,4,13,23,20,0
2021,4,13,23,30,0
2021,4,13,23,40,0
2021,4,13,23,50,0
2021,4,14,0,0,0
2021,4,14,0,10,0
2021,4,14,0,20,0
2021,4,14,0,30,0
2021,4,14,0,40,0
2021,4,14,0,50,0
2021,4,14,1,0,0
2021,4,14,1,10,0
2021,4,14,1,20,0
2021,4,14,1,30,0
2021,4,14,1,40,0
2021,4,14,1,50,0
2021,4,14,2,0,0
2021,4,14,2,10,0
2021,4,14,2,20,0
2021,4,14,2,30,0
2021,4,14,2,40,0
2021,4,14,2,50,0
2021,4,14,3,0,0
2021,4,14,3,10,0
2021,4,14,3,20,0
2021,4,14,3,30,0
2021,4,14,3,40,0
2021,4,14,3,50,0
2021,4,14,4,0,0
2021,4,14,4,10,0
2021,4,14,4,20,0
2021,4,14,4,30,0
2021,4,14,4,40,0
2021,4,14,4,50,0
2021,4,14,5,0,0
2021,4,14,5,10,0
2021,4,14,5,20,0
2021,4,14,5,30,0
2021,4,14,5,40,0
2021,4,14,5,50,0
2021,4,14,6,0,0
2021,4,14,6,10,0
2021,4,14,6,20,0
2021,4,14,6,30,0
2021,4,14,6,40,0
2021,4,14,6,50,0
2021,4,14,7,0,0
2021,4,14,7,10,0
2021,4,14,7,20,0
2021,4,14,7,30,0
2021,4,14,7,40,0
2021,4,14,7,50,0
2021,4,14,8,0,0
2021,4,14,8,10,0
2021,4,14,8,20,0
2021,4,14,8,30,0
2021,4,14,8,40,0
2021,4,14,8,50,0
2021,4,14,9,0,0
2021,4,14,9,10,0
2021,4,14,9,20,0
2021,4,14,9,30,0
2021,4,14,9,40,0
2021,4,14,9,50,0
2021,4,14,10,0,0
2021,4,14,10,10,0
2021,4,14,10,20,0
2021,4,14,10,30,0
2021,4,14,10,40,0
2021,4,14,10,50,20
2021,4,14,11,0,61
2021,4,14,11,10,97
2021,4,14,11,20,135
2021,4,14,11,30,175
2021,4,14,11,40,218
2021,4,14,11,50,259
2021,4,14,12,0,301
2021,4,14,12,10,343
2021,4,14,12,20,384
2021,4,14,12,30,425
2021,4,14,12,40,466
2021,4,14,12,50,507
2021,4,14,13,0,545
2021,4,14,13,10,582
2021,4,14,13,20,618
2021,4,14,13,30,652
2021,4,14,13,40,686
2021,4,14,13,50,717
2021,4,14,14,0,747
2021,4,14,14,10,775
2021,4,14,14,20,801
2021,4,14,14,30,825
2021,4,14,14,40,849
2021,4,14,14,50,874
2021,4,14,15,0,892
2021,4,14,15,10,909
2021,4,14,15,20,923
2021,4,14,15,30,936
2021,4,14,15,40,946
2021,4,14,15,50,954
2021,4,14,16,0,960
2021,4,14,16,10,964
2021,4,14,16,20,966
2021,4,14,16,30,965
2021,4,14,16,40,962
2021,4,14,16,50,957
2021,4,14,17,0,950
2021,4,14,17,10,937
2021,4,14,17,20,925
2021,4,14,17,30,912
2021,4,14,17,40,896
2021,4,14,17,50,878
2021,4,14,18,0,859
2021,4,14,18,10,837
2021,4,14,18,20,814
2021,4,14,18,30,788
2021,4,14,18,40,757
2021,4,14,18,50,728
2021,4,14,19,0,697
2021,4,14,19,10,666
2021,4,14,19,20,632
2021,4,14,19,30,597
2021,4,14,19,40,558
2021,4,14,19,50,521
2021,4,14,20,0,482
2021,4,14,20,10,422
2021,4,14,20,20,403
2021,4,14,20,30,361
2021,4,14,20,40,318
2021,4,14,20,50,277
2021,4,14,21,0,236
2021,4,14,21,10,133
2021,4,14,21,20,153
2021,4,14,21,30,114
2021,4,14,21,40,77
2021,4,14,21,50,45
2021,4,14,22,0,19
2021,4,14,22,10,0
2021,4,14,22,20,0
2021,4,14,22,30,0
2021,4,14,22,40,0
2021,4,14,22,50,0
2021,4,14,23,0,0
2021,4,14,23,10,0
2021,4,14,23,20,0
2021,4,14,23,30,0
2021,4,14,23,40,0
2021,4,14,23,50,0
2021,4,15,0,0,0
2021,4,15,0,10,0
2021,4,15,0,20,0
2021,4,15,0,30,0
2021,4,15,0,40,0
2021,4,15,0,50,0
2021,4,15,1,0,0
2021,4,15,1,10,0
2021,4,15,1,20,0
2021,4,15,1,30,0
2021,4,15,1,40,0
2021,4,15,1,50,0
2021,4,15,2,0,0
2021,4,15,2,10,0
2021,4,15,2,20,0
2021,4,15,2,30,0
2021,4,15,2,40,0
2021,4,15,2,50,0
2021,4,15,3,0,0
2021,4,15,3,10,0
2021,4,15,3,20,0
2021,4,15,3,30,0
2021,4,15,3,40,0
2021,4,15,3,50,0
2021,4,15,4,0,0
2021,4,15,4,10,0
2021,4,15,4,20,0
2021,4,15,4,30,0
2021,4,15,4,40,0
2021,4,15,4,50,0
2021,4,15,5,0,0
2021,4,15,5,10,0
2021,4,15,5,20,0
2021,4,15,5,30,0
2021,4,15,5,40,0
2021,4,15,5,50,0
2021,4,15,6,0,0
2021,4,15,6,10,0
2021,4,15,6,20,0
2021,4,15,6,30,0
2021,4,15,6,40,0
2021,4,15,6,50,0
2021,4,15,7,0,0
2021,4,15,7,10,0
2021,4,15,7,20,0
2021,4,15,7,30,0
2021,4,15,7,40,0
2021,4,15,7,50,0
2021,4,15,8,0,0
2021,4,15,8,10,0
2021,4,15,8,20,0
2021,4,15,8,30,0
2021,4,15,8,40,0
2021,4,15,8,50,0
2021,4,15,9,0,0
2021,4,15,9,10,0
2021,4,15,9,20,0
2021,4,15,9,30,0
2021,4,15,9,40,0
2021,4,15,9,50,0
2021,4,15,10,0,0
2021,4,15,10,10,0
2021,4,15,10,20,0
2021,4,15,10,30,0
2021,4,15,10,40,0
2021,4,15,10,50,19
2021,4,15,11,0,66
2021,4,15,11,10,55
2021,4,15,11,20,81
2021,4,15,11,30,183
2021,4,15,11,40,226
2021,4,15,11,50,269
2021,4,15,12,0,311
2021,4,15,12,10,353
2021,4,15,12,20,395
2021,4,15,12,30,436
2021,4,15,12,40,476
2021,4,15,12,50,516
2021,4,15,13,0,554
2021,4,15,13,10,591
2021,4,15,13,20,627
2021,4,15,13,30,661
2021,4,15,13,40,694
2021,4,15,13,50,725
2021,4,15,14,0,755
2021,4,15,14,10,783
2021,4,15,14,20,809
2021,4,15,14,30,829
2021,4,15,14,40,851
2021,4,15,14,50,871
2021,4,15,15,0,890
2021,4,15,15,10,907
2021,4,15,15,20,921
2021,4,15,15,30,933
2021,4,15,15,40,943
2021,4,15,15,50,952
2021,4,15,16,0,958
2021,4,15,16,10,961
2021,4,15,16,20,963
2021,4,15,16,30,962
2021,4,15,16,40,955
2021,4,15,16,50,950
2021,4,15,17,0,943
2021,4,15,17,10,934
2021,4,15,17,20,922
2021,4,15,17,30,909
2021,4,15,17,40,892
2021,4,15,17,50,875
2021,4,15,18,0,855
2021,4,15,18,10,834
2021,4,15,18,20,810
2021,4,15,18,30,785
2021,4,15,18,40,758
2021,4,15,18,50,729
2021,4,15,19,0,699
2021,4,15,19,10,667
2021,4,15,19,20,633
2021,4,15,19,30,595
2021,4,15,19,40,559
2021,4,15,19,50,521
2021,4,15,20,0,483
2021,4,15,20,10,444
2021,4,15,20,20,401
2021,4,15,20,30,361
2021,4,15,20,40,316
2021,4,15,20,50,274
2021,4,15,21,0,232
2021,4,15,21,10,191
2021,4,15,21,20,150
2021,4,15,21,30,112
2021,4,15,21,40,73
2021,4,15,21,50,42
2021,4,15,22,0,18
2021,4,15,22,10,0
2021,4,15,22,20,0
2021,4,15,22,30,0
2021,4,15,22,40,0
2021,4,15,22,50,0
2021,4,15,23,0,0
2021,4,15,23,10,0
2021,4,15,23,20,0
2021,4,15,23,30,0
2021,4,15,23,40,0
2021,4,15,23,50,0
2021,4,16,0,0,0
2021,4,16,0,10,0
2021,4,16,0,20,0
2021,4,16,0,30,0
2021,4,16,0,40,0
2021,4,16,0,50,0
2021,4,16,1,0,0
2021,4,16,1,10,0
2021,4,16,1,20,0
2021,4,16,1,30,0
2021,4,16,1,40,0
2021,4,16,1,50,0
2021,4,16,2,0,0
2021,4,16,2,10,0
2021,4,16,2,20,0
2021,4,16,2,30,0
2021,4,16,2,40,0
2021,4,16,2,50,0
2021,4,16,3,0,0
2021,4,16,3,10,0
2021,4,16,3,20,0
2021,4,16,3,30,0
2021,4,16,3,40,0
2021,4,16,3,50,0
2021,4,16,4,0,0
2021,4,16,4,10,0
2021,4,16,4,20,0
2021,4,16,4,30,0
2021,4,16,4,40,0
2021,4,16,4,50,0
2021,4,16,5,0,0
2021,4,16,5,10,0
2021,4,16,5,20,0
2021,4,16,5,30,0
2021,4,16,5,40,0
2021,4,16,5,50,0
2021,4,16,6,0,0
2021,4,16,6,10,0
2021,4,16,6,20,0
2021,4,16,6,30,0
2021,4,16,6,40,0
2021,4,16,6,50,0
2021,4,16,7,0,0
2021,4,16,7,10,0
2021,4,16,7,20,0
2021,4,16,7,30,0
2021,4,16,7,40,0
2021,4,16,7,50,0
2021,4,16,8,0,0
2021,4,16,8,10,0
2021,4,16,8,20,0
2021,4,16,8,30,0
2021,4,16,8,40,0
2021,4,16,8,50,0
2021,4,16,9,0,0
2021,4,16,9,10,0
2021,4,16,9,20,0
2021,4,16,9,30,0
2021,4,16,9,40,0
2021,4,16,9,50,0
2021,4,16,10,0,0
2021,4,16,10,10,0
2021,4,16,10,20,0
2021,4,16,10,30,0
2021,4,16,10,40,0
2021,4,16,10,50,15
2021,4,16,11,0,64
2021,4,16,11,10,100
2021,4,16,11,20,6
2021,4,16,11,30,37
2021,4,16,11,40,75
2021,4,16,11,50,52
2021,4,16,12,0,110
2021,4,16,12,10,348
2021,4,16,12,20,389
2021,4,16,12,30,429
2021,4,16,12,40,470
2021,4,16,12,50,347
2021,4,16,13,0,192
2021,4,16,13,10,123
2021,4,16,13,20,222
2021,4,16,13,30,527
2021,4,16,13,40,494
2021,4,16,13,50,558
2021,4,16,14,0,744
2021,4,16,14,10,772
2021,4,16,14,20,798
2021,4,16,14,30,822
2021,4,16,14,40,844
2021,4,16,14,50,864
2021,4,16,15,0,883
2021,4,16,15,10,899
2021,4,16,15,20,913
2021,4,16,15,30,925
2021,4,16,15,40,936
2021,4,16,15,50,944
2021,4,16,16,0,949
2021,4,16,16,10,953
2021,4,16,16,20,955
2021,4,16,16,30,954
2021,4,16,16,40,951
2021,4,16,16,50,946
2021,4,16,17,0,939
2021,4,16,17,10,930
2021,4,16,17,20,918
2021,4,16,17,30,905
2021,4,16,17,40,889
2021,4,16,17,50,871
2021,4,16,18,0,852
2021,4,16,18,10,830
2021,4,16,18,20,807
2021,4,16,18,30,782
2021,4,16,18,40,755
2021,4,16,18,50,722
2021,4,16,19,0,692
2021,4,16,19,10,660
2021,4,16,19,20,627
2021,4,16,19,30,592
2021,4,16,19,40,554
2021,4,16,19,50,517
2021,4,16,20,0,479
2021,4,16,20,10,437
2021,4,16,20,20,397
2021,4,16,20,30,357
2021,4,16,20,40,313
2021,4,16,20,50,270
2021,4,16,21,0,229
2021,4,16,21,10,188
2021,4,16,21,20,147
2021,4,16,21,30,108
2021,4,16,21,40,73
2021,4,16,21,50,41
2021,4,16,22,0,16
2021,4,16,22,10,0
2021,4,16,22,20,0
2021,4,16,22,30,0
2021,4,16,22,40,0
2021,4,16,22,50,0
2021,4,16,23,0,0
2021,4,16,23,10,0
2021,4,16,23,20,0
2021,4,16,23,30,0
2021,4,16,23,40,0
2021,4,16,23,50,0
2021,4,17,0,0,0
2021,4,17,0,10,0
2021,4,17,0,20,0
2021,4,17,0,30,0
2021,4,17,0,40,0
2021,4,17,0,50,0
2021,4,17,1,0,0
2021,4,17,1,10,0
2021,4,17,1,20,0
2021,4,17,1,30,0
2021,4,17,1,40,0
2021,4,17,1,50,0
2021,4,17,2,0,0
2021,4,17,2,10,0
2021,4,17,2,20,0
2021,4,17,2,30,0
2021,4,17,2,40,0
2021,4,17,2,50,0
2021,4,17,3,0,0
2021,4,17,3,10,0
2021,4,17,3,20,0
2021,4,17,3,30,0
2021,4,17,3,40,0
2021,4,17,3,50,0
2021,4,17,4,0,0
2021,4,17,4,10,0
2021,4,17,4,20,0
2021,4,17,4,30,0
2021,4,17,4,40,0
2021,4,17,4,50,0
2021,4,17,5,0,0
2021,4,17,5,10,0
2021,4,17,5,20,0
2021,4,17,5,30,0
2021,4,17,5,40,0
2021,4,17,5,50,0
2021,4,17,6,0,0
2021,4,17,6,10,0
2021,4,17,6,20,0
2021,4,17,6,30,0
2021,4,17,6,40,0
2021,4,17,6,50,0
2021,4,17,7,0,0
2021,4,17,7,10,0
2021,4,17,7,20,0
2021,4,17,7,30,0
2021,4,17,7,40,0
2021,4,17,7,50,0
2021,4,17,8,0,0
2021,4,17,8,10,0
2021,4,17,8,20,0
2021,4,17,8,30,0
2021,4,17,8,40,0
2021,4,17,8,50,0
2021,4,17,9,0,0
2021,4,17,9,10,0
2021,4,17,9,20,0
2021,4,17,9,30,0
2021,4,17,9,40,0
2021,4,17,9,50,0
2021,4,17,10,0,0
2021,4,17,10,10,0
2021,4,17,10,20,0
2021,4,17,10,30,0
2021,4,17,10,40,0
2021,4,17,10,50,16
2021,4,17,11,0,62
2021,4,17,11,10,45
2021,4,17,11,20,55
2021,4,17,11,30,29
2021,4,17,11,40,40
2021,4,17,11,50,86
2021,4,17,12,0,64
2021,4,17,12,10,101
2021,4,17,12,20,380
2021,4,17,12,30,269
2021,4,17,12,40,157
2021,4,17,12,50,496
2021,4,17,13,0,533
2021,4,17,13,10,461
2021,4,17,13,20,332
2021,4,17,13,30,638
2021,4,17,13,40,669
2021,4,17,13,50,700
2021,4,17,14,0,729
2021,4,17,14,10,756
2021,4,17,14,20,781
2021,4,17,14,30,805
2021,4,17,14,40,461
2021,4,17,14,50,844
2021,4,17,15,0,862
2021,4,17,15,10,878
2021,4,17,15,20,893
2021,4,17,15,30,904
2021,4,17,15,40,739
2021,4,17,15,50,920
2021,4,17,16,0,925
2021,4,17,16,10,929
2021,4,17,16,20,931
2021,4,17,16,30,930
2021,4,17,16,40,926
2021,4,17,16,50,922
2021,4,17,17,0,914
2021,4,17,17,10,906
2021,4,17,17,20,894
2021,4,17,17,30,881
2021,4,17,17,40,862
2021,4,17,17,50,845
2021,4,17,18,0,825
2021,4,17,18,10,804
2021,4,17,18,20,781
2021,4,17,18,30,756
2021,4,17,18,40,728
2021,4,17,18,50,700
2021,4,17,19,0,668
2021,4,17,19,10,637
2021,4,17,19,20,604
2021,4,17,19,30,570
2021,4,17,19,40,533
2021,4,17,19,50,496
2021,4,17,20,0,459
2021,4,17,20,10,420
2021,4,17,20,20,380
2021,4,17,20,30,340
2021,4,17,20,40,297
2021,4,17,20,50,223
2021,4,17,21,0,184
2021,4,17,21,10,142
2021,4,17,21,20,58
2021,4,17,21,30,40
2021,4,17,21,40,51
2021,4,17,21,50,36
2021,4,17,22,0,7
2021,4,17,22,10,0
2021,4,17,22,20,0
2021,4,17,22,30,0
2021,4,17,22,40,0
2021,4,17,22,50,0
2021,4,17,23,0,0
2021,4,17,23,10,0
2021,4,17,23,20,0
2021,4,17,23,30,0
2021,4,17,23,40,0
2021,4,17,23,50,0
2021,4,18,0,0,0
2021,4,18,0,10,0
2021,4,18,0,20,0
2021,4,18,0,30,0
2021,4,18,0,40,0
2021,4,18,0,50,0
2021,4,18,1,0,0
2021,4,18,1,10,0
2021,4,18,1,20,0
2021,4,18,1,30,0
2021,4,18,1,40,0
2021,4,18,1,50,0
2021,4,18,2,0,0
2021,4,18,2,10,0
2021,4,18,2,20,0
2021,4,18,2,30,0
2021,4,18,2,40,0
2021,4,18,2,50,0
2021,4,18,3,0,0
2021,4,18,3,10,0
2021,4,18,3,20,0
2021,4,18,3,30,0
2021,4,18,3,40,0
2021,4,18,3,50,0
2021,4,18,4,0,0
2021,4,18,4,10,0
2021,4,18,4,20,0
2021,4,18,4,30,0
2021,4,18,4,40,0
2021,4,18,4,50,0
2021,4,18,5,0,0
2021,4,18,5,10,0
2021,4,18,5,20,0
2021,4,18,5,30,0
2021,4,18,5,40,0
2021,4,18,5,50,0
2021,4,18,6,0,0
2021,4,18,6,10,0
2021,4,18,6,20,0
2021,4,18,6,30,0
2021,4,18,6,40,0
2021,4,18,6,50,0
2021,4,18,7,0,0
2021,4,18,7,10,0
2021,4,18,7,20,0
2021,4,18,7,30,0
2021,4,18,7,40,0
2021,4,18,7,50,0
2021,4,18,8,0,0
2021,4,18,8,10,0
2021,4,18,8,20,0
2021,4,18,8,30,0
2021,4,18,8,40,0
2021,4,18,8,50,0
2021,4,18,9,0,0
2021,4,18,9,10,0
2021,4,18,9,20,0
2021,4,18,9,30,0
2021,4,18,9,40,0
2021,4,18,9,50,0
2021,4,18,10,0,0
2021,4,18,10,10,0
2021,4,18,10,20,0
2021,4,18,10,30,0
2021,4,18,10,40,0
2021,4,18,10,50,16
2021,4,18,11,0,61
2021,4,18,11,10,97
2021,4,18,11,20,135
2021,4,18,11,30,176
2021,4,18,11,40,97
2021,4,18,11,50,142
2021,4,18,12,0,145
2021,4,18,12,10,152
2021,4,18,12,20,147
2021,4,18,12,30,422
2021,4,18,12,40,462
2021,4,18,12,50,500
2021,4,18,13,0,537
2021,4,18,13,10,573
2021,4,18,13,20,608
2021,4,18,13,30,642
2021,4,18,13,40,674
2021,4,18,13,50,705
2021,4,18,14,0,734
2021,4,18,14,10,761
2021,4,18,14,20,786
2021,4,18,14,30,810
2021,4,18,14,40,832
2021,4,18,14,50,852
2021,4,18,15,0,867
2021,4,18,15,10,883
2021,4,18,15,20,897
2021,4,18,15,30,909
2021,4,18,15,40,919
2021,4,18,15,50,927
2021,4,18,16,0,932
2021,4,18,16,10,936
2021,4,18,16,20,938
2021,4,18,16,30,937
2021,4,18,16,40,931
2021,4,18,16,50,925
2021,4,18,17,0,918
2021,4,18,17,10,909
2021,4,18,17,20,898
2021,4,18,17,30,884
2021,4,18,17,40,867
2021,4,18,17,50,850
2021,4,18,18,0,831
2021,4,18,18,10,809
2021,4,18,18,20,786
2021,4,18,18,30,761
2021,4,18,18,40,734
2021,4,18,18,50,705
2021,4,18,19,0,675
2021,4,18,19,10,641
2021,4,18,19,20,608
2021,4,18,19,30,574
2021,4,18,19,40,539
2021,4,18,19,50,502
2021,4,18,20,0,464
2021,4,18,20,10,425
2021,4,18,20,20,386
2021,4,18,20,30,345
2021,4,18,20,40,304
2021,4,18,20,50,263
2021,4,18,21,0,222
2021,4,18,21,10,181
2021,4,18,21,20,142
2021,4,18,21,30,103
2021,4,18,21,40,67
2021,4,18,21,50,36
2021,4,18,22,0,0
2021,4,18,22,10,0
2021,4,18,22,20,0
2021,4,18,22,30,0
2021,4,18,22,40,0
2021,4,18,22,50,0
2021,4,18,23,0,0
2021,4,18,23,10,0
2021,4,18,23,20,0
2021,4,18,23,30,0
2021,4,18,23,40,0
2021,4,18,23,50,0
2021,4,19,0,0,0
2021,4,19,0,10,0
2021,4,19,0,20,0
2021,4,19,0,30,0
2021,4,19,0,40,0
2021,4,19,0,50,0
2021,4,19,1,0,0
2021,4,19,1,10,0
2021,4,19,1,20,0
2021,4,19,1,30,0
2021,4,19,1,40,0
2021,4,19,1,50,0
2021,4,19,2,0,0
2021,4,19,2,10,0
2021,4,19,2,20,0
2021,4,19,2,30,0
2021,4,19,2,40,0
2021,4,19,2,50,0
2021,4,19,3,0,0
2021,4,19,3,10,0
2021,4,19,3,20,0
2021,4,19,3,30,0
2021,4,19,3,40,0
2021,4,19,3,50,0
2021,4,19,4,0,0
2021,4,19,4,10,0
2021,4,19,4,20,0
2021,4,19,4,30,0
2021,4,19,4,40,0
2021,4,19,4,50,0
2021,4,19,5,0,0
2021,4,19,5,10,0
2021,4,19,5,20,0
2021,4,19,5,30,0
2021,4,19,5,40,0
2021,4,19,5,50,0
2021,4,19,6,0,0
2021,4,19,6,10,0
2021,4,19,6,20,0
2021,4,19,6,30,0
2021,4,19,6,40,0
2021,4,19,6,50,0
2021,4,19,7,0,0
2021,4,19,7,10,0
2021,4,19,7,20,0
2021,4,19,7,30,0
2021,4,19,7,40,0
2021,4,19,7,50,0
2021,4,19,8,0,0
2021,4,19,8,10,0
2021,4,19,8,20,0
2021,4,19,8,30,0
2021,4,19,8,40,0
2021,4,19,8,50,0
2021,4,19,9,0,0
2021,4,19,9,10,0
2021,4,19,9,20,0
2021,4,19,9,30,0
2021,4,19,9,40,0
2021,4,19,9,50,0
2021,4,19,10,0,0
2021,4,19,10,10,0
2021,4,19,10,20,0
2021,4,19,10,30,0
2021,4,19,10,40,0
2021,4,19,10,50,15
2021,4,19,11,0,60
2021,4,19,11,10,95
2021,4,19,11,20,38
2021,4,19,11,30,54
2021,4,19,11,40,68
2021,4,19,11,50,151
2021,4,19,12,0,217
2021,4,19,12,10,341
2021,4,19,12,20,381
2021,4,19,12,30,283
2021,4,19,12,40,312
2021,4,19,12,50,387
2021,4,19,13,0,537
2021,4,19,13,10,573
2021,4,19,13,20,608
2021,4,19,13,30,642
2021,4,19,13,40,674
2021,4,19,13,50,704
2021,4,19,14,0,733
2021,4,19,14,10,761
2021,4,19,14,20,786
2021,4,19,14,30,810
2021,4,19,14,40,831
2021,4,19,14,50,851
2021,4,19,15,0,869
2021,4,19,15,10,885
2021,4,19,15,20,899
2021,4,19,15,30,911
2021,4,19,15,40,921
2021,4,19,15,50,929
2021,4,19,16,0,934
2021,4,19,16,10,938
2021,4,19,16,20,939
2021,4,19,16,30,938
2021,4,19,16,40,939
2021,4,19,16,50,934
2021,4,19,17,0,927
2021,4,19,17,10,918
2021,4,19,17,20,906
2021,4,19,17,30,893
2021,4,19,17,40,876
2021,4,19,17,50,858
2021,4,19,18,0,839
2021,4,19,18,10,817
2021,4,19,18,20,636
2021,4,19,18,30,720
2021,4,19,18,40,660
2021,4,19,18,50,711
2021,4,19,19,0,681
2021,4,19,19,10,649
2021,4,19,19,20,615
2021,4,19,19,30,581
2021,4,19,19,40,543
2021,4,19,19,50,506
2021,4,19,20,0,467
2021,4,19,20,10,428
2021,4,19,20,20,385
2021,4,19,20,30,345
2021,4,19,20,40,304
2021,4,19,20,50,262
2021,4,19,21,0,221
2021,4,19,21,10,180
2021,4,19,21,20,139
2021,4,19,21,30,101
2021,4,19,21,40,65
2021,4,19,21,50,24
2021,4,19,22,0,0
2021,4,19,22,10,0
2021,4,19,22,20,0
2021,4,19,22,30,0
2021,4,19,22,40,0
2021,4,19,22,50,0
2021,4,19,23,0,0
2021,4,19,23,10,0
2021,4,19,23,20,0
2021,4,19,23,30,0
2021,4,19,23,40,0
2021,4,19,23,50,0
2021,4,20,0,0,0
2021,4,20,0,10,0
2021,4,20,0,20,0
2021,4,20,0,30,0
2021,4,20,0,40,0
2021,4,20,0,50,0
2021,4,20,1,0,0
2021,4,20,1,10,0
2021,4,20,1,20,0
2021,4,20,1,30,0
2021,4,20,1,40,0
2021,4,20,1,50,0
2021,4,20,2,0,0
2021,4,20,2,10,0
2021,4,20,2,20,0
2021,4,20,2,30,0
2021,4,20,2,40,0
2021,4,20,2,50,0
2021,4,20,3,0,0
2021,4,20,3,10,0
2021,4,20,3,20,0
2021,4,20,3,30,0
2021,4,20,3,40,0
2021,4,20,3,50,0
2021,4,20,4,0,0
2021,4,20,4,10,0
2021,4,20,4,20,0
2021,4,20,4,30,0
2021,4,20,4,40,0
2021,4,20,4,50,0
2021,4,20,5,0,0
2021,4,20,5,10,0
2021,4,20,5,20,0
2021,4,20,5,30,0
2021,4,20,5,40,0
2021,4,20,5,50,0
2021,4,20,6,0,0
2021,4,20,6,10,0
2021,4,20,6,20,0
2021,4,20,6,30,0
2021,4,20,6,40,0
2021,4,20,6,50,0
2021,4,20,7,0,0
2021,4,20,7,10,0
2021,4,20,7,20,0
2021,4,20,7,30,0
2021,4,20,7,40,0
2021,4,20,7,50,0
2021,4,20,8,0,0
2021,4,20,8,10,0
2021,4,20,8,20,0
2021,4,20,8,30,0
2021,4,20,8,40,0
2021,4,20,8,50,0
2021,4,20,9,0,0
2021,4,20,9,10,0
2021,4,20,9,20,0
2021,4,20,9,30,0
2021,4,20,9,40,0
2021,4,20,9,50,0
2021,4,20,10,0,0
2021,4,20,10,10,0
2021,4,20,10,20,0
2021,4,20,10,30,0
2021,4,20,10,40,0
2021,4,20,10,50,15
2021,4,20,11,0,59
2021,4,20,11,10,95
2021,4,20,11,20,134
2021,4,20,11,30,80
2021,4,20,11,40,115
2021,4,20,11,50,135
2021,4,20,12,0,154
2021,4,20,12,10,342
2021,4,20,12,20,250
2021,4,20,12,30,424
2021,4,20,12,40,464
2021,4,20,12,50,503
2021,4,20,13,0,540
2021,4,20,13,10,577
2021,4,20,13,20,612
2021,4,20,13,30,646
2021,4,20,13,40,678
2021,4,20,13,50,709
2021,4,20,14,0,738
2021,4,20,14,10,765
2021,4,20,14,20,791
2021,4,20,14,30,815
2021,4,20,14,40,837
2021,4,20,14,50,857
2021,4,20,15,0,875
2021,4,20,15,10,891
2021,4,20,15,20,906
2021,4,20,15,30,918
2021,4,20,15,40,928
2021,4,20,15,50,935
2021,4,20,16,0,941
2021,4,20,16,10,945
2021,4,20,16,20,946
2021,4,20,16,30,945
2021,4,20,16,40,942
2021,4,20,16,50,937
2021,4,20,17,0,929
2021,4,20,17,10,920
2021,4,20,17,20,904
2021,4,20,17,30,890
2021,4,20,17,40,874
2021,4,20,17,50,856
2021,4,20,18,0,837
2021,4,20,18,10,815
2021,4,20,18,20,792
2021,4,20,18,30,767
2021,4,20,18,40,739
2021,4,20,18,50,710
2021,4,20,19,0,680
2021,4,20,19,10,645
2021,4,20,19,20,611
2021,4,20,19,30,577
2021,4,20,19,40,540
2021,4,20,19,50,503
2021,4,20,20,0,465
2021,4,20,20,10,426
2021,4,20,20,20,384
2021,4,20,20,30,302
2021,4,20,20,40,268
2021,4,20,20,50,146
2021,4,20,21,0,148
2021,4,20,21,10,100
2021,4,20,21,20,47
2021,4,20,21,30,36
2021,4,20,21,40,29
2021,4,20,21,50,15
2021,4,20,22,0,0
2021,4,20,22,10,0
2021,4,20,22,20,0
2021,4,20,22,30,0
2021,4,20,22,40,0
2021,4,20,22,50,0
2021,4,20,23,0,0
2021,4,20,23,10,0
2021,4,20,23,20,0
2021,4,20,23,30,0
2021,4,20,23,40,0
2021,4,20,23,50,0
2021,4,21,0,0,0
2021,4,21,0,10,0
2021,4,21,0,20,0
2021,4,21,0,30,0
2021,4,21,0,40,0
2021,4,21,0,50,0
2021,4,21,1,0,0
2021,4,21,1,10,0
2021,4,21,1,20,0
2021,4,21,1,30,0
2021,4,21,1,40,0
2021,4,21,1,50,0
2021,4,21,2,0,0
2021,4,21,2,10,0
2021,4,21,2,20,0
2021,4,21,2,30,0
2021,4,21,2,40,0
2021,4,21,2,50,0
2021,4,21,3,0,0
2021,4,21,3,10,0
2021,4,21,3,20,0
2021,4,21,3,30,0
2021,4,21,3,40,0
2021,4,21,3,50,0
2021,4,21,4,0,0
2021,4,21,4,10,0
2021,4,21,4,20,0
2021,4,21,4,30,0
2021,4,21,4,40,0
2021,4,21,4,50,0
2021,4,21,5,0,0
2021,4,21,5,10,0
2021,4,21,5,20,0
2021,4,21,5,30,0
2021,4,21,5,40,0
2021,4,21,5,50,0
2021,4,21,6,0,0
2021,4,21,6,10,0
2021,4,21,6,20,0
2021,4,21,6,30,0
2021,4,21,6,40,0
2021,4,21,6,50,0
2021,4,21,7,0,0
2021,4,21,7,10,0
2021,4,21,7,20,0
2021,4,21,7,30,0
2021,4,21,7,40,0
2021,4,21,7,50,0
2021,4,21,8,0,0
2021,4,21,8,10,0
2021,4,21,8,20,0
2021,4,21,8,30,0
2021,4,21,8,40,0
2021,4,21,8,50,0
2021,4,21,9,0,0
2021,4,21,9,10,0
2021,4,21,9,20,0
2021,4,21,9,30,0
2021,4,21,9,40,0
2021,4,21,9,50,0
2021,4,21,10,0,0
2021,4,21,10,10,0
2021,4,21,10,20,0
2021,4,21,10,30,0
2021,4,21,10,40,0
2021,4,21,10,50,31
2021,4,21,11,0,64
2021,4,21,11,10,103
2021,4,21,11,20,143
2021,4,21,11,30,185
2021,4,21,11,40,228
2021,4,21,11,50,271
2021,4,21,12,0,314
2021,4,21,12,10,357
2021,4,21,12,20,399
2021,4,21,12,30,440
2021,4,21,12,40,480
2021,4,21,12,50,520
2021,4,21,13,0,558
2021,4,21,13,10,596
2021,4,21,13,20,631
2021,4,21,13,30,666
2021,4,21,13,40,699
2021,4,21,13,50,730
2021,4,21,14,0,760
2021,4,21,14,10,788
2021,4,21,14,20,814
2021,4,21,14,30,838
2021,4,21,14,40,862
2021,4,21,14,50,882
2021,4,21,15,0,901
2021,4,21,15,10,917
2021,4,21,15,20,932
2021,4,21,15,30,944
2021,4,21,15,40,954
2021,4,21,15,50,962
2021,4,21,16,0,968
2021,4,21,16,10,971
2021,4,21,16,20,973
2021,4,21,16,30,972
2021,4,21,16,40,957
2021,4,21,16,50,952
2021,4,21,17,0,945
2021,4,21,17,10,935
2021,4,21,17,20,923
2021,4,21,17,30,910
2021,4,21,17,40,894
2021,4,21,17,50,876
2021,4,21,18,0,856
2021,4,21,18,10,834
2021,4,21,18,20,810
2021,4,21,18,30,777
2021,4,21,18,40,750
2021,4,21,18,50,721
2021,4,21,19,0,690
2021,4,21,19,10,658
2021,4,21,19,20,625
2021,4,21,19,30,584
2021,4,21,19,40,548
2021,4,21,19,50,510
2021,4,21,20,0,472
2021,4,21,20,10,432
2021,4,21,20,20,389
2021,4,21,20,30,348
2021,4,21,20,40,306
2021,4,21,20,50,264
2021,4,21,21,0,221
2021,4,21,21,10,179
2021,4,21,21,20,139
2021,4,21,21,30,100
2021,4,21,21,40,48
2021,4,21,21,50,32
2021,4,21,22,0,0
2021,4,21,22,10,0
2021,4,21,22,20,0
2021,4,21,22,30,0
2021,4,21,22,40,0
2021,4,21,22,50,0
2021,4,21,23,0,0
2021,4,21,23,10,0
2021,4,21,23,20,0
2021,4,21,23,30,0
2021,4,21,23,40,0
2021,4,21,23,50,0
2021,4,22,0,0,0
2021,4,22,0,10,0
2021,4,22,0,20,0
2021,4,22,0,30,0
2021,4,22,0,40,0
2021,4,22,0,50,0
2021,4,22,1,0,0
2021,4,22,1,10,0
2021,4,22,1,20,0
2021,4,22,1,30,0
2021,4,22,1,40,0
2021,4,22,1,50,0
2021,4,22,2,0,0
2021,4,22,2,10,0
2021,4,22,2,20,0
2021,4,22,2,30,0
2021,4,22,2,40,0
2021,4,22,2,50,0
2021,4,22,3,0,0
2021,4,22,3,10,0
2021,4,22,3,20,0
2021,4,22,3,30,0
2021,4,22,3,40,0
2021,4,22,3,50,0
2021,4,22,4,0,0
2021,4,22,4,10,0
2021,4,22,4,20,0
2021,4,22,4,30,0
2021,4,22,4,40,0
2021,4,22,4,50,0
2021,4,22,5,0,0
2021,4,22,5,10,0
2021,4,22,5,20,0
2021,4,22,5,30,0
2021,4,22,5,40,0
2021,4,22,5,50,0
2021,4,22,6,0,0
2021,4,22,6,10,0
2021,4,22,6,20,0
2021,4,22,6,30,0
2021,4,22,6,40,0
2021,4,22,6,50,0
2021,4,22,7,0,0
2021,4,22,7,10,0
2021,4,22,7,20,0
2021,4,22,7,30,0
2021,4,22,7,40,0
2021,4,22,7,50,0
2021,4,22,8,0,0
2021,4,22,8,10,0
2021,4,22,8,20,0
2021,4,22,8,30,0
2021,4,22,8,40,0
2021,4,22,8,50,0
2021,4,22,9,0,0
2021,4,22,9,10,0
2021,4,22,9,20,0
2021,4,22,9,30,0
2021,4,22,9,40,0
2021,4,22,9,50,0
2021,4,22,10,0,0
2021,4,22,10,10,0
2021,4,22,10,20,0
2021,4,22,10,30,0
2021,4,22,10,40,0
2021,4,22,10,50,30
2021,4,22,11,0,62
2021,4,22,11,10,99
2021,4,22,11,20,139
2021,4,22,11,30,180
2021,4,22,11,40,222
2021,4,22,11,50,265
2021,4,22,12,0,307
2021,4,22,12,10,349
2021,4,22,12,20,391
2021,4,22,12,30,432
2021,4,22,12,40,472
2021,4,22,12,50,511
2021,4,22,13,0,549
2021,4,22,13,10,586
2021,4,22,13,20,621
2021,4,22,13,30,655
2021,4,22,13,40,688
2021,4,22,13,50,719
2021,4,22,14,0,748
2021,4,22,14,10,776
2021,4,22,14,20,802
2021,4,22,14,30,826
2021,4,22,14,40,848
2021,4,22,14,50,869
2021,4,22,15,0,887
2021,4,22,15,10,903
2021,4,22,15,20,917
2021,4,22,15,30,929
2021,4,22,15,40,939
2021,4,22,15,50,947
2021,4,22,16,0,953
2021,4,22,16,10,956
2021,4,22,16,20,957
2021,4,22,16,30,956
2021,4,22,16,40,954
2021,4,22,16,50,948
2021,4,22,17,0,941
2021,4,22,17,10,931
2021,4,22,17,20,920
2021,4,22,17,30,906
2021,4,22,17,40,890
2021,4,22,17,50,872
2021,4,22,18,0,852
2021,4,22,18,10,830
2021,4,22,18,20,806
2021,4,22,18,30,773
2021,4,22,18,40,746
2021,4,22,18,50,717
2021,4,22,19,0,686
2021,4,22,19,10,654
2021,4,22,19,20,620
2021,4,22,19,30,585
2021,4,22,19,40,548
2021,4,22,19,50,511
2021,4,22,20,0,472
2021,4,22,20,10,432
2021,4,22,20,20,392
2021,4,22,20,30,350
2021,4,22,20,40,308
2021,4,22,20,50,266
2021,4,22,21,0,224
2021,4,22,21,10,182
2021,4,22,21,20,139
2021,4,22,21,30,100
2021,4,22,21,40,63
2021,4,22,21,50,32
2021,4,22,22,0,0
2021,4,22,22,10,0
2021,4,22,22,20,0
2021,4,22,22,30,0
2021,4,22,22,40,0
2021,4,22,22,50,0
2021,4,22,23,0,0
2021,4,22,23,10,0
2021,4,22,23,20,0
2021,4,22,23,30,0
2021,4,22,23,40,0
2021,4,22,23,50,0
2021,4,23,0,0,0
2021,4,23,0,10,0
2021,4,23,0,20,0
2021,4,23,0,30,0
2021,4,23,0,40,0
2021,4,23,0,50,0
2021,4,23,1,0,0
2021,4,23,1,10,0
2021,4,23,1,20,0
2021,4,23,1,30,0
2021,4,23,1,40,0
2021,4,23,1,50,0
2021,4,23,2,0,0
2021,4,23,2,10,0
2021,4,23,2,20,0
2021,4,23,2,30,0
2021,4,23,2,40,0
2021,4,23,2,50,0
2021,4,23,3,0,0
2021,4,23,3,10,0
2021,4,23,3,20,0
2021,4,23,3,30,0
2021,4,23,3,40,0
2021,4,23,3,50,0
2021,4,23,4,0,0
2021,4,23,4,10,0
2021,4,23,4,20,0
2021,4,23,4,30,0
2021,4,23,4,40,0
2021,4,23,4,50,0
2021,4,23,5,0,0
2021,4,23,5,10,0
2021,4,23,5,20,0
2021,4,23,5,30,0
2021,4,23,5,40,0
2021,4,23,5,50,0
2021,4,23,6,0,0
2021,4,23,6,10,0
2021,4,23,6,20,0
2021,4,23,6,30,0
2021,4,23,6,40,0
2021,4,23,6,50,0
2021,4,23,7,0,0
2021,4,23,7,10,0
2021,4,23,7,20,0
2021,4,23,7,30,0
2021,4,23,7,40,0
2021,4,23,7,50,0
2021,4,23,8,0,0
2021,4,23,8,10,0
2021,4,23,8,20,0
2021,4,23,8,30,0
2021,4,23,8,40,0
2021,4,23,8,50,0
2021,4,23,9,0,0
2021,4,23,9,10,0
2021,4,23,9,20,0
2021,4,23,9,30,0
2021,4,23,9,40,0
2021,4,23,9,50,0
2021,4,23,10,0,0
2021,4,23,10,10,0
2021,4,23,10,20,0
2021,4,23,10,30,0
2021,4,23,10,40,0
2021,4,23,10,50,28
2021,4,23,11,0,60
2021,4,23,11,10,97
2021,4,23,11,20,136
2021,4,23,11,30,178
2021,4,23,11,40,70
2021,4,23,11,50,262
2021,4,23,12,0,146
2021,4,23,12,10,194
2021,4,23,12,20,389
2021,4,23,12,30,429
2021,4,23,12,40,469
2021,4,23,12,50,508
2021,4,23,13,0,546
2021,4,23,13,10,583
2021,4,23,13,20,618
2021,4,23,13,30,652
2021,4,23,13,40,685
2021,4,23,13,50,716
2021,4,23,14,0,745
2021,4,23,14,10,773
2021,4,23,14,20,799
2021,4,23,14,30,823
2021,4,23,14,40,845
2021,4,23,14,50,865
2021,4,23,15,0,883
2021,4,23,15,10,899
2021,4,23,15,20,913
2021,4,23,15,30,917
2021,4,23,15,40,927
2021,4,23,15,50,934
2021,4,23,16,0,940
2021,4,23,16,10,943
2021,4,23,16,20,945
2021,4,23,16,30,944
2021,4,23,16,40,940
2021,4,23,16,50,935
2021,4,23,17,0,928
2021,4,23,17,10,918
2021,4,23,17,20,906
2021,4,23,17,30,892
2021,4,23,17,40,877
2021,4,23,17,50,859
2021,4,23,18,0,839
2021,4,23,18,10,817
2021,4,23,18,20,794
2021,4,23,18,30,768
2021,4,23,18,40,741
2021,4,23,18,50,712
2021,4,23,19,0,681
2021,4,23,19,10,649
2021,4,23,19,20,615
2021,4,23,19,30,580
2021,4,23,19,40,544
2021,4,23,19,50,506
2021,4,23,20,0,467
2021,4,23,20,10,428
2021,4,23,20,20,387
2021,4,23,20,30,346
2021,4,23,20,40,304
2021,4,23,20,50,262
2021,4,23,21,0,220
2021,4,23,21,10,178
2021,4,23,21,20,137
2021,4,23,21,30,98
2021,4,23,21,40,60
2021,4,23,21,50,29
2021,4,23,22,0,0
2021,4,23,22,10,0
2021,4,23,22,20,0
2021,4,23,22,30,0
2021,4,23,22,40,0
2021,4,23,22,50,0
2021,4,23,23,0,0
2021,4,23,23,10,0
2021,4,23,23,20,0
2021,4,23,23,30,0
2021,4,23,23,40,0
2021,4,23,23,50,0
2021,4,24,0,0,0
2021,4,24,0,10,0
2021,4,24,0,20,0
2021,4,24,0,30,0
2021,4,24,0,40,0
2021,4,24,0,50,0
2021,4,24,1,0,0
2021,4,24,1,10,0
2021,4,24,1,20,0
2021,4,24,1,30,0
2021,4,24,1,40,0
2021,4,24,1,50,0
2021,4,24,2,0,0
2021,4,24,2,10,0
2021,4,24,2,20,0
2021,4,24,2,30,0
2021,4,24,2,40,0
2021,4,24,2,50,0
2021,4,24,3,0,0
2021,4,24,3,10,0
2021,4,24,3,20,0
2021,4,24,3,30,0
2021,4,24,3,40,0
2021,4,24,3,50,0
2021,4,24,4,0,0
2021,4,24,4,10,0
2021,4,24,4,20,0
2021,4,24,4,30,0
2021,4,24,4,40,0
2021,4,24,4,50,0
2021,4,24,5,0,0
2021,4,24,5,10,0
2021,4,24,5,20,0
2021,4,24,5,30,0
2021,4,24,5,40,0
2021,4,24,5,50,0
2021,4,24,6,0,0
2021,4,24,6,10,0
2021,4,24,6,20,0
2021,4,24,6,30,0
2021,4,24,6,40,0
2021,4,24,6,50,0
2021,4,24,7,0,0
2021,4,24,7,10,0
2021,4,24,7,20,0
2021,4,24,7,30,0
2021,4,24,7,40,0
2021,4,24,7,50,0
2021,4,24,8,0,0
2021,4,24,8,10,0
2021,4,24,8,20,0
2021,4,24,8,30,0
2021,4,24,8,40,0
2021,4,24,8,50,0
2021,4,24,9,0,0
2021,4,24,9,10,0
2021,4,24,9,20,0
2021,4,24,9,30,0
2021,4,24,9,40,0
2021,4,24,9,50,0
2021,4,24,10,0,0
2021,4,24,10,10,0
2021,4,24,10,20,0
2021,4,24,10,30,0
2021,4,24,10,40,0
2021,4,24,10,50,27
2021,4,24,11,0,58
2021,4,24,11,10,95
2021,4,24,11,20,134
2021,4,24,11,30,175
2021,4,24,11,40,218
2021,4,24,11,50,260
2021,4,24,12,0,302
2021,4,24,12,10,344
2021,4,24,12,20,385
2021,4,24,12,30,426
2021,4,24,12,40,466
2021,4,24,12,50,504
2021,4,24,13,0,542
2021,4,24,13,10,579
2021,4,24,13,20,614
2021,4,24,13,30,648
2021,4,24,13,40,680
2021,4,24,13,50,711
2021,4,24,14,0,740
2021,4,24,14,10,768
2021,4,24,14,20,794
2021,4,24,14,30,810
2021,4,24,14,40,832
2021,4,24,14,50,852
2021,4,24,15,0,870
2021,4,24,15,10,886
2021,4,24,15,20,900
2021,4,24,15,30,912
2021,4,24,15,40,922
2021,4,24,15,50,929
2021,4,24,16,0,935
2021,4,24,16,10,938
2021,4,24,16,20,939
2021,4,24,16,30,938
2021,4,24,16,40,935
2021,4,24,16,50,930
2021,4,24,17,0,922
2021,4,24,17,10,913
2021,4,24,17,20,774
2021,4,24,17,30,849
2021,4,24,17,40,822
2021,4,24,17,50,787
2021,4,24,18,0,827
2021,4,24,18,10,806
2021,4,24,18,20,678
2021,4,24,18,30,726
2021,4,24,18,40,729
2021,4,24,18,50,586
2021,4,24,19,0,670
2021,4,24,19,10,638
2021,4,24,19,20,605
2021,4,24,19,30,570
2021,4,24,19,40,534
2021,4,24,19,50,496
2021,4,24,20,0,458
2021,4,24,20,10,419
2021,4,24,20,20,375
2021,4,24,20,30,335
2021,4,24,20,40,294
2021,4,24,20,50,252
2021,4,24,21,0,211
2021,4,24,21,10,170
2021,4,24,21,20,130
2021,4,24,21,30,92
2021,4,24,21,40,56
2021,4,24,21,50,26
2021,4,24,22,0,0
2021,4,24,22,10,0
2021,4,24,22,20,0
2021,4,24,22,30,0
2021,4,24,22,40,0
2021,4,24,22,50,0
2021,4,24,23,0,0
2021,4,24,23,10,0
2021,4,24,23,20,0
2021,4,24,23,30,0
2021,4,24,23,40,0
2021,4,24,23,50,0
2021,4,25,0,0,0
2021,4,25,0,10,0
2021,4,25,0,20,0
2021,4,25,0,30,0
2021,4,25,0,40,0
2021,4,25,0,50,0
2021,4,25,1,0,0
2021,4,25,1,10,0
2021,4,25,1,20,0
2021,4,25,1,30,0
2021,4,25,1,40,0
2021,4,25,1,50,0
2021,4,25,2,0,0
2021,4,25,2,10,0
2021,4,25,2,20,0
2021,4,25,2,30,0
2021,4,25,2,40,0
2021,4,25,2,50,0
2021,4,25,3,0,0
2021,4,25,3,10,0
2021,4,25,3,20,0
2021,4,25,3,30,0
2021,4,25,3,40,0
2021,4,25,3,50,0
2021,4,25,4,0,0
2021,4,25,4,10,0
2021,4,25,4,20,0
2021,4,25,4,30,0
2021,4,25,4,40,0
2021,4,25,4,50,0
2021,4,25,5,0,0
2021,4,25,5,10,0
2021,4,25,5,20,0
2021,4,25,5,30,0
2021,4,25,5,40,0
2021,4,25,5,50,0
2021,4,25,6,0,0
2021,4,25,6,10,0
2021,4,25,6,20,0
2021,4,25,6,30,0
2021,4,25,6,40,0
2021,4,25,6,50,0
2021,4,25,7,0,0
2021,4,25,7,10,0
2021,4,25,7,20,0
2021,4,25,7,30,0
2021,4,25,7,40,0
2021,4,25,7,50,0
2021,4,25,8,0,0
2021,4,25,8,10,0
2021,4,25,8,20,0
2021,4,25,8,30,0
2021,4,25,8,40,0
2021,4,25,8,50,0
2021,4,25,9,0,0
2021,4,25,9,10,0
2021,4,25,9,20,0
2021,4,25,9,30,0
2021,4,25,9,40,0
2021,4,25,9,50,0
2021,4,25,10,0,0
2021,4,25,10,10,0
2021,4,25,10,20,0
2021,4,25,10,30,0
2021,4,25,10,40,0
2021,4,25,10,50,25
2021,4,25,11,0,54
2021,4,25,11,10,88
2021,4,25,11,20,127
2021,4,25,11,30,38
2021,4,25,11,40,207
2021,4,25,11,50,248
2021,4,25,12,0,289
2021,4,25,12,10,330
2021,4,25,12,20,371
2021,4,25,12,30,410
2021,4,25,12,40,450
2021,4,25,12,50,487
2021,4,25,13,0,524
2021,4,25,13,10,560
2021,4,25,13,20,595
2021,4,25,13,30,628
2021,4,25,13,40,660
2021,4,25,13,50,690
2021,4,25,14,0,719
2021,4,25,14,10,579
2021,4,25,14,20,695
2021,4,25,14,30,794
2021,4,25,14,40,816
2021,4,25,14,50,667
2021,4,25,15,0,849
2021,4,25,15,10,865
2021,4,25,15,20,883
2021,4,25,15,30,895
2021,4,25,15,40,904
2021,4,25,15,50,912
2021,4,25,16,0,917
2021,4,25,16,10,921
2021,4,25,16,20,922
2021,4,25,16,30,921
2021,4,25,16,40,917
2021,4,25,16,50,912
2021,4,25,17,0,905
2021,4,25,17,10,895
2021,4,25,17,20,883
2021,4,25,17,30,870
2021,4,25,17,40,854
2021,4,25,17,50,837
2021,4,25,18,0,817
2021,4,25,18,10,795
2021,4,25,18,20,772
2021,4,25,18,30,752
2021,4,25,18,40,725
2021,4,25,18,50,696
2021,4,25,19,0,666
2021,4,25,19,10,634
2021,4,25,19,20,600
2021,4,25,19,30,566
2021,4,25,19,40,530
2021,4,25,19,50,493
2021,4,25,20,0,454
2021,4,25,20,10,415
2021,4,25,20,20,375
2021,4,25,20,30,334
2021,4,25,20,40,293
2021,4,25,20,50,251
2021,4,25,21,0,210
2021,4,25,21,10,169
2021,4,25,21,20,129
2021,4,25,21,30,90
2021,4,25,21,40,55
2021,4,25,21,50,25
2021,4,25,22,0,0
2021,4,25,22,10,0
2021,4,25,22,20,0
2021,4,25,22,30,0
2021,4,25,22,40,0
2021,4,25,22,50,0
2021,4,25,23,0,0
2021,4,25,23,10,0
2021,4,25,23,20,0
2021,4,25,23,30,0
2021,4,25,23,40,0
2021,4,25,23,50,0
2021,4,26,0,0,0
2021,4,26,0,10,0
2021,4,26,0,20,0
2021,4,26,0,30,0
2021,4,26,0,40,0
2021,4,26,0,50,0
2021,4,26,1,0,0
2021,4,26,1,10,0
2021,4,26,1,20,0
2021,4,26,1,30,0
2021,4,26,1,40,0
2021,4,26,1,50,0
2021,4,26,2,0,0
2021,4,26,2,10,0
2021,4,26,2,20,0
2021,4,26,2,30,0
2021,4,26,2,40,0
2021,4,26,2,50,0
2021,4,26,3,0,0
2021,4,26,3,10,0
2021,4,26,3,20,0
2021,4,26,3,30,0
2021,4,26,3,40,0
2021,4,26,3,50,0
2021,4,26,4,0,0
2021,4,26,4,10,0
2021,4,26,4,20,0
2021,4,26,4,30,0
2021,4,26,4,40,0
2021,4,26,4,50,0
2021,4,26,5,0,0
2021,4,26,5,10,0
2021,4,26,5,20,0
2021,4,26,5,30,0
2021,4,26,5,40,0
2021,4,26,5,50,0
2021,4,26,6,0,0
2021,4,26,6,10,0
2021,4,26,6,20,0
2021,4,26,6,30,0
2021,4,26,6,40,0
2021,4,26,6,50,0
2021,4,26,7,0,0
2021,4,26,7,10,0
2021,4,26,7,20,0
2021,4,26,7,30,0
2021,4,26,7,40,0
2021,4,26,7,50,0
2021,4,26,8,0,0
2021,4,26,8,10,0
2021,4,26,8,20,0
2021,4,26,8,30,0
2021,4,26,8,40,0
2021,4,26,8,50,0
2021,4,26,9,0,0
2021,4,26,9,10,0
2021,4,26,9,20,0
2021,4,26,9,30,0
2021,4,26,9,40,0
2021,4,26,9,50,0
2021,4,26,10,0,0
2021,4,26,10,10,0
2021,4,26,10,20,0
2021,4,26,10,30,0
2021,4,26,10,40,0
2021,4,26,10,50,26
2021,4,26,11,0,57
2021,4,26,11,10,94
2021,4,26,11,20,133
2021,4,26,11,30,174
2021,4,26,11,40,216
2021,4,26,11,50,259
2021,4,26,12,0,301
2021,4,26,12,10,343
2021,4,26,12,20,384
2021,4,26,12,30,425
2021,4,26,12,40,465
2021,4,26,12,50,504
2021,4,26,13,0,542
2021,4,26,13,10,578
2021,4,26,13,20,613
2021,4,26,13,30,647
2021,4,26,13,40,680
2021,4,26,13,50,711
2021,4,26,14,0,740
2021,4,26,14,10,767
2021,4,26,14,20,793
2021,4,26,14,30,817
2021,4,26,14,40,841
2021,4,26,14,50,861
2021,4,26,15,0,880
2021,4,26,15,10,896
2021,4,26,15,20,899
2021,4,26,15,30,911
2021,4,26,15,40,920
2021,4,26,15,50,928
2021,4,26,16,0,933
2021,4,26,16,10,937
2021,4,26,16,20,938
2021,4,26,16,30,937
2021,4,26,16,40,934
2021,4,26,16,50,928
2021,4,26,17,0,921
2021,4,26,17,10,911
2021,4,26,17,20,891
2021,4,26,17,30,877
2021,4,26,17,40,861
2021,4,26,17,50,843
2021,4,26,18,0,824
2021,4,26,18,10,802
2021,4,26,18,20,779
2021,4,26,18,30,753
2021,4,26,18,40,720
2021,4,26,18,50,691
2021,4,26,19,0,661
2021,4,26,19,10,629
2021,4,26,19,20,596
2021,4,26,19,30,561
2021,4,26,19,40,525
2021,4,26,19,50,488
2021,4,26,20,0,447
2021,4,26,20,10,408
2021,4,26,20,20,368
2021,4,26,20,30,328
2021,4,26,20,40,286
2021,4,26,20,50,245
2021,4,26,21,0,204
2021,4,26,21,10,164
2021,4,26,21,20,124
2021,4,26,21,30,86
2021,4,26,21,40,51
2021,4,26,21,50,23
2021,4,26,22,0,0
2021,4,26,22,10,0
2021,4,26,22,20,0
2021,4,26,22,30,0
2021,4,26,22,40,0
2021,4,26,22,50,0
2021,4,26,23,0,0
2021,4,26,23,10,0
2021,4,26,23,20,0
2021,4,26,23,30,0
2021,4,26,23,40,0
2021,4,26,23,50,0
2021,4,27,0,0,0
2021,4,27,0,10,0
2021,4,27,0,20,0
2021,4,27,0,30,0
2021,4,27,0,40,0
2021,4,27,0,50,0
2021,4,27,1,0,0
2021,4,27,1,10,0
2021,4,27,1,20,0
2021,4,27,1,30,0
2021,4,27,1,40,0
2021,4,27,1,50,0
2021,4,27,2,0,0
2021,4,27,2,10,0
2021,4,27,2,20,0
2021,4,27,2,30,0
2021,4,27,2,40,0
2021,4,27,2,50,0
2021,4,27,3,0,0
2021,4,27,3,10,0
2021,4,27,3,20,0
2021,4,27,3,30,0
2021,4,27,3,40,0
2021,4,27,3,50,0
2021,4,27,4,0,0
2021,4,27,4,10,0
2021,4,27,4,20,0
2021,4,27,4,30,0
2021,4,27,4,40,0
2021,4,27,4,50,0
2021,4,27,5,0,0
2021,4,27,5,10,0
2021,4,27,5,20,0
2021,4,27,5,30,0
2021,4,27,5,40,0
2021,4,27,5,50,0
2021,4,27,6,0,0
2021,4,27,6,10,0
2021,4,27,6,20,0
2021,4,27,6,30,0
2021,4,27,6,40,0
2021,4,27,6,50,0
2021,4,27,7,0,0
2021,4,27,7,10,0
2021,4,27,7,20,0
2021,4,27,7,30,0
2021,4,27,7,40,0
2021,4,27,7,50,0
2021,4,27,8,0,0
2021,4,27,8,10,0
2021,4,27,8,20,0
2021,4,27,8,30,0
2021,4,27,8,40,0
2021,4,27,8,50,0
2021,4,27,9,0,0
2021,4,27,9,10,0
2021,4,27,9,20,0
2021,4,27,9,30,0
2021,4,27,9,40,0
2021,4,27,9,50,0
2021,4,27,10,0,0
2021,4,27,10,10,0
2021,4,27,10,20,0
2021,4,27,10,30,0
2021,4,27,10,40,0
2021,4,27,10,50,24
2021,4,27,11,0,54
2021,4,27,11,10,89
2021,4,27,11,20,128
2021,4,27,11,30,169
2021,4,27,11,40,211
2021,4,27,11,50,253
2021,4,27,12,0,294
2021,4,27,12,10,336
2021,4,27,12,20,377
2021,4,27,12,30,417
2021,4,27,12,40,457
2021,4,27,12,50,495
2021,4,27,13,0,533
2021,4,27,13,10,569
2021,4,27,13,20,604
2021,4,27,13,30,638
2021,4,27,13,40,670
2021,4,27,13,50,700
2021,4,27,14,0,729
2021,4,27,14,10,757
2021,4,27,14,20,782
2021,4,27,14,30,806
2021,4,27,14,40,828
2021,4,27,14,50,848
2021,4,27,15,0,857
2021,4,27,15,10,873
2021,4,27,15,20,887
2021,4,27,15,30,899
2021,4,27,15,40,908
2021,4,27,15,50,916
2021,4,27,16,0,921
2021,4,27,16,10,924
2021,4,27,16,20,925
2021,4,27,16,30,924
2021,4,27,16,40,921
2021,4,27,16,50,915
2021,4,27,17,0,908
2021,4,27,17,10,898
2021,4,27,17,20,886
2021,4,27,17,30,873
2021,4,27,17,40,857
2021,4,27,17,50,839
2021,4,27,18,0,819
2021,4,27,18,10,797
2021,4,27,18,20,774
2021,4,27,18,30,748
2021,4,27,18,40,716
2021,4,27,18,50,687
2021,4,27,19,0,657
2021,4,27,19,10,516
2021,4,27,19,20,511
2021,4,27,19,30,458
2021,4,27,19,40,444
2021,4,27,19,50,426
2021,4,27,20,0,367
2021,4,27,20,10,363
2021,4,27,20,20,322
2021,4,27,20,30,259
2021,4,27,20,40,243
2021,4,27,20,50,193
2021,4,27,21,0,170
2021,4,27,21,10,133
2021,4,27,21,20,90
2021,4,27,21,30,60
2021,4,27,21,40,36
2021,4,27,21,50,21
2021,4,27,22,0,0
2021,4,27,22,10,0
2021,4,27,22,20,0
2021,4,27,22,30,0
2021,4,27,22,40,0
2021,4,27,22,50,0
2021,4,27,23,0,0
2021,4,27,23,10,0
2021,4,27,23,20,0
2021,4,27,23,30,0
2021,4,27,23,40,0
2021,4,27,23,50,0
2021,4,28,0,0,0
2021,4,28,0,10,0
2021,4,28,0,20,0
2021,4,28,0,30,0
2021,4,28,0,40,0
2021,4,28,0,50,0
2021,4,28,1,0,0
2021,4,28,1,10,0
2021,4,28,1,20,0
2021,4,28,1,30,0
2021,4,28,1,40,0
2021,4,28,1,50,0
2021,4,28,2,0,0
2021,4,28,2,10,0
2021,4,28,2,20,0
2021,4,28,2,30,0
2021,4,28,2,40,0
2021,4,28,2,50,0
2021,4,28,3,0,0
2021,4,28,3,10,0
2021,4,28,3,20,0
2021,4,28,3,30,0
2021,4,28,3,40,0
2021,4,28,3,50,0
2021,4,28,4,0,0
2021,4,28,4,10,0
2021,4,28,4,20,0
2021,4,28,4,30,0
2021,4,28,4,40,0
2021,4,28,4,50,0
2021,4,28,5,0,0
2021,4,28,5,10,0
2021,4,28,5,20,0
2021,4,28,5,30,0
2021,4,28,5,40,0
2021,4,28,5,50,0
2021,4,28,6,0,0
2021,4,28,6,10,0
2021,4,28,6,20,0
2021,4,28,6,30,0
2021,4,28,6,40,0
2021,4,28,6,50,0
2021,4,28,7,0,0
2021,4,28,7,10,0
2021,4,28,7,20,0
2021,4,28,7,30,0
2021,4,28,7,40,0
2021,4,28,7,50,0
2021,4,28,8,0,0
2021,4,28,8,10,0
2021,4,28,8,20,0
2021,4,28,8,30,0
2021,4,28,8,40,0
2021,4,28,8,50,0
2021,4,28,9,0,0
2021,4,28,9,10,0
2021,4,28,9,20,0
2021,4,28,9,30,0
2021,4,28,9,40,0
2021,4,28,9,50,0
2021,4,28,10,0,0
2021,4,28,10,10,0
2021,4,28,10,20,0
2021,4,28,10,30,0
2021,4,28,10,40,0
2021,4,28,10,50,22
2021,4,28,11,0,50
2021,4,28,11,10,50
2021,4,28,11,20,59
2021,4,28,11,30,79
2021,4,28,11,40,205
2021,4,28,11,50,246
2021,4,28,12,0,287
2021,4,28,12,10,328
2021,4,28,12,20,369
2021,4,28,12,30,409
2021,4,28,12,40,449
2021,4,28,12,50,487
2021,4,28,13,0,524
2021,4,28,13,10,560
2021,4,28,13,20,594
2021,4,28,13,30,628
2021,4,28,13,40,660
2021,4,28,13,50,690
2021,4,28,14,0,719
2021,4,28,14,10,745
2021,4,28,14,20,771
2021,4,28,14,30,794
2021,4,28,14,40,816
2021,4,28,14,50,835
2021,4,28,15,0,853
2021,4,28,15,10,869
2021,4,28,15,20,883
2021,4,28,15,30,894
2021,4,28,15,40,904
2021,4,28,15,50,911
2021,4,28,16,0,916
2021,4,28,16,10,920
2021,4,28,16,20,921
2021,4,28,16,30,919
2021,4,28,16,40,916
2021,4,28,16,50,911
2021,4,28,17,0,903
2021,4,28,17,10,894
2021,4,28,17,20,882
2021,4,28,17,30,868
2021,4,28,17,40,852
2021,4,28,17,50,828
2021,4,28,18,0,808
2021,4,28,18,10,787
2021,4,28,18,20,763
2021,4,28,18,30,738
2021,4,28,18,40,711
2021,4,28,18,50,682
2021,4,28,19,0,652
2021,4,28,19,10,620
2021,4,28,19,20,582
2021,4,28,19,30,548
2021,4,28,19,40,511
2021,4,28,19,50,474
2021,4,28,20,0,436
2021,4,28,20,10,398
2021,4,28,20,20,358
2021,4,28,20,30,316
2021,4,28,20,40,273
2021,4,28,20,50,232
2021,4,28,21,0,192
2021,4,28,21,10,152
2021,4,28,21,20,113
2021,4,28,21,30,77
2021,4,28,21,40,44
2021,4,28,21,50,19
2021,4,28,22,0,0
2021,4,28,22,10,0
2021,4,28,22,20,0
2021,4,28,22,30,0
2021,4,28,22,40,0
2021,4,28,22,50,0
2021,4,28,23,0,0
2021,4,28,23,10,0
2021,4,28,23,20,0
2021,4,28,23,30,0
2021,4,28,23,40,0
2021,4,28,23,50,0
2021,4,29,0,0,0
2021,4,29,0,10,0
2021,4,29,0,20,0
2021,4,29,0,30,0
2021,4,29,0,40,0
2021,4,29,0,50,0
2021,4,29,1,0,0
2021,4,29,1,10,0
2021,4,29,1,20,0
2021,4,29,1,30,0
2021,4,29,1,40,0
2021,4,29,1,50,0
2021,4,29,2,0,0
2021,4,29,2,10,0
2021,4,29,2,20,0
2021,4,29,2,30,0
2021,4,29,2,40,0
2021,4,29,2,50,0
2021,4,29,3,0,0
2021,4,29,3,10,0
2021,4,29,3,20,0
2021,4,29,3,30,0
2021,4,29,3,40,0
2021,4,29,3,50,0
2021,4,29,4,0,0
2021,4,29,4,10,0
2021,4,29,4,20,0
2021,4,29,4,30,0
2021,4,29,4,40,0
2021,4,29,4,50,0
2021,4,29,5,0,0
2021,4,29,5,10,0
2021,4,29,5,20,0
2021,4,29,5,30,0
2021,4,29,5,40,0
2021,4,29,5,50,0
2021,4,29,6,0,0
2021,4,29,6,10,0
2021,4,29,6,20,0
2021,4,29,6,30,0
2021,4,29,6,40,0
2021,4,29,6,50,0
2021,4,29,7,0,0
2021,4,29,7,10,0
2021,4,29,7,20,0
2021,4,29,7,30,0
2021,4,29,7,40,0
2021,4,29,7,50,0
2021,4,29,8,0,0
2021,4,29,8,10,0
2021,4,29,8,20,0
2021,4,29,8,30,0
2021,4,29,8,40,0
2021,4,29,8,50,0
2021,4,29,9,0,0
2021,4,29,9,10,0
2021,4,29,9,20,0
2021,4,29,9,30,0
2021,4,29,9,40,0
2021,4,29,9,50,0
2021,4,29,10,0,0
2021,4,29,10,10,0
2021,4,29,10,20,0
2021,4,29,10,30,0
2021,4,29,10,40,0
2021,4,29,10,50,20
2021,4,29,11,0,47
2021,4,29,11,10,81
2021,4,29,11,20,118
2021,4,29,11,30,157
2021,4,29,11,40,198
2021,4,29,11,50,239
2021,4,29,12,0,280
2021,4,29,12,10,321
2021,4,29,12,20,361
2021,4,29,12,30,401
2021,4,29,12,40,440
2021,4,29,12,50,478
2021,4,29,13,0,515
2021,4,29,13,10,550
2021,4,29,13,20,585
2021,4,29,13,30,618
2021,4,29,13,40,650
2021,4,29,13,50,680
2021,4,29,14,0,708
2021,4,29,14,10,735
2021,4,29,14,20,755
2021,4,29,14,30,778
2021,4,29,14,40,800
2021,4,29,14,50,819
2021,4,29,15,0,837
2021,4,29,15,10,852
2021,4,29,15,20,866
2021,4,29,15,30,877
2021,4,29,15,40,887
2021,4,29,15,50,894
2021,4,29,16,0,899
2021,4,29,16,10,903
2021,4,29,16,20,904
2021,4,29,16,30,902
2021,4,29,16,40,899
2021,4,29,16,50,894
2021,4,29,17,0,886
2021,4,29,17,10,877
2021,4,29,17,20,865
2021,4,29,17,30,851
2021,4,29,17,40,836
2021,4,29,17,50,818
2021,4,29,18,0,798
2021,4,29,18,10,777
2021,4,29,18,20,754
2021,4,29,18,30,728
2021,4,29,18,40,702
2021,4,29,18,50,673
2021,4,29,19,0,643
2021,4,29,19,10,611
2021,4,29,19,20,578
2021,4,29,19,30,544
2021,4,29,19,40,508
2021,4,29,19,50,471
2021,4,29,20,0,434
2021,4,29,20,10,395
2021,4,29,20,20,355
2021,4,29,20,30,315
2021,4,29,20,40,274
2021,4,29,20,50,233
2021,4,29,21,0,193
2021,4,29,21,10,153
2021,4,29,21,20,113
2021,4,29,21,30,76
2021,4,29,21,40,43
2021,4,29,21,50,18
2021,4,29,22,0,0
2021,4,29,22,10,0
2021,4,29,22,20,0
2021,4,29,22,30,0
2021,4,29,22,40,0
2021,4,29,22,50,0
2021,4,29,23,0,0
2021,4,29,23,10,0
2021,4,29,23,20,0
2021,4,29,23,30,0
2021,4,29,23,40,0
2021,4,29,23,50,0
2021,4,30,0,0,0
2021,4,30,0,10,0
2021,4,30,0,20,0
2021,4,30,0,30,0
2021,4,30,0,40,0
2021,4,30,0,50,0
2021,4,30,1,0,0
2021,4,30,1,10,0
2021,4,30,1,20,0
2021,4,30,1,30,0
2021,4,30,1,40,0
2021,4,30,1,50,0
2021,4,30,2,0,0
2021,4,30,2,10,0
2021,4,30,2,20,0
2021,4,30,2,30,0
2021,4,30,2,40,0
2021,4,30,2,50,0
2021,4,30,3,0,0
2021,4,30,3,10,0
2021,4,30,3,20,0
2021,4,30,3,30,0
2021,4,30,3,40,0
2021,4,30,3,50,0
2021,4,30,4,0,0
2021,4,30,4,10,0
2021,4,30,4,20,0
2021,4,30,4,30,0
2021,4,30,4,40,0
2021,4,30,4,50,0
2021,4,30,5,0,0
2021,4,30,5,10,0
2021,4,30,5,20,0
2021,4,30,5,30,0
2021,4,30,5,40,0
2021,4,30,5,50,0
2021,4,30,6,0,0
2021,4,30,6,10,0
2021,4,30,6,20,0
2021,4,30,6,30,0
2021,4,30,6,40,0
2021,4,30,6,50,0
2021,4,30,7,0,0
2021,4,30,7,10,0
2021,4,30,7,20,0
2021,4,30,7,30,0
2021,4,30,7,40,0
2021,4,30,7,50,0
2021,4,30,8,0,0
2021,4,30,8,10,0
2021,4,30,8,20,0
2021,4,30,8,30,0
2021,4,30,8,40,0
2021,4,30,8,50,0
2021,4,30,9,0,0
2021,4,30,9,10,0
2021,4,30,9,20,0
2021,4,30,9,30,0
2021,4,30,9,40,0
2021,4,30,9,50,0
2021,4,30,10,0,0
2021,4,30,10,10,0
2021,4,30,10,20,0
2021,4,30,10,30,0
2021,4,30,10,40,0
2021,4,30,10,50,21
2021,4,30,11,0,49
2021,4,30,11,10,84
2021,4,30,11,20,123
2021,4,30,11,30,163
2021,4,30,11,40,204
2021,4,30,11,50,245
2021,4,30,12,0,287
2021,4,30,12,10,328
2021,4,30,12,20,368
2021,4,30,12,30,408
2021,4,30,12,40,448
2021,4,30,12,50,486
2021,4,30,13,0,523
2021,4,30,13,10,559
2021,4,30,13,20,602
2021,4,30,13,30,635
2021,4,30,13,40,667
2021,4,30,13,50,698
2021,4,30,14,0,727
2021,4,30,14,10,754
2021,4,30,14,20,779
2021,4,30,14,30,803
2021,4,30,14,40,825
2021,4,30,14,50,845
2021,4,30,15,0,862
2021,4,30,15,10,878
2021,4,30,15,20,892
2021,4,30,15,30,904
2021,4,30,15,40,913
2021,4,30,15,50,921
2021,4,30,16,0,926
2021,4,30,16,10,929
2021,4,30,16,20,930
2021,4,30,16,30,929
2021,4,30,16,40,925
2021,4,30,16,50,920
2021,4,30,17,0,912
2021,4,30,17,10,902
2021,4,30,17,20,880
2021,4,30,17,30,866
2021,4,30,17,40,849
2021,4,30,17,50,832
2021,4,30,18,0,812
2021,4,30,18,10,790
2021,4,30,18,20,766
2021,4,30,18,30,741
2021,4,30,18,40,714
2021,4,30,18,50,685
2021,4,30,19,0,655
2021,4,30,19,10,623
2021,4,30,19,20,589
2021,4,30,19,30,554
2021,4,30,19,40,519
2021,4,30,19,50,482
2021,4,30,20,0,438
2021,4,30,20,10,399
2021,4,30,20,20,359
2021,4,30,20,30,319
2021,4,30,20,40,278
2021,4,30,20,50,237
2021,4,30,21,0,196
2021,4,30,21,10,154
2021,4,30,21,20,115
2021,4,30,21,30,78
2021,4,30,21,40,44
2021,4,30,21,50,17
2021,4,30,22,0,0
2021,4,30,22,10,0
2021,4,30,22,20,0
2021,4,30,22,30,0
2021,4,30,22,40,0
2021,4,30,22,50,0
2021,4,30,23,0,0
2021,4,30,23,10,0
2021,4,30,23,20,0
2021,4,30,23,30,0
2021,4,30,23,40,0
2021,4,30,23,50,0
2021,5,1,0,0,0
2021,5,1,0,10,0
2021,5,1,0,20,0
2021,5,1,0,30,0
2021,5,1,0,40,0
2021,5,1,0,50,0
2021,5,1,1,0,0
2021,5,1,1,10,0
2021,5,1,1,20,0
2021,5,1,1,30,0
2021,5,1,1,40,0
2021,5,1,1,50,0
2021,5,1,2,0,0
2021,5,1,2,10,0
2021,5,1,2,20,0
2021,5,1,2,30,0
2021,5,1,2,40,0
2021,5,1,2,50,0
2021,5,1,3,0,0
2021,5,1,3,10,0
2021,5,1,3,20,0
2021,5,1,3,30,0
2021,5,1,3,40,0
2021,5,1,3,50,0
2021,5,1,4,0,0
2021,5,1,4,10,0
2021,5,1,4,20,0
2021,5,1,4,30,0
2021,5,1,4,40,0
2021,5,1,4,50,0
2021,5,1,5,0,0
2021,5,1,5,10,0
2021,5,1,5,20,0
2021,5,1,5,30,0
2021,5,1,5,40,0
2021,5,1,5,50,0
2021,5,1,6,0,0
2021,5,1,6,10,0
2021,5,1,6,20,0
2021,5,1,6,30,0
2021,5,1,6,40,0
2021,5,1,6,50,0
2021,5,1,7,0,0
2021,5,1,7,10,0
2021,5,1,7,20,0
2021,5,1,7,30,0
2021,5,1,7,40,0
2021,5,1,7,50,0
2021,5,1,8,0,0
2021,5,1,8,10,0
2021,5,1,8,20,0
2021,5,1,8,30,0
2021,5,1,8,40,0
2021,5,1,8,50,0
2021,5,1,9,0,0
2021,5,1,9,10,0
2021,5,1,9,20,0
2021,5,1,9,30,0
2021,5,1,9,40,0
2021,5,1,9,50,0
2021,5,1,10,0,0
2021,5,1,10,10,0
2021,5,1,10,20,0
2021,5,1,10,30,0
2021,5,1,10,40,0
2021,5,1,10,50,21
2021,5,1,11,0,51
2021,5,1,11,10,87
2021,5,1,11,20,127
2021,5,1,11,30,168
2021,5,1,11,40,210
2021,5,1,11,50,253
2021,5,1,12,0,190
2021,5,1,12,10,337
2021,5,1,12,20,379
2021,5,1,12,30,420
2021,5,1,12,40,460
2021,5,1,12,50,499
2021,5,1,13,0,537
2021,5,1,13,10,574
2021,5,1,13,20,609
2021,5,1,13,30,643
2021,5,1,13,40,676
2021,5,1,13,50,706
2021,5,1,14,0,736
2021,5,1,14,10,763
2021,5,1,14,20,789
2021,5,1,14,30,813
2021,5,1,14,40,821
2021,5,1,14,50,840
2021,5,1,15,0,858
2021,5,1,15,10,874
2021,5,1,15,20,887
2021,5,1,15,30,899
2021,5,1,15,40,909
2021,5,1,15,50,916
2021,5,1,16,0,921
2021,5,1,16,10,924
2021,5,1,16,20,925
2021,5,1,16,30,924
2021,5,1,16,40,921
2021,5,1,16,50,915
2021,5,1,17,0,908
2021,5,1,17,10,898
2021,5,1,17,20,886
2021,5,1,17,30,872
2021,5,1,17,40,856
2021,5,1,17,50,838
2021,5,1,18,0,818
2021,5,1,18,10,796
2021,5,1,18,20,773
2021,5,1,18,30,737
2021,5,1,18,40,710
2021,5,1,18,50,682
2021,5,1,19,0,651
2021,5,1,19,10,619
2021,5,1,19,20,586
2021,5,1,19,30,551
2021,5,1,19,40,515
2021,5,1,19,50,478
2021,5,1,20,0,440
2021,5,1,20,10,401
2021,5,1,20,20,356
2021,5,1,20,30,316
2021,5,1,20,40,275
2021,5,1,20,50,234
2021,5,1,21,0,194
2021,5,1,21,10,153
2021,5,1,21,20,114
2021,5,1,21,30,77
2021,5,1,21,40,42
2021,5,1,21,50,16
2021,5,1,22,0,0
2021,5,1,22,10,0
2021,5,1,22,20,0
2021,5,1,22,30,0
2021,5,1,22,40,0
2021,5,1,22,50,0
2021,5,1,23,0,0
2021,5,1,23,10,0
2021,5,1,23,20,0
2021,5,1,23,30,0
2021,5,1,23,40,0
2021,5,1,23,50,0
2021,5,2,0,0,0
2021,5,2,0,10,0
2021,5,2,0,20,0
2021,5,2,0,30,0
2021,5,2,0,40,0
2021,5,2,0,50,0
2021,5,2,1,0,0
2021,5,2,1,10,0
2021,5,2,1,20,0
2021,5,2,1,30,0
2021,5,2,1,40,0
2021,5,2,1,50,0
2021,5,2,2,0,0
2021,5,2,2,10,0
2021,5,2,2,20,0
2021,5,2,2,30,0
2021,5,2,2,40,0
2021,5,2,2,50,0
2021,5,2,3,0,0
2021,5,2,3,10,0
2021,5,2,3,20,0
2021,5,2,3,30,0
2021,5,2,3,40,0
2021,5,2,3,50,0
2021,5,2,4,0,0
2021,5,2,4,10,0
2021,5,2,4,20,0
2021,5,2,4,30,0
2021,5,2,4,40,0
2021,5,2,4,50,0
2021,5,2,5,0,0
2021,5,2,5,10,0
2021,5,2,5,20,0
2021,5,2,5,30,0
2021,5,2,5,40,0
2021,5,2,5,50,0
2021,5,2,6,0,0
2021,5,2,6,10,0
2021,5,2,6,20,0
2021,5,2,6,30,0
2021,5,2,6,40,0
2021,5,2,6,50,0
2021,5,2,7,0,0
2021,5,2,7,10,0
2021,5,2,7,20,0
2021,5,2,7,30,0
2021,5,2,7,40,0
2021,5,2,7,50,0
2021,5,2,8,0,0
2021,5,2,8,10,0
2021,5,2,8,20,0
2021,5,2,8,30,0
2021,5,2,8,40,0
2021,5,2,8,50,0
2021,5,2,9,0,0
2021,5,2,9,10,0
2021,5,2,9,20,0
2021,5,2,9,30,0
2021,5,2,9,40,0
2021,5,2,9,50,0
2021,5,2,10,0,0
2021,5,2,10,10,0
2021,5,2,10,20,0
2021,5,2,10,30,0
2021,5,2,10,40,0
2021,5,2,10,50,9
2021,5,2,11,0,32
2021,5,2,11,10,59
2021,5,2,11,20,94
2021,5,2,11,30,131
2021,5,2,11,40,115
2021,5,2,11,50,159
2021,5,2,12,0,229
2021,5,2,12,10,203
2021,5,2,12,20,234
2021,5,2,12,30,330
2021,5,2,12,40,363
2021,5,2,12,50,403
2021,5,2,13,0,436
2021,5,2,13,10,470
2021,5,2,13,20,499
2021,5,2,13,30,541
2021,5,2,13,40,517
2021,5,2,13,50,542
2021,5,2,14,0,571
2021,5,2,14,10,631
2021,5,2,14,20,773
2021,5,2,14,30,796
2021,5,2,14,40,818
2021,5,2,14,50,837
2021,5,2,15,0,855
2021,5,2,15,10,871
2021,5,2,15,20,885
2021,5,2,15,30,896
2021,5,2,15,40,906
2021,5,2,15,50,913
2021,5,2,16,0,919
2021,5,2,16,10,922
2021,5,2,16,20,922
2021,5,2,16,30,921
2021,5,2,16,40,917
2021,5,2,16,50,912
2021,5,2,17,0,904
2021,5,2,17,10,894
2021,5,2,17,20,883
2021,5,2,17,30,858
2021,5,2,17,40,841
2021,5,2,17,50,823
2021,5,2,18,0,803
2021,5,2,18,10,782
2021,5,2,18,20,758
2021,5,2,18,30,733
2021,5,2,18,40,705
2021,5,2,18,50,677
2021,5,2,19,0,646
2021,5,2,19,10,615
2021,5,2,19,20,581
2021,5,2,19,30,547
2021,5,2,19,40,511
2021,5,2,19,50,474
2021,5,2,20,0,435
2021,5,2,20,10,392
2021,5,2,20,20,352
2021,5,2,20,30,312
2021,5,2,20,40,272
2021,5,2,20,50,231
2021,5,2,21,0,190
2021,5,2,21,10,150
2021,5,2,21,20,111
2021,5,2,21,30,74
2021,5,2,21,40,41
2021,5,2,21,50,0
2021,5,2,22,0,0
2021,5,2,22,10,0
2021,5,2,22,20,0
2021,5,2,22,30,0
2021,5,2,22,40,0
2021,5,2,22,50,0
2021,5,2,23,0,0
2021,5,2,23,10,0
2021,5,2,23,20,0
2021,5,2,23,30,0
2021,5,2,23,40,0
2021,5,2,23,50,0
2021,5,3,0,0,0
2021,5,3,0,10,0
2021,5,3,0,20,0
2021,5,3,0,30,0
2021,5,3,0,40,0
2021,5,3,0,50,0
2021,5,3,1,0,0
2021,5,3,1,10,0
2021,5,3,1,20,0
2021,5,3,1,30,0
2021,5,3,1,40,0
2021,5,3,1,50,0
2021,5,3,2,0,0
2021,5,3,2,10,0
2021,5,3,2,20,0
2021,5,3,2,30,0
2021,5,3,2,40,0
2021,5,3,2,50,0
2021,5,3,3,0,0
2021,5,3,3,10,0
2021,5,3,3,20,0
2021,5,3,3,30,0
2021,5,3,3,40,0
2021,5,3,3,50,0
2021,5,3,4,0,0
2021,5,3,4,10,0
2021,5,3,4,20,0
2021,5,3,4,30,0
2021,5,3,4,40,0
2021,5,3,4,50,0
2021,5,3,5,0,0
2021,5,3,5,10,0
2021,5,3,5,20,0
2021,5,3,5,30,0
2021,5,3,5,40,0
2021,5,3,5,50,0
2021,5,3,6,0,0
2021,5,3,6,10,0
2021,5,3,6,20,0
2021,5,3,6,30,0
2021,5,3,6,40,0
2021,5,3,6,50,0
2021,5,3,7,0,0
2021,5,3,7,10,0
2021,5,3,7,20,0
2021,5,3,7,30,0
2021,5,3,7,40,0
2021,5,3,7,50,0
2021,5,3,8,0,0
2021,5,3,8,10,0
2021,5,3,8,20,0
2021,5,3,8,30,0
2021,5,3,8,40,0
2021,5,3,8,50,0
2021,5,3,9,0,0
2021,5,3,9,10,0
2021,5,3,9,20,0
2021,5,3,9,30,0
2021,5,3,9,40,0
2021,5,3,9,50,0
2021,5,3,10,0,0
2021,5,3,10,10,0
2021,5,3,10,20,0
2021,5,3,10,30,0
2021,5,3,10,40,0
2021,5,3,10,50,8
2021,5,3,11,0,30
2021,5,3,11,10,81
2021,5,3,11,20,120
2021,5,3,11,30,160
2021,5,3,11,40,201
2021,5,3,11,50,243
2021,5,3,12,0,284
2021,5,3,12,10,326
2021,5,3,12,20,246
2021,5,3,12,30,407
2021,5,3,12,40,446
2021,5,3,12,50,484
2021,5,3,13,0,521
2021,5,3,13,10,557
2021,5,3,13,20,592
2021,5,3,13,30,625
2021,5,3,13,40,657
2021,5,3,13,50,688
2021,5,3,14,0,716
2021,5,3,14,10,743
2021,5,3,14,20,769
2021,5,3,14,30,792
2021,5,3,14,40,813
2021,5,3,14,50,833
2021,5,3,15,0,850
2021,5,3,15,10,866
2021,5,3,15,20,880
2021,5,3,15,30,880
2021,5,3,15,40,890
2021,5,3,15,50,897
2021,5,3,16,0,902
2021,5,3,16,10,905
2021,5,3,16,20,906
2021,5,3,16,30,905
2021,5,3,16,40,902
2021,5,3,16,50,896
2021,5,3,17,0,888
2021,5,3,17,10,879
2021,5,3,17,20,867
2021,5,3,17,30,853
2021,5,3,17,40,837
2021,5,3,17,50,819
2021,5,3,18,0,799
2021,5,3,18,10,778
2021,5,3,18,20,754
2021,5,3,18,30,729
2021,5,3,18,40,702
2021,5,3,18,50,673
2021,5,3,19,0,643
2021,5,3,19,10,611
2021,5,3,19,20,578
2021,5,3,19,30,543
2021,5,3,19,40,508
2021,5,3,19,50,470
2021,5,3,20,0,432
2021,5,3,20,10,393
2021,5,3,20,20,353
2021,5,3,20,30,313
2021,5,3,20,40,272
2021,5,3,20,50,231
2021,5,3,21,0,190
2021,5,3,21,10,150
2021,5,3,21,20,110
2021,5,3,21,30,73
2021,5,3,21,40,40
2021,5,3,21,50,0
2021,5,3,22,0,0
2021,5,3,22,10,0
2021,5,3,22,20,0
2021,5,3,22,30,0
2021,5,3,22,40,0
2021,5,3,22,50,0
2021,5,3,23,0,0
2021,5,3,23,10,0
2021,5,3,23,20,0
2021,5,3,23,30,0
2021,5,3,23,40,0
2021,5,3,23,50,0
2021,5,4,0,0,0
2021,5,4,0,10,0
2021,5,4,0,20,0
2021,5,4,0,30,0
2021,5,4,0,40,0
2021,5,4,0,50,0
2021,5,4,1,0,0
2021,5,4,1,10,0
2021,5,4,1,20,0
2021,5,4,1,30,0
2021,5,4,1,40,0
2021,5,4,1,50,0
2021,5,4,2,0,0
2021,5,4,2,10,0
2021,5,4,2,20,0
2021,5,4,2,30,0
2021,5,4,2,40,0
2021,5,4,2,50,0
2021,5,4,3,0,0
2021,5,4,3,10,0
2021,5,4,3,20,0
2021,5,4,3,30,0
2021,5,4,3,40,0
2021,5,4,3,50,0
2021,5,4,4,0,0
2021,5,4,4,10,0
2021,5,4,4,20,0
2021,5,4,4,30,0
2021,5,4,4,40,0
2021,5,4,4,50,0
2021,5,4,5,0,0
2021,5,4,5,10,0
2021,5,4,5,20,0
2021,5,4,5,30,0
2021,5,4,5,40,0
2021,5,4,5,50,0
2021,5,4,6,0,0
2021,5,4,6,10,0
2021,5,4,6,20,0
2021,5,4,6,30,0
2021,5,4,6,40,0
2021,5,4,6,50,0
2021,5,4,7,0,0
2021,5,4,7,10,0
2021,5,4,7,20,0
2021,5,4,7,30,0
2021,5,4,7,40,0
2021,5,4,7,50,0
2021,5,4,8,0,0
2021,5,4,8,10,0
2021,5,4,8,20,0
2021,5,4,8,30,0
2021,5,4,8,40,0
2021,5,4,8,50,0
2021,5,4,9,0,0
2021,5,4,9,10,0
2021,5,4,9,20,0
2021,5,4,9,30,0
2021,5,4,9,40,0
2021,5,4,9,50,0
2021,5,4,10,0,0
2021,5,4,10,10,0
2021,5,4,10,20,0
2021,5,4,10,30,0
2021,5,4,10,40,0
2021,5,4,10,50,7
2021,5,4,11,0,26
2021,5,4,11,10,46
2021,5,4,11,20,60
2021,5,4,11,30,94
2021,5,4,11,40,120
2021,5,4,11,50,133
2021,5,4,12,0,154
2021,5,4,12,10,201
2021,5,4,12,20,295
2021,5,4,12,30,310
2021,5,4,12,40,291
2021,5,4,12,50,369
2021,5,4,13,0,406
2021,5,4,13,10,534
2021,5,4,13,20,564
2021,5,4,13,30,596
2021,5,4,13,40,627
2021,5,4,13,50,657
2021,5,4,14,0,684
2021,5,4,14,10,711
2021,5,4,14,20,735
2021,5,4,14,30,758
2021,5,4,14,40,780
2021,5,4,14,50,799
2021,5,4,15,0,812
2021,5,4,15,10,827
2021,5,4,15,20,840
2021,5,4,15,30,851
2021,5,4,15,40,682
2021,5,4,15,50,868
2021,5,4,16,0,873
2021,5,4,16,10,876
2021,5,4,16,20,691
2021,5,4,16,30,876
2021,5,4,16,40,868
2021,5,4,16,50,863
2021,5,4,17,0,856
2021,5,4,17,10,846
2021,5,4,17,20,834
2021,5,4,17,30,821
2021,5,4,17,40,805
2021,5,4,17,50,788
2021,5,4,18,0,768
2021,5,4,18,10,747
2021,5,4,18,20,724
2021,5,4,18,30,696
2021,5,4,18,40,669
2021,5,4,18,50,642
2021,5,4,19,0,612
2021,5,4,19,10,581
2021,5,4,19,20,549
2021,5,4,19,30,515
2021,5,4,19,40,480
2021,5,4,19,50,427
2021,5,4,20,0,294
2021,5,4,20,10,293
2021,5,4,20,20,329
2021,5,4,20,30,220
2021,5,4,20,40,162
2021,5,4,20,50,158
2021,5,4,21,0,139
2021,5,4,21,10,114
2021,5,4,21,20,73
2021,5,4,21,30,41
2021,5,4,21,40,21
2021,5,4,21,50,0
2021,5,4,22,0,0
2021,5,4,22,10,0
2021,5,4,22,20,0
2021,5,4,22,30,0
2021,5,4,22,40,0
2021,5,4,22,50,0
2021,5,4,23,0,0
2021,5,4,23,10,0
2021,5,4,23,20,0
2021,5,4,23,30,0
2021,5,4,23,40,0
2021,5,4,23,50,0
2021,5,5,0,0,0
2021,5,5,0,10,0
2021,5,5,0,20,0
2021,5,5,0,30,0
2021,5,5,0,40,0
2021,5,5,0,50,0
2021,5,5,1,0,0
2021,5,5,1,10,0
2021,5,5,1,20,0
2021,5,5,1,30,0
2021,5,5,1,40,0
2021,5,5,1,50,0
2021,5,5,2,0,0
2021,5,5,2,10,0
2021,5,5,2,20,0
2021,5,5,2,30,0
2021,5,5,2,40,0
2021,5,5,2,50,0
2021,5,5,3,0,0
2021,5,5,3,10,0
2021,5,5,3,20,0
2021,5,5,3,30,0
2021,5,5,3,40,0
2021,5,5,3,50,0
2021,5,5,4,0,0
2021,5,5,4,10,0
2021,5,5,4,20,0
2021,5,5,4,30,0
2021,5,5,4,40,0
2021,5,5,4,50,0
2021,5,5,5,0,0
2021,5,5,5,10,0
2021,5,5,5,20,0
2021,5,5,5,30,0
2021,5,5,5,40,0
2021,5,5,5,50,0
2021,5,5,6,0,0
2021,5,5,6,10,0
2021,5,5,6,20,0
2021,5,5,6,30,0
2021,5,5,6,40,0
2021,5,5,6,50,0
2021,5,5,7,0,0
2021,5,5,7,10,0
2021,5,5,7,20,0
2021,5,5,7,30,0
2021,5,5,7,40,0
2021,5,5,7,50,0
2021,5,5,8,0,0
2021,5,5,8,10,0
2021,5,5,8,20,0
2021,5,5,8,30,0
2021,5,5,8,40,0
2021,5,5,8,50,0
2021,5,5,9,0,0
2021,5,5,9,10,0
2021,5,5,9,20,0
2021,5,5,9,30,0
2021,5,5,9,40,0
2021,5,5,9,50,0
2021,5,5,10,0,0
2021,5,5,10,10,0
2021,5,5,10,20,0
2021,5,5,10,30,0
2021,5,5,10,40,0
2021,5,5,10,50,14
2021,5,5,11,0,37
2021,5,5,11,10,67
2021,5,5,11,20,20
2021,5,5,11,30,23
2021,5,5,11,40,177
2021,5,5,11,50,71
2021,5,5,12,0,92
2021,5,5,12,10,154
2021,5,5,12,20,332
2021,5,5,12,30,370
2021,5,5,12,40,408
2021,5,5,12,50,444
2021,5,5,13,0,480
2021,5,5,13,10,514
2021,5,5,13,20,547
2021,5,5,13,30,579
2021,5,5,13,40,610
2021,5,5,13,50,639
2021,5,5,14,0,669
2021,5,5,14,10,695
2021,5,5,14,20,719
2021,5,5,14,30,741
2021,5,5,14,40,762
2021,5,5,14,50,781
2021,5,5,15,0,797
2021,5,5,15,10,812
2021,5,5,15,20,826
2021,5,5,15,30,837
2021,5,5,15,40,846
2021,5,5,15,50,853
2021,5,5,16,0,858
2021,5,5,16,10,861
2021,5,5,16,20,861
2021,5,5,16,30,860
2021,5,5,16,40,857
2021,5,5,16,50,851
2021,5,5,17,0,844
2021,5,5,17,10,834
2021,5,5,17,20,602
2021,5,5,17,30,790
2021,5,5,17,40,797
2021,5,5,17,50,749
2021,5,5,18,0,750
2021,5,5,18,10,696
2021,5,5,18,20,716
2021,5,5,18,30,692
2021,5,5,18,40,665
2021,5,5,18,50,637
2021,5,5,19,0,608
2021,5,5,19,10,577
2021,5,5,19,20,545
2021,5,5,19,30,511
2021,5,5,19,40,476
2021,5,5,19,50,441
2021,5,5,20,0,404
2021,5,5,20,10,366
2021,5,5,20,20,328
2021,5,5,20,30,289
2021,5,5,20,40,216
2021,5,5,20,50,194
2021,5,5,21,0,148
2021,5,5,21,10,117
2021,5,5,21,20,80
2021,5,5,21,30,48
2021,5,5,21,40,22
2021,5,5,21,50,0
2021,5,5,22,0,0
2021,5,5,22,10,0
2021,5,5,22,20,0
2021,5,5,22,30,0
2021,5,5,22,40,0
2021,5,5,22,50,0
2021,5,5,23,0,0
2021,5,5,23,10,0
2021,5,5,23,20,0
2021,5,5,23,30,0
2021,5,5,23,40,0
2021,5,5,23,50,0
2021,5,6,0,0,0
2021,5,6,0,10,0
2021,5,6,0,20,0
2021,5,6,0,30,0
2021,5,6,0,40,0
2021,5,6,0,50,0
2021,5,6,1,0,0
2021,5,6,1,10,0
2021,5,6,1,20,0
2021,5,6,1,30,0
2021,5,6,1,40,0
2021,5,6,1,50,0
2021,5,6,2,0,0
2021,5,6,2,10,0
2021,5,6,2,20,0
2021,5,6,2,30,0
2021,5,6,2,40,0
2021,5,6,2,50,0
2021,5,6,3,0,0
2021,5,6,3,10,0
2021,5,6,3,20,0
2021,5,6,3,30,0
2021,5,6,3,40,0
2021,5,6,3,50,0
2021,5,6,4,0,0
2021,5,6,4,10,0
2021,5,6,4,20,0
2021,5,6,4,30,0
2021,5,6,4,40,0
2021,5,6,4,50,0
2021,5,6,5,0,0
2021,5,6,5,10,0
2021,5,6,5,20,0
2021,5,6,5,30,0
2021,5,6,5,40,0
2021,5,6,5,50,0
2021,5,6,6,0,0
2021,5,6,6,10,0
2021,5,6,6,20,0
2021,5,6,6,30,0
2021,5,6,6,40,0
2021,5,6,6,50,0
2021,5,6,7,0,0
2021,5,6,7,10,0
2021,5,6,7,20,0
2021,5,6,7,30,0
2021,5,6,7,40,0
2021,5,6,7,50,0
2021,5,6,8,0,0
2021,5,6,8,10,0
2021,5,6,8,20,0
2021,5,6,8,30,0
2021,5,6,8,40,0
2021,5,6,8,50,0
2021,5,6,9,0,0
2021,5,6,9,10,0
2021,5,6,9,20,0
2021,5,6,9,30,0
2021,5,6,9,40,0
2021,5,6,9,50,0
2021,5,6,10,0,0
2021,5,6,10,10,0
2021,5,6,10,20,0
2021,5,6,10,30,0
2021,5,6,10,40,0
2021,5,6,10,50,0
2021,5,6,11,0,23
2021,5,6,11,10,45
2021,5,6,11,20,77
2021,5,6,11,30,76
2021,5,6,11,40,93
2021,5,6,11,50,169
2021,5,6,12,0,156
2021,5,6,12,10,246
2021,5,6,12,20,265
2021,5,6,12,30,266
2021,5,6,12,40,331
2021,5,6,12,50,366
2021,5,6,13,0,415
2021,5,6,13,10,440
2021,5,6,13,20,495
2021,5,6,13,30,516
2021,5,6,13,40,558
2021,5,6,13,50,677
2021,5,6,14,0,594
2021,5,6,14,10,635
2021,5,6,14,20,748
2021,5,6,14,30,771
2021,5,6,14,40,792
2021,5,6,14,50,812
2021,5,6,15,0,829
2021,5,6,15,10,845
2021,5,6,15,20,736
2021,5,6,15,30,731
2021,5,6,15,40,737
2021,5,6,15,50,714
2021,5,6,16,0,677
2021,5,6,16,10,641
2021,5,6,16,20,618
2021,5,6,16,30,699
2021,5,6,16,40,688
2021,5,6,16,50,645
2021,5,6,17,0,661
2021,5,6,17,10,634
2021,5,6,17,20,681
2021,5,6,17,30,670
2021,5,6,17,40,656
2021,5,6,17,50,624
2021,5,6,18,0,593
2021,5,6,18,10,600
2021,5,6,18,20,705
2021,5,6,18,30,717
2021,5,6,18,40,690
2021,5,6,18,50,661
2021,5,6,19,0,631
2021,5,6,19,10,438
2021,5,6,19,20,482
2021,5,6,19,30,348
2021,5,6,19,40,387
2021,5,6,19,50,390
2021,5,6,20,0,336
2021,5,6,20,10,259
2021,5,6,20,20,306
2021,5,6,20,30,299
2021,5,6,20,40,189
2021,5,6,20,50,181
2021,5,6,21,0,179
2021,5,6,21,10,139
2021,5,6,21,20,101
2021,5,6,21,30,65
2021,5,6,21,40,34
2021,5,6,21,50,0
2021,5,6,22,0,0
2021,5,6,22,10,0
2021,5,6,22,20,0
2021,5,6,22,30,0
2021,5,6,22,40,0
2021,5,6,22,50,0
2021,5,6,23,0,0
2021,5,6,23,10,0
2021,5,6,23,20,0
2021,5,6,23,30,0
2021,5,6,23,40,0
2021,5,6,23,50,0
2021,5,7,0,0,0
2021,5,7,0,10,0
2021,5,7,0,20,0
2021,5,7,0,30,0
2021,5,7,0,40,0
2021,5,7,0,50,0
2021,5,7,1,0,0
2021,5,7,1,10,0
2021,5,7,1,20,0
2021,5,7,1,30,0
2021,5,7,1,40,0
2021,5,7,1,50,0
2021,5,7,2,0,0
2021,5,7,2,10,0
2021,5,7,2,20,0
2021,5,7,2,30,0
2021,5,7,2,40,0
2021,5,7,2,50,0
2021,5,7,3,0,0
2021,5,7,3,10,0
2021,5,7,3,20,0
2021,5,7,3,30,0
2021,5,7,3,40,0
2021,5,7,3,50,0
2021,5,7,4,0,0
2021,5,7,4,10,0
2021,5,7,4,20,0
2021,5,7,4,30,0
2021,5,7,4,40,0
2021,5,7,4,50,0
2021,5,7,5,0,0
2021,5,7,5,10,0
2021,5,7,5,20,0
2021,5,7,5,30,0
2021,5,7,5,40,0
2021,5,7,5,50,0
2021,5,7,6,0,0
2021,5,7,6,10,0
2021,5,7,6,20,0
2021,5,7,6,30,0
2021,5,7,6,40,0
2021,5,7,6,50,0
2021,5,7,7,0,0
2021,5,7,7,10,0
2021,5,7,7,20,0
2021,5,7,7,30,0
2021,5,7,7,40,0
2021,5,7,7,50,0
2021,5,7,8,0,0
2021,5,7,8,10,0
2021,5,7,8,20,0
2021,5,7,8,30,0
2021,5,7,8,40,0
2021,5,7,8,50,0
2021,5,7,9,0,0
2021,5,7,9,10,0
2021,5,7,9,20,0
2021,5,7,9,30,0
2021,5,7,9,40,0
2021,5,7,9,50,0
2021,5,7,10,0,0
2021,5,7,10,10,0
2021,5,7,10,20,0
2021,5,7,10,30,0
2021,5,7,10,40,0
2021,5,7,10,50,0
2021,5,7,11,0,39
2021,5,7,11,10,71
2021,5,7,11,20,85
2021,5,7,11,30,146
2021,5,7,11,40,186
2021,5,7,11,50,226
2021,5,7,12,0,153
2021,5,7,12,10,306
2021,5,7,12,20,223
2021,5,7,12,30,260
2021,5,7,12,40,423
2021,5,7,12,50,460
2021,5,7,13,0,496
2021,5,7,13,10,531
2021,5,7,13,20,565
2021,5,7,13,30,598
2021,5,7,13,40,629
2021,5,7,13,50,658
2021,5,7,14,0,686
2021,5,7,14,10,712
2021,5,7,14,20,737
2021,5,7,14,30,760
2021,5,7,14,40,781
2021,5,7,14,50,800
2021,5,7,15,0,817
2021,5,7,15,10,832
2021,5,7,15,20,845
2021,5,7,15,30,857
2021,5,7,15,40,866
2021,5,7,15,50,873
2021,5,7,16,0,878
2021,5,7,16,10,881
2021,5,7,16,20,882
2021,5,7,16,30,881
2021,5,7,16,40,877
2021,5,7,16,50,865
2021,5,7,17,0,858
2021,5,7,17,10,848
2021,5,7,17,20,836
2021,5,7,17,30,823
2021,5,7,17,40,807
2021,5,7,17,50,789
2021,5,7,18,0,770
2021,5,7,18,10,748
2021,5,7,18,20,725
2021,5,7,18,30,701
2021,5,7,18,40,674
2021,5,7,18,50,646
2021,5,7,19,0,616
2021,5,7,19,10,585
2021,5,7,19,20,552
2021,5,7,19,30,518
2021,5,7,19,40,483
2021,5,7,19,50,447
2021,5,7,20,0,406
2021,5,7,20,10,368
2021,5,7,20,20,330
2021,5,7,20,30,291
2021,5,7,20,40,251
2021,5,7,20,50,211
2021,5,7,21,0,172
2021,5,7,21,10,133
2021,5,7,21,20,96
2021,5,7,21,30,61
2021,5,7,21,40,31
2021,5,7,21,50,0
2021,5,7,22,0,0
2021,5,7,22,10,0
2021,5,7,22,20,0
2021,5,7,22,30,0
2021,5,7,22,40,0
2021,5,7,22,50,0
2021,5,7,23,0,0
2021,5,7,23,10,0
2021,5,7,23,20,0
2021,5,7,23,30,0
2021,5,7,23,40,0
2021,5,7,23,50,0
2021,5,8,0,0,0
2021,5,8,0,10,0
2021,5,8,0,20,0
2021,5,8,0,30,0
2021,5,8,0,40,0
2021,5,8,0,50,0
2021,5,8,1,0,0
2021,5,8,1,10,0
2021,5,8,1,20,0
2021,5,8,1,30,0
2021,5,8,1,40,0
2021,5,8,1,50,0
2021,5,8,2,0,0
2021,5,8,2,10,0
2021,5,8,2,20,0
2021,5,8,2,30,0
2021,5,8,2,40,0
2021,5,8,2,50,0
2021,5,8,3,0,0
2021,5,8,3,10,0
2021,5,8,3,20,0
2021,5,8,3,30,0
2021,5,8,3,40,0
2021,5,8,3,50,0
2021,5,8,4,0,0
2021,5,8,4,10,0
2021,5,8,4,20,0
2021,5,8,4,30,0
2021,5,8,4,40,0
2021,5,8,4,50,0
2021,5,8,5,0,0
2021,5,8,5,10,0
2021,5,8,5,20,0
2021,5,8,5,30,0
2021,5,8,5,40,0
2021,5,8,5,50,0
2021,5,8,6,0,0
2021,5,8,6,10,0
2021,5,8,6,20,0
2021,5,8,6,30,0
2021,5,8,6,40,0
2021,5,8,6,50,0
2021,5,8,7,0,0
2021,5,8,7,10,0
2021,5,8,7,20,0
2021,5,8,7,30,0
2021,5,8,7,40,0
2021,5,8,7,50,0
2021,5,8,8,0,0
2021,5,8,8,10,0
2021,5,8,8,20,0
2021,5,8,8,30,0
2021,5,8,8,40,0
2021,5,8,8,50,0
2021,5,8,9,0,0
2021,5,8,9,10,0
2021,5,8,9,20,0
2021,5,8,9,30,0
2021,5,8,9,40,0
2021,5,8,9,50,0
2021,5,8,10,0,0
2021,5,8,10,10,0
2021,5,8,10,20,0
2021,5,8,10,30,0
2021,5,8,10,40,0
2021,5,8,10,50,0
2021,5,8,11,0,16
2021,5,8,11,10,70
2021,5,8,11,20,106
2021,5,8,11,30,113
2021,5,8,11,40,135
2021,5,8,11,50,124
2021,5,8,12,0,203
2021,5,8,12,10,240
2021,5,8,12,20,268
2021,5,8,12,30,234
2021,5,8,12,40,341
2021,5,8,12,50,405
2021,5,8,13,0,395
2021,5,8,13,10,441
2021,5,8,13,20,400
2021,5,8,13,30,594
2021,5,8,13,40,559
2021,5,8,13,50,554
2021,5,8,14,0,502
2021,5,8,14,10,564
2021,5,8,14,20,634
2021,5,8,14,30,539
2021,5,8,14,40,641
2021,5,8,14,50,662
2021,5,8,15,0,644
2021,5,8,15,10,594
2021,5,8,15,20,580
2021,5,8,15,30,544
2021,5,8,15,40,663
2021,5,8,15,50,635
2021,5,8,16,0,723
2021,5,8,16,10,666
2021,5,8,16,20,551
2021,5,8,16,30,599
2021,5,8,16,40,866
2021,5,8,16,50,664
2021,5,8,17,0,605
2021,5,8,17,10,578
2021,5,8,17,20,437
2021,5,8,17,30,519
2021,5,8,17,40,467
2021,5,8,17,50,647
2021,5,8,18,0,556
2021,5,8,18,10,559
2021,5,8,18,20,569
2021,5,8,18,30,399
2021,5,8,18,40,457
2021,5,8,18,50,470
2021,5,8,19,0,441
2021,5,8,19,10,412
2021,5,8,19,20,392
2021,5,8,19,30,341
2021,5,8,19,40,179
2021,5,8,19,50,216
2021,5,8,20,0,169
2021,5,8,20,10,101
2021,5,8,20,20,19
2021,5,8,20,30,99
2021,5,8,20,40,188
2021,5,8,20,50,112
2021,5,8,21,0,104
2021,5,8,21,10,73
2021,5,8,21,20,63
2021,5,8,21,30,37
2021,5,8,21,40,19
2021,5,8,21,50,0
2021,5,8,22,0,0
2021,5,8,22,10,0
2021,5,8,22,20,0
2021,5,8,22,30,0
2021,5,8,22,40,0
2021,5,8,22,50,0
2021,5,8,23,0,0
2021,5,8,23,10,0
2021,5,8,23,20,0
2021,5,8,23,30,0
2021,5,8,23,40,0
2021,5,8,23,50,0
2021,5,9,0,0,0
2021,5,9,0,10,0
2021,5,9,0,20,0
2021,5,9,0,30,0
2021,5,9,0,40,0
2021,5,9,0,50,0
2021,5,9,1,0,0
2021,5,9,1,10,0
2021,5,9,1,20,0
2021,5,9,1,30,0
2021,5,9,1,40,0
2021,5,9,1,50,0
2021,5,9,2,0,0
2021,5,9,2,10,0
2021,5,9,2,20,0
2021,5,9,2,30,0
2021,5,9,2,40,0
2021,5,9,2,50,0
2021,5,9,3,0,0
2021,5,9,3,10,0
2021,5,9,3,20,0
2021,5,9,3,30,0
2021,5,9,3,40,0
2021,5,9,3,50,0
2021,5,9,4,0,0
2021,5,9,4,10,0
2021,5,9,4,20,0
2021,5,9,4,30,0
2021,5,9,4,40,0
2021,5,9,4,50,0
2021,5,9,5,0,0
2021,5,9,5,10,0
2021,5,9,5,20,0
2021,5,9,5,30,0
2021,5,9,5,40,0
2021,5,9,5,50,0
2021,5,9,6,0,0
2021,5,9,6,10,0
2021,5,9,6,20,0
2021,5,9,6,30,0
2021,5,9,6,40,0
2021,5,9,6,50,0
2021,5,9,7,0,0
2021,5,9,7,10,0
2021,5,9,7,20,0
2021,5,9,7,30,0
2021,5,9,7,40,0
2021,5,9,7,50,0
2021,5,9,8,0,0
2021,5,9,8,10,0
2021,5,9,8,20,0
2021,5,9,8,30,0
2021,5,9,8,40,0
2021,5,9,8,50,0
2021,5,9,9,0,0
2021,5,9,9,10,0
2021,5,9,9,20,0
2021,5,9,9,30,0
2021,5,9,9,40,0
2021,5,9,9,50,0
2021,5,9,10,0,0
2021,5,9,10,10,0
2021,5,9,10,20,0
2021,5,9,10,30,0
2021,5,9,10,40,0
2021,5,9,10,50,0
2021,5,9,11,0,33
2021,5,9,11,10,63
2021,5,9,11,20,97
2021,5,9,11,30,133
2021,5,9,11,40,171
2021,5,9,11,50,210
2021,5,9,12,0,248
2021,5,9,12,10,287
2021,5,9,12,20,325
2021,5,9,12,30,363
2021,5,9,12,40,401
2021,5,9,12,50,361
2021,5,9,13,0,388
2021,5,9,13,10,507
2021,5,9,13,20,540
2021,5,9,13,30,572
2021,5,9,13,40,603
2021,5,9,13,50,632
2021,5,9,14,0,660
2021,5,9,14,10,685
2021,5,9,14,20,710
2021,5,9,14,30,732
2021,5,9,14,40,754
2021,5,9,14,50,772
2021,5,9,15,0,793
2021,5,9,15,10,804
2021,5,9,15,20,817
2021,5,9,15,30,828
2021,5,9,15,40,837
2021,5,9,15,50,844
2021,5,9,16,0,849
2021,5,9,16,10,852
2021,5,9,16,20,852
2021,5,9,16,30,851
2021,5,9,16,40,848
2021,5,9,16,50,842
2021,5,9,17,0,835
2021,5,9,17,10,825
2021,5,9,17,20,814
2021,5,9,17,30,800
2021,5,9,17,40,784
2021,5,9,17,50,767
2021,5,9,18,0,748
2021,5,9,18,10,723
2021,5,9,18,20,701
2021,5,9,18,30,676
2021,5,9,18,40,95
2021,5,9,18,50,621
2021,5,9,19,0,592
2021,5,9,19,10,414
2021,5,9,19,20,529
2021,5,9,19,30,438
2021,5,9,19,40,156
2021,5,9,19,50,282
2021,5,9,20,0,112
2021,5,9,20,10,260
2021,5,9,20,20,243
2021,5,9,20,30,69
2021,5,9,20,40,147
2021,5,9,20,50,109
2021,5,9,21,0,93
2021,5,9,21,10,63
2021,5,9,21,20,61
2021,5,9,21,30,35
2021,5,9,21,40,17
2021,5,9,21,50,0
2021,5,9,22,0,0
2021,5,9,22,10,0
2021,5,9,22,20,0
2021,5,9,22,30,0
2021,5,9,22,40,0
2021,5,9,22,50,0
2021,5,9,23,0,0
2021,5,9,23,10,0
2021,5,9,23,20,0
2021,5,9,23,30,0
2021,5,9,23,40,0
2021,5,9,23,50,0
2021,5,10,0,0,0
2021,5,10,0,10,0
2021,5,10,0,20,0
2021,5,10,0,30,0
2021,5,10,0,40,0
2021,5,10,0,50,0
2021,5,10,1,0,0
2021,5,10,1,10,0
2021,5,10,1,20,0
2021,5,10,1,30,0
2021,5,10,1,40,0
2021,5,10,1,50,0
2021,5,10,2,0,0
2021,5,10,2,10,0
2021,5,10,2,20,0
2021,5,10,2,30,0
2021,5,10,2,40,0
2021,5,10,2,50,0
2021,5,10,3,0,0
2021,5,10,3,10,0
2021,5,10,3,20,0
2021,5,10,3,30,0
2021,5,10,3,40,0
2021,5,10,3,50,0
2021,5,10,4,0,0
2021,5,10,4,10,0
2021,5,10,4,20,0
2021,5,10,4,30,0
2021,5,10,4,40,0
2021,5,10,4,50,0
2021,5,10,5,0,0
2021,5,10,5,10,0
2021,5,10,5,20,0
2021,5,10,5,30,0
2021,5,10,5,40,0
2021,5,10,5,50,0
2021,5,10,6,0,0
2021,5,10,6,10,0
2021,5,10,6,20,0
2021,5,10,6,30,0
2021,5,10,6,40,0
2021,5,10,6,50,0
2021,5,10,7,0,0
2021,5,10,7,10,0
2021,5,10,7,20,0
2021,5,10,7,30,0
2021,5,10,7,40,0
2021,5,10,7,50,0
2021,5,10,8,0,0
2021,5,10,8,10,0
2021,5,10,8,20,0
2021,5,10,8,30,0
2021,5,10,8,40,0
2021,5,10,8,50,0
2021,5,10,9,0,0
2021,5,10,9,10,0
2021,5,10,9,20,0
2021,5,10,9,30,0
2021,5,10,9,40,0
2021,5,10,9,50,0
2021,5,10,10,0,0
2021,5,10,10,10,0
2021,5,10,10,20,0
2021,5,10,10,30,0
2021,5,10,10,40,0
2021,5,10,10,50,0
2021,5,10,11,0,17
2021,5,10,11,10,62
2021,5,10,11,20,39
2021,5,10,11,30,132
2021,5,10,11,40,170
2021,5,10,11,50,209
2021,5,10,12,0,248
2021,5,10,12,10,286
2021,5,10,12,20,325
2021,5,10,12,30,362
2021,5,10,12,40,400
2021,5,10,12,50,436
2021,5,10,13,0,471
2021,5,10,13,10,505
2021,5,10,13,20,538
2021,5,10,13,30,570
2021,5,10,13,40,600
2021,5,10,13,50,629
2021,5,10,14,0,657
2021,5,10,14,10,682
2021,5,10,14,20,706
2021,5,10,14,30,729
2021,5,10,14,40,749
2021,5,10,14,50,771
2021,5,10,15,0,788
2021,5,10,15,10,803
2021,5,10,15,20,816
2021,5,10,15,30,827
2021,5,10,15,40,835
2021,5,10,15,50,842
2021,5,10,16,0,847
2021,5,10,16,10,850
2021,5,10,16,20,851
2021,5,10,16,30,849
2021,5,10,16,40,845
2021,5,10,16,50,840
2021,5,10,17,0,832
2021,5,10,17,10,823
2021,5,10,17,20,811
2021,5,10,17,30,797
2021,5,10,17,40,780
2021,5,10,17,50,759
2021,5,10,18,0,739
2021,5,10,18,10,718
2021,5,10,18,20,695
2021,5,10,18,30,671
2021,5,10,18,40,645
2021,5,10,18,50,617
2021,5,10,19,0,588
2021,5,10,19,10,557
2021,5,10,19,20,525
2021,5,10,19,30,407
2021,5,10,19,40,456
2021,5,10,19,50,335
2021,5,10,20,0,370
2021,5,10,20,10,347
2021,5,10,20,20,228
2021,5,10,20,30,236
2021,5,10,20,40,223
2021,5,10,20,50,194
2021,5,10,21,0,155
2021,5,10,21,10,107
2021,5,10,21,20,83
2021,5,10,21,30,33
2021,5,10,21,40,16
2021,5,10,21,50,0
2021,5,10,22,0,0
2021,5,10,22,10,0
2021,5,10,22,20,0
2021,5,10,22,30,0
2021,5,10,22,40,0
2021,5,10,22,50,0
2021,5,10,23,0,0
2021,5,10,23,10,0
2021,5,10,23,20,0
2021,5,10,23,30,0
2021,5,10,23,40,0
2021,5,10,23,50,0
2021,5,11,0,0,0
2021,5,11,0,10,0
2021,5,11,0,20,0
2021,5,11,0,30,0
2021,5,11,0,40,0
2021,5,11,0,50,0
2021,5,11,1,0,0
2021,5,11,1,10,0
2021,5,11,1,20,0
2021,5,11,1,30,0
2021,5,11,1,40,0
2021,5,11,1,50,0
2021,5,11,2,0,0
2021,5,11,2,10,0
2021,5,11,2,20,0
2021,5,11,2,30,0
2021,5,11,2,40,0
2021,5,11,2,50,0
2021,5,11,3,0,0
2021,5,11,3,10,0
2021,5,11,3,20,0
2021,5,11,3,30,0
2021,5,11,3,40,0
2021,5,11,3,50,0
2021,5,11,4,0,0
2021,5,11,4,10,0
2021,5,11,4,20,0
2021,5,11,4,30,0
2021,5,11,4,40,0
2021,5,11,4,50,0
2021,5,11,5,0,0
2021,5,11,5,10,0
2021,5,11,5,20,0
2021,5,11,5,30,0
2021,5,11,5,40,0
2021,5,11,5,50,0
2021,5,11,6,0,0
2021,5,11,6,10,0
2021,5,11,6,20,0
2021,5,11,6,30,0
2021,5,11,6,40,0
2021,5,11,6,50,0
2021,5,11,7,0,0
2021,5,11,7,10,0
2021,5,11,7,20,0
2021,5,11,7,30,0
2021,5,11,7,40,0
2021,5,11,7,50,0
2021,5,11,8,0,0
2021,5,11,8,10,0
2021,5,11,8,20,0
2021,5,11,8,30,0
2021,5,11,8,40,0
2021,5,11,8,50,0
2021,5,11,9,0,0
2021,5,11,9,10,0
2021,5,11,9,20,0
2021,5,11,9,30,0
2021,5,11,9,40,0
2021,5,11,9,50,0
2021,5,11,10,0,0
2021,5,11,10,10,0
2021,5,11,10,20,0
2021,5,11,10,30,0
2021,5,11,10,40,0
2021,5,11,10,50,0
2021,5,11,11,0,19
2021,5,11,11,10,39
2021,5,11,11,20,56
2021,5,11,11,30,105
2021,5,11,11,40,77
2021,5,11,11,50,174
2021,5,11,12,0,203
2021,5,11,12,10,257
2021,5,11,12,20,305
2021,5,11,12,30,312
2021,5,11,12,40,394
2021,5,11,12,50,430
2021,5,11,13,0,465
2021,5,11,13,10,497
2021,5,11,13,20,530
2021,5,11,13,30,561
2021,5,11,13,40,592
2021,5,11,13,50,620
2021,5,11,14,0,648
2021,5,11,14,10,673
2021,5,11,14,20,697
2021,5,11,14,30,719
2021,5,11,14,40,742
2021,5,11,14,50,738
2021,5,11,15,0,635
2021,5,11,15,10,792
2021,5,11,15,20,805
2021,5,11,15,30,816
2021,5,11,15,40,824
2021,5,11,15,50,828
2021,5,11,16,0,809
2021,5,11,16,10,836
2021,5,11,16,20,812
2021,5,11,16,30,613
2021,5,11,16,40,674
2021,5,11,16,50,737
2021,5,11,17,0,592
2021,5,11,17,10,476
2021,5,11,17,20,546
2021,5,11,17,30,440
2021,5,11,17,40,317
2021,5,11,17,50,360
2021,5,11,18,0,290
2021,5,11,18,10,342
2021,5,11,18,20,566
2021,5,11,18,30,220
2021,5,11,18,40,411
2021,5,11,18,50,173
2021,5,11,19,0,201
2021,5,11,19,10,344
2021,5,11,19,20,118
2021,5,11,19,30,114
2021,5,11,19,40,269
2021,5,11,19,50,180
2021,5,11,20,0,39
2021,5,11,20,10,51
2021,5,11,20,20,66
2021,5,11,20,30,28
2021,5,11,20,40,133
2021,5,11,20,50,147
2021,5,11,21,0,60
2021,5,11,21,10,63
2021,5,11,21,20,47
2021,5,11,21,30,27
2021,5,11,21,40,14
2021,5,11,21,50,0
2021,5,11,22,0,0
2021,5,11,22,10,0
2021,5,11,22,20,0
2021,5,11,22,30,0
2021,5,11,22,40,0
2021,5,11,22,50,0
2021,5,11,23,0,0
2021,5,11,23,10,0
2021,5,11,23,20,0
2021,5,11,23,30,0
2021,5,11,23,40,0
2021,5,11,23,50,0
2021,5,12,0,0,0
2021,5,12,0,10,0
2021,5,12,0,20,0
2021,5,12,0,30,0
2021,5,12,0,40,0
2021,5,12,0,50,0
2021,5,12,1,0,0
2021,5,12,1,10,0
2021,5,12,1,20,0
2021,5,12,1,30,0
2021,5,12,1,40,0
2021,5,12,1,50,0
2021,5,12,2,0,0
2021,5,12,2,10,0
2021,5,12,2,20,0
2021,5,12,2,30,0
2021,5,12,2,40,0
2021,5,12,2,50,0
2021,5,12,3,0,0
2021,5,12,3,10,0
2021,5,12,3,20,0
2021,5,12,3,30,0
2021,5,12,3,40,0
2021,5,12,3,50,0
2021,5,12,4,0,0
2021,5,12,4,10,0
2021,5,12,4,20,0
2021,5,12,4,30,0
2021,5,12,4,40,0
2021,5,12,4,50,0
2021,5,12,5,0,0
2021,5,12,5,10,0
2021,5,12,5,20,0
2021,5,12,5,30,0
2021,5,12,5,40,0
2021,5,12,5,50,0
2021,5,12,6,0,0
2021,5,12,6,10,0
2021,5,12,6,20,0
2021,5,12,6,30,0
2021,5,12,6,40,0
2021,5,12,6,50,0
2021,5,12,7,0,0
2021,5,12,7,10,0
2021,5,12,7,20,0
2021,5,12,7,30,0
2021,5,12,7,40,0
2021,5,12,7,50,0
2021,5,12,8,0,0
2021,5,12,8,10,0
2021,5,12,8,20,0
2021,5,12,8,30,0
2021,5,12,8,40,0
2021,5,12,8,50,0
2021,5,12,9,0,0
2021,5,12,9,10,0
2021,5,12,9,20,0
2021,5,12,9,30,0
2021,5,12,9,40,0
2021,5,12,9,50,0
2021,5,12,10,0,0
2021,5,12,10,10,0
2021,5,12,10,20,0
2021,5,12,10,30,0
2021,5,12,10,40,0
2021,5,12,10,50,0
2021,5,12,11,0,31
2021,5,12,11,10,61
2021,5,12,11,20,95
2021,5,12,11,30,132
2021,5,12,11,40,170
2021,5,12,11,50,209
2021,5,12,12,0,248
2021,5,12,12,10,287
2021,5,12,12,20,325
2021,5,12,12,30,363
2021,5,12,12,40,401
2021,5,12,12,50,437
2021,5,12,13,0,473
2021,5,12,13,10,507
2021,5,12,13,20,540
2021,5,12,13,30,572
2021,5,12,13,40,602
2021,5,12,13,50,631
2021,5,12,14,0,654
2021,5,12,14,10,680
2021,5,12,14,20,704
2021,5,12,14,30,726
2021,5,12,14,40,747
2021,5,12,14,50,765
2021,5,12,15,0,782
2021,5,12,15,10,797
2021,5,12,15,20,810
2021,5,12,15,30,821
2021,5,12,15,40,829
2021,5,12,15,50,836
2021,5,12,16,0,841
2021,5,12,16,10,840
2021,5,12,16,20,840
2021,5,12,16,30,839
2021,5,12,16,40,832
2021,5,12,16,50,827
2021,5,12,17,0,819
2021,5,12,17,10,810
2021,5,12,17,20,798
2021,5,12,17,30,782
2021,5,12,17,40,766
2021,5,12,17,50,748
2021,5,12,18,0,729
2021,5,12,18,10,708
2021,5,12,18,20,686
2021,5,12,18,30,661
2021,5,12,18,40,635
2021,5,12,18,50,510
2021,5,12,19,0,441
2021,5,12,19,10,374
2021,5,12,19,20,325
2021,5,12,19,30,224
2021,5,12,19,40,10
2021,5,12,19,50,59
2021,5,12,20,0,8
2021,5,12,20,10,7
2021,5,12,20,20,130
2021,5,12,20,30,15
2021,5,12,20,40,72
2021,5,12,20,50,16
2021,5,12,21,0,69
2021,5,12,21,10,64
2021,5,12,21,20,41
2021,5,12,21,30,31
2021,5,12,21,40,13
2021,5,12,21,50,0
2021,5,12,22,0,0
2021,5,12,22,10,0
2021,5,12,22,20,0
2021,5,12,22,30,0
2021,5,12,22,40,0
2021,5,12,22,50,0
2021,5,12,23,0,0
2021,5,12,23,10,0
2021,5,12,23,20,0
2021,5,12,23,30,0
2021,5,12,23,40,0
2021,5,12,23,50,0
2021,5,13,0,0,0
2021,5,13,0,10,0
2021,5,13,0,20,0
2021,5,13,0,30,0
2021,5,13,0,40,0
2021,5,13,0,50,0
2021,5,13,1,0,0
2021,5,13,1,10,0
2021,5,13,1,20,0
2021,5,13,1,30,0
2021,5,13,1,40,0
2021,5,13,1,50,0
2021,5,13,2,0,0
2021,5,13,2,10,0
2021,5,13,2,20,0
2021,5,13,2,30,0
2021,5,13,2,40,0
2021,5,13,2,50,0
2021,5,13,3,0,0
2021,5,13,3,10,0
2021,5,13,3,20,0
2021,5,13,3,30,0
2021,5,13,3,40,0
2021,5,13,3,50,0
2021,5,13,4,0,0
2021,5,13,4,10,0
2021,5,13,4,20,0
2021,5,13,4,30,0
2021,5,13,4,40,0
2021,5,13,4,50,0
2021,5,13,5,0,0
2021,5,13,5,10,0
2021,5,13,5,20,0
2021,5,13,5,30,0
2021,5,13,5,40,0
2021,5,13,5,50,0
2021,5,13,6,0,0
2021,5,13,6,10,0
2021,5,13,6,20,0
2021,5,13,6,30,0
2021,5,13,6,40,0
2021,5,13,6,50,0
2021,5,13,7,0,0
2021,5,13,7,10,0
2021,5,13,7,20,0
2021,5,13,7,30,0
2021,5,13,7,40,0
2021,5,13,7,50,0
2021,5,13,8,0,0
2021,5,13,8,10,0
2021,5,13,8,20,0
2021,5,13,8,30,0
2021,5,13,8,40,0
2021,5,13,8,50,0
2021,5,13,9,0,0
2021,5,13,9,10,0
2021,5,13,9,20,0
2021,5,13,9,30,0
2021,5,13,9,40,0
2021,5,13,9,50,0
2021,5,13,10,0,0
2021,5,13,10,10,0
2021,5,13,10,20,0
2021,5,13,10,30,0
2021,5,13,10,40,0
2021,5,13,10,50,0
2021,5,13,11,0,29
2021,5,13,11,10,58
2021,5,13,11,20,92
2021,5,13,11,30,128
2021,5,13,11,40,166
2021,5,13,11,50,205
2021,5,13,12,0,243
2021,5,13,12,10,282
2021,5,13,12,20,320
2021,5,13,12,30,361
2021,5,13,12,40,398
2021,5,13,12,50,434
2021,5,13,13,0,470
2021,5,13,13,10,504
2021,5,13,13,20,537
2021,5,13,13,30,568
2021,5,13,13,40,599
2021,5,13,13,50,628
2021,5,13,14,0,655
2021,5,13,14,10,681
2021,5,13,14,20,705
2021,5,13,14,30,727
2021,5,13,14,40,747
2021,5,13,14,50,766
2021,5,13,15,0,783
2021,5,13,15,10,798
2021,5,13,15,20,811
2021,5,13,15,30,821
2021,5,13,15,40,552
2021,5,13,15,50,837
2021,5,13,16,0,842
2021,5,13,16,10,648
2021,5,13,16,20,816
2021,5,13,16,30,796
2021,5,13,16,40,633
2021,5,13,16,50,780
2021,5,13,17,0,710
2021,5,13,17,10,637
2021,5,13,17,20,690
2021,5,13,17,30,799
2021,5,13,17,40,544
2021,5,13,17,50,716
2021,5,13,18,0,35
2021,5,13,18,10,725
2021,5,13,18,20,483
2021,5,13,18,30,281
2021,5,13,18,40,506
2021,5,13,18,50,520
2021,5,13,19,0,513
2021,5,13,19,10,351
2021,5,13,19,20,255
2021,5,13,19,30,94
2021,5,13,19,40,142
2021,5,13,19,50,209
2021,5,13,20,0,127
2021,5,13,20,10,6
2021,5,13,20,20,195
2021,5,13,20,30,53
2021,5,13,20,40,171
2021,5,13,20,50,77
2021,5,13,21,0,159
2021,5,13,21,10,121
2021,5,13,21,20,63
2021,5,13,21,30,34
2021,5,13,21,40,14
2021,5,13,21,50,0
2021,5,13,22,0,0
2021,5,13,22,10,0
2021,5,13,22,20,0
2021,5,13,22,30,0
2021,5,13,22,40,0
2021,5,13,22,50,0
2021,5,13,23,0,0
2021,5,13,23,10,0
2021,5,13,23,20,0
2021,5,13,23,30,0
2021,5,13,23,40,0
2021,5,13,23,50,0
2021,5,14,0,0,0
2021,5,14,0,10,0
2021,5,14,0,20,0
2021,5,14,0,30,0
2021,5,14,0,40,0
2021,5,14,0,50,0
2021,5,14,1,0,0
2021,5,14,1,10,0
2021,5,14,1,20,0
2021,5,14,1,30,0
2021,5,14,1,40,0
2021,5,14,1,50,0
2021,5,14,2,0,0
2021,5,14,2,10,0
2021,5,14,2,20,0
2021,5,14,2,30,0
2021,5,14,2,40,0
2021,5,14,2,50,0
2021,5,14,3,0,0
2021,5,14,3,10,0
2021,5,14,3,20,0
2021,5,14,3,30,0
2021,5,14,3,40,0
2021,5,14,3,50,0
2021,5,14,4,0,0
2021,5,14,4,10,0
2021,5,14,4,20,0
2021,5,14,4,30,0
2021,5,14,4,40,0
2021,5,14,4,50,0
2021,5,14,5,0,0
2021,5,14,5,10,0
2021,5,14,5,20,0
2021,5,14,5,30,0
2021,5,14,5,40,0
2021,5,14,5,50,0
2021,5,14,6,0,0
2021,5,14,6,10,0
2021,5,14,6,20,0
2021,5,14,6,30,0
2021,5,14,6,40,0
2021,5,14,6,50,0
2021,5,14,7,0,0
2021,5,14,7,10,0
2021,5,14,7,20,0
2021,5,14,7,30,0
2021,5,14,7,40,0
2021,5,14,7,50,0
2021,5,14,8,0,0
2021,5,14,8,10,0
2021,5,14,8,20,0
2021,5,14,8,30,0
2021,5,14,8,40,0
2021,5,14,8,50,0
2021,5,14,9,0,0
2021,5,14,9,10,0
2021,5,14,9,20,0
2021,5,14,9,30,0
2021,5,14,9,40,0
2021,5,14,9,50,0
2021,5,14,10,0,0
2021,5,14,10,10,0
2021,5,14,10,20,0
2021,5,14,10,30,0
2021,5,14,10,40,0
2021,5,14,10,50,0
2021,5,14,11,0,31
2021,5,14,11,10,63
2021,5,14,11,20,98
2021,5,14,11,30,136
2021,5,14,11,40,176
2021,5,14,11,50,216
2021,5,14,12,0,255
2021,5,14,12,10,295
2021,5,14,12,20,335
2021,5,14,12,30,374
2021,5,14,12,40,412
2021,5,14,12,50,449
2021,5,14,13,0,485
2021,5,14,13,10,520
2021,5,14,13,20,554
2021,5,14,13,30,586
2021,5,14,13,40,617
2021,5,14,13,50,646
2021,5,14,14,0,674
2021,5,14,14,10,700
2021,5,14,14,20,725
2021,5,14,14,30,748
2021,5,14,14,40,769
2021,5,14,14,50,788
2021,5,14,15,0,805
2021,5,14,15,10,820
2021,5,14,15,20,833
2021,5,14,15,30,844
2021,5,14,15,40,853
2021,5,14,15,50,860
2021,5,14,16,0,865
2021,5,14,16,10,868
2021,5,14,16,20,869
2021,5,14,16,30,868
2021,5,14,16,40,865
2021,5,14,16,50,849
2021,5,14,17,0,841
2021,5,14,17,10,832
2021,5,14,17,20,820
2021,5,14,17,30,807
2021,5,14,17,40,791
2021,5,14,17,50,774
2021,5,14,18,0,754
2021,5,14,18,10,733
2021,5,14,18,20,710
2021,5,14,18,30,685
2021,5,14,18,40,659
2021,5,14,18,50,631
2021,5,14,19,0,601
2021,5,14,19,10,570
2021,5,14,19,20,537
2021,5,14,19,30,504
2021,5,14,19,40,469
2021,5,14,19,50,433
2021,5,14,20,0,396
2021,5,14,20,10,358
2021,5,14,20,20,319
2021,5,14,20,30,280
2021,5,14,20,40,240
2021,5,14,20,50,201
2021,5,14,21,0,161
2021,5,14,21,10,123
2021,5,14,21,20,86
2021,5,14,21,30,52
2021,5,14,21,40,23
2021,5,14,21,50,0
2021,5,14,22,0,0
2021,5,14,22,10,0
2021,5,14,22,20,0
2021,5,14,22,30,0
2021,5,14,22,40,0
2021,5,14,22,50,0
2021,5,14,23,0,0
2021,5,14,23,10,0
2021,5,14,23,20,0
2021,5,14,23,30,0
2021,5,14,23,40,0
2021,5,14,23,50,0
2021,5,15,0,0,0
2021,5,15,0,10,0
2021,5,15,0,20,0
2021,5,15,0,30,0
2021,5,15,0,40,0
2021,5,15,0,50,0
2021,5,15,1,0,0
2021,5,15,1,10,0
2021,5,15,1,20,0
2021,5,15,1,30,0
2021,5,15,1,40,0
2021,5,15,1,50,0
2021,5,15,2,0,0
2021,5,15,2,10,0
2021,5,15,2,20,0
2021,5,15,2,30,0
2021,5,15,2,40,0
2021,5,15,2,50,0
2021,5,15,3,0,0
2021,5,15,3,10,0
2021,5,15,3,20,0
2021,5,15,3,30,0
2021,5,15,3,40,0
2021,5,15,3,50,0
2021,5,15,4,0,0
2021,5,15,4,10,0
2021,5,15,4,20,0
2021,5,15,4,30,0
2021,5,15,4,40,0
2021,5,15,4,50,0
2021,5,15,5,0,0
2021,5,15,5,10,0
2021,5,15,5,20,0
2021,5,15,5,30,0
2021,5,15,5,40,0
2021,5,15,5,50,0
2021,5,15,6,0,0
2021,5,15,6,10,0
2021,5,15,6,20,0
2021,5,15,6,30,0
2021,5,15,6,40,0
2021,5,15,6,50,0
2021,5,15,7,0,0
2021,5,15,7,10,0
2021,5,15,7,20,0
2021,5,15,7,30,0
2021,5,15,7,40,0
2021,5,15,7,50,0
2021,5,15,8,0,0
2021,5,15,8,10,0
2021,5,15,8,20,0
2021,5,15,8,30,0
2021,5,15,8,40,0
2021,5,15,8,50,0
2021,5,15,9,0,0
2021,5,15,9,10,0
2021,5,15,9,20,0
2021,5,15,9,30,0
2021,5,15,9,40,0
2021,5,15,9,50,0
2021,5,15,10,0,0
2021,5,15,10,10,0
2021,5,15,10,20,0
2021,5,15,10,30,0
2021,5,15,10,40,0
2021,5,15,10,50,0
2021,5,15,11,0,29
2021,5,15,11,10,60
2021,5,15,11,20,95
2021,5,15,11,30,132
2021,5,15,11,40,171
2021,5,15,11,50,210
2021,5,15,12,0,249
2021,5,15,12,10,289
2021,5,15,12,20,328
2021,5,15,12,30,366
2021,5,15,12,40,404
2021,5,15,12,50,441
2021,5,15,13,0,477
2021,5,15,13,10,511
2021,5,15,13,20,545
2021,5,15,13,30,577
2021,5,15,13,40,607
2021,5,15,13,50,636
2021,5,15,14,0,664
2021,5,15,14,10,690
2021,5,15,14,20,714
2021,5,15,14,30,736
2021,5,15,14,40,757
2021,5,15,14,50,776
2021,5,15,15,0,793
2021,5,15,15,10,808
2021,5,15,15,20,821
2021,5,15,15,30,832
2021,5,15,15,40,841
2021,5,15,15,50,848
2021,5,15,16,0,853
2021,5,15,16,10,856
2021,5,15,16,20,856
2021,5,15,16,30,855
2021,5,15,16,40,851
2021,5,15,16,50,846
2021,5,15,17,0,838
2021,5,15,17,10,829
2021,5,15,17,20,817
2021,5,15,17,30,803
2021,5,15,17,40,787
2021,5,15,17,50,770
2021,5,15,18,0,751
2021,5,15,18,10,729
2021,5,15,18,20,707
2021,5,15,18,30,682
2021,5,15,18,40,656
2021,5,15,18,50,628
2021,5,15,19,0,598
2021,5,15,19,10,567
2021,5,15,19,20,535
2021,5,15,19,30,501
2021,5,15,19,40,466
2021,5,15,19,50,430
2021,5,15,20,0,394
2021,5,15,20,10,356
2021,5,15,20,20,317
2021,5,15,20,30,278
2021,5,15,20,40,239
2021,5,15,20,50,196
2021,5,15,21,0,157
2021,5,15,21,10,119
2021,5,15,21,20,83
2021,5,15,21,30,50
2021,5,15,21,40,22
2021,5,15,21,50,0
2021,5,15,22,0,0
2021,5,15,22,10,0
2021,5,15,22,20,0
2021,5,15,22,30,0
2021,5,15,22,40,0
2021,5,15,22,50,0
2021,5,15,23,0,0
2021,5,15,23,10,0
2021,5,15,23,20,0
2021,5,15,23,30,0
2021,5,15,23,40,0
2021,5,15,23,50,0
2021,5,16,0,0,0
2021,5,16,0,10,0
2021,5,16,0,20,0
2021,5,16,0,30,0
2021,5,16,0,40,0
2021,5,16,0,50,0
2021,5,16,1,0,0
2021,5,16,1,10,0
2021,5,16,1,20,0
2021,5,16,1,30,0
2021,5,16,1,40,0
2021,5,16,1,50,0
2021,5,16,2,0,0
2021,5,16,2,10,0
2021,5,16,2,20,0
2021,5,16,2,30,0
2021,5,16,2,40,0
2021,5,16,2,50,0
2021,5,16,3,0,0
2021,5,16,3,10,0
2021,5,16,3,20,0
2021,5,16,3,30,0
2021,5,16,3,40,0
2021,5,16,3,50,0
2021,5,16,4,0,0
2021,5,16,4,10,0
2021,5,16,4,20,0
2021,5,16,4,30,0
2021,5,16,4,40,0
2021,5,16,4,50,0
2021,5,16,5,0,0
2021,5,16,5,10,0
2021,5,16,5,20,0
2021,5,16,5,30,0
2021,5,16,5,40,0
2021,5,16,5,50,0
2021,5,16,6,0,0
2021,5,16,6,10,0
2021,5,16,6,20,0
2021,5,16,6,30,0
2021,5,16,6,40,0
2021,5,16,6,50,0
2021,5,16,7,0,0
2021,5,16,7,10,0
2021,5,16,7,20,0
2021,5,16,7,30,0
2021,5,16,7,40,0
2021,5,16,7,50,0
2021,5,16,8,0,0
2021,5,16,8,10,0
2021,5,16,8,20,0
2021,5,16,8,30,0
2021,5,16,8,40,0
2021,5,16,8,50,0
2021,5,16,9,0,0
2021,5,16,9,10,0
2021,5,16,9,20,0
2021,5,16,9,30,0
2021,5,16,9,40,0
2021,5,16,9,50,0
2021,5,16,10,0,0
2021,5,16,10,10,0
2021,5,16,10,20,0
2021,5,16,10,30,0
2021,5,16,10,40,0
2021,5,16,10,50,0
2021,5,16,11,0,29
2021,5,16,11,10,59
2021,5,16,11,20,95
2021,5,16,11,30,132
2021,5,16,11,40,171
2021,5,16,11,50,211
2021,5,16,12,0,251
2021,5,16,12,10,290
2021,5,16,12,20,330
2021,5,16,12,30,368
2021,5,16,12,40,406
2021,5,16,12,50,443
2021,5,16,13,0,479
2021,5,16,13,10,514
2021,5,16,13,20,548
2021,5,16,13,30,580
2021,5,16,13,40,611
2021,5,16,13,50,640
2021,5,16,14,0,668
2021,5,16,14,10,694
2021,5,16,14,20,718
2021,5,16,14,30,741
2021,5,16,14,40,762
2021,5,16,14,50,781
2021,5,16,15,0,798
2021,5,16,15,10,813
2021,5,16,15,20,826
2021,5,16,15,30,837
2021,5,16,15,40,846
2021,5,16,15,50,853
2021,5,16,16,0,858
2021,5,16,16,10,861
2021,5,16,16,20,862
2021,5,16,16,30,861
2021,5,16,16,40,858
2021,5,16,16,50,852
2021,5,16,17,0,845
2021,5,16,17,10,825
2021,5,16,17,20,813
2021,5,16,17,30,800
2021,5,16,17,40,784
2021,5,16,17,50,766
2021,5,16,18,0,747
2021,5,16,18,10,726
2021,5,16,18,20,703
2021,5,16,18,30,678
2021,5,16,18,40,653
2021,5,16,18,50,625
2021,5,16,19,0,595
2021,5,16,19,10,564
2021,5,16,19,20,532
2021,5,16,19,30,498
2021,5,16,19,40,458
2021,5,16,19,50,423
2021,5,16,20,0,386
2021,5,16,20,10,349
2021,5,16,20,20,311
2021,5,16,20,30,272
2021,5,16,20,40,233
2021,5,16,20,50,194
2021,5,16,21,0,155
2021,5,16,21,10,118
2021,5,16,21,20,81
2021,5,16,21,30,48
2021,5,16,21,40,21
2021,5,16,21,50,0
2021,5,16,22,0,0
2021,5,16,22,10,0
2021,5,16,22,20,0
2021,5,16,22,30,0
2021,5,16,22,40,0
2021,5,16,22,50,0
2021,5,16,23,0,0
2021,5,16,23,10,0
2021,5,16,23,20,0
2021,5,16,23,30,0
2021,5,16,23,40,0
2021,5,16,23,50,0
2021,5,17,0,0,0
2021,5,17,0,10,0
2021,5,17,0,20,0
2021,5,17,0,30,0
2021,5,17,0,40,0
2021,5,17,0,50,0
2021,5,17,1,0,0
2021,5,17,1,10,0
2021,5,17,1,20,0
2021,5,17,1,30,0
2021,5,17,1,40,0
2021,5,17,1,50,0
2021,5,17,2,0,0
2021,5,17,2,10,0
2021,5,17,2,20,0
2021,5,17,2,30,0
2021,5,17,2,40,0
2021,5,17,2,50,0
2021,5,17,3,0,0
2021,5,17,3,10,0
2021,5,17,3,20,0
2021,5,17,3,30,0
2021,5,17,3,40,0
2021,5,17,3,50,0
2021,5,17,4,0,0
2021,5,17,4,10,0
2021,5,17,4,20,0
2021,5,17,4,30,0
2021,5,17,4,40,0
2021,5,17,4,50,0
2021,5,17,5,0,0
2021,5,17,5,10,0
2021,5,17,5,20,0
2021,5,17,5,30,0
2021,5,17,5,40,0
2021,5,17,5,50,0
2021,5,17,6,0,0
2021,5,17,6,10,0
2021,5,17,6,20,0
2021,5,17,6,30,0
2021,5,17,6,40,0
2021,5,17,6,50,0
2021,5,17,7,0,0
2021,5,17,7,10,0
2021,5,17,7,20,0
2021,5,17,7,30,0
2021,5,17,7,40,0
2021,5,17,7,50,0
2021,5,17,8,0,0
2021,5,17,8,10,0
2021,5,17,8,20,0
2021,5,17,8,30,0
2021,5,17,8,40,0
2021,5,17,8,50,0
2021,5,17,9,0,0
2021,5,17,9,10,0
2021,5,17,9,20,0
2021,5,17,9,30,0
2021,5,17,9,40,0
2021,5,17,9,50,0
2021,5,17,10,0,0
2021,5,17,10,10,0
2021,5,17,10,20,0
2021,5,17,10,30,0
2021,5,17,10,40,0
2021,5,17,10,50,0
2021,5,17,11,0,26
2021,5,17,11,10,54
2021,5,17,11,20,87
2021,5,17,11,30,122
2021,5,17,11,40,160
2021,5,17,11,50,198
2021,5,17,12,0,236
2021,5,17,12,10,275
2021,5,17,12,20,312
2021,5,17,12,30,350
2021,5,17,12,40,386
2021,5,17,12,50,422
2021,5,17,13,0,457
2021,5,17,13,10,491
2021,5,17,13,20,524
2021,5,17,13,30,555
2021,5,17,13,40,585
2021,5,17,13,50,613
2021,5,17,14,0,640
2021,5,17,14,10,666
2021,5,17,14,20,690
2021,5,17,14,30,712
2021,5,17,14,40,733
2021,5,17,14,50,751
2021,5,17,15,0,768
2021,5,17,15,10,783
2021,5,17,15,20,796
2021,5,17,15,30,807
2021,5,17,15,40,815
2021,5,17,15,50,822
2021,5,17,16,0,827
2021,5,17,16,10,830
2021,5,17,16,20,831
2021,5,17,16,30,829
2021,5,17,16,40,826
2021,5,17,16,50,821
2021,5,17,17,0,813
2021,5,17,17,10,804
2021,5,17,17,20,793
2021,5,17,17,30,779
2021,5,17,17,40,764
2021,5,17,17,50,747
2021,5,17,18,0,728
2021,5,17,18,10,707
2021,5,17,18,20,685
2021,5,17,18,30,660
2021,5,17,18,40,631
2021,5,17,18,50,603
2021,5,17,19,0,575
2021,5,17,19,10,544
2021,5,17,19,20,513
2021,5,17,19,30,480
2021,5,17,19,40,446
2021,5,17,19,50,410
2021,5,17,20,0,375
2021,5,17,20,10,338
2021,5,17,20,20,300
2021,5,17,20,30,262
2021,5,17,20,40,224
2021,5,17,20,50,186
2021,5,17,21,0,148
2021,5,17,21,10,111
2021,5,17,21,20,76
2021,5,17,21,30,45
2021,5,17,21,40,19
2021,5,17,21,50,0
2021,5,17,22,0,0
2021,5,17,22,10,0
2021,5,17,22,20,0
2021,5,17,22,30,0
2021,5,17,22,40,0
2021,5,17,22,50,0
2021,5,17,23,0,0
2021,5,17,23,10,0
2021,5,17,23,20,0
2021,5,17,23,30,0
2021,5,17,23,40,0
2021,5,17,23,50,0
2021,5,18,0,0,0
2021,5,18,0,10,0
2021,5,18,0,20,0
2021,5,18,0,30,0
2021,5,18,0,40,0
2021,5,18,0,50,0
2021,5,18,1,0,0
2021,5,18,1,10,0
2021,5,18,1,20,0
2021,5,18,1,30,0
2021,5,18,1,40,0
2021,5,18,1,50,0
2021,5,18,2,0,0
2021,5,18,2,10,0
2021,5,18,2,20,0
2021,5,18,2,30,0
2021,5,18,2,40,0
2021,5,18,2,50,0
2021,5,18,3,0,0
2021,5,18,3,10,0
2021,5,18,3,20,0
2021,5,18,3,30,0
2021,5,18,3,40,0
2021,5,18,3,50,0
2021,5,18,4,0,0
2021,5,18,4,10,0
2021,5,18,4,20,0
2021,5,18,4,30,0
2021,5,18,4,40,0
2021,5,18,4,50,0
2021,5,18,5,0,0
2021,5,18,5,10,0
2021,5,18,5,20,0
2021,5,18,5,30,0
2021,5,18,5,40,0
2021,5,18,5,50,0
2021,5,18,6,0,0
2021,5,18,6,10,0
2021,5,18,6,20,0
2021,5,18,6,30,0
2021,5,18,6,40,0
2021,5,18,6,50,0
2021,5,18,7,0,0
2021,5,18,7,10,0
2021,5,18,7,20,0
2021,5,18,7,30,0
2021,5,18,7,40,0
2021,5,18,7,50,0
2021,5,18,8,0,0
2021,5,18,8,10,0
2021,5,18,8,20,0
2021,5,18,8,30,0
2021,5,18,8,40,0
2021,5,18,8,50,0
2021,5,18,9,0,0
2021,5,18,9,10,0
2021,5,18,9,20,0
2021,5,18,9,30,0
2021,5,18,9,40,0
2021,5,18,9,50,0
2021,5,18,10,0,0
2021,5,18,10,10,0
2021,5,18,10,20,0
2021,5,18,10,30,0
2021,5,18,10,40,0
2021,5,18,10,50,0
2021,5,18,11,0,14
2021,5,18,11,10,55
2021,5,18,11,20,89
2021,5,18,11,30,126
2021,5,18,11,40,164
2021,5,18,11,50,203
2021,5,18,12,0,242
2021,5,18,12,10,281
2021,5,18,12,20,282
2021,5,18,12,30,272
2021,5,18,12,40,260
2021,5,18,12,50,371
2021,5,18,13,0,474
2021,5,18,13,10,509
2021,5,18,13,20,543
2021,5,18,13,30,575
2021,5,18,13,40,447
2021,5,18,13,50,459
2021,5,18,14,0,662
2021,5,18,14,10,572
2021,5,18,14,20,713
2021,5,18,14,30,655
2021,5,18,14,40,757
2021,5,18,14,50,776
2021,5,18,15,0,793
2021,5,18,15,10,808
2021,5,18,15,20,821
2021,5,18,15,30,832
2021,5,18,15,40,842
2021,5,18,15,50,838
2021,5,18,16,0,843
2021,5,18,16,10,757
2021,5,18,16,20,847
2021,5,18,16,30,846
2021,5,18,16,40,843
2021,5,18,16,50,837
2021,5,18,17,0,830
2021,5,18,17,10,820
2021,5,18,17,20,809
2021,5,18,17,30,795
2021,5,18,17,40,779
2021,5,18,17,50,762
2021,5,18,18,0,736
2021,5,18,18,10,609
2021,5,18,18,20,584
2021,5,18,18,30,556
2021,5,18,18,40,534
2021,5,18,18,50,614
2021,5,18,19,0,460
2021,5,18,19,10,451
2021,5,18,19,20,409
2021,5,18,19,30,392
2021,5,18,19,40,380
2021,5,18,19,50,315
2021,5,18,20,0,277
2021,5,18,20,10,248
2021,5,18,20,20,216
2021,5,18,20,30,186
2021,5,18,20,40,156
2021,5,18,20,50,139
2021,5,18,21,0,103
2021,5,18,21,10,84
2021,5,18,21,20,49
2021,5,18,21,30,44
2021,5,18,21,40,18
2021,5,18,21,50,0
2021,5,18,22,0,0
2021,5,18,22,10,0
2021,5,18,22,20,0
2021,5,18,22,30,0
2021,5,18,22,40,0
2021,5,18,22,50,0
2021,5,18,23,0,0
2021,5,18,23,10,0
2021,5,18,23,20,0
2021,5,18,23,30,0
2021,5,18,23,40,0
2021,5,18,23,50,0
2021,5,19,0,0,0
2021,5,19,0,10,0
2021,5,19,0,20,0
2021,5,19,0,30,0
2021,5,19,0,40,0
2021,5,19,0,50,0
2021,5,19,1,0,0
2021,5,19,1,10,0
2021,5,19,1,20,0
2021,5,19,1,30,0
2021,5,19,1,40,0
2021,5,19,1,50,0
2021,5,19,2,0,0
2021,5,19,2,10,0
2021,5,19,2,20,0
2021,5,19,2,30,0
2021,5,19,2,40,0
2021,5,19,2,50,0
2021,5,19,3,0,0
2021,5,19,3,10,0
2021,5,19,3,20,0
2021,5,19,3,30,0
2021,5,19,3,40,0
2021,5,19,3,50,0
2021,5,19,4,0,0
2021,5,19,4,10,0
2021,5,19,4,20,0
2021,5,19,4,30,0
2021,5,19,4,40,0
2021,5,19,4,50,0
2021,5,19,5,0,0
2021,5,19,5,10,0
2021,5,19,5,20,0
2021,5,19,5,30,0
2021,5,19,5,40,0
2021,5,19,5,50,0
2021,5,19,6,0,0
2021,5,19,6,10,0
2021,5,19,6,20,0
2021,5,19,6,30,0
2021,5,19,6,40,0
2021,5,19,6,50,0
2021,5,19,7,0,0
2021,5,19,7,10,0
2021,5,19,7,20,0
2021,5,19,7,30,0
2021,5,19,7,40,0
2021,5,19,7,50,0
2021,5,19,8,0,0
2021,5,19,8,10,0
2021,5,19,8,20,0
2021,5,19,8,30,0
2021,5,19,8,40,0
2021,5,19,8,50,0
2021,5,19,9,0,0
2021,5,19,9,10,0
2021,5,19,9,20,0
2021,5,19,9,30,0
2021,5,19,9,40,0
2021,5,19,9,50,0
2021,5,19,10,0,0
2021,5,19,10,10,0
2021,5,19,10,20,0
2021,5,19,10,30,0
2021,5,19,10,40,0
2021,5,19,10,50,0
2021,5,19,11,0,26
2021,5,19,11,10,56
2021,5,19,11,20,61
2021,5,19,11,30,130
2021,5,19,11,40,169
2021,5,19,11,50,209
2021,5,19,12,0,249
2021,5,19,12,10,290
2021,5,19,12,20,329
2021,5,19,12,30,368
2021,5,19,12,40,406
2021,5,19,12,50,444
2021,5,19,13,0,480
2021,5,19,13,10,515
2021,5,19,13,20,538
2021,5,19,13,30,570
2021,5,19,13,40,601
2021,5,19,13,50,630
2021,5,19,14,0,658
2021,5,19,14,10,684
2021,5,19,14,20,708
2021,5,19,14,30,731
2021,5,19,14,40,752
2021,5,19,14,50,771
2021,5,19,15,0,788
2021,5,19,15,10,803
2021,5,19,15,20,816
2021,5,19,15,30,827
2021,5,19,15,40,836
2021,5,19,15,50,843
2021,5,19,16,0,848
2021,5,19,16,10,851
2021,5,19,16,20,852
2021,5,19,16,30,851
2021,5,19,16,40,848
2021,5,19,16,50,832
2021,5,19,17,0,825
2021,5,19,17,10,815
2021,5,19,17,20,804
2021,5,19,17,30,790
2021,5,19,17,40,774
2021,5,19,17,50,757
2021,5,19,18,0,738
2021,5,19,18,10,717
2021,5,19,18,20,694
2021,5,19,18,30,670
2021,5,19,18,40,644
2021,5,19,18,50,616
2021,5,19,19,0,587
2021,5,19,19,10,556
2021,5,19,19,20,524
2021,5,19,19,30,491
2021,5,19,19,40,456
2021,5,19,19,50,421
2021,5,19,20,0,384
2021,5,19,20,10,346
2021,5,19,20,20,308
2021,5,19,20,30,269
2021,5,19,20,40,230
2021,5,19,20,50,191
2021,5,19,21,0,152
2021,5,19,21,10,115
2021,5,19,21,20,79
2021,5,19,21,30,46
2021,5,19,21,40,19
2021,5,19,21,50,0
2021,5,19,22,0,0
2021,5,19,22,10,0
2021,5,19,22,20,0
2021,5,19,22,30,0
2021,5,19,22,40,0
2021,5,19,22,50,0
2021,5,19,23,0,0
2021,5,19,23,10,0
2021,5,19,23,20,0
2021,5,19,23,30,0
2021,5,19,23,40,0
2021,5,19,23,50,0
2021,5,20,0,0,0
2021,5,20,0,10,0
2021,5,20,0,20,0
2021,5,20,0,30,0
2021,5,20,0,40,0
2021,5,20,0,50,0
2021,5,20,1,0,0
2021,5,20,1,10,0
2021,5,20,1,20,0
2021,5,20,1,30,0
2021,5,20,1,40,0
2021,5,20,1,50,0
2021,5,20,2,0,0
2021,5,20,2,10,0
2021,5,20,2,20,0
2021,5,20,2,30,0
2021,5,20,2,40,0
2021,5,20,2,50,0
2021,5,20,3,0,0
2021,5,20,3,10,0
2021,5,20,3,20,0
2021,5,20,3,30,0
2021,5,20,3,40,0
2021,5,20,3,50,0
2021,5,20,4,0,0
2021,5,20,4,10,0
2021,5,20,4,20,0
2021,5,20,4,30,0
2021,5,20,4,40,0
2021,5,20,4,50,0
2021,5,20,5,0,0
2021,5,20,5,10,0
2021,5,20,5,20,0
2021,5,20,5,30,0
2021,5,20,5,40,0
2021,5,20,5,50,0
2021,5,20,6,0,0
2021,5,20,6,10,0
2021,5,20,6,20,0
2021,5,20,6,30,0
2021,5,20,6,40,0
2021,5,20,6,50,0
2021,5,20,7,0,0
2021,5,20,7,10,0
2021,5,20,7,20,0
2021,5,20,7,30,0
2021,5,20,7,40,0
2021,5,20,7,50,0
2021,5,20,8,0,0
2021,5,20,8,10,0
2021,5,20,8,20,0
2021,5,20,8,30,0
2021,5,20,8,40,0
2021,5,20,8,50,0
2021,5,20,9,0,0
2021,5,20,9,10,0
2021,5,20,9,20,0
2021,5,20,9,30,0
2021,5,20,9,40,0
2021,5,20,9,50,0
2021,5,20,10,0,0
2021,5,20,10,10,0
2021,5,20,10,20,0
2021,5,20,10,30,0
2021,5,20,10,40,0
2021,5,20,10,50,0
2021,5,20,11,0,24
2021,5,20,11,10,52
2021,5,20,11,20,85
2021,5,20,11,30,122
2021,5,20,11,40,160
2021,5,20,11,50,199
2021,5,20,12,0,238
2021,5,20,12,10,276
2021,5,20,12,20,315
2021,5,20,12,30,353
2021,5,20,12,40,390
2021,5,20,12,50,427
2021,5,20,13,0,462
2021,5,20,13,10,496
2021,5,20,13,20,530
2021,5,20,13,30,561
2021,5,20,13,40,591
2021,5,20,13,50,620
2021,5,20,14,0,648
2021,5,20,14,10,673
2021,5,20,14,20,697
2021,5,20,14,30,720
2021,5,20,14,40,740
2021,5,20,14,50,758
2021,5,20,15,0,775
2021,5,20,15,10,790
2021,5,20,15,20,803
2021,5,20,15,30,814
2021,5,20,15,40,822
2021,5,20,15,50,829
2021,5,20,16,0,834
2021,5,20,16,10,837
2021,5,20,16,20,838
2021,5,20,16,30,837
2021,5,20,16,40,833
2021,5,20,16,50,828
2021,5,20,17,0,821
2021,5,20,17,10,811
2021,5,20,17,20,800
2021,5,20,17,30,786
2021,5,20,17,40,771
2021,5,20,17,50,754
2021,5,20,18,0,735
2021,5,20,18,10,714
2021,5,20,18,20,691
2021,5,20,18,30,667
2021,5,20,18,40,641
2021,5,20,18,50,613
2021,5,20,19,0,584
2021,5,20,19,10,553
2021,5,20,19,20,521
2021,5,20,19,30,488
2021,5,20,19,40,454
2021,5,20,19,50,418
2021,5,20,20,0,381
2021,5,20,20,10,344
2021,5,20,20,20,306
2021,5,20,20,30,267
2021,5,20,20,40,228
2021,5,20,20,50,189
2021,5,20,21,0,151
2021,5,20,21,10,113
2021,5,20,21,20,77
2021,5,20,21,30,45
2021,5,20,21,40,18
2021,5,20,21,50,0
2021,5,20,22,0,0
2021,5,20,22,10,0
2021,5,20,22,20,0
2021,5,20,22,30,0
2021,5,20,22,40,0
2021,5,20,22,50,0
2021,5,20,23,0,0
2021,5,20,23,10,0
2021,5,20,23,20,0
2021,5,20,23,30,0
2021,5,20,23,40,0
2021,5,20,23,50,0
2021,5,21,0,0,0
2021,5,21,0,10,0
2021,5,21,0,20,0
2021,5,21,0,30,0
2021,5,21,0,40,0
2021,5,21,0,50,0
2021,5,21,1,0,0
2021,5,21,1,10,0
2021,5,21,1,20,0
2021,5,21,1,30,0
2021,5,21,1,40,0
2021,5,21,1,50,0
2021,5,21,2,0,0
2021,5,21,2,10,0
2021,5,21,2,20,0
2021,5,21,2,30,0
2021,5,21,2,40,0
2021,5,21,2,50,0
2021,5,21,3,0,0
2021,5,21,3,10,0
2021,5,21,3,20,0
2021,5,21,3,30,0
2021,5,21,3,40,0
2021,5,21,3,50,0
2021,5,21,4,0,0
2021,5,21,4,10,0
2021,5,21,4,20,0
2021,5,21,4,30,0
2021,5,21,4,40,0
2021,5,21,4,50,0
2021,5,21,5,0,0
2021,5,21,5,10,0
2021,5,21,5,20,0
2021,5,21,5,30,0
2021,5,21,5,40,0
2021,5,21,5,50,0
2021,5,21,6,0,0
2021,5,21,6,10,0
2021,5,21,6,20,0
2021,5,21,6,30,0
2021,5,21,6,40,0
2021,5,21,6,50,0
2021,5,21,7,0,0
2021,5,21,7,10,0
2021,5,21,7,20,0
2021,5,21,7,30,0
2021,5,21,7,40,0
2021,5,21,7,50,0
2021,5,21,8,0,0
2021,5,21,8,10,0
2021,5,21,8,20,0
2021,5,21,8,30,0
2021,5,21,8,40,0
2021,5,21,8,50,0
2021,5,21,9,0,0
2021,5,21,9,10,0
2021,5,21,9,20,0
2021,5,21,9,30,0
2021,5,21,9,40,0
2021,5,21,9,50,0
2021,5,21,10,0,0
2021,5,21,10,10,0
2021,5,21,10,20,0
2021,5,21,10,30,0
2021,5,21,10,40,0
2021,5,21,10,50,0
2021,5,21,11,0,12
2021,5,21,11,10,53
2021,5,21,11,20,88
2021,5,21,11,30,125
2021,5,21,11,40,164
2021,5,21,11,50,204
2021,5,21,12,0,244
2021,5,21,12,10,284
2021,5,21,12,20,324
2021,5,21,12,30,363
2021,5,21,12,40,401
2021,5,21,12,50,438
2021,5,21,13,0,474
2021,5,21,13,10,509
2021,5,21,13,20,543
2021,5,21,13,30,576
2021,5,21,13,40,607
2021,5,21,13,50,636
2021,5,21,14,0,664
2021,5,21,14,10,691
2021,5,21,14,20,715
2021,5,21,14,30,738
2021,5,21,14,40,759
2021,5,21,14,50,778
2021,5,21,15,0,795
2021,5,21,15,10,810
2021,5,21,15,20,824
2021,5,21,15,30,835
2021,5,21,15,40,844
2021,5,21,15,50,851
2021,5,21,16,0,856
2021,5,21,16,10,859
2021,5,21,16,20,860
2021,5,21,16,30,859
2021,5,21,16,40,855
2021,5,21,16,50,850
2021,5,21,17,0,842
2021,5,21,17,10,833
2021,5,21,17,20,821
2021,5,21,17,30,807
2021,5,21,17,40,791
2021,5,21,17,50,774
2021,5,21,18,0,754
2021,5,21,18,10,733
2021,5,21,18,20,710
2021,5,21,18,30,685
2021,5,21,18,40,658
2021,5,21,18,50,630
2021,5,21,19,0,600
2021,5,21,19,10,569
2021,5,21,19,20,536
2021,5,21,19,30,502
2021,5,21,19,40,466
2021,5,21,19,50,430
2021,5,21,20,0,392
2021,5,21,20,10,354
2021,5,21,20,20,315
2021,5,21,20,30,275
2021,5,21,20,40,235
2021,5,21,20,50,195
2021,5,21,21,0,156
2021,5,21,21,10,117
2021,5,21,21,20,80
2021,5,21,21,30,46
2021,5,21,21,40,18
2021,5,21,21,50,0
2021,5,21,22,0,0
2021,5,21,22,10,0
2021,5,21,22,20,0
2021,5,21,22,30,0
2021,5,21,22,40,0
2021,5,21,22,50,0
2021,5,21,23,0,0
2021,5,21,23,10,0
2021,5,21,23,20,0
2021,5,21,23,30,0
2021,5,21,23,40,0
2021,5,21,23,50,0
2021,5,22,0,0,0
2021,5,22,0,10,0
2021,5,22,0,20,0
2021,5,22,0,30,0
2021,5,22,0,40,0
2021,5,22,0,50,0
2021,5,22,1,0,0
2021,5,22,1,10,0
2021,5,22,1,20,0
2021,5,22,1,30,0
2021,5,22,1,40,0
2021,5,22,1,50,0
2021,5,22,2,0,0
2021,5,22,2,10,0
2021,5,22,2,20,0
2021,5,22,2,30,0
2021,5,22,2,40,0
2021,5,22,2,50,0
2021,5,22,3,0,0
2021,5,22,3,10,0
2021,5,22,3,20,0
2021,5,22,3,30,0
2021,5,22,3,40,0
2021,5,22,3,50,0
2021,5,22,4,0,0
2021,5,22,4,10,0
2021,5,22,4,20,0
2021,5,22,4,30,0
2021,5,22,4,40,0
2021,5,22,4,50,0
2021,5,22,5,0,0
2021,5,22,5,10,0
2021,5,22,5,20,0
2021,5,22,5,30,0
2021,5,22,5,40,0
2021,5,22,5,50,0
2021,5,22,6,0,0
2021,5,22,6,10,0
2021,5,22,6,20,0
2021,5,22,6,30,0
2021,5,22,6,40,0
2021,5,22,6,50,0
2021,5,22,7,0,0
2021,5,22,7,10,0
2021,5,22,7,20,0
2021,5,22,7,30,0
2021,5,22,7,40,0
2021,5,22,7,50,0
2021,5,22,8,0,0
2021,5,22,8,10,0
2021,5,22,8,20,0
2021,5,22,8,30,0
2021,5,22,8,40,0
2021,5,22,8,50,0
2021,5,22,9,0,0
2021,5,22,9,10,0
2021,5,22,9,20,0
2021,5,22,9,30,0
2021,5,22,9,40,0
2021,5,22,9,50,0
2021,5,22,10,0,0
2021,5,22,10,10,0
2021,5,22,10,20,0
2021,5,22,10,30,0
2021,5,22,10,40,0
2021,5,22,10,50,0
2021,5,22,11,0,22
2021,5,22,11,10,32
2021,5,22,11,20,62
2021,5,22,11,30,123
2021,5,22,11,40,162
2021,5,22,11,50,202
2021,5,22,12,0,242
2021,5,22,12,10,282
2021,5,22,12,20,321
2021,5,22,12,30,360
2021,5,22,12,40,398
2021,5,22,12,50,435
2021,5,22,13,0,471
2021,5,22,13,10,506
2021,5,22,13,20,540
2021,5,22,13,30,573
2021,5,22,13,40,604
2021,5,22,13,50,633
2021,5,22,14,0,661
2021,5,22,14,10,687
2021,5,22,14,20,712
2021,5,22,14,30,735
2021,5,22,14,40,756
2021,5,22,14,50,775
2021,5,22,15,0,792
2021,5,22,15,10,807
2021,5,22,15,20,821
2021,5,22,15,30,832
2021,5,22,15,40,841
2021,5,22,15,50,848
2021,5,22,16,0,853
2021,5,22,16,10,856
2021,5,22,16,20,857
2021,5,22,16,30,856
2021,5,22,16,40,852
2021,5,22,16,50,847
2021,5,22,17,0,839
2021,5,22,17,10,830
2021,5,22,17,20,818
2021,5,22,17,30,804
2021,5,22,17,40,789
2021,5,22,17,50,771
2021,5,22,18,0,752
2021,5,22,18,10,730
2021,5,22,18,20,707
2021,5,22,18,30,682
2021,5,22,18,40,656
2021,5,22,18,50,627
2021,5,22,19,0,598
2021,5,22,19,10,566
2021,5,22,19,20,534
2021,5,22,19,30,499
2021,5,22,19,40,464
2021,5,22,19,50,419
2021,5,22,20,0,382
2021,5,22,20,10,345
2021,5,22,20,20,306
2021,5,22,20,30,267
2021,5,22,20,40,228
2021,5,22,20,50,189
2021,5,22,21,0,150
2021,5,22,21,10,112
2021,5,22,21,20,76
2021,5,22,21,30,44
2021,5,22,21,40,6
2021,5,22,21,50,0
2021,5,22,22,0,0
2021,5,22,22,10,0
2021,5,22,22,20,0
2021,5,22,22,30,0
2021,5,22,22,40,0
2021,5,22,22,50,0
2021,5,22,23,0,0
2021,5,22,23,10,0
2021,5,22,23,20,0
2021,5,22,23,30,0
2021,5,22,23,40,0
2021,5,22,23,50,0
2021,5,23,0,0,0
2021,5,23,0,10,0
2021,5,23,0,20,0
2021,5,23,0,30,0
2021,5,23,0,40,0
2021,5,23,0,50,0
2021,5,23,1,0,0
2021,5,23,1,10,0
2021,5,23,1,20,0
2021,5,23,1,30,0
2021,5,23,1,40,0
2021,5,23,1,50,0
2021,5,23,2,0,0
2021,5,23,2,10,0
2021,5,23,2,20,0
2021,5,23,2,30,0
2021,5,23,2,40,0
2021,5,23,2,50,0
2021,5,23,3,0,0
2021,5,23,3,10,0
2021,5,23,3,20,0
2021,5,23,3,30,0
2021,5,23,3,40,0
2021,5,23,3,50,0
2021,5,23,4,0,0
2021,5,23,4,10,0
2021,5,23,4,20,0
2021,5,23,4,30,0
2021,5,23,4,40,0
2021,5,23,4,50,0
2021,5,23,5,0,0
2021,5,23,5,10,0
2021,5,23,5,20,0
2021,5,23,5,30,0
2021,5,23,5,40,0
2021,5,23,5,50,0
2021,5,23,6,0,0
2021,5,23,6,10,0
2021,5,23,6,20,0
2021,5,23,6,30,0
2021,5,23,6,40,0
2021,5,23,6,50,0
2021,5,23,7,0,0
2021,5,23,7,10,0
2021,5,23,7,20,0
2021,5,23,7,30,0
2021,5,23,7,40,0
2021,5,23,7,50,0
2021,5,23,8,0,0
2021,5,23,8,10,0
2021,5,23,8,20,0
2021,5,23,8,30,0
2021,5,23,8,40,0
2021,5,23,8,50,0
2021,5,23,9,0,0
2021,5,23,9,10,0
2021,5,23,9,20,0
2021,5,23,9,30,0
2021,5,23,9,40,0
2021,5,23,9,50,0
2021,5,23,10,0,0
2021,5,23,10,10,0
2021,5,23,10,20,0
2021,5,23,10,30,0
2021,5,23,10,40,0
2021,5,23,10,50,0
2021,5,23,11,0,10
2021,5,23,11,10,33
2021,5,23,11,20,59
2021,5,23,11,30,118
2021,5,23,11,40,74
2021,5,23,11,50,96
2021,5,23,12,0,128
2021,5,23,12,10,159
2021,5,23,12,20,188
2021,5,23,12,30,226
2021,5,23,12,40,388
2021,5,23,12,50,424
2021,5,23,13,0,460
2021,5,23,13,10,494
2021,5,23,13,20,528
2021,5,23,13,30,559
2021,5,23,13,40,590
2021,5,23,13,50,619
2021,5,23,14,0,646
2021,5,23,14,10,672
2021,5,23,14,20,697
2021,5,23,14,30,719
2021,5,23,14,40,739
2021,5,23,14,50,758
2021,5,23,15,0,775
2021,5,23,15,10,790
2021,5,23,15,20,803
2021,5,23,15,30,814
2021,5,23,15,40,823
2021,5,23,15,50,830
2021,5,23,16,0,835
2021,5,23,16,10,838
2021,5,23,16,20,839
2021,5,23,16,30,827
2021,5,23,16,40,671
2021,5,23,16,50,685
2021,5,23,17,0,813
2021,5,23,17,10,803
2021,5,23,17,20,792
2021,5,23,17,30,779
2021,5,23,17,40,629
2021,5,23,17,50,747
2021,5,23,18,0,728
2021,5,23,18,10,707
2021,5,23,18,20,685
2021,5,23,18,30,660
2021,5,23,18,40,495
2021,5,23,18,50,498
2021,5,23,19,0,577
2021,5,23,19,10,384
2021,5,23,19,20,389
2021,5,23,19,30,359
2021,5,23,19,40,347
2021,5,23,19,50,275
2021,5,23,20,0,254
2021,5,23,20,10,269
2021,5,23,20,20,217
2021,5,23,20,30,138
2021,5,23,20,40,158
2021,5,23,20,50,147
2021,5,23,21,0,68
2021,5,23,21,10,68
2021,5,23,21,20,47
2021,5,23,21,30,24
2021,5,23,21,40,6
2021,5,23,21,50,0
2021,5,23,22,0,0
2021,5,23,22,10,0
2021,5,23,22,20,0
2021,5,23,22,30,0
2021,5,23,22,40,0
2021,5,23,22,50,0
2021,5,23,23,0,0
2021,5,23,23,10,0
2021,5,23,23,20,0
2021,5,23,23,30,0
2021,5,23,23,40,0
2021,5,23,23,50,0
2021,5,24,0,0,0
2021,5,24,0,10,0
2021,5,24,0,20,0
2021,5,24,0,30,0
2021,5,24,0,40,0
2021,5,24,0,50,0
2021,5,24,1,0,0
2021,5,24,1,10,0
2021,5,24,1,20,0
2021,5,24,1,30,0
2021,5,24,1,40,0
2021,5,24,1,50,0
2021,5,24,2,0,0
2021,5,24,2,10,0
2021,5,24,2,20,0
2021,5,24,2,30,0
2021,5,24,2,40,0
2021,5,24,2,50,0
2021,5,24,3,0,0
2021,5,24,3,10,0
2021,5,24,3,20,0
2021,5,24,3,30,0
2021,5,24,3,40,0
2021,5,24,3,50,0
2021,5,24,4,0,0
2021,5,24,4,10,0
2021,5,24,4,20,0
2021,5,24,4,30,0
2021,5,24,4,40,0
2021,5,24,4,50,0
2021,5,24,5,0,0
2021,5,24,5,10,0
2021,5,24,5,20,0
2021,5,24,5,30,0
2021,5,24,5,40,0
2021,5,24,5,50,0
2021,5,24,6,0,0
2021,5,24,6,10,0
2021,5,24,6,20,0
2021,5,24,6,30,0
2021,5,24,6,40,0
2021,5,24,6,50,0
2021,5,24,7,0,0
2021,5,24,7,10,0
2021,5,24,7,20,0
2021,5,24,7,30,0
2021,5,24,7,40,0
2021,5,24,7,50,0
2021,5,24,8,0,0
2021,5,24,8,10,0
2021,5,24,8,20,0
2021,5,24,8,30,0
2021,5,24,8,40,0
2021,5,24,8,50,0
2021,5,24,9,0,0
2021,5,24,9,10,0
2021,5,24,9,20,0
2021,5,24,9,30,0
2021,5,24,9,40,0
2021,5,24,9,50,0
2021,5,24,10,0,0
2021,5,24,10,10,0
2021,5,24,10,20,0
2021,5,24,10,30,0
2021,5,24,10,40,0
2021,5,24,10,50,0
2021,5,24,11,0,9
2021,5,24,11,10,30
2021,5,24,11,20,46
2021,5,24,11,30,81
2021,5,24,11,40,119
2021,5,24,11,50,150
2021,5,24,12,0,164
2021,5,24,12,10,208
2021,5,24,12,20,241
2021,5,24,12,30,260
2021,5,24,12,40,282
2021,5,24,12,50,334
2021,5,24,13,0,374
2021,5,24,13,10,412
2021,5,24,13,20,488
2021,5,24,13,30,557
2021,5,24,13,40,588
2021,5,24,13,50,617
2021,5,24,14,0,645
2021,5,24,14,10,671
2021,5,24,14,20,695
2021,5,24,14,30,575
2021,5,24,14,40,572
2021,5,24,14,50,562
2021,5,24,15,0,574
2021,5,24,15,10,646
2021,5,24,15,20,610
2021,5,24,15,30,813
2021,5,24,15,40,822
2021,5,24,15,50,829
2021,5,24,16,0,834
2021,5,24,16,10,777
2021,5,24,16,20,689
2021,5,24,16,30,703
2021,5,24,16,40,650
2021,5,24,16,50,591
2021,5,24,17,0,725
2021,5,24,17,10,812
2021,5,24,17,20,625
2021,5,24,17,30,569
2021,5,24,17,40,609
2021,5,24,17,50,569
2021,5,24,18,0,558
2021,5,24,18,10,620
2021,5,24,18,20,551
2021,5,24,18,30,588
2021,5,24,18,40,539
2021,5,24,18,50,410
2021,5,24,19,0,478
2021,5,24,19,10,427
2021,5,24,19,20,476
2021,5,24,19,30,362
2021,5,24,19,40,327
2021,5,24,19,50,410
2021,5,24,20,0,374
2021,5,24,20,10,224
2021,5,24,20,20,299
2021,5,24,20,30,135
2021,5,24,20,40,222
2021,5,24,20,50,183
2021,5,24,21,0,145
2021,5,24,21,10,108
2021,5,24,21,20,73
2021,5,24,21,30,21
2021,5,24,21,40,16
2021,5,24,21,50,0
2021,5,24,22,0,0
2021,5,24,22,10,0
2021,5,24,22,20,0
2021,5,24,22,30,0
2021,5,24,22,40,0
2021,5,24,22,50,0
2021,5,24,23,0,0
2021,5,24,23,10,0
2021,5,24,23,20,0
2021,5,24,23,30,0
2021,5,24,23,40,0
2021,5,24,23,50,0
2021,5,25,0,0,0
2021,5,25,0,10,0
2021,5,25,0,20,0
2021,5,25,0,30,0
2021,5,25,0,40,0
2021,5,25,0,50,0
2021,5,25,1,0,0
2021,5,25,1,10,0
2021,5,25,1,20,0
2021,5,25,1,30,0
2021,5,25,1,40,0
2021,5,25,1,50,0
2021,5,25,2,0,0
2021,5,25,2,10,0
2021,5,25,2,20,0
2021,5,25,2,30,0
2021,5,25,2,40,0
2021,5,25,2,50,0
2021,5,25,3,0,0
2021,5,25,3,10,0
2021,5,25,3,20,0
2021,5,25,3,30,0
2021,5,25,3,40,0
2021,5,25,3,50,0
2021,5,25,4,0,0
2021,5,25,4,10,0
2021,5,25,4,20,0
2021,5,25,4,30,0
2021,5,25,4,40,0
2021,5,25,4,50,0
2021,5,25,5,0,0
2021,5,25,5,10,0
2021,5,25,5,20,0
2021,5,25,5,30,0
2021,5,25,5,40,0
2021,5,25,5,50,0
2021,5,25,6,0,0
2021,5,25,6,10,0
2021,5,25,6,20,0
2021,5,25,6,30,0
2021,5,25,6,40,0
2021,5,25,6,50,0
2021,5,25,7,0,0
2021,5,25,7,10,0
2021,5,25,7,20,0
2021,5,25,7,30,0
2021,5,25,7,40,0
2021,5,25,7,50,0
2021,5,25,8,0,0
2021,5,25,8,10,0
2021,5,25,8,20,0
2021,5,25,8,30,0
2021,5,25,8,40,0
2021,5,25,8,50,0
2021,5,25,9,0,0
2021,5,25,9,10,0
2021,5,25,9,20,0
2021,5,25,9,30,0
2021,5,25,9,40,0
2021,5,25,9,50,0
2021,5,25,10,0,0
2021,5,25,10,10,0
2021,5,25,10,20,0
2021,5,25,10,30,0
2021,5,25,10,40,0
2021,5,25,10,50,0
2021,5,25,11,0,8
2021,5,25,11,10,29
2021,5,25,11,20,76
2021,5,25,11,30,49
2021,5,25,11,40,149
2021,5,25,11,50,98
2021,5,25,12,0,128
2021,5,25,12,10,158
2021,5,25,12,20,303
2021,5,25,12,30,340
2021,5,25,12,40,377
2021,5,25,12,50,413
2021,5,25,13,0,448
2021,5,25,13,10,482
2021,5,25,13,20,515
2021,5,25,13,30,547
2021,5,25,13,40,577
2021,5,25,13,50,606
2021,5,25,14,0,633
2021,5,25,14,10,659
2021,5,25,14,20,683
2021,5,25,14,30,698
2021,5,25,14,40,719
2021,5,25,14,50,737
2021,5,25,15,0,754
2021,5,25,15,10,769
2021,5,25,15,20,782
2021,5,25,15,30,793
2021,5,25,15,40,801
2021,5,25,15,50,808
2021,5,25,16,0,813
2021,5,25,16,10,816
2021,5,25,16,20,817
2021,5,25,16,30,815
2021,5,25,16,40,812
2021,5,25,16,50,807
2021,5,25,17,0,800
2021,5,25,17,10,790
2021,5,25,17,20,779
2021,5,25,17,30,766
2021,5,25,17,40,751
2021,5,25,17,50,734
2021,5,25,18,0,715
2021,5,25,18,10,695
2021,5,25,18,20,673
2021,5,25,18,30,649
2021,5,25,18,40,618
2021,5,25,18,50,591
2021,5,25,19,0,562
2021,5,25,19,10,533
2021,5,25,19,20,501
2021,5,25,19,30,469
2021,5,25,19,40,435
2021,5,25,19,50,400
2021,5,25,20,0,364
2021,5,25,20,10,328
2021,5,25,20,20,204
2021,5,25,20,30,250
2021,5,25,20,40,158
2021,5,25,20,50,147
2021,5,25,21,0,113
2021,5,25,21,10,87
2021,5,25,21,20,52
2021,5,25,21,30,26
2021,5,25,21,40,0
2021,5,25,21,50,0
2021,5,25,22,0,0
2021,5,25,22,10,0
2021,5,25,22,20,0
2021,5,25,22,30,0
2021,5,25,22,40,0
2021,5,25,22,50,0
2021,5,25,23,0,0
2021,5,25,23,10,0
2021,5,25,23,20,0
2021,5,25,23,30,0
2021,5,25,23,40,0
2021,5,25,23,50,0
2021,5,26,0,0,0
2021,5,26,0,10,0
2021,5,26,0,20,0
2021,5,26,0,30,0
2021,5,26,0,40,0
2021,5,26,0,50,0
2021,5,26,1,0,0
2021,5,26,1,10,0
2021,5,26,1,20,0
2021,5,26,1,30,0
2021,5,26,1,40,0
2021,5,26,1,50,0
2021,5,26,2,0,0
2021,5,26,2,10,0
2021,5,26,2,20,0
2021,5,26,2,30,0
2021,5,26,2,40,0
2021,5,26,2,50,0
2021,5,26,3,0,0
2021,5,26,3,10,0
2021,5,26,3,20,0
2021,5,26,3,30,0
2021,5,26,3,40,0
2021,5,26,3,50,0
2021,5,26,4,0,0
2021,5,26,4,10,0
2021,5,26,4,20,0
2021,5,26,4,30,0
2021,5,26,4,40,0
2021,5,26,4,50,0
2021,5,26,5,0,0
2021,5,26,5,10,0
2021,5,26,5,20,0
2021,5,26,5,30,0
2021,5,26,5,40,0
2021,5,26,5,50,0
2021,5,26,6,0,0
2021,5,26,6,10,0
2021,5,26,6,20,0
2021,5,26,6,30,0
2021,5,26,6,40,0
2021,5,26,6,50,0
2021,5,26,7,0,0
2021,5,26,7,10,0
2021,5,26,7,20,0
2021,5,26,7,30,0
2021,5,26,7,40,0
2021,5,26,7,50,0
2021,5,26,8,0,0
2021,5,26,8,10,0
2021,5,26,8,20,0
2021,5,26,8,30,0
2021,5,26,8,40,0
2021,5,26,8,50,0
2021,5,26,9,0,0
2021,5,26,9,10,0
2021,5,26,9,20,0
2021,5,26,9,30,0
2021,5,26,9,40,0
2021,5,26,9,50,0
2021,5,26,10,0,0
2021,5,26,10,10,0
2021,5,26,10,20,0
2021,5,26,10,30,0
2021,5,26,10,40,0
2021,5,26,10,50,0
2021,5,26,11,0,7
2021,5,26,11,10,26
2021,5,26,11,20,45
2021,5,26,11,30,103
2021,5,26,11,40,138
2021,5,26,11,50,79
2021,5,26,12,0,119
2021,5,26,12,10,143
2021,5,26,12,20,286
2021,5,26,12,30,323
2021,5,26,12,40,357
2021,5,26,12,50,392
2021,5,26,13,0,427
2021,5,26,13,10,460
2021,5,26,13,20,492
2021,5,26,13,30,523
2021,5,26,13,40,548
2021,5,26,13,50,576
2021,5,26,14,0,603
2021,5,26,14,10,628
2021,5,26,14,20,651
2021,5,26,14,30,673
2021,5,26,14,40,694
2021,5,26,14,50,712
2021,5,26,15,0,729
2021,5,26,15,10,743
2021,5,26,15,20,756
2021,5,26,15,30,767
2021,5,26,15,40,776
2021,5,26,15,50,779
2021,5,26,16,0,784
2021,5,26,16,10,787
2021,5,26,16,20,759
2021,5,26,16,30,732
2021,5,26,16,40,741
2021,5,26,16,50,779
2021,5,26,17,0,772
2021,5,26,17,10,762
2021,5,26,17,20,751
2021,5,26,17,30,739
2021,5,26,17,40,723
2021,5,26,17,50,706
2021,5,26,18,0,688
2021,5,26,18,10,668
2021,5,26,18,20,646
2021,5,26,18,30,622
2021,5,26,18,40,598
2021,5,26,18,50,571
2021,5,26,19,0,543
2021,5,26,19,10,513
2021,5,26,19,20,483
2021,5,26,19,30,451
2021,5,26,19,40,418
2021,5,26,19,50,383
2021,5,26,20,0,348
2021,5,26,20,10,311
2021,5,26,20,20,275
2021,5,26,20,30,238
2021,5,26,20,40,178
2021,5,26,20,50,139
2021,5,26,21,0,85
2021,5,26,21,10,51
2021,5,26,21,20,38
2021,5,26,21,30,21
2021,5,26,21,40,0
2021,5,26,21,50,0
2021,5,26,22,0,0
2021,5,26,22,10,0
2021,5,26,22,20,0
2021,5,26,22,30,0
2021,5,26,22,40,0
2021,5,26,22,50,0
2021,5,26,23,0,0
2021,5,26,23,10,0
2021,5,26,23,20,0
2021,5,26,23,30,0
2021,5,26,23,40,0
2021,5,26,23,50,0
2021,5,27,0,0,0
2021,5,27,0,10,0
2021,5,27,0,20,0
2021,5,27,0,30,0
2021,5,27,0,40,0
2021,5,27,0,50,0
2021,5,27,1,0,0
2021,5,27,1,10,0
2021,5,27,1,20,0
2021,5,27,1,30,0
2021,5,27,1,40,0
2021,5,27,1,50,0
2021,5,27,2,0,0
2021,5,27,2,10,0
2021,5,27,2,20,0
2021,5,27,2,30,0
2021,5,27,2,40,0
2021,5,27,2,50,0
2021,5,27,3,0,0
2021,5,27,3,10,0
2021,5,27,3,20,0
2021,5,27,3,30,0
2021,5,27,3,40,0
2021,5,27,3,50,0
2021,5,27,4,0,0
2021,5,27,4,10,0
2021,5,27,4,20,0
2021,5,27,4,30,0
2021,5,27,4,40,0
2021,5,27,4,50,0
2021,5,27,5,0,0
2021,5,27,5,10,0
2021,5,27,5,20,0
2021,5,27,5,30,0
2021,5,27,5,40,0
2021,5,27,5,50,0
2021,5,27,6,0,0
2021,5,27,6,10,0
2021,5,27,6,20,0
2021,5,27,6,30,0
2021,5,27,6,40,0
2021,5,27,6,50,0
2021,5,27,7,0,0
2021,5,27,7,10,0
2021,5,27,7,20,0
2021,5,27,7,30,0
2021,5,27,7,40,0
2021,5,27,7,50,0
2021,5,27,8,0,0
2021,5,27,8,10,0
2021,5,27,8,20,0
2021,5,27,8,30,0
2021,5,27,8,40,0
2021,5,27,8,50,0
2021,5,27,9,0,0
2021,5,27,9,10,0
2021,5,27,9,20,0
2021,5,27,9,30,0
2021,5,27,9,40,0
2021,5,27,9,50,0
2021,5,27,10,0,0
2021,5,27,10,10,0
2021,5,27,10,20,0
2021,5,27,10,30,0
2021,5,27,10,40,0
2021,5,27,10,50,0
2021,5,27,11,0,6
2021,5,27,11,10,22
2021,5,27,11,20,19
2021,5,27,11,30,27
2021,5,27,11,40,77
2021,5,27,11,50,144
2021,5,27,12,0,135
2021,5,27,12,10,44
2021,5,27,12,20,149
2021,5,27,12,30,146
2021,5,27,12,40,163
2021,5,27,12,50,204
2021,5,27,13,0,192
2021,5,27,13,10,185
2021,5,27,13,20,315
2021,5,27,13,30,126
2021,5,27,13,40,215
2021,5,27,13,50,121
2021,5,27,14,0,255
2021,5,27,14,10,244
2021,5,27,14,20,256
2021,5,27,14,30,278
2021,5,27,14,40,334
2021,5,27,14,50,358
2021,5,27,15,0,368
2021,5,27,15,10,426
2021,5,27,15,20,521
2021,5,27,15,30,467
2021,5,27,15,40,388
2021,5,27,15,50,362
2021,5,27,16,0,457
2021,5,27,16,10,398
2021,5,27,16,20,438
2021,5,27,16,30,507
2021,5,27,16,40,454
2021,5,27,16,50,413
2021,5,27,17,0,471
2021,5,27,17,10,550
2021,5,27,17,20,538
2021,5,27,17,30,505
2021,5,27,17,40,533
2021,5,27,17,50,580
2021,5,27,18,0,340
2021,5,27,18,10,552
2021,5,27,18,20,373
2021,5,27,18,30,343
2021,5,27,18,40,75
2021,5,27,18,50,375
2021,5,27,19,0,441
2021,5,27,19,10,262
2021,5,27,19,20,406
2021,5,27,19,30,322
2021,5,27,19,40,261
2021,5,27,19,50,239
2021,5,27,20,0,290
2021,5,27,20,10,214
2021,5,27,20,20,159
2021,5,27,20,30,122
2021,5,27,20,40,102
2021,5,27,20,50,164
2021,5,27,21,0,114
2021,5,27,21,10,93
2021,5,27,21,20,43
2021,5,27,21,30,23
2021,5,27,21,40,0
2021,5,27,21,50,0
2021,5,27,22,0,0
2021,5,27,22,10,0
2021,5,27,22,20,0
2021,5,27,22,30,0
2021,5,27,22,40,0
2021,5,27,22,50,0
2021,5,27,23,0,0
2021,5,27,23,10,0
2021,5,27,23,20,0
2021,5,27,23,30,0
2021,5,27,23,40,0
2021,5,27,23,50,0
2021,5,28,0,0,0
2021,5,28,0,10,0
2021,5,28,0,20,0
2021,5,28,0,30,0
2021,5,28,0,40,0
2021,5,28,0,50,0
2021,5,28,1,0,0
2021,5,28,1,10,0
2021,5,28,1,20,0
2021,5,28,1,30,0
2021,5,28,1,40,0
2021,5,28,1,50,0
2021,5,28,2,0,0
2021,5,28,2,10,0
2021,5,28,2,20,0
2021,5,28,2,30,0
2021,5,28,2,40,0
2021,5,28,2,50,0
2021,5,28,3,0,0
2021,5,28,3,10,0
2021,5,28,3,20,0
2021,5,28,3,30,0
2021,5,28,3,40,0
2021,5,28,3,50,0
2021,5,28,4,0,0
2021,5,28,4,10,0
2021,5,28,4,20,0
2021,5,28,4,30,0
2021,5,28,4,40,0
2021,5,28,4,50,0
2021,5,28,5,0,0
2021,5,28,5,10,0
2021,5,28,5,20,0
2021,5,28,5,30,0
2021,5,28,5,40,0
2021,5,28,5,50,0
2021,5,28,6,0,0
2021,5,28,6,10,0
2021,5,28,6,20,0
2021,5,28,6,30,0
2021,5,28,6,40,0
2021,5,28,6,50,0
2021,5,28,7,0,0
2021,5,28,7,10,0
2021,5,28,7,20,0
2021,5,28,7,30,0
2021,5,28,7,40,0
2021,5,28,7,50,0
2021,5,28,8,0,0
2021,5,28,8,10,0
2021,5,28,8,20,0
2021,5,28,8,30,0
2021,5,28,8,40,0
2021,5,28,8,50,0
2021,5,28,9,0,0
2021,5,28,9,10,0
2021,5,28,9,20,0
2021,5,28,9,30,0
2021,5,28,9,40,0
2021,5,28,9,50,0
2021,5,28,10,0,0
2021,5,28,10,10,0
2021,5,28,10,20,0
2021,5,28,10,30,0
2021,5,28,10,40,0
2021,5,28,10,50,0
2021,5,28,11,0,0
2021,5,28,11,10,40
2021,5,28,11,20,70
2021,5,28,11,30,105
2021,5,28,11,40,141
2021,5,28,11,50,179
2021,5,28,12,0,216
2021,5,28,12,10,254
2021,5,28,12,20,292
2021,5,28,12,30,329
2021,5,28,12,40,365
2021,5,28,12,50,400
2021,5,28,13,0,435
2021,5,28,13,10,468
2021,5,28,13,20,501
2021,5,28,13,30,415
2021,5,28,13,40,440
2021,5,28,13,50,356
2021,5,28,14,0,114
2021,5,28,14,10,119
2021,5,28,14,20,55
2021,5,28,14,30,545
2021,5,28,14,40,532
2021,5,28,14,50,562
2021,5,28,15,0,738
2021,5,28,15,10,758
2021,5,28,15,20,771
2021,5,28,15,30,782
2021,5,28,15,40,792
2021,5,28,15,50,799
2021,5,28,16,0,804
2021,5,28,16,10,807
2021,5,28,16,20,641
2021,5,28,16,30,749
2021,5,28,16,40,804
2021,5,28,16,50,664
2021,5,28,17,0,629
2021,5,28,17,10,782
2021,5,28,17,20,771
2021,5,28,17,30,723
2021,5,28,17,40,743
2021,5,28,17,50,726
2021,5,28,18,0,708
2021,5,28,18,10,687
2021,5,28,18,20,665
2021,5,28,18,30,641
2021,5,28,18,40,616
2021,5,28,18,50,589
2021,5,28,19,0,561
2021,5,28,19,10,531
2021,5,28,19,20,500
2021,5,28,19,30,467
2021,5,28,19,40,433
2021,5,28,19,50,312
2021,5,28,20,0,363
2021,5,28,20,10,269
2021,5,28,20,20,174
2021,5,28,20,30,147
2021,5,28,20,40,168
2021,5,28,20,50,121
2021,5,28,21,0,91
2021,5,28,21,10,66
2021,5,28,21,20,45
2021,5,28,21,30,23
2021,5,28,21,40,0
2021,5,28,21,50,0
2021,5,28,22,0,0
2021,5,28,22,10,0
2021,5,28,22,20,0
2021,5,28,22,30,0
2021,5,28,22,40,0
2021,5,28,22,50,0
2021,5,28,23,0,0
2021,5,28,23,10,0
2021,5,28,23,20,0
2021,5,28,23,30,0
2021,5,28,23,40,0
2021,5,28,23,50,0
2021,5,29,0,0,0
2021,5,29,0,10,0
2021,5,29,0,20,0
2021,5,29,0,30,0
2021,5,29,0,40,0
2021,5,29,0,50,0
2021,5,29,1,0,0
2021,5,29,1,10,0
2021,5,29,1,20,0
2021,5,29,1,30,0
2021,5,29,1,40,0
2021,5,29,1,50,0
2021,5,29,2,0,0
2021,5,29,2,10,0
2021,5,29,2,20,0
2021,5,29,2,30,0
2021,5,29,2,40,0
2021,5,29,2,50,0
2021,5,29,3,0,0
2021,5,29,3,10,0
2021,5,29,3,20,0
2021,5,29,3,30,0
2021,5,29,3,40,0
2021,5,29,3,50,0
2021,5,29,4,0,0
2021,5,29,4,10,0
2021,5,29,4,20,0
2021,5,29,4,30,0
2021,5,29,4,40,0
2021,5,29,4,50,0
2021,5,29,5,0,0
2021,5,29,5,10,0
2021,5,29,5,20,0
2021,5,29,5,30,0
2021,5,29,5,40,0
2021,5,29,5,50,0
2021,5,29,6,0,0
2021,5,29,6,10,0
2021,5,29,6,20,0
2021,5,29,6,30,0
2021,5,29,6,40,0
2021,5,29,6,50,0
2021,5,29,7,0,0
2021,5,29,7,10,0
2021,5,29,7,20,0
2021,5,29,7,30,0
2021,5,29,7,40,0
2021,5,29,7,50,0
2021,5,29,8,0,0
2021,5,29,8,10,0
2021,5,29,8,20,0
2021,5,29,8,30,0
2021,5,29,8,40,0
2021,5,29,8,50,0
2021,5,29,9,0,0
2021,5,29,9,10,0
2021,5,29,9,20,0
2021,5,29,9,30,0
2021,5,29,9,40,0
2021,5,29,9,50,0
2021,5,29,10,0,0
2021,5,29,10,10,0
2021,5,29,10,20,0
2021,5,29,10,30,0
2021,5,29,10,40,0
2021,5,29,10,50,0
2021,5,29,11,0,0
2021,5,29,11,10,24
2021,5,29,11,20,44
2021,5,29,11,30,84
2021,5,29,11,40,63
2021,5,29,11,50,96
2021,5,29,12,0,221
2021,5,29,12,10,149
2021,5,29,12,20,298
2021,5,29,12,30,331
2021,5,29,12,40,368
2021,5,29,12,50,264
2021,5,29,13,0,439
2021,5,29,13,10,472
2021,5,29,13,20,505
2021,5,29,13,30,536
2021,5,29,13,40,422
2021,5,29,13,50,448
2021,5,29,14,0,473
2021,5,29,14,10,647
2021,5,29,14,20,671
2021,5,29,14,30,693
2021,5,29,14,40,713
2021,5,29,14,50,731
2021,5,29,15,0,748
2021,5,29,15,10,763
2021,5,29,15,20,776
2021,5,29,15,30,787
2021,5,29,15,40,795
2021,5,29,15,50,802
2021,5,29,16,0,807
2021,5,29,16,10,810
2021,5,29,16,20,811
2021,5,29,16,30,810
2021,5,29,16,40,807
2021,5,29,16,50,802
2021,5,29,17,0,795
2021,5,29,17,10,646
2021,5,29,17,20,601
2021,5,29,17,30,597
2021,5,29,17,40,540
2021,5,29,17,50,561
2021,5,29,18,0,583
2021,5,29,18,10,574
2021,5,29,18,20,577
2021,5,29,18,30,455
2021,5,29,18,40,497
2021,5,29,18,50,482
2021,5,29,19,0,461
2021,5,29,19,10,377
2021,5,29,19,20,383
2021,5,29,19,30,271
2021,5,29,19,40,351
2021,5,29,19,50,283
2021,5,29,20,0,303
2021,5,29,20,10,279
2021,5,29,20,20,244
2021,5,29,20,30,183
2021,5,29,20,40,149
2021,5,29,20,50,124
2021,5,29,21,0,123
2021,5,29,21,10,89
2021,5,29,21,20,48
2021,5,29,21,30,25
2021,5,29,21,40,0
2021,5,29,21,50,0
2021,5,29,22,0,0
2021,5,29,22,10,0
2021,5,29,22,20,0
2021,5,29,22,30,0
2021,5,29,22,40,0
2021,5,29,22,50,0
2021,5,29,23,0,0
2021,5,29,23,10,0
2021,5,29,23,20,0
2021,5,29,23,30,0
2021,5,29,23,40,0
2021,5,29,23,50,0
2021,5,30,0,0,0
2021,5,30,0,10,0
2021,5,30,0,20,0
2021,5,30,0,30,0
2021,5,30,0,40,0
2021,5,30,0,50,0
2021,5,30,1,0,0
2021,5,30,1,10,0
2021,5,30,1,20,0
2021,5,30,1,30,0
2021,5,30,1,40,0
2021,5,30,1,50,0
2021,5,30,2,0,0
2021,5,30,2,10,0
2021,5,30,2,20,0
2021,5,30,2,30,0
2021,5,30,2,40,0
2021,5,30,2,50,0
2021,5,30,3,0,0
2021,5,30,3,10,0
2021,5,30,3,20,0
2021,5,30,3,30,0
2021,5,30,3,40,0
2021,5,30,3,50,0
2021,5,30,4,0,0
2021,5,30,4,10,0
2021,5,30,4,20,0
2021,5,30,4,30,0
2021,5,30,4,40,0
2021,5,30,4,50,0
2021,5,30,5,0,0
2021,5,30,5,10,0
2021,5,30,5,20,0
2021,5,30,5,30,0
2021,5,30,5,40,0
2021,5,30,5,50,0
2021,5,30,6,0,0
2021,5,30,6,10,0
2021,5,30,6,20,0
2021,5,30,6,30,0
2021,5,30,6,40,0
2021,5,30,6,50,0
2021,5,30,7,0,0
2021,5,30,7,10,0
2021,5,30,7,20,0
2021,5,30,7,30,0
2021,5,30,7,40,0
2021,5,30,7,50,0
2021,5,30,8,0,0
2021,5,30,8,10,0
2021,5,30,8,20,0
2021,5,30,8,30,0
2021,5,30,8,40,0
2021,5,30,8,50,0
2021,5,30,9,0,0
2021,5,30,9,10,0
2021,5,30,9,20,0
2021,5,30,9,30,0
2021,5,30,9,40,0
2021,5,30,9,50,0
2021,5,30,10,0,0
2021,5,30,10,10,0
2021,5,30,10,20,0
2021,5,30,10,30,0
2021,5,30,10,40,0
2021,5,30,10,50,0
2021,5,30,11,0,0
2021,5,30,11,10,40
2021,5,30,11,20,73
2021,5,30,11,30,109
2021,5,30,11,40,147
2021,5,30,11,50,159
2021,5,30,12,0,193
2021,5,30,12,10,211
2021,5,30,12,20,188
2021,5,30,12,30,203
2021,5,30,12,40,303
2021,5,30,12,50,326
2021,5,30,13,0,325
2021,5,30,13,10,343
2021,5,30,13,20,376
2021,5,30,13,30,420
2021,5,30,13,40,496
2021,5,30,13,50,433
2021,5,30,14,0,469
2021,5,30,14,10,498
2021,5,30,14,20,557
2021,5,30,14,30,567
2021,5,30,14,40,518
2021,5,30,14,50,599
2021,5,30,15,0,609
2021,5,30,15,10,659
2021,5,30,15,20,658
2021,5,30,15,30,654
2021,5,30,15,40,804
2021,5,30,15,50,811
2021,5,30,16,0,816
2021,5,30,16,10,819
2021,5,30,16,20,687
2021,5,30,16,30,681
2021,5,30,16,40,656
2021,5,30,16,50,646
2021,5,30,17,0,737
2021,5,30,17,10,656
2021,5,30,17,20,609
2021,5,30,17,30,572
2021,5,30,17,40,574
2021,5,30,17,50,590
2021,5,30,18,0,591
2021,5,30,18,10,575
2021,5,30,18,20,551
2021,5,30,18,30,585
2021,5,30,18,40,466
2021,5,30,18,50,494
2021,5,30,19,0,467
2021,5,30,19,10,452
2021,5,30,19,20,401
2021,5,30,19,30,375
2021,5,30,19,40,435
2021,5,30,19,50,287
2021,5,30,20,0,364
2021,5,30,20,10,327
2021,5,30,20,20,290
2021,5,30,20,30,184
2021,5,30,20,40,159
2021,5,30,20,50,157
2021,5,30,21,0,113
2021,5,30,21,10,103
2021,5,30,21,20,39
2021,5,30,21,30,37
2021,5,30,21,40,0
2021,5,30,21,50,0
2021,5,30,22,0,0
2021,5,30,22,10,0
2021,5,30,22,20,0
2021,5,30,22,30,0
2021,5,30,22,40,0
2021,5,30,22,50,0
2021,5,30,23,0,0
2021,5,30,23,10,0
2021,5,30,23,20,0
2021,5,30,23,30,0
2021,5,30,23,40,0
2021,5,30,23,50,0
2021,5,31,0,0,0
2021,5,31,0,10,0
2021,5,31,0,20,0
2021,5,31,0,30,0
2021,5,31,0,40,0
2021,5,31,0,50,0
2021,5,31,1,0,0
2021,5,31,1,10,0
2021,5,31,1,20,0
2021,5,31,1,30,0
2021,5,31,1,40,0
2021,5,31,1,50,0
2021,5,31,2,0,0
2021,5,31,2,10,0
2021,5,31,2,20,0
2021,5,31,2,30,0
2021,5,31,2,40,0
2021,5,31,2,50,0
2021,5,31,3,0,0
2021,5,31,3,10,0
2021,5,31,3,20,0
2021,5,31,3,30,0
2021,5,31,3,40,0
2021,5,31,3,50,0
2021,5,31,4,0,0
2021,5,31,4,10,0
2021,5,31,4,20,0
2021,5,31,4,30,0
2021,5,31,4,40,0
2021,5,31,4,50,0
2021,5,31,5,0,0
2021,5,31,5,10,0
2021,5,31,5,20,0
2021,5,31,5,30,0
2021,5,31,5,40,0
2021,5,31,5,50,0
2021,5,31,6,0,0
2021,5,31,6,10,0
2021,5,31,6,20,0
2021,5,31,6,30,0
2021,5,31,6,40,0
2021,5,31,6,50,0
2021,5,31,7,0,0
2021,5,31,7,10,0
2021,5,31,7,20,0
2021,5,31,7,30,0
2021,5,31,7,40,0
2021,5,31,7,50,0
2021,5,31,8,0,0
2021,5,31,8,10,0
2021,5,31,8,20,0
2021,5,31,8,30,0
2021,5,31,8,40,0
2021,5,31,8,50,0
2021,5,31,9,0,0
2021,5,31,9,10,0
2021,5,31,9,20,0
2021,5,31,9,30,0
2021,5,31,9,40,0
2021,5,31,9,50,0
2021,5,31,10,0,0
2021,5,31,10,10,0
2021,5,31,10,20,0
2021,5,31,10,30,0
2021,5,31,10,40,0
2021,5,31,10,50,0
2021,5,31,11,0,0
2021,5,31,11,10,23
2021,5,31,11,20,71
2021,5,31,11,30,82
2021,5,31,11,40,117
2021,5,31,11,50,183
2021,5,31,12,0,180
2021,5,31,12,10,147
2021,5,31,12,20,300
2021,5,31,12,30,216
2021,5,31,12,40,375
2021,5,31,12,50,412
2021,5,31,13,0,448
2021,5,31,13,10,338
2021,5,31,13,20,515
2021,5,31,13,30,548
2021,5,31,13,40,578
2021,5,31,13,50,607
2021,5,31,14,0,635
2021,5,31,14,10,661
2021,5,31,14,20,686
2021,5,31,14,30,708
2021,5,31,14,40,729
2021,5,31,14,50,748
2021,5,31,15,0,765
2021,5,31,15,10,781
2021,5,31,15,20,794
2021,5,31,15,30,805
2021,5,31,15,40,814
2021,5,31,15,50,822
2021,5,31,16,0,827
2021,5,31,16,10,830
2021,5,31,16,20,831
2021,5,31,16,30,830
2021,5,31,16,40,828
2021,5,31,16,50,823
2021,5,31,17,0,816
2021,5,31,17,10,807
2021,5,31,17,20,685
2021,5,31,17,30,642
2021,5,31,17,40,606
2021,5,31,17,50,624
2021,5,31,18,0,590
2021,5,31,18,10,698
2021,5,31,18,20,578
2021,5,31,18,30,652
2021,5,31,18,40,626
2021,5,31,18,50,446
2021,5,31,19,0,397
2021,5,31,19,10,381
2021,5,31,19,20,328
2021,5,31,19,30,475
2021,5,31,19,40,441
2021,5,31,19,50,406
2021,5,31,20,0,370
2021,5,31,20,10,333
2021,5,31,20,20,295
2021,5,31,20,30,257
2021,5,31,20,40,218
2021,5,31,20,50,180
2021,5,31,21,0,108
2021,5,31,21,10,105
2021,5,31,21,20,39
2021,5,31,21,30,37
2021,5,31,21,40,0
2021,5,31,21,50,0
2021,5,31,22,0,0
2021,5,31,22,10,0
2021,5,31,22,20,0
2021,5,31,22,30,0
2021,5,31,22,40,0
2021,5,31,22,50,0
2021,5,31,23,0,0
2021,5,31,23,10,0
2021,5,31,23,20,0
2021,5,31,23,30,0
2021,5,31,23,40,0
2021,5,31,23,50,0
2021,6,1,0,0,0
2021,6,1,0,10,0
2021,6,1,0,20,0
2021,6,1,0,30,0
2021,6,1,0,40,0
2021,6,1,0,50,0
2021,6,1,1,0,0
2021,6,1,1,10,0
2021,6,1,1,20,0
2021,6,1,1,30,0
2021,6,1,1,40,0
2021,6,1,1,50,0
2021,6,1,2,0,0
2021,6,1,2,10,0
2021,6,1,2,20,0
2021,6,1,2,30,0
2021,6,1,2,40,0
2021,6,1,2,50,0
2021,6,1,3,0,0
2021,6,1,3,10,0
2021,6,1,3,20,0
2021,6,1,3,30,0
2021,6,1,3,40,0
2021,6,1,3,50,0
2021,6,1,4,0,0
2021,6,1,4,10,0
2021,6,1,4,20,0
2021,6,1,4,30,0
2021,6,1,4,40,0
2021,6,1,4,50,0
2021,6,1,5,0,0
2021,6,1,5,10,0
2021,6,1,5,20,0
2021,6,1,5,30,0
2021,6,1,5,40,0
2021,6,1,5,50,0
2021,6,1,6,0,0
2021,6,1,6,10,0
2021,6,1,6,20,0
2021,6,1,6,30,0
2021,6,1,6,40,0
2021,6,1,6,50,0
2021,6,1,7,0,0
2021,6,1,7,10,0
2021,6,1,7,20,0
2021,6,1,7,30,0
2021,6,1,7,40,0
2021,6,1,7,50,0
2021,6,1,8,0,0
2021,6,1,8,10,0
2021,6,1,8,20,0
2021,6,1,8,30,0
2021,6,1,8,40,0
2021,6,1,8,50,0
2021,6,1,9,0,0
2021,6,1,9,10,0
2021,6,1,9,20,0
2021,6,1,9,30,0
2021,6,1,9,40,0
2021,6,1,9,50,0
2021,6,1,10,0,0
2021,6,1,10,10,0
2021,6,1,10,20,0
2021,6,1,10,30,0
2021,6,1,10,40,0
2021,6,1,10,50,0
2021,6,1,11,0,0
2021,6,1,11,10,22
2021,6,1,11,20,48
2021,6,1,11,30,71
2021,6,1,11,40,115
2021,6,1,11,50,181
2021,6,1,12,0,220
2021,6,1,12,10,259
2021,6,1,12,20,298
2021,6,1,12,30,336
2021,6,1,12,40,374
2021,6,1,12,50,410
2021,6,1,13,0,446
2021,6,1,13,10,480
2021,6,1,13,20,514
2021,6,1,13,30,546
2021,6,1,13,40,577
2021,6,1,13,50,606
2021,6,1,14,0,633
2021,6,1,14,10,660
2021,6,1,14,20,684
2021,6,1,14,30,707
2021,6,1,14,40,727
2021,6,1,14,50,746
2021,6,1,15,0,749
2021,6,1,15,10,764
2021,6,1,15,20,777
2021,6,1,15,30,788
2021,6,1,15,40,797
2021,6,1,15,50,804
2021,6,1,16,0,810
2021,6,1,16,10,813
2021,6,1,16,20,814
2021,6,1,16,30,813
2021,6,1,16,40,810
2021,6,1,16,50,805
2021,6,1,17,0,798
2021,6,1,17,10,789
2021,6,1,17,20,778
2021,6,1,17,30,765
2021,6,1,17,40,750
2021,6,1,17,50,733
2021,6,1,18,0,714
2021,6,1,18,10,694
2021,6,1,18,20,672
2021,6,1,18,30,648
2021,6,1,18,40,622
2021,6,1,18,50,595
2021,6,1,19,0,566
2021,6,1,19,10,536
2021,6,1,19,20,505
2021,6,1,19,30,472
2021,6,1,19,40,438
2021,6,1,19,50,403
2021,6,1,20,0,367
2021,6,1,20,10,331
2021,6,1,20,20,293
2021,6,1,20,30,255
2021,6,1,20,40,217
2021,6,1,20,50,179
2021,6,1,21,0,141
2021,6,1,21,10,104
2021,6,1,21,20,69
2021,6,1,21,30,38
2021,6,1,21,40,0
2021,6,1,21,50,0
2021,6,1,22,0,0
2021,6,1,22,10,0
2021,6,1,22,20,0
2021,6,1,22,30,0
2021,6,1,22,40,0
2021,6,1,22,50,0
2021,6,1,23,0,0
2021,6,1,23,10,0
2021,6,1,23,20,0
2021,6,1,23,30,0
2021,6,1,23,40,0
2021,6,1,23,50,0
2021,6,2,0,0,0
2021,6,2,0,10,0
2021,6,2,0,20,0
2021,6,2,0,30,0
2021,6,2,0,40,0
2021,6,2,0,50,0
2021,6,2,1,0,0
2021,6,2,1,10,0
2021,6,2,1,20,0
2021,6,2,1,30,0
2021,6,2,1,40,0
2021,6,2,1,50,0
2021,6,2,2,0,0
2021,6,2,2,10,0
2021,6,2,2,20,0
2021,6,2,2,30,0
2021,6,2,2,40,0
2021,6,2,2,50,0
2021,6,2,3,0,0
2021,6,2,3,10,0
2021,6,2,3,20,0
2021,6,2,3,30,0
2021,6,2,3,40,0
2021,6,2,3,50,0
2021,6,2,4,0,0
2021,6,2,4,10,0
2021,6,2,4,20,0
2021,6,2,4,30,0
2021,6,2,4,40,0
2021,6,2,4,50,0
2021,6,2,5,0,0
2021,6,2,5,10,0
2021,6,2,5,20,0
2021,6,2,5,30,0
2021,6,2,5,40,0
2021,6,2,5,50,0
2021,6,2,6,0,0
2021,6,2,6,10,0
2021,6,2,6,20,0
2021,6,2,6,30,0
2021,6,2,6,40,0
2021,6,2,6,50,0
2021,6,2,7,0,0
2021,6,2,7,10,0
2021,6,2,7,20,0
2021,6,2,7,30,0
2021,6,2,7,40,0
2021,6,2,7,50,0
2021,6,2,8,0,0
2021,6,2,8,10,0
2021,6,2,8,20,0
2021,6,2,8,30,0
2021,6,2,8,40,0
2021,6,2,8,50,0
2021,6,2,9,0,0
2021,6,2,9,10,0
2021,6,2,9,20,0
2021,6,2,9,30,0
2021,6,2,9,40,0
2021,6,2,9,50,0
2021,6,2,10,0,0
2021,6,2,10,10,0
2021,6,2,10,20,0
2021,6,2,10,30,0
2021,6,2,10,40,0
2021,6,2,10,50,0
2021,6,2,11,0,0
2021,6,2,11,10,21
2021,6,2,11,20,66
2021,6,2,11,30,72
2021,6,2,11,40,137
2021,6,2,11,50,174
2021,6,2,12,0,213
2021,6,2,12,10,251
2021,6,2,12,20,289
2021,6,2,12,30,326
2021,6,2,12,40,363
2021,6,2,12,50,399
2021,6,2,13,0,434
2021,6,2,13,10,468
2021,6,2,13,20,500
2021,6,2,13,30,524
2021,6,2,13,40,554
2021,6,2,13,50,583
2021,6,2,14,0,610
2021,6,2,14,10,635
2021,6,2,14,20,659
2021,6,2,14,30,681
2021,6,2,14,40,701
2021,6,2,14,50,720
2021,6,2,15,0,736
2021,6,2,15,10,751
2021,6,2,15,20,764
2021,6,2,15,30,775
2021,6,2,15,40,784
2021,6,2,15,50,792
2021,6,2,16,0,797
2021,6,2,16,10,800
2021,6,2,16,20,801
2021,6,2,16,30,800
2021,6,2,16,40,797
2021,6,2,16,50,792
2021,6,2,17,0,785
2021,6,2,17,10,776
2021,6,2,17,20,765
2021,6,2,17,30,753
2021,6,2,17,40,738
2021,6,2,17,50,721
2021,6,2,18,0,703
2021,6,2,18,10,683
2021,6,2,18,20,661
2021,6,2,18,30,637
2021,6,2,18,40,612
2021,6,2,18,50,585
2021,6,2,19,0,551
2021,6,2,19,10,522
2021,6,2,19,20,491
2021,6,2,19,30,459
2021,6,2,19,40,425
2021,6,2,19,50,391
2021,6,2,20,0,356
2021,6,2,20,10,320
2021,6,2,20,20,283
2021,6,2,20,30,246
2021,6,2,20,40,209
2021,6,2,20,50,172
2021,6,2,21,0,135
2021,6,2,21,10,99
2021,6,2,21,20,66
2021,6,2,21,30,36
2021,6,2,21,40,0
2021,6,2,21,50,0
2021,6,2,22,0,0
2021,6,2,22,10,0
2021,6,2,22,20,0
2021,6,2,22,30,0
2021,6,2,22,40,0
2021,6,2,22,50,0
2021,6,2,23,0,0
2021,6,2,23,10,0
2021,6,2,23,20,0
2021,6,2,23,30,0
2021,6,2,23,40,0
2021,6,2,23,50,0
2021,6,3,0,0,0
2021,6,3,0,10,0
2021,6,3,0,20,0
2021,6,3,0,30,0
2021,6,3,0,40,0
2021,6,3,0,50,0
2021,6,3,1,0,0
2021,6,3,1,10,0
2021,6,3,1,20,0
2021,6,3,1,30,0
2021,6,3,1,40,0
2021,6,3,1,50,0
2021,6,3,2,0,0
2021,6,3,2,10,0
2021,6,3,2,20,0
2021,6,3,2,30,0
2021,6,3,2,40,0
2021,6,3,2,50,0
2021,6,3,3,0,0
2021,6,3,3,10,0
2021,6,3,3,20,0
2021,6,3,3,30,0
2021,6,3,3,40,0
2021,6,3,3,50,0
2021,6,3,4,0,0
2021,6,3,4,10,0
2021,6,3,4,20,0
2021,6,3,4,30,0
2021,6,3,4,40,0
2021,6,3,4,50,0
2021,6,3,5,0,0
2021,6,3,5,10,0
2021,6,3,5,20,0
2021,6,3,5,30,0
2021,6,3,5,40,0
2021,6,3,5,50,0
2021,6,3,6,0,0
2021,6,3,6,10,0
2021,6,3,6,20,0
2021,6,3,6,30,0
2021,6,3,6,40,0
2021,6,3,6,50,0
2021,6,3,7,0,0
2021,6,3,7,10,0
2021,6,3,7,20,0
2021,6,3,7,30,0
2021,6,3,7,40,0
2021,6,3,7,50,0
2021,6,3,8,0,0
2021,6,3,8,10,0
2021,6,3,8,20,0
2021,6,3,8,30,0
2021,6,3,8,40,0
2021,6,3,8,50,0
2021,6,3,9,0,0
2021,6,3,9,10,0
2021,6,3,9,20,0
2021,6,3,9,30,0
2021,6,3,9,40,0
2021,6,3,9,50,0
2021,6,3,10,0,0
2021,6,3,10,10,0
2021,6,3,10,20,0
2021,6,3,10,30,0
2021,6,3,10,40,0
2021,6,3,10,50,0
2021,6,3,11,0,0
2021,6,3,11,10,21
2021,6,3,11,20,45
2021,6,3,11,30,71
2021,6,3,11,40,139
2021,6,3,11,50,177
2021,6,3,12,0,216
2021,6,3,12,10,255
2021,6,3,12,20,293
2021,6,3,12,30,331
2021,6,3,12,40,369
2021,6,3,12,50,405
2021,6,3,13,0,441
2021,6,3,13,10,475
2021,6,3,13,20,509
2021,6,3,13,30,541
2021,6,3,13,40,571
2021,6,3,13,50,600
2021,6,3,14,0,628
2021,6,3,14,10,654
2021,6,3,14,20,678
2021,6,3,14,30,701
2021,6,3,14,40,722
2021,6,3,14,50,741
2021,6,3,15,0,758
2021,6,3,15,10,773
2021,6,3,15,20,787
2021,6,3,15,30,798
2021,6,3,15,40,807
2021,6,3,15,50,815
2021,6,3,16,0,820
2021,6,3,16,10,823
2021,6,3,16,20,824
2021,6,3,16,30,808
2021,6,3,16,40,805
2021,6,3,16,50,800
2021,6,3,17,0,793
2021,6,3,17,10,784
2021,6,3,17,20,773
2021,6,3,17,30,761
2021,6,3,17,40,746
2021,6,3,17,50,730
2021,6,3,18,0,711
2021,6,3,18,10,691
2021,6,3,18,20,669
2021,6,3,18,30,645
2021,6,3,18,40,619
2021,6,3,18,50,592
2021,6,3,19,0,564
2021,6,3,19,10,534
2021,6,3,19,20,503
2021,6,3,19,30,470
2021,6,3,19,40,437
2021,6,3,19,50,402
2021,6,3,20,0,360
2021,6,3,20,10,324
2021,6,3,20,20,287
2021,6,3,20,30,249
2021,6,3,20,40,212
2021,6,3,20,50,174
2021,6,3,21,0,137
2021,6,3,21,10,101
2021,6,3,21,20,37
2021,6,3,21,30,35
2021,6,3,21,40,0
2021,6,3,21,50,0
2021,6,3,22,0,0
2021,6,3,22,10,0
2021,6,3,22,20,0
2021,6,3,22,30,0
2021,6,3,22,40,0
2021,6,3,22,50,0
2021,6,3,23,0,0
2021,6,3,23,10,0
2021,6,3,23,20,0
2021,6,3,23,30,0
2021,6,3,23,40,0
2021,6,3,23,50,0
2021,6,4,0,0,0
2021,6,4,0,10,0
2021,6,4,0,20,0
2021,6,4,0,30,0
2021,6,4,0,40,0
2021,6,4,0,50,0
2021,6,4,1,0,0
2021,6,4,1,10,0
2021,6,4,1,20,0
2021,6,4,1,30,0
2021,6,4,1,40,0
2021,6,4,1,50,0
2021,6,4,2,0,0
2021,6,4,2,10,0
2021,6,4,2,20,0
2021,6,4,2,30,0
2021,6,4,2,40,0
2021,6,4,2,50,0
2021,6,4,3,0,0
2021,6,4,3,10,0
2021,6,4,3,20,0
2021,6,4,3,30,0
2021,6,4,3,40,0
2021,6,4,3,50,0
2021,6,4,4,0,0
2021,6,4,4,10,0
2021,6,4,4,20,0
2021,6,4,4,30,0
2021,6,4,4,40,0
2021,6,4,4,50,0
2021,6,4,5,0,0
2021,6,4,5,10,0
2021,6,4,5,20,0
2021,6,4,5,30,0
2021,6,4,5,40,0
2021,6,4,5,50,0
2021,6,4,6,0,0
2021,6,4,6,10,0
2021,6,4,6,20,0
2021,6,4,6,30,0
2021,6,4,6,40,0
2021,6,4,6,50,0
2021,6,4,7,0,0
2021,6,4,7,10,0
2021,6,4,7,20,0
2021,6,4,7,30,0
2021,6,4,7,40,0
2021,6,4,7,50,0
2021,6,4,8,0,0
2021,6,4,8,10,0
2021,6,4,8,20,0
2021,6,4,8,30,0
2021,6,4,8,40,0
2021,6,4,8,50,0
2021,6,4,9,0,0
2021,6,4,9,10,0
2021,6,4,9,20,0
2021,6,4,9,30,0
2021,6,4,9,40,0
2021,6,4,9,50,0
2021,6,4,10,0,0
2021,6,4,10,10,0
2021,6,4,10,20,0
2021,6,4,10,30,0
2021,6,4,10,40,0
2021,6,4,10,50,0
2021,6,4,11,0,0
2021,6,4,11,10,20
2021,6,4,11,20,41
2021,6,4,11,30,100
2021,6,4,11,40,137
2021,6,4,11,50,175
2021,6,4,12,0,214
2021,6,4,12,10,253
2021,6,4,12,20,174
2021,6,4,12,30,203
2021,6,4,12,40,367
2021,6,4,12,50,403
2021,6,4,13,0,438
2021,6,4,13,10,473
2021,6,4,13,20,506
2021,6,4,13,30,538
2021,6,4,13,40,569
2021,6,4,13,50,598
2021,6,4,14,0,626
2021,6,4,14,10,652
2021,6,4,14,20,663
2021,6,4,14,30,685
2021,6,4,14,40,706
2021,6,4,14,50,724
2021,6,4,15,0,741
2021,6,4,15,10,645
2021,6,4,15,20,665
2021,6,4,15,30,781
2021,6,4,15,40,790
2021,6,4,15,50,644
2021,6,4,16,0,651
2021,6,4,16,10,583
2021,6,4,16,20,609
2021,6,4,16,30,637
2021,6,4,16,40,615
2021,6,4,16,50,664
2021,6,4,17,0,637
2021,6,4,17,10,510
2021,6,4,17,20,532
2021,6,4,17,30,342
2021,6,4,17,40,486
2021,6,4,17,50,477
2021,6,4,18,0,367
2021,6,4,18,10,334
2021,6,4,18,20,190
2021,6,4,18,30,530
2021,6,4,18,40,479
2021,6,4,18,50,591
2021,6,4,19,0,396
2021,6,4,19,10,339
2021,6,4,19,20,133
2021,6,4,19,30,160
2021,6,4,19,40,223
2021,6,4,19,50,191
2021,6,4,20,0,91
2021,6,4,20,10,153
2021,6,4,20,20,56
2021,6,4,20,30,94
2021,6,4,20,40,47
2021,6,4,20,50,29
2021,6,4,21,0,52
2021,6,4,21,10,41
2021,6,4,21,20,27
2021,6,4,21,30,16
2021,6,4,21,40,0
2021,6,4,21,50,0
2021,6,4,22,0,0
2021,6,4,22,10,0
2021,6,4,22,20,0
2021,6,4,22,30,0
2021,6,4,22,40,0
2021,6,4,22,50,0
2021,6,4,23,0,0
2021,6,4,23,10,0
2021,6,4,23,20,0
2021,6,4,23,30,0
2021,6,4,23,40,0
2021,6,4,23,50,0
2021,6,5,0,0,0
2021,6,5,0,10,0
2021,6,5,0,20,0
2021,6,5,0,30,0
2021,6,5,0,40,0
2021,6,5,0,50,0
2021,6,5,1,0,0
2021,6,5,1,10,0
2021,6,5,1,20,0
2021,6,5,1,30,0
2021,6,5,1,40,0
2021,6,5,1,50,0
2021,6,5,2,0,0
2021,6,5,2,10,0
2021,6,5,2,20,0
2021,6,5,2,30,0
2021,6,5,2,40,0
2021,6,5,2,50,0
2021,6,5,3,0,0
2021,6,5,3,10,0
2021,6,5,3,20,0
2021,6,5,3,30,0
2021,6,5,3,40,0
2021,6,5,3,50,0
2021,6,5,4,0,0
2021,6,5,4,10,0
2021,6,5,4,20,0
2021,6,5,4,30,0
2021,6,5,4,40,0
2021,6,5,4,50,0
2021,6,5,5,0,0
2021,6,5,5,10,0
2021,6,5,5,20,0
2021,6,5,5,30,0
2021,6,5,5,40,0
2021,6,5,5,50,0
2021,6,5,6,0,0
2021,6,5,6,10,0
2021,6,5,6,20,0
2021,6,5,6,30,0
2021,6,5,6,40,0
2021,6,5,6,50,0
2021,6,5,7,0,0
2021,6,5,7,10,0
2021,6,5,7,20,0
2021,6,5,7,30,0
2021,6,5,7,40,0
2021,6,5,7,50,0
2021,6,5,8,0,0
2021,6,5,8,10,0
2021,6,5,8,20,0
2021,6,5,8,30,0
2021,6,5,8,40,0
2021,6,5,8,50,0
2021,6,5,9,0,0
2021,6,5,9,10,0
2021,6,5,9,20,0
2021,6,5,9,30,0
2021,6,5,9,40,0
2021,6,5,9,50,0
2021,6,5,10,0,0
2021,6,5,10,10,0
2021,6,5,10,20,0
2021,6,5,10,30,0
2021,6,5,10,40,0
2021,6,5,10,50,0
2021,6,5,11,0,0
2021,6,5,11,10,19
2021,6,5,11,20,42
2021,6,5,11,30,67
2021,6,5,11,40,132
2021,6,5,11,50,170
2021,6,5,12,0,208
2021,6,5,12,10,246
2021,6,5,12,20,168
2021,6,5,12,30,206
2021,6,5,12,40,358
2021,6,5,12,50,394
2021,6,5,13,0,429
2021,6,5,13,10,463
2021,6,5,13,20,495
2021,6,5,13,30,527
2021,6,5,13,40,557
2021,6,5,13,50,586
2021,6,5,14,0,613
2021,6,5,14,10,639
2021,6,5,14,20,663
2021,6,5,14,30,685
2021,6,5,14,40,705
2021,6,5,14,50,715
2021,6,5,15,0,732
2021,6,5,15,10,746
2021,6,5,15,20,759
2021,6,5,15,30,771
2021,6,5,15,40,780
2021,6,5,15,50,787
2021,6,5,16,0,792
2021,6,5,16,10,795
2021,6,5,16,20,796
2021,6,5,16,30,796
2021,6,5,16,40,793
2021,6,5,16,50,788
2021,6,5,17,0,781
2021,6,5,17,10,772
2021,6,5,17,20,762
2021,6,5,17,30,749
2021,6,5,17,40,727
2021,6,5,17,50,711
2021,6,5,18,0,693
2021,6,5,18,10,673
2021,6,5,18,20,651
2021,6,5,18,30,628
2021,6,5,18,40,604
2021,6,5,18,50,577
2021,6,5,19,0,549
2021,6,5,19,10,520
2021,6,5,19,20,489
2021,6,5,19,30,457
2021,6,5,19,40,420
2021,6,5,19,50,289
2021,6,5,20,0,221
2021,6,5,20,10,200
2021,6,5,20,20,158
2021,6,5,20,30,162
2021,6,5,20,40,205
2021,6,5,20,50,168
2021,6,5,21,0,131
2021,6,5,21,10,95
2021,6,5,21,20,62
2021,6,5,21,30,34
2021,6,5,21,40,0
2021,6,5,21,50,0
2021,6,5,22,0,0
2021,6,5,22,10,0
2021,6,5,22,20,0
2021,6,5,22,30,0
2021,6,5,22,40,0
2021,6,5,22,50,0
2021,6,5,23,0,0
2021,6,5,23,10,0
2021,6,5,23,20,0
2021,6,5,23,30,0
2021,6,5,23,40,0
2021,6,5,23,50,0
2021,6,6,0,0,0
2021,6,6,0,10,0
2021,6,6,0,20,0
2021,6,6,0,30,0
2021,6,6,0,40,0
2021,6,6,0,50,0
2021,6,6,1,0,0
2021,6,6,1,10,0
2021,6,6,1,20,0
2021,6,6,1,30,0
2021,6,6,1,40,0
2021,6,6,1,50,0
2021,6,6,2,0,0
2021,6,6,2,10,0
2021,6,6,2,20,0
2021,6,6,2,30,0
2021,6,6,2,40,0
2021,6,6,2,50,0
2021,6,6,3,0,0
2021,6,6,3,10,0
2021,6,6,3,20,0
2021,6,6,3,30,0
2021,6,6,3,40,0
2021,6,6,3,50,0
2021,6,6,4,0,0
2021,6,6,4,10,0
2021,6,6,4,20,0
2021,6,6,4,30,0
2021,6,6,4,40,0
2021,6,6,4,50,0
2021,6,6,5,0,0
2021,6,6,5,10,0
2021,6,6,5,20,0
2021,6,6,5,30,0
2021,6,6,5,40,0
2021,6,6,5,50,0
2021,6,6,6,0,0
2021,6,6,6,10,0
2021,6,6,6,20,0
2021,6,6,6,30,0
2021,6,6,6,40,0
2021,6,6,6,50,0
2021,6,6,7,0,0
2021,6,6,7,10,0
2021,6,6,7,20,0
2021,6,6,7,30,0
2021,6,6,7,40,0
2021,6,6,7,50,0
2021,6,6,8,0,0
2021,6,6,8,10,0
2021,6,6,8,20,0
2021,6,6,8,30,0
2021,6,6,8,40,0
2021,6,6,8,50,0
2021,6,6,9,0,0
2021,6,6,9,10,0
2021,6,6,9,20,0
2021,6,6,9,30,0
2021,6,6,9,40,0
2021,6,6,9,50,0
2021,6,6,10,0,0
2021,6,6,10,10,0
2021,6,6,10,20,0
2021,6,6,10,30,0
2021,6,6,10,40,0
2021,6,6,10,50,0
2021,6,6,11,0,0
2021,6,6,11,10,27
2021,6,6,11,20,55
2021,6,6,11,30,87
2021,6,6,11,40,124
2021,6,6,11,50,161
2021,6,6,12,0,198
2021,6,6,12,10,235
2021,6,6,12,20,272
2021,6,6,12,30,309
2021,6,6,12,40,351
2021,6,6,12,50,386
2021,6,6,13,0,421
2021,6,6,13,10,454
2021,6,6,13,20,487
2021,6,6,13,30,518
2021,6,6,13,40,547
2021,6,6,13,50,576
2021,6,6,14,0,603
2021,6,6,14,10,628
2021,6,6,14,20,652
2021,6,6,14,30,683
2021,6,6,14,40,703
2021,6,6,14,50,722
2021,6,6,15,0,739
2021,6,6,15,10,754
2021,6,6,15,20,768
2021,6,6,15,30,779
2021,6,6,15,40,788
2021,6,6,15,50,795
2021,6,6,16,0,801
2021,6,6,16,10,804
2021,6,6,16,20,805
2021,6,6,16,30,804
2021,6,6,16,40,802
2021,6,6,16,50,797
2021,6,6,17,0,790
2021,6,6,17,10,781
2021,6,6,17,20,770
2021,6,6,17,30,758
2021,6,6,17,40,743
2021,6,6,17,50,727
2021,6,6,18,0,708
2021,6,6,18,10,688
2021,6,6,18,20,666
2021,6,6,18,30,642
2021,6,6,18,40,617
2021,6,6,18,50,590
2021,6,6,19,0,561
2021,6,6,19,10,532
2021,6,6,19,20,501
2021,6,6,19,30,468
2021,6,6,19,40,434
2021,6,6,19,50,400
2021,6,6,20,0,364
2021,6,6,20,10,327
2021,6,6,20,20,290
2021,6,6,20,30,252
2021,6,6,20,40,214
2021,6,6,20,50,176
2021,6,6,21,0,139
2021,6,6,21,10,102
2021,6,6,21,20,68
2021,6,6,21,30,37
2021,6,6,21,40,0
2021,6,6,21,50,0
2021,6,6,22,0,0
2021,6,6,22,10,0
2021,6,6,22,20,0
2021,6,6,22,30,0
2021,6,6,22,40,0
2021,6,6,22,50,0
2021,6,6,23,0,0
2021,6,6,23,10,0
2021,6,6,23,20,0
2021,6,6,23,30,0
2021,6,6,23,40,0
2021,6,6,23,50,0
2021,6,7,0,0,0
2021,6,7,0,10,0
2021,6,7,0,20,0
2021,6,7,0,30,0
2021,6,7,0,40,0
2021,6,7,0,50,0
2021,6,7,1,0,0
2021,6,7,1,10,0
2021,6,7,1,20,0
2021,6,7,1,30,0
2021,6,7,1,40,0
2021,6,7,1,50,0
2021,6,7,2,0,0
2021,6,7,2,10,0
2021,6,7,2,20,0
2021,6,7,2,30,0
2021,6,7,2,40,0
2021,6,7,2,50,0
2021,6,7,3,0,0
2021,6,7,3,10,0
2021,6,7,3,20,0
2021,6,7,3,30,0
2021,6,7,3,40,0
2021,6,7,3,50,0
2021,6,7,4,0,0
2021,6,7,4,10,0
2021,6,7,4,20,0
2021,6,7,4,30,0
2021,6,7,4,40,0
2021,6,7,4,50,0
2021,6,7,5,0,0
2021,6,7,5,10,0
2021,6,7,5,20,0
2021,6,7,5,30,0
2021,6,7,5,40,0
2021,6,7,5,50,0
2021,6,7,6,0,0
2021,6,7,6,10,0
2021,6,7,6,20,0
2021,6,7,6,30,0
2021,6,7,6,40,0
2021,6,7,6,50,0
2021,6,7,7,0,0
2021,6,7,7,10,0
2021,6,7,7,20,0
2021,6,7,7,30,0
2021,6,7,7,40,0
2021,6,7,7,50,0
2021,6,7,8,0,0
2021,6,7,8,10,0
2021,6,7,8,20,0
2021,6,7,8,30,0
2021,6,7,8,40,0
2021,6,7,8,50,0
2021,6,7,9,0,0
2021,6,7,9,10,0
2021,6,7,9,20,0
2021,6,7,9,30,0
2021,6,7,9,40,0
2021,6,7,9,50,0
2021,6,7,10,0,0
2021,6,7,10,10,0
2021,6,7,10,20,0
2021,6,7,10,30,0
2021,6,7,10,40,0
2021,6,7,10,50,0
2021,6,7,11,0,0
2021,6,7,11,10,17
2021,6,7,11,20,35
2021,6,7,11,30,70
2021,6,7,11,40,56
2021,6,7,11,50,78
2021,6,7,12,0,108
2021,6,7,12,10,138
2021,6,7,12,20,166
2021,6,7,12,30,205
2021,6,7,12,40,362
2021,6,7,12,50,398
2021,6,7,13,0,434
2021,6,7,13,10,468
2021,6,7,13,20,502
2021,6,7,13,30,534
2021,6,7,13,40,564
2021,6,7,13,50,594
2021,6,7,14,0,621
2021,6,7,14,10,647
2021,6,7,14,20,672
2021,6,7,14,30,695
2021,6,7,14,40,702
2021,6,7,14,50,720
2021,6,7,15,0,737
2021,6,7,15,10,589
2021,6,7,15,20,615
2021,6,7,15,30,777
2021,6,7,15,40,786
2021,6,7,15,50,610
2021,6,7,16,0,686
2021,6,7,16,10,587
2021,6,7,16,20,638
2021,6,7,16,30,624
2021,6,7,16,40,582
2021,6,7,16,50,640
2021,6,7,17,0,605
2021,6,7,17,10,544
2021,6,7,17,20,611
2021,6,7,17,30,561
2021,6,7,17,40,537
2021,6,7,17,50,524
2021,6,7,18,0,532
2021,6,7,18,10,506
2021,6,7,18,20,478
2021,6,7,18,30,480
2021,6,7,18,40,434
2021,6,7,18,50,377
2021,6,7,19,0,383
2021,6,7,19,10,383
2021,6,7,19,20,377
2021,6,7,19,30,231
2021,6,7,19,40,274
2021,6,7,19,50,286
2021,6,7,20,0,364
2021,6,7,20,10,327
2021,6,7,20,20,290
2021,6,7,20,30,234
2021,6,7,20,40,214
2021,6,7,20,50,65
2021,6,7,21,0,66
2021,6,7,21,10,60
2021,6,7,21,20,45
2021,6,7,21,30,23
2021,6,7,21,40,0
2021,6,7,21,50,0
2021,6,7,22,0,0
2021,6,7,22,10,0
2021,6,7,22,20,0
2021,6,7,22,30,0
2021,6,7,22,40,0
2021,6,7,22,50,0
2021,6,7,23,0,0
2021,6,7,23,10,0
2021,6,7,23,20,0
2021,6,7,23,30,0
2021,6,7,23,40,0
2021,6,7,23,50,0
2021,6,8,0,0,0
2021,6,8,0,10,0
2021,6,8,0,20,0
2021,6,8,0,30,0
2021,6,8,0,40,0
2021,6,8,0,50,0
2021,6,8,1,0,0
2021,6,8,1,10,0
2021,6,8,1,20,0
2021,6,8,1,30,0
2021,6,8,1,40,0
2021,6,8,1,50,0
2021,6,8,2,0,0
2021,6,8,2,10,0
2021,6,8,2,20,0
2021,6,8,2,30,0
2021,6,8,2,40,0
2021,6,8,2,50,0
2021,6,8,3,0,0
2021,6,8,3,10,0
2021,6,8,3,20,0
2021,6,8,3,30,0
2021,6,8,3,40,0
2021,6,8,3,50,0
2021,6,8,4,0,0
2021,6,8,4,10,0
2021,6,8,4,20,0
2021,6,8,4,30,0
2021,6,8,4,40,0
2021,6,8,4,50,0
2021,6,8,5,0,0
2021,6,8,5,10,0
2021,6,8,5,20,0
2021,6,8,5,30,0
2021,6,8,5,40,0
2021,6,8,5,50,0
2021,6,8,6,0,0
2021,6,8,6,10,0
2021,6,8,6,20,0
2021,6,8,6,30,0
2021,6,8,6,40,0
2021,6,8,6,50,0
2021,6,8,7,0,0
2021,6,8,7,10,0
2021,6,8,7,20,0
2021,6,8,7,30,0
2021,6,8,7,40,0
2021,6,8,7,50,0
2021,6,8,8,0,0
2021,6,8,8,10,0
2021,6,8,8,20,0
2021,6,8,8,30,0
2021,6,8,8,40,0
2021,6,8,8,50,0
2021,6,8,9,0,0
2021,6,8,9,10,0
2021,6,8,9,20,0
2021,6,8,9,30,0
2021,6,8,9,40,0
2021,6,8,9,50,0
2021,6,8,10,0,0
2021,6,8,10,10,0
2021,6,8,10,20,0
2021,6,8,10,30,0
2021,6,8,10,40,0
2021,6,8,10,50,0
2021,6,8,11,0,0
2021,6,8,11,10,16
2021,6,8,11,20,35
2021,6,8,11,30,64
2021,6,8,11,40,101
2021,6,8,11,50,73
2021,6,8,12,0,202
2021,6,8,12,10,129
2021,6,8,12,20,162
2021,6,8,12,30,315
2021,6,8,12,40,225
2021,6,8,12,50,253
2021,6,8,13,0,423
2021,6,8,13,10,457
2021,6,8,13,20,489
2021,6,8,13,30,521
2021,6,8,13,40,551
2021,6,8,13,50,579
2021,6,8,14,0,607
2021,6,8,14,10,632
2021,6,8,14,20,656
2021,6,8,14,30,679
2021,6,8,14,40,699
2021,6,8,14,50,718
2021,6,8,15,0,735
2021,6,8,15,10,750
2021,6,8,15,20,763
2021,6,8,15,30,775
2021,6,8,15,40,783
2021,6,8,15,50,791
2021,6,8,16,0,796
2021,6,8,16,10,799
2021,6,8,16,20,800
2021,6,8,16,30,800
2021,6,8,16,40,798
2021,6,8,16,50,793
2021,6,8,17,0,786
2021,6,8,17,10,631
2021,6,8,17,20,626
2021,6,8,17,30,603
2021,6,8,17,40,592
2021,6,8,17,50,585
2021,6,8,18,0,556
2021,6,8,18,10,542
2021,6,8,18,20,517
2021,6,8,18,30,640
2021,6,8,18,40,475
2021,6,8,18,50,442
2021,6,8,19,0,469
2021,6,8,19,10,376
2021,6,8,19,20,402
2021,6,8,19,30,383
2021,6,8,19,40,327
2021,6,8,19,50,303
2021,6,8,20,0,263
2021,6,8,20,10,232
2021,6,8,20,20,174
2021,6,8,20,30,183
2021,6,8,20,40,140
2021,6,8,20,50,120
2021,6,8,21,0,101
2021,6,8,21,10,74
2021,6,8,21,20,44
2021,6,8,21,30,23
2021,6,8,21,40,0
2021,6,8,21,50,0
2021,6,8,22,0,0
2021,6,8,22,10,0
2021,6,8,22,20,0
2021,6,8,22,30,0
2021,6,8,22,40,0
2021,6,8,22,50,0
2021,6,8,23,0,0
2021,6,8,23,10,0
2021,6,8,23,20,0
2021,6,8,23,30,0
2021,6,8,23,40,0
2021,6,8,23,50,0
2021,6,9,0,0,0
2021,6,9,0,10,0
2021,6,9,0,20,0
2021,6,9,0,30,0
2021,6,9,0,40,0
2021,6,9,0,50,0
2021,6,9,1,0,0
2021,6,9,1,10,0
2021,6,9,1,20,0
2021,6,9,1,30,0
2021,6,9,1,40,0
2021,6,9,1,50,0
2021,6,9,2,0,0
2021,6,9,2,10,0
2021,6,9,2,20,0
2021,6,9,2,30,0
2021,6,9,2,40,0
2021,6,9,2,50,0
2021,6,9,3,0,0
2021,6,9,3,10,0
2021,6,9,3,20,0
2021,6,9,3,30,0
2021,6,9,3,40,0
2021,6,9,3,50,0
2021,6,9,4,0,0
2021,6,9,4,10,0
2021,6,9,4,20,0
2021,6,9,4,30,0
2021,6,9,4,40,0
2021,6,9,4,50,0
2021,6,9,5,0,0
2021,6,9,5,10,0
2021,6,9,5,20,0
2021,6,9,5,30,0
2021,6,9,5,40,0
2021,6,9,5,50,0
2021,6,9,6,0,0
2021,6,9,6,10,0
2021,6,9,6,20,0
2021,6,9,6,30,0
2021,6,9,6,40,0
2021,6,9,6,50,0
2021,6,9,7,0,0
2021,6,9,7,10,0
2021,6,9,7,20,0
2021,6,9,7,30,0
2021,6,9,7,40,0
2021,6,9,7,50,0
2021,6,9,8,0,0
2021,6,9,8,10,0
2021,6,9,8,20,0
2021,6,9,8,30,0
2021,6,9,8,40,0
2021,6,9,8,50,0
2021,6,9,9,0,0
2021,6,9,9,10,0
2021,6,9,9,20,0
2021,6,9,9,30,0
2021,6,9,9,40,0
2021,6,9,9,50,0
2021,6,9,10,0,0
2021,6,9,10,10,0
2021,6,9,10,20,0
2021,6,9,10,30,0
2021,6,9,10,40,0
2021,6,9,10,50,0
2021,6,9,11,0,0
2021,6,9,11,10,15
2021,6,9,11,20,34
2021,6,9,11,30,61
2021,6,9,11,40,99
2021,6,9,11,50,118
2021,6,9,12,0,160
2021,6,9,12,10,198
2021,6,9,12,20,250
2021,6,9,12,30,252
2021,6,9,12,40,355
2021,6,9,12,50,360
2021,6,9,13,0,351
2021,6,9,13,10,354
2021,6,9,13,20,379
2021,6,9,13,30,417
2021,6,9,13,40,474
2021,6,9,13,50,484
2021,6,9,14,0,526
2021,6,9,14,10,643
2021,6,9,14,20,668
2021,6,9,14,30,560
2021,6,9,14,40,556
2021,6,9,14,50,540
2021,6,9,15,0,598
2021,6,9,15,10,605
2021,6,9,15,20,776
2021,6,9,15,30,668
2021,6,9,15,40,797
2021,6,9,15,50,804
2021,6,9,16,0,667
2021,6,9,16,10,813
2021,6,9,16,20,654
2021,6,9,16,30,671
2021,6,9,16,40,811
2021,6,9,16,50,631
2021,6,9,17,0,800
2021,6,9,17,10,791
2021,6,9,17,20,780
2021,6,9,17,30,767
2021,6,9,17,40,752
2021,6,9,17,50,736
2021,6,9,18,0,717
2021,6,9,18,10,599
2021,6,9,18,20,537
2021,6,9,18,30,514
2021,6,9,18,40,485
2021,6,9,18,50,455
2021,6,9,19,0,442
2021,6,9,19,10,435
2021,6,9,19,20,355
2021,6,9,19,30,373
2021,6,9,19,40,315
2021,6,9,19,50,293
2021,6,9,20,0,200
2021,6,9,20,10,245
2021,6,9,20,20,189
2021,6,9,20,30,257
2021,6,9,20,40,166
2021,6,9,20,50,180
2021,6,9,21,0,142
2021,6,9,21,10,77
2021,6,9,21,20,70
2021,6,9,21,30,38
2021,6,9,21,40,0
2021,6,9,21,50,0
2021,6,9,22,0,0
2021,6,9,22,10,0
2021,6,9,22,20,0
2021,6,9,22,30,0
2021,6,9,22,40,0
2021,6,9,22,50,0
2021,6,9,23,0,0
2021,6,9,23,10,0
2021,6,9,23,20,0
2021,6,9,23,30,0
2021,6,9,23,40,0
2021,6,9,23,50,0
2021,6,10,0,0,0
2021,6,10,0,10,0
2021,6,10,0,20,0
2021,6,10,0,30,0
2021,6,10,0,40,0
2021,6,10,0,50,0
2021,6,10,1,0,0
2021,6,10,1,10,0
2021,6,10,1,20,0
2021,6,10,1,30,0
2021,6,10,1,40,0
2021,6,10,1,50,0
2021,6,10,2,0,0
2021,6,10,2,10,0
2021,6,10,2,20,0
2021,6,10,2,30,0
2021,6,10,2,40,0
2021,6,10,2,50,0
2021,6,10,3,0,0
2021,6,10,3,10,0
2021,6,10,3,20,0
2021,6,10,3,30,0
2021,6,10,3,40,0
2021,6,10,3,50,0
2021,6,10,4,0,0
2021,6,10,4,10,0
2021,6,10,4,20,0
2021,6,10,4,30,0
2021,6,10,4,40,0
2021,6,10,4,50,0
2021,6,10,5,0,0
2021,6,10,5,10,0
2021,6,10,5,20,0
2021,6,10,5,30,0
2021,6,10,5,40,0
2021,6,10,5,50,0
2021,6,10,6,0,0
2021,6,10,6,10,0
2021,6,10,6,20,0
2021,6,10,6,30,0
2021,6,10,6,40,0
2021,6,10,6,50,0
2021,6,10,7,0,0
2021,6,10,7,10,0
2021,6,10,7,20,0
2021,6,10,7,30,0
2021,6,10,7,40,0
2021,6,10,7,50,0
2021,6,10,8,0,0
2021,6,10,8,10,0
2021,6,10,8,20,0
2021,6,10,8,30,0
2021,6,10,8,40,0
2021,6,10,8,50,0
2021,6,10,9,0,0
2021,6,10,9,10,0
2021,6,10,9,20,0
2021,6,10,9,30,0
2021,6,10,9,40,0
2021,6,10,9,50,0
2021,6,10,10,0,0
2021,6,10,10,10,0
2021,6,10,10,20,0
2021,6,10,10,30,0
2021,6,10,10,40,0
2021,6,10,10,50,0
2021,6,10,11,0,0
2021,6,10,11,10,15
2021,6,10,11,20,36
2021,6,10,11,30,65
2021,6,10,11,40,100
2021,6,10,11,50,166
2021,6,10,12,0,204
2021,6,10,12,10,243
2021,6,10,12,20,281
2021,6,10,12,30,188
2021,6,10,12,40,356
2021,6,10,12,50,392
2021,6,10,13,0,427
2021,6,10,13,10,462
2021,6,10,13,20,495
2021,6,10,13,30,527
2021,6,10,13,40,558
2021,6,10,13,50,587
2021,6,10,14,0,614
2021,6,10,14,10,640
2021,6,10,14,20,665
2021,6,10,14,30,687
2021,6,10,14,40,708
2021,6,10,14,50,714
2021,6,10,15,0,731
2021,6,10,15,10,746
2021,6,10,15,20,759
2021,6,10,15,30,770
2021,6,10,15,40,779
2021,6,10,15,50,787
2021,6,10,16,0,792
2021,6,10,16,10,796
2021,6,10,16,20,797
2021,6,10,16,30,796
2021,6,10,16,40,794
2021,6,10,16,50,789
2021,6,10,17,0,782
2021,6,10,17,10,774
2021,6,10,17,20,763
2021,6,10,17,30,750
2021,6,10,17,40,736
2021,6,10,17,50,720
2021,6,10,18,0,693
2021,6,10,18,10,673
2021,6,10,18,20,651
2021,6,10,18,30,628
2021,6,10,18,40,604
2021,6,10,18,50,577
2021,6,10,19,0,549
2021,6,10,19,10,520
2021,6,10,19,20,490
2021,6,10,19,30,458
2021,6,10,19,40,425
2021,6,10,19,50,391
2021,6,10,20,0,356
2021,6,10,20,10,320
2021,6,10,20,20,284
2021,6,10,20,30,243
2021,6,10,20,40,206
2021,6,10,20,50,170
2021,6,10,21,0,133
2021,6,10,21,10,98
2021,6,10,21,20,65
2021,6,10,21,30,35
2021,6,10,21,40,0
2021,6,10,21,50,0
2021,6,10,22,0,0
2021,6,10,22,10,0
2021,6,10,22,20,0
2021,6,10,22,30,0
2021,6,10,22,40,0
2021,6,10,22,50,0
2021,6,10,23,0,0
2021,6,10,23,10,0
2021,6,10,23,20,0
2021,6,10,23,30,0
2021,6,10,23,40,0
2021,6,10,23,50,0
2021,6,11,0,0,0
2021,6,11,0,10,0
2021,6,11,0,20,0
2021,6,11,0,30,0
2021,6,11,0,40,0
2021,6,11,0,50,0
2021,6,11,1,0,0
2021,6,11,1,10,0
2021,6,11,1,20,0
2021,6,11,1,30,0
2021,6,11,1,40,0
2021,6,11,1,50,0
2021,6,11,2,0,0
2021,6,11,2,10,0
2021,6,11,2,20,0
2021,6,11,2,30,0
2021,6,11,2,40,0
2021,6,11,2,50,0
2021,6,11,3,0,0
2021,6,11,3,10,0
2021,6,11,3,20,0
2021,6,11,3,30,0
2021,6,11,3,40,0
2021,6,11,3,50,0
2021,6,11,4,0,0
2021,6,11,4,10,0
2021,6,11,4,20,0
2021,6,11,4,30,0
2021,6,11,4,40,0
2021,6,11,4,50,0
2021,6,11,5,0,0
2021,6,11,5,10,0
2021,6,11,5,20,0
2021,6,11,5,30,0
2021,6,11,5,40,0
2021,6,11,5,50,0
2021,6,11,6,0,0
2021,6,11,6,10,0
2021,6,11,6,20,0
2021,6,11,6,30,0
2021,6,11,6,40,0
2021,6,11,6,50,0
2021,6,11,7,0,0
2021,6,11,7,10,0
2021,6,11,7,20,0
2021,6,11,7,30,0
2021,6,11,7,40,0
2021,6,11,7,50,0
2021,6,11,8,0,0
2021,6,11,8,10,0
2021,6,11,8,20,0
2021,6,11,8,30,0
2021,6,11,8,40,0
2021,6,11,8,50,0
2021,6,11,9,0,0
2021,6,11,9,10,0
2021,6,11,9,20,0
2021,6,11,9,30,0
2021,6,11,9,40,0
2021,6,11,9,50,0
2021,6,11,10,0,0
2021,6,11,10,10,0
2021,6,11,10,20,0
2021,6,11,10,30,0
2021,6,11,10,40,0
2021,6,11,10,50,0
2021,6,11,11,0,0
2021,6,11,11,10,14
2021,6,11,11,20,35
2021,6,11,11,30,88
2021,6,11,11,40,123
2021,6,11,11,50,160
2021,6,11,12,0,198
2021,6,11,12,10,235
2021,6,11,12,20,273
2021,6,11,12,30,310
2021,6,11,12,40,346
2021,6,11,12,50,382
2021,6,11,13,0,416
2021,6,11,13,10,450
2021,6,11,13,20,483
2021,6,11,13,30,514
2021,6,11,13,40,544
2021,6,11,13,50,573
2021,6,11,14,0,600
2021,6,11,14,10,626
2021,6,11,14,20,650
2021,6,11,14,30,672
2021,6,11,14,40,693
2021,6,11,14,50,712
2021,6,11,15,0,729
2021,6,11,15,10,744
2021,6,11,15,20,757
2021,6,11,15,30,769
2021,6,11,15,40,778
2021,6,11,15,50,786
2021,6,11,16,0,791
2021,6,11,16,10,795
2021,6,11,16,20,796
2021,6,11,16,30,795
2021,6,11,16,40,793
2021,6,11,16,50,789
2021,6,11,17,0,782
2021,6,11,17,10,774
2021,6,11,17,20,763
2021,6,11,17,30,751
2021,6,11,17,40,737
2021,6,11,17,50,721
2021,6,11,18,0,703
2021,6,11,18,10,683
2021,6,11,18,20,661
2021,6,11,18,30,638
2021,6,11,18,40,613
2021,6,11,18,50,586
2021,6,11,19,0,558
2021,6,11,19,10,529
2021,6,11,19,20,498
2021,6,11,19,30,466
2021,6,11,19,40,432
2021,6,11,19,50,392
2021,6,11,20,0,357
2021,6,11,20,10,321
2021,6,11,20,20,284
2021,6,11,20,30,248
2021,6,11,20,40,210
2021,6,11,20,50,173
2021,6,11,21,0,136
2021,6,11,21,10,100
2021,6,11,21,20,67
2021,6,11,21,30,36
2021,6,11,21,40,0
2021,6,11,21,50,0
2021,6,11,22,0,0
2021,6,11,22,10,0
2021,6,11,22,20,0
2021,6,11,22,30,0
2021,6,11,22,40,0
2021,6,11,22,50,0
2021,6,11,23,0,0
2021,6,11,23,10,0
2021,6,11,23,20,0
2021,6,11,23,30,0
2021,6,11,23,40,0
2021,6,11,23,50,0
2021,6,12,0,0,0
2021,6,12,0,10,0
2021,6,12,0,20,0
2021,6,12,0,30,0
2021,6,12,0,40,0
2021,6,12,0,50,0
2021,6,12,1,0,0
2021,6,12,1,10,0
2021,6,12,1,20,0
2021,6,12,1,30,0
2021,6,12,1,40,0
2021,6,12,1,50,0
2021,6,12,2,0,0
2021,6,12,2,10,0
2021,6,12,2,20,0
2021,6,12,2,30,0
2021,6,12,2,40,0
2021,6,12,2,50,0
2021,6,12,3,0,0
2021,6,12,3,10,0
2021,6,12,3,20,0
2021,6,12,3,30,0
2021,6,12,3,40,0
2021,6,12,3,50,0
2021,6,12,4,0,0
2021,6,12,4,10,0
2021,6,12,4,20,0
2021,6,12,4,30,0
2021,6,12,4,40,0
2021,6,12,4,50,0
2021,6,12,5,0,0
2021,6,12,5,10,0
2021,6,12,5,20,0
2021,6,12,5,30,0
2021,6,12,5,40,0
2021,6,12,5,50,0
2021,6,12,6,0,0
2021,6,12,6,10,0
2021,6,12,6,20,0
2021,6,12,6,30,0
2021,6,12,6,40,0
2021,6,12,6,50,0
2021,6,12,7,0,0
2021,6,12,7,10,0
2021,6,12,7,20,0
2021,6,12,7,30,0
2021,6,12,7,40,0
2021,6,12,7,50,0
2021,6,12,8,0,0
2021,6,12,8,10,0
2021,6,12,8,20,0
2021,6,12,8,30,0
2021,6,12,8,40,0
2021,6,12,8,50,0
2021,6,12,9,0,0
2021,6,12,9,10,0
2021,6,12,9,20,0
2021,6,12,9,30,0
2021,6,12,9,40,0
2021,6,12,9,50,0
2021,6,12,10,0,0
2021,6,12,10,10,0
2021,6,12,10,20,0
2021,6,12,10,30,0
2021,6,12,10,40,0
2021,6,12,10,50,0
2021,6,12,11,0,0
2021,6,12,11,10,13
2021,6,12,11,20,33
2021,6,12,11,30,60
2021,6,12,11,40,99
2021,6,12,11,50,131
2021,6,12,12,0,157
2021,6,12,12,10,239
2021,6,12,12,20,157
2021,6,12,12,30,315
2021,6,12,12,40,220
2021,6,12,12,50,389
2021,6,12,13,0,424
2021,6,12,13,10,458
2021,6,12,13,20,492
2021,6,12,13,30,524
2021,6,12,13,40,554
2021,6,12,13,50,583
2021,6,12,14,0,611
2021,6,12,14,10,637
2021,6,12,14,20,662
2021,6,12,14,30,684
2021,6,12,14,40,705
2021,6,12,14,50,724
2021,6,12,15,0,742
2021,6,12,15,10,757
2021,6,12,15,20,771
2021,6,12,15,30,782
2021,6,12,15,40,792
2021,6,12,15,50,799
2021,6,12,16,0,805
2021,6,12,16,10,808
2021,6,12,16,20,810
2021,6,12,16,30,809
2021,6,12,16,40,807
2021,6,12,16,50,802
2021,6,12,17,0,796
2021,6,12,17,10,787
2021,6,12,17,20,776
2021,6,12,17,30,764
2021,6,12,17,40,749
2021,6,12,17,50,733
2021,6,12,18,0,714
2021,6,12,18,10,694
2021,6,12,18,20,672
2021,6,12,18,30,648
2021,6,12,18,40,611
2021,6,12,18,50,584
2021,6,12,19,0,556
2021,6,12,19,10,527
2021,6,12,19,20,496
2021,6,12,19,30,464
2021,6,12,19,40,431
2021,6,12,19,50,397
2021,6,12,20,0,361
2021,6,12,20,10,325
2021,6,12,20,20,288
2021,6,12,20,30,251
2021,6,12,20,40,214
2021,6,12,20,50,176
2021,6,12,21,0,139
2021,6,12,21,10,103
2021,6,12,21,20,68
2021,6,12,21,30,37
2021,6,12,21,40,0
2021,6,12,21,50,0
2021,6,12,22,0,0
2021,6,12,22,10,0
2021,6,12,22,20,0
2021,6,12,22,30,0
2021,6,12,22,40,0
2021,6,12,22,50,0
2021,6,12,23,0,0
2021,6,12,23,10,0
2021,6,12,23,20,0
2021,6,12,23,30,0
2021,6,12,23,40,0
2021,6,12,23,50,0
2021,6,13,0,0,0
2021,6,13,0,10,0
2021,6,13,0,20,0
2021,6,13,0,30,0
2021,6,13,0,40,0
2021,6,13,0,50,0
2021,6,13,1,0,0
2021,6,13,1,10,0
2021,6,13,1,20,0
2021,6,13,1,30,0
2021,6,13,1,40,0
2021,6,13,1,50,0
2021,6,13,2,0,0
2021,6,13,2,10,0
2021,6,13,2,20,0
2021,6,13,2,30,0
2021,6,13,2,40,0
2021,6,13,2,50,0
2021,6,13,3,0,0
2021,6,13,3,10,0
2021,6,13,3,20,0
2021,6,13,3,30,0
2021,6,13,3,40,0
2021,6,13,3,50,0
2021,6,13,4,0,0
2021,6,13,4,10,0
2021,6,13,4,20,0
2021,6,13,4,30,0
2021,6,13,4,40,0
2021,6,13,4,50,0
2021,6,13,5,0,0
2021,6,13,5,10,0
2021,6,13,5,20,0
2021,6,13,5,30,0
2021,6,13,5,40,0
2021,6,13,5,50,0
2021,6,13,6,0,0
2021,6,13,6,10,0
2021,6,13,6,20,0
2021,6,13,6,30,0
2021,6,13,6,40,0
2021,6,13,6,50,0
2021,6,13,7,0,0
2021,6,13,7,10,0
2021,6,13,7,20,0
2021,6,13,7,30,0
2021,6,13,7,40,0
2021,6,13,7,50,0
2021,6,13,8,0,0
2021,6,13,8,10,0
2021,6,13,8,20,0
2021,6,13,8,30,0
2021,6,13,8,40,0
2021,6,13,8,50,0
2021,6,13,9,0,0
2021,6,13,9,10,0
2021,6,13,9,20,0
2021,6,13,9,30,0
2021,6,13,9,40,0
2021,6,13,9,50,0
2021,6,13,10,0,0
2021,6,13,10,10,0
2021,6,13,10,20,0
2021,6,13,10,30,0
2021,6,13,10,40,0
2021,6,13,10,50,0
2021,6,13,11,0,0
2021,6,13,11,10,13
2021,6,13,11,20,32
2021,6,13,11,30,56
2021,6,13,11,40,95
2021,6,13,11,50,162
2021,6,13,12,0,162
2021,6,13,12,10,239
2021,6,13,12,20,221
2021,6,13,12,30,187
2021,6,13,12,40,220
2021,6,13,12,50,251
2021,6,13,13,0,424
2021,6,13,13,10,458
2021,6,13,13,20,491
2021,6,13,13,30,523
2021,6,13,13,40,554
2021,6,13,13,50,583
2021,6,13,14,0,611
2021,6,13,14,10,637
2021,6,13,14,20,662
2021,6,13,14,30,685
2021,6,13,14,40,706
2021,6,13,14,50,725
2021,6,13,15,0,742
2021,6,13,15,10,758
2021,6,13,15,20,771
2021,6,13,15,30,783
2021,6,13,15,40,794
2021,6,13,15,50,801
2021,6,13,16,0,807
2021,6,13,16,10,810
2021,6,13,16,20,797
2021,6,13,16,30,796
2021,6,13,16,40,794
2021,6,13,16,50,789
2021,6,13,17,0,783
2021,6,13,17,10,775
2021,6,13,17,20,764
2021,6,13,17,30,752
2021,6,13,17,40,738
2021,6,13,17,50,722
2021,6,13,18,0,704
2021,6,13,18,10,684
2021,6,13,18,20,662
2021,6,13,18,30,639
2021,6,13,18,40,614
2021,6,13,18,50,587
2021,6,13,19,0,559
2021,6,13,19,10,530
2021,6,13,19,20,499
2021,6,13,19,30,466
2021,6,13,19,40,433
2021,6,13,19,50,399
2021,6,13,20,0,363
2021,6,13,20,10,327
2021,6,13,20,20,290
2021,6,13,20,30,252
2021,6,13,20,40,214
2021,6,13,20,50,177
2021,6,13,21,0,139
2021,6,13,21,10,103
2021,6,13,21,20,69
2021,6,13,21,30,38
2021,6,13,21,40,0
2021,6,13,21,50,0
2021,6,13,22,0,0
2021,6,13,22,10,0
2021,6,13,22,20,0
2021,6,13,22,30,0
2021,6,13,22,40,0
2021,6,13,22,50,0
2021,6,13,23,0,0
2021,6,13,23,10,0
2021,6,13,23,20,0
2021,6,13,23,30,0
2021,6,13,23,40,0
2021,6,13,23,50,0
2021,6,14,0,0,0
2021,6,14,0,10,0
2021,6,14,0,20,0
2021,6,14,0,30,0
2021,6,14,0,40,0
2021,6,14,0,50,0
2021,6,14,1,0,0
2021,6,14,1,10,0
2021,6,14,1,20,0
2021,6,14,1,30,0
2021,6,14,1,40,0
2021,6,14,1,50,0
2021,6,14,2,0,0
2021,6,14,2,10,0
2021,6,14,2,20,0
2021,6,14,2,30,0
2021,6,14,2,40,0
2021,6,14,2,50,0
2021,6,14,3,0,0
2021,6,14,3,10,0
2021,6,14,3,20,0
2021,6,14,3,30,0
2021,6,14,3,40,0
2021,6,14,3,50,0
2021,6,14,4,0,0
2021,6,14,4,10,0
2021,6,14,4,20,0
2021,6,14,4,30,0
2021,6,14,4,40,0
2021,6,14,4,50,0
2021,6,14,5,0,0
2021,6,14,5,10,0
2021,6,14,5,20,0
2021,6,14,5,30,0
2021,6,14,5,40,0
2021,6,14,5,50,0
2021,6,14,6,0,0
2021,6,14,6,10,0
2021,6,14,6,20,0
2021,6,14,6,30,0
2021,6,14,6,40,0
2021,6,14,6,50,0
2021,6,14,7,0,0
2021,6,14,7,10,0
2021,6,14,7,20,0
2021,6,14,7,30,0
2021,6,14,7,40,0
2021,6,14,7,50,0
2021,6,14,8,0,0
2021,6,14,8,10,0
2021,6,14,8,20,0
2021,6,14,8,30,0
2021,6,14,8,40,0
2021,6,14,8,50,0
2021,6,14,9,0,0
2021,6,14,9,10,0
2021,6,14,9,20,0
2021,6,14,9,30,0
2021,6,14,9,40,0
2021,6,14,9,50,0
2021,6,14,10,0,0
2021,6,14,10,10,0
2021,6,14,10,20,0
2021,6,14,10,30,0
2021,6,14,10,40,0
2021,6,14,10,50,0
2021,6,14,11,0,0
2021,6,14,11,10,12
2021,6,14,11,20,32
2021,6,14,11,30,60
2021,6,14,11,40,94
2021,6,14,11,50,67
2021,6,14,12,0,200
2021,6,14,12,10,124
2021,6,14,12,20,276
2021,6,14,12,30,191
2021,6,14,12,40,222
2021,6,14,12,50,388
2021,6,14,13,0,423
2021,6,14,13,10,458
2021,6,14,13,20,491
2021,6,14,13,30,523
2021,6,14,13,40,554
2021,6,14,13,50,583
2021,6,14,14,0,611
2021,6,14,14,10,637
2021,6,14,14,20,662
2021,6,14,14,30,685
2021,6,14,14,40,706
2021,6,14,14,50,725
2021,6,14,15,0,743
2021,6,14,15,10,744
2021,6,14,15,20,757
2021,6,14,15,30,769
2021,6,14,15,40,778
2021,6,14,15,50,786
2021,6,14,16,0,792
2021,6,14,16,10,795
2021,6,14,16,20,797
2021,6,14,16,30,796
2021,6,14,16,40,794
2021,6,14,16,50,789
2021,6,14,17,0,783
2021,6,14,17,10,774
2021,6,14,17,20,764
2021,6,14,17,30,752
2021,6,14,17,40,737
2021,6,14,17,50,721
2021,6,14,18,0,703
2021,6,14,18,10,683
2021,6,14,18,20,661
2021,6,14,18,30,638
2021,6,14,18,40,613
2021,6,14,18,50,587
2021,6,14,19,0,559
2021,6,14,19,10,522
2021,6,14,19,20,491
2021,6,14,19,30,460
2021,6,14,19,40,427
2021,6,14,19,50,393
2021,6,14,20,0,358
2021,6,14,20,10,322
2021,6,14,20,20,286
2021,6,14,20,30,249
2021,6,14,20,40,211
2021,6,14,20,50,174
2021,6,14,21,0,137
2021,6,14,21,10,102
2021,6,14,21,20,68
2021,6,14,21,30,37
2021,6,14,21,40,0
2021,6,14,21,50,0
2021,6,14,22,0,0
2021,6,14,22,10,0
2021,6,14,22,20,0
2021,6,14,22,30,0
2021,6,14,22,40,0
2021,6,14,22,50,0
2021,6,14,23,0,0
2021,6,14,23,10,0
2021,6,14,23,20,0
2021,6,14,23,30,0
2021,6,14,23,40,0
2021,6,14,23,50,0
2021,6,15,0,0,0
2021,6,15,0,10,0
2021,6,15,0,20,0
2021,6,15,0,30,0
2021,6,15,0,40,0
2021,6,15,0,50,0
2021,6,15,1,0,0
2021,6,15,1,10,0
2021,6,15,1,20,0
2021,6,15,1,30,0
2021,6,15,1,40,0
2021,6,15,1,50,0
2021,6,15,2,0,0
2021,6,15,2,10,0
2021,6,15,2,20,0
2021,6,15,2,30,0
2021,6,15,2,40,0
2021,6,15,2,50,0
2021,6,15,3,0,0
2021,6,15,3,10,0
2021,6,15,3,20,0
2021,6,15,3,30,0
2021,6,15,3,40,0
2021,6,15,3,50,0
2021,6,15,4,0,0
2021,6,15,4,10,0
2021,6,15,4,20,0
2021,6,15,4,30,0
2021,6,15,4,40,0
2021,6,15,4,50,0
2021,6,15,5,0,0
2021,6,15,5,10,0
2021,6,15,5,20,0
2021,6,15,5,30,0
2021,6,15,5,40,0
2021,6,15,5,50,0
2021,6,15,6,0,0
2021,6,15,6,10,0
2021,6,15,6,20,0
2021,6,15,6,30,0
2021,6,15,6,40,0
2021,6,15,6,50,0
2021,6,15,7,0,0
2021,6,15,7,10,0
2021,6,15,7,20,0
2021,6,15,7,30,0
2021,6,15,7,40,0
2021,6,15,7,50,0
2021,6,15,8,0,0
2021,6,15,8,10,0
2021,6,15,8,20,0
2021,6,15,8,30,0
2021,6,15,8,40,0
2021,6,15,8,50,0
2021,6,15,9,0,0
2021,6,15,9,10,0
2021,6,15,9,20,0
2021,6,15,9,30,0
2021,6,15,9,40,0
2021,6,15,9,50,0
2021,6,15,10,0,0
2021,6,15,10,10,0
2021,6,15,10,20,0
2021,6,15,10,30,0
2021,6,15,10,40,0
2021,6,15,10,50,0
2021,6,15,11,0,0
2021,6,15,11,10,11
2021,6,15,11,20,32
2021,6,15,11,30,64
2021,6,15,11,40,112
2021,6,15,11,50,121
2021,6,15,12,0,141
2021,6,15,12,10,174
2021,6,15,12,20,208
2021,6,15,12,30,294
2021,6,15,12,40,330
2021,6,15,12,50,365
2021,6,15,13,0,399
2021,6,15,13,10,432
2021,6,15,13,20,464
2021,6,15,13,30,495
2021,6,15,13,40,524
2021,6,15,13,50,553
2021,6,15,14,0,579
2021,6,15,14,10,605
2021,6,15,14,20,628
2021,6,15,14,30,650
2021,6,15,14,40,671
2021,6,15,14,50,689
2021,6,15,15,0,706
2021,6,15,15,10,721
2021,6,15,15,20,734
2021,6,15,15,30,746
2021,6,15,15,40,755
2021,6,15,15,50,762
2021,6,15,16,0,768
2021,6,15,16,10,772
2021,6,15,16,20,773
2021,6,15,16,30,773
2021,6,15,16,40,770
2021,6,15,16,50,766
2021,6,15,17,0,760
2021,6,15,17,10,752
2021,6,15,17,20,741
2021,6,15,17,30,729
2021,6,15,17,40,715
2021,6,15,17,50,700
2021,6,15,18,0,682
2021,6,15,18,10,663
2021,6,15,18,20,642
2021,6,15,18,30,619
2021,6,15,18,40,594
2021,6,15,18,50,569
2021,6,15,19,0,541
2021,6,15,19,10,513
2021,6,15,19,20,482
2021,6,15,19,30,451
2021,6,15,19,40,419
2021,6,15,19,50,385
2021,6,15,20,0,351
2021,6,15,20,10,315
2021,6,15,20,20,279
2021,6,15,20,30,243
2021,6,15,20,40,206
2021,6,15,20,50,170
2021,6,15,21,0,134
2021,6,15,21,10,99
2021,6,15,21,20,66
2021,6,15,21,30,36
2021,6,15,21,40,0
2021,6,15,21,50,0
2021,6,15,22,0,0
2021,6,15,22,10,0
2021,6,15,22,20,0
2021,6,15,22,30,0
2021,6,15,22,40,0
2021,6,15,22,50,0
2021,6,15,23,0,0
2021,6,15,23,10,0
2021,6,15,23,20,0
2021,6,15,23,30,0
2021,6,15,23,40,0
2021,6,15,23,50,0
2021,6,16,0,0,0
2021,6,16,0,10,0
2021,6,16,0,20,0
2021,6,16,0,30,0
2021,6,16,0,40,0
2021,6,16,0,50,0
2021,6,16,1,0,0
2021,6,16,1,10,0
2021,6,16,1,20,0
2021,6,16,1,30,0
2021,6,16,1,40,0
2021,6,16,1,50,0
2021,6,16,2,0,0
2021,6,16,2,10,0
2021,6,16,2,20,0
2021,6,16,2,30,0
2021,6,16,2,40,0
2021,6,16,2,50,0
2021,6,16,3,0,0
2021,6,16,3,10,0
2021,6,16,3,20,0
2021,6,16,3,30,0
2021,6,16,3,40,0
2021,6,16,3,50,0
2021,6,16,4,0,0
2021,6,16,4,10,0
2021,6,16,4,20,0
2021,6,16,4,30,0
2021,6,16,4,40,0
2021,6,16,4,50,0
2021,6,16,5,0,0
2021,6,16,5,10,0
2021,6,16,5,20,0
2021,6,16,5,30,0
2021,6,16,5,40,0
2021,6,16,5,50,0
2021,6,16,6,0,0
2021,6,16,6,10,0
2021,6,16,6,20,0
2021,6,16,6,30,0
2021,6,16,6,40,0
2021,6,16,6,50,0
2021,6,16,7,0,0
2021,6,16,7,10,0
2021,6,16,7,20,0
2021,6,16,7,30,0
2021,6,16,7,40,0
2021,6,16,7,50,0
2021,6,16,8,0,0
2021,6,16,8,10,0
2021,6,16,8,20,0
2021,6,16,8,30,0
2021,6,16,8,40,0
2021,6,16,8,50,0
2021,6,16,9,0,0
2021,6,16,9,10,0
2021,6,16,9,20,0
2021,6,16,9,30,0
2021,6,16,9,40,0
2021,6,16,9,50,0
2021,6,16,10,0,0
2021,6,16,10,10,0
2021,6,16,10,20,0
2021,6,16,10,30,0
2021,6,16,10,40,0
2021,6,16,10,50,0
2021,6,16,11,0,0
2021,6,16,11,10,11
2021,6,16,11,20,49
2021,6,16,11,30,81
2021,6,16,11,40,115
2021,6,16,11,50,118
2021,6,16,12,0,188
2021,6,16,12,10,225
2021,6,16,12,20,262
2021,6,16,12,30,299
2021,6,16,12,40,335
2021,6,16,12,50,237
2021,6,16,13,0,405
2021,6,16,13,10,438
2021,6,16,13,20,470
2021,6,16,13,30,501
2021,6,16,13,40,531
2021,6,16,13,50,560
2021,6,16,14,0,587
2021,6,16,14,10,612
2021,6,16,14,20,636
2021,6,16,14,30,658
2021,6,16,14,40,679
2021,6,16,14,50,698
2021,6,16,15,0,715
2021,6,16,15,10,730
2021,6,16,15,20,743
2021,6,16,15,30,755
2021,6,16,15,40,764
2021,6,16,15,50,772
2021,6,16,16,0,777
2021,6,16,16,10,781
2021,6,16,16,20,783
2021,6,16,16,30,782
2021,6,16,16,40,780
2021,6,16,16,50,776
2021,6,16,17,0,769
2021,6,16,17,10,761
2021,6,16,17,20,751
2021,6,16,17,30,739
2021,6,16,17,40,725
2021,6,16,17,50,709
2021,6,16,18,0,691
2021,6,16,18,10,672
2021,6,16,18,20,651
2021,6,16,18,30,628
2021,6,16,18,40,603
2021,6,16,18,50,577
2021,6,16,19,0,550
2021,6,16,19,10,528
2021,6,16,19,20,497
2021,6,16,19,30,465
2021,6,16,19,40,432
2021,6,16,19,50,398
2021,6,16,20,0,363
2021,6,16,20,10,327
2021,6,16,20,20,290
2021,6,16,20,30,253
2021,6,16,20,40,215
2021,6,16,20,50,178
2021,6,16,21,0,141
2021,6,16,21,10,104
2021,6,16,21,20,70
2021,6,16,21,30,20
2021,6,16,21,40,0
2021,6,16,21,50,0
2021,6,16,22,0,0
2021,6,16,22,10,0
2021,6,16,22,20,0
2021,6,16,22,30,0
2021,6,16,22,40,0
2021,6,16,22,50,0
2021,6,16,23,0,0
2021,6,16,23,10,0
2021,6,16,23,20,0
2021,6,16,23,30,0
2021,6,16,23,40,0
2021,6,16,23,50,0
2021,6,17,0,0,0
2021,6,17,0,10,0
2021,6,17,0,20,0
2021,6,17,0,30,0
2021,6,17,0,40,0
2021,6,17,0,50,0
2021,6,17,1,0,0
2021,6,17,1,10,0
2021,6,17,1,20,0
2021,6,17,1,30,0
2021,6,17,1,40,0
2021,6,17,1,50,0
2021,6,17,2,0,0
2021,6,17,2,10,0
2021,6,17,2,20,0
2021,6,17,2,30,0
2021,6,17,2,40,0
2021,6,17,2,50,0
2021,6,17,3,0,0
2021,6,17,3,10,0
2021,6,17,3,20,0
2021,6,17,3,30,0
2021,6,17,3,40,0
2021,6,17,3,50,0
2021,6,17,4,0,0
2021,6,17,4,10,0
2021,6,17,4,20,0
2021,6,17,4,30,0
2021,6,17,4,40,0
2021,6,17,4,50,0
2021,6,17,5,0,0
2021,6,17,5,10,0
2021,6,17,5,20,0
2021,6,17,5,30,0
2021,6,17,5,40,0
2021,6,17,5,50,0
2021,6,17,6,0,0
2021,6,17,6,10,0
2021,6,17,6,20,0
2021,6,17,6,30,0
2021,6,17,6,40,0
2021,6,17,6,50,0
2021,6,17,7,0,0
2021,6,17,7,10,0
2021,6,17,7,20,0
2021,6,17,7,30,0
2021,6,17,7,40,0
2021,6,17,7,50,0
2021,6,17,8,0,0
2021,6,17,8,10,0
2021,6,17,8,20,0
2021,6,17,8,30,0
2021,6,17,8,40,0
2021,6,17,8,50,0
2021,6,17,9,0,0
2021,6,17,9,10,0
2021,6,17,9,20,0
2021,6,17,9,30,0
2021,6,17,9,40,0
2021,6,17,9,50,0
2021,6,17,10,0,0
2021,6,17,10,10,0
2021,6,17,10,20,0
2021,6,17,10,30,0
2021,6,17,10,40,0
2021,6,17,10,50,0
2021,6,17,11,0,0
2021,6,17,11,10,11
2021,6,17,11,20,31
2021,6,17,11,30,83
2021,6,17,11,40,95
2021,6,17,11,50,123
2021,6,17,12,0,150
2021,6,17,12,10,120
2021,6,17,12,20,149
2021,6,17,12,30,180
2021,6,17,12,40,211
2021,6,17,12,50,383
2021,6,17,13,0,418
2021,6,17,13,10,443
2021,6,17,13,20,476
2021,6,17,13,30,507
2021,6,17,13,40,537
2021,6,17,13,50,566
2021,6,17,14,0,593
2021,6,17,14,10,619
2021,6,17,14,20,643
2021,6,17,14,30,666
2021,6,17,14,40,687
2021,6,17,14,50,706
2021,6,17,15,0,723
2021,6,17,15,10,738
2021,6,17,15,20,752
2021,6,17,15,30,763
2021,6,17,15,40,773
2021,6,17,15,50,781
2021,6,17,16,0,786
2021,6,17,16,10,790
2021,6,17,16,20,792
2021,6,17,16,30,791
2021,6,17,16,40,789
2021,6,17,16,50,785
2021,6,17,17,0,779
2021,6,17,17,10,770
2021,6,17,17,20,760
2021,6,17,17,30,748
2021,6,17,17,40,734
2021,6,17,17,50,718
2021,6,17,18,0,700
2021,6,17,18,10,680
2021,6,17,18,20,659
2021,6,17,18,30,636
2021,6,17,18,40,611
2021,6,17,18,50,585
2021,6,17,19,0,557
2021,6,17,19,10,528
2021,6,17,19,20,497
2021,6,17,19,30,465
2021,6,17,19,40,432
2021,6,17,19,50,398
2021,6,17,20,0,363
2021,6,17,20,10,327
2021,6,17,20,20,290
2021,6,17,20,30,253
2021,6,17,20,40,216
2021,6,17,20,50,178
2021,6,17,21,0,141
2021,6,17,21,10,105
2021,6,17,21,20,70
2021,6,17,21,30,39
2021,6,17,21,40,0
2021,6,17,21,50,0
2021,6,17,22,0,0
2021,6,17,22,10,0
2021,6,17,22,20,0
2021,6,17,22,30,0
2021,6,17,22,40,0
2021,6,17,22,50,0
2021,6,17,23,0,0
2021,6,17,23,10,0
2021,6,17,23,20,0
2021,6,17,23,30,0
2021,6,17,23,40,0
2021,6,17,23,50,0
2021,6,18,0,0,0
2021,6,18,0,10,0
2021,6,18,0,20,0
2021,6,18,0,30,0
2021,6,18,0,40,0
2021,6,18,0,50,0
2021,6,18,1,0,0
2021,6,18,1,10,0
2021,6,18,1,20,0
2021,6,18,1,30,0
2021,6,18,1,40,0
2021,6,18,1,50,0
2021,6,18,2,0,0
2021,6,18,2,10,0
2021,6,18,2,20,0
2021,6,18,2,30,0
2021,6,18,2,40,0
2021,6,18,2,50,0
2021,6,18,3,0,0
2021,6,18,3,10,0
2021,6,18,3,20,0
2021,6,18,3,30,0
2021,6,18,3,40,0
2021,6,18,3,50,0
2021,6,18,4,0,0
2021,6,18,4,10,0
2021,6,18,4,20,0
2021,6,18,4,30,0
2021,6,18,4,40,0
2021,6,18,4,50,0
2021,6,18,5,0,0
2021,6,18,5,10,0
2021,6,18,5,20,0
2021,6,18,5,30,0
2021,6,18,5,40,0
2021,6,18,5,50,0
2021,6,18,6,0,0
2021,6,18,6,10,0
2021,6,18,6,20,0
2021,6,18,6,30,0
2021,6,18,6,40,0
2021,6,18,6,50,0
2021,6,18,7,0,0
2021,6,18,7,10,0
2021,6,18,7,20,0
2021,6,18,7,30,0
2021,6,18,7,40,0
2021,6,18,7,50,0
2021,6,18,8,0,0
2021,6,18,8,10,0
2021,6,18,8,20,0
2021,6,18,8,30,0
2021,6,18,8,40,0
2021,6,18,8,50,0
2021,6,18,9,0,0
2021,6,18,9,10,0
2021,6,18,9,20,0
2021,6,18,9,30,0
2021,6,18,9,40,0
2021,6,18,9,50,0
2021,6,18,10,0,0
2021,6,18,10,10,0
2021,6,18,10,20,0
2021,6,18,10,30,0
2021,6,18,10,40,0
2021,6,18,10,50,0
2021,6,18,11,0,0
2021,6,18,11,10,11
2021,6,18,11,20,48
2021,6,18,11,30,80
2021,6,18,11,40,115
2021,6,18,11,50,152
2021,6,18,12,0,189
2021,6,18,12,10,227
2021,6,18,12,20,264
2021,6,18,12,30,302
2021,6,18,12,40,338
2021,6,18,12,50,374
2021,6,18,13,0,409
2021,6,18,13,10,443
2021,6,18,13,20,475
2021,6,18,13,30,506
2021,6,18,13,40,536
2021,6,18,13,50,565
2021,6,18,14,0,592
2021,6,18,14,10,618
2021,6,18,14,20,634
2021,6,18,14,30,656
2021,6,18,14,40,677
2021,6,18,14,50,696
2021,6,18,15,0,713
2021,6,18,15,10,728
2021,6,18,15,20,742
2021,6,18,15,30,753
2021,6,18,15,40,763
2021,6,18,15,50,771
2021,6,18,16,0,777
2021,6,18,16,10,780
2021,6,18,16,20,782
2021,6,18,16,30,782
2021,6,18,16,40,780
2021,6,18,16,50,775
2021,6,18,17,0,769
2021,6,18,17,10,761
2021,6,18,17,20,751
2021,6,18,17,30,739
2021,6,18,17,40,726
2021,6,18,17,50,710
2021,6,18,18,0,692
2021,6,18,18,10,673
2021,6,18,18,20,652
2021,6,18,18,30,629
2021,6,18,18,40,604
2021,6,18,18,50,578
2021,6,18,19,0,551
2021,6,18,19,10,522
2021,6,18,19,20,492
2021,6,18,19,30,460
2021,6,18,19,40,427
2021,6,18,19,50,394
2021,6,18,20,0,359
2021,6,18,20,10,323
2021,6,18,20,20,287
2021,6,18,20,30,250
2021,6,18,20,40,213
2021,6,18,20,50,176
2021,6,18,21,0,139
2021,6,18,21,10,103
2021,6,18,21,20,69
2021,6,18,21,30,39
2021,6,18,21,40,0
2021,6,18,21,50,0
2021,6,18,22,0,0
2021,6,18,22,10,0
2021,6,18,22,20,0
2021,6,18,22,30,0
2021,6,18,22,40,0
2021,6,18,22,50,0
2021,6,18,23,0,0
2021,6,18,23,10,0
2021,6,18,23,20,0
2021,6,18,23,30,0
2021,6,18,23,40,0
2021,6,18,23,50,0
2021,6,19,0,0,0
2021,6,19,0,10,0
2021,6,19,0,20,0
2021,6,19,0,30,0
2021,6,19,0,40,0
2021,6,19,0,50,0
2021,6,19,1,0,0
2021,6,19,1,10,0
2021,6,19,1,20,0
2021,6,19,1,30,0
2021,6,19,1,40,0
2021,6,19,1,50,0
2021,6,19,2,0,0
2021,6,19,2,10,0
2021,6,19,2,20,0
2021,6,19,2,30,0
2021,6,19,2,40,0
2021,6,19,2,50,0
2021,6,19,3,0,0
2021,6,19,3,10,0
2021,6,19,3,20,0
2021,6,19,3,30,0
2021,6,19,3,40,0
2021,6,19,3,50,0
2021,6,19,4,0,0
2021,6,19,4,10,0
2021,6,19,4,20,0
2021,6,19,4,30,0
2021,6,19,4,40,0
2021,6,19,4,50,0
2021,6,19,5,0,0
2021,6,19,5,10,0
2021,6,19,5,20,0
2021,6,19,5,30,0
2021,6,19,5,40,0
2021,6,19,5,50,0
2021,6,19,6,0,0
2021,6,19,6,10,0
2021,6,19,6,20,0
2021,6,19,6,30,0
2021,6,19,6,40,0
2021,6,19,6,50,0
2021,6,19,7,0,0
2021,6,19,7,10,0
2021,6,19,7,20,0
2021,6,19,7,30,0
2021,6,19,7,40,0
2021,6,19,7,50,0
2021,6,19,8,0,0
2021,6,19,8,10,0
2021,6,19,8,20,0
2021,6,19,8,30,0
2021,6,19,8,40,0
2021,6,19,8,50,0
2021,6,19,9,0,0
2021,6,19,9,10,0
2021,6,19,9,20,0
2021,6,19,9,30,0
2021,6,19,9,40,0
2021,6,19,9,50,0
2021,6,19,10,0,0
2021,6,19,10,10,0
2021,6,19,10,20,0
2021,6,19,10,30,0
2021,6,19,10,40,0
2021,6,19,10,50,0
2021,6,19,11,0,0
2021,6,19,11,10,11
2021,6,19,11,20,34
2021,6,19,11,30,65
2021,6,19,11,40,117
2021,6,19,11,50,155
2021,6,19,12,0,193
2021,6,19,12,10,231
2021,6,19,12,20,269
2021,6,19,12,30,185
2021,6,19,12,40,344
2021,6,19,12,50,380
2021,6,19,13,0,416
2021,6,19,13,10,450
2021,6,19,13,20,484
2021,6,19,13,30,516
2021,6,19,13,40,546
2021,6,19,13,50,576
2021,6,19,14,0,604
2021,6,19,14,10,630
2021,6,19,14,20,654
2021,6,19,14,30,677
2021,6,19,14,40,699
2021,6,19,14,50,718
2021,6,19,15,0,736
2021,6,19,15,10,751
2021,6,19,15,20,765
2021,6,19,15,30,777
2021,6,19,15,40,787
2021,6,19,15,50,795
2021,6,19,16,0,800
2021,6,19,16,10,804
2021,6,19,16,20,806
2021,6,19,16,30,806
2021,6,19,16,40,804
2021,6,19,16,50,799
2021,6,19,17,0,793
2021,6,19,17,10,785
2021,6,19,17,20,774
2021,6,19,17,30,762
2021,6,19,17,40,748
2021,6,19,17,50,732
2021,6,19,18,0,714
2021,6,19,18,10,694
2021,6,19,18,20,672
2021,6,19,18,30,649
2021,6,19,18,40,624
2021,6,19,18,50,597
2021,6,19,19,0,569
2021,6,19,19,10,539
2021,6,19,19,20,508
2021,6,19,19,30,476
2021,6,19,19,40,336
2021,6,19,19,50,408
2021,6,19,20,0,285
2021,6,19,20,10,335
2021,6,19,20,20,225
2021,6,19,20,30,179
2021,6,19,20,40,158
2021,6,19,20,50,136
2021,6,19,21,0,92
2021,6,19,21,10,71
2021,6,19,21,20,43
2021,6,19,21,30,23
2021,6,19,21,40,0
2021,6,19,21,50,0
2021,6,19,22,0,0
2021,6,19,22,10,0
2021,6,19,22,20,0
2021,6,19,22,30,0
2021,6,19,22,40,0
2021,6,19,22,50,0
2021,6,19,23,0,0
2021,6,19,23,10,0
2021,6,19,23,20,0
2021,6,19,23,30,0
2021,6,19,23,40,0
2021,6,19,23,50,0
2021,6,20,0,0,0
2021,6,20,0,10,0
2021,6,20,0,20,0
2021,6,20,0,30,0
2021,6,20,0,40,0
2021,6,20,0,50,0
2021,6,20,1,0,0
2021,6,20,1,10,0
2021,6,20,1,20,0
2021,6,20,1,30,0
2021,6,20,1,40,0
2021,6,20,1,50,0
2021,6,20,2,0,0
2021,6,20,2,10,0
2021,6,20,2,20,0
2021,6,20,2,30,0
2021,6,20,2,40,0
2021,6,20,2,50,0
2021,6,20,3,0,0
2021,6,20,3,10,0
2021,6,20,3,20,0
2021,6,20,3,30,0
2021,6,20,3,40,0
2021,6,20,3,50,0
2021,6,20,4,0,0
2021,6,20,4,10,0
2021,6,20,4,20,0
2021,6,20,4,30,0
2021,6,20,4,40,0
2021,6,20,4,50,0
2021,6,20,5,0,0
2021,6,20,5,10,0
2021,6,20,5,20,0
2021,6,20,5,30,0
2021,6,20,5,40,0
2021,6,20,5,50,0
2021,6,20,6,0,0
2021,6,20,6,10,0
2021,6,20,6,20,0
2021,6,20,6,30,0
2021,6,20,6,40,0
2021,6,20,6,50,0
2021,6,20,7,0,0
2021,6,20,7,10,0
2021,6,20,7,20,0
2021,6,20,7,30,0
2021,6,20,7,40,0
2021,6,20,7,50,0
2021,6,20,8,0,0
2021,6,20,8,10,0
2021,6,20,8,20,0
2021,6,20,8,30,0
2021,6,20,8,40,0
2021,6,20,8,50,0
2021,6,20,9,0,0
2021,6,20,9,10,0
2021,6,20,9,20,0
2021,6,20,9,30,0
2021,6,20,9,40,0
2021,6,20,9,50,0
2021,6,20,10,0,0
2021,6,20,10,10,0
2021,6,20,10,20,0
2021,6,20,10,30,0
2021,6,20,10,40,0
2021,6,20,10,50,0
2021,6,20,11,0,0
2021,6,20,11,10,9
2021,6,20,11,20,28
2021,6,20,11,30,51
2021,6,20,11,40,92
2021,6,20,11,50,109
2021,6,20,12,0,142
2021,6,20,12,10,230
2021,6,20,12,20,157
2021,6,20,12,30,186
2021,6,20,12,40,343
2021,6,20,12,50,380
2021,6,20,13,0,415
2021,6,20,13,10,312
2021,6,20,13,20,483
2021,6,20,13,30,404
2021,6,20,13,40,430
2021,6,20,13,50,477
2021,6,20,14,0,471
2021,6,20,14,10,630
2021,6,20,14,20,654
2021,6,20,14,30,678
2021,6,20,14,40,699
2021,6,20,14,50,719
2021,6,20,15,0,736
2021,6,20,15,10,752
2021,6,20,15,20,766
2021,6,20,15,30,778
2021,6,20,15,40,788
2021,6,20,15,50,796
2021,6,20,16,0,802
2021,6,20,16,10,806
2021,6,20,16,20,808
2021,6,20,16,30,808
2021,6,20,16,40,806
2021,6,20,16,50,802
2021,6,20,17,0,795
2021,6,20,17,10,787
2021,6,20,17,20,777
2021,6,20,17,30,764
2021,6,20,17,40,711
2021,6,20,17,50,692
2021,6,20,18,0,528
2021,6,20,18,10,532
2021,6,20,18,20,506
2021,6,20,18,30,496
2021,6,20,18,40,505
2021,6,20,18,50,434
2021,6,20,19,0,366
2021,6,20,19,10,313
2021,6,20,19,20,211
2021,6,20,19,30,251
2021,6,20,19,40,134
2021,6,20,19,50,243
2021,6,20,20,0,176
2021,6,20,20,10,210
2021,6,20,20,20,215
2021,6,20,20,30,205
2021,6,20,20,40,176
2021,6,20,20,50,141
2021,6,20,21,0,120
2021,6,20,21,10,86
2021,6,20,21,20,53
2021,6,20,21,30,26
2021,6,20,21,40,0
2021,6,20,21,50,0
2021,6,20,22,0,0
2021,6,20,22,10,0
2021,6,20,22,20,0
2021,6,20,22,30,0
2021,6,20,22,40,0
2021,6,20,22,50,0
2021,6,20,23,0,0
2021,6,20,23,10,0
2021,6,20,23,20,0
2021,6,20,23,30,0
2021,6,20,23,40,0
2021,6,20,23,50,0
2021,6,21,0,0,0
2021,6,21,0,10,0
2021,6,21,0,20,0
2021,6,21,0,30,0
2021,6,21,0,40,0
2021,6,21,0,50,0
2021,6,21,1,0,0
2021,6,21,1,10,0
2021,6,21,1,20,0
2021,6,21,1,30,0
2021,6,21,1,40,0
2021,6,21,1,50,0
2021,6,21,2,0,0
2021,6,21,2,10,0
2021,6,21,2,20,0
2021,6,21,2,30,0
2021,6,21,2,40,0
2021,6,21,2,50,0
2021,6,21,3,0,0
2021,6,21,3,10,0
2021,6,21,3,20,0
2021,6,21,3,30,0
2021,6,21,3,40,0
2021,6,21,3,50,0
2021,6,21,4,0,0
2021,6,21,4,10,0
2021,6,21,4,20,0
2021,6,21,4,30,0
2021,6,21,4,40,0
2021,6,21,4,50,0
2021,6,21,5,0,0
2021,6,21,5,10,0
2021,6,21,5,20,0
2021,6,21,5,30,0
2021,6,21,5,40,0
2021,6,21,5,50,0
2021,6,21,6,0,0
2021,6,21,6,10,0
2021,6,21,6,20,0
2021,6,21,6,30,0
2021,6,21,6,40,0
2021,6,21,6,50,0
2021,6,21,7,0,0
2021,6,21,7,10,0
2021,6,21,7,20,0
2021,6,21,7,30,0
2021,6,21,7,40,0
2021,6,21,7,50,0
2021,6,21,8,0,0
2021,6,21,8,10,0
2021,6,21,8,20,0
2021,6,21,8,30,0
2021,6,21,8,40,0
2021,6,21,8,50,0
2021,6,21,9,0,0
2021,6,21,9,10,0
2021,6,21,9,20,0
2021,6,21,9,30,0
2021,6,21,9,40,0
2021,6,21,9,50,0
2021,6,21,10,0,0
2021,6,21,10,10,0
2021,6,21,10,20,0
2021,6,21,10,30,0
2021,6,21,10,40,0
2021,6,21,10,50,0
2021,6,21,11,0,0
2021,6,21,11,10,9
2021,6,21,11,20,27
2021,6,21,11,30,46
2021,6,21,11,40,64
2021,6,21,11,50,100
2021,6,21,12,0,124
2021,6,21,12,10,179
2021,6,21,12,20,212
2021,6,21,12,30,240
2021,6,21,12,40,286
2021,6,21,12,50,294
2021,6,21,13,0,336
2021,6,21,13,10,353
2021,6,21,13,20,416
2021,6,21,13,30,462
2021,6,21,13,40,450
2021,6,21,13,50,436
2021,6,21,14,0,524
2021,6,21,14,10,484
2021,6,21,14,20,578
2021,6,21,14,30,544
2021,6,21,14,40,547
2021,6,21,14,50,609
2021,6,21,15,0,640
2021,6,21,15,10,642
2021,6,21,15,20,651
2021,6,21,15,30,647
2021,6,21,15,40,635
2021,6,21,15,50,630
2021,6,21,16,0,636
2021,6,21,16,10,640
2021,6,21,16,20,648
2021,6,21,16,30,622
2021,6,21,16,40,627
2021,6,21,16,50,625
2021,6,21,17,0,623
2021,6,21,17,10,763
2021,6,21,17,20,613
2021,6,21,17,30,597
2021,6,21,17,40,496
2021,6,21,17,50,555
2021,6,21,18,0,514
2021,6,21,18,10,500
2021,6,21,18,20,558
2021,6,21,18,30,495
2021,6,21,18,40,258
2021,6,21,18,50,300
2021,6,21,19,0,348
2021,6,21,19,10,340
2021,6,21,19,20,376
2021,6,21,19,30,374
2021,6,21,19,40,356
2021,6,21,19,50,304
2021,6,21,20,0,313
2021,6,21,20,10,141
2021,6,21,20,20,183
2021,6,21,20,30,147
2021,6,21,20,40,92
2021,6,21,20,50,92
2021,6,21,21,0,119
2021,6,21,21,10,77
2021,6,21,21,20,49
2021,6,21,21,30,26
2021,6,21,21,40,6
2021,6,21,21,50,0
2021,6,21,22,0,0
2021,6,21,22,10,0
2021,6,21,22,20,0
2021,6,21,22,30,0
2021,6,21,22,40,0
2021,6,21,22,50,0
2021,6,21,23,0,0
2021,6,21,23,10,0
2021,6,21,23,20,0
2021,6,21,23,30,0
2021,6,21,23,40,0
2021,6,21,23,50,0
2021,6,22,0,0,0
2021,6,22,0,10,0
2021,6,22,0,20,0
2021,6,22,0,30,0
2021,6,22,0,40,0
2021,6,22,0,50,0
2021,6,22,1,0,0
2021,6,22,1,10,0
2021,6,22,1,20,0
2021,6,22,1,30,0
2021,6,22,1,40,0
2021,6,22,1,50,0
2021,6,22,2,0,0
2021,6,22,2,10,0
2021,6,22,2,20,0
2021,6,22,2,30,0
2021,6,22,2,40,0
2021,6,22,2,50,0
2021,6,22,3,0,0
2021,6,22,3,10,0
2021,6,22,3,20,0
2021,6,22,3,30,0
2021,6,22,3,40,0
2021,6,22,3,50,0
2021,6,22,4,0,0
2021,6,22,4,10,0
2021,6,22,4,20,0
2021,6,22,4,30,0
2021,6,22,4,40,0
2021,6,22,4,50,0
2021,6,22,5,0,0
2021,6,22,5,10,0
2021,6,22,5,20,0
2021,6,22,5,30,0
2021,6,22,5,40,0
2021,6,22,5,50,0
2021,6,22,6,0,0
2021,6,22,6,10,0
2021,6,22,6,20,0
2021,6,22,6,30,0
2021,6,22,6,40,0
2021,6,22,6,50,0
2021,6,22,7,0,0
2021,6,22,7,10,0
2021,6,22,7,20,0
2021,6,22,7,30,0
2021,6,22,7,40,0
2021,6,22,7,50,0
2021,6,22,8,0,0
2021,6,22,8,10,0
2021,6,22,8,20,0
2021,6,22,8,30,0
2021,6,22,8,40,0
2021,6,22,8,50,0
2021,6,22,9,0,0
2021,6,22,9,10,0
2021,6,22,9,20,0
2021,6,22,9,30,0
2021,6,22,9,40,0
2021,6,22,9,50,0
2021,6,22,10,0,0
2021,6,22,10,10,0
2021,6,22,10,20,0
2021,6,22,10,30,0
2021,6,22,10,40,0
2021,6,22,10,50,0
2021,6,22,11,0,0
2021,6,22,11,10,8
2021,6,22,11,20,28
2021,6,22,11,30,52
2021,6,22,11,40,84
2021,6,22,11,50,145
2021,6,22,12,0,136
2021,6,22,12,10,145
2021,6,22,12,20,217
2021,6,22,12,30,175
2021,6,22,12,40,292
2021,6,22,12,50,294
2021,6,22,13,0,399
2021,6,22,13,10,433
2021,6,22,13,20,465
2021,6,22,13,30,496
2021,6,22,13,40,527
2021,6,22,13,50,555
2021,6,22,14,0,439
2021,6,22,14,10,608
2021,6,22,14,20,632
2021,6,22,14,30,648
2021,6,22,14,40,669
2021,6,22,14,50,688
2021,6,22,15,0,705
2021,6,22,15,10,720
2021,6,22,15,20,734
2021,6,22,15,30,554
2021,6,22,15,40,602
2021,6,22,15,50,625
2021,6,22,16,0,629
2021,6,22,16,10,600
2021,6,22,16,20,552
2021,6,22,16,30,607
2021,6,22,16,40,620
2021,6,22,16,50,598
2021,6,22,17,0,763
2021,6,22,17,10,612
2021,6,22,17,20,740
2021,6,22,17,30,728
2021,6,22,17,40,715
2021,6,22,17,50,699
2021,6,22,18,0,682
2021,6,22,18,10,663
2021,6,22,18,20,642
2021,6,22,18,30,620
2021,6,22,18,40,596
2021,6,22,18,50,570
2021,6,22,19,0,429
2021,6,22,19,10,400
2021,6,22,19,20,377
2021,6,22,19,30,370
2021,6,22,19,40,170
2021,6,22,19,50,218
2021,6,22,20,0,169
2021,6,22,20,10,100
2021,6,22,20,20,158
2021,6,22,20,30,139
2021,6,22,20,40,96
2021,6,22,20,50,97
2021,6,22,21,0,108
2021,6,22,21,10,101
2021,6,22,21,20,47
2021,6,22,21,30,25
2021,6,22,21,40,6
2021,6,22,21,50,0
2021,6,22,22,0,0
2021,6,22,22,10,0
2021,6,22,22,20,0
2021,6,22,22,30,0
2021,6,22,22,40,0
2021,6,22,22,50,0
2021,6,22,23,0,0
2021,6,22,23,10,0
2021,6,22,23,20,0
2021,6,22,23,30,0
2021,6,22,23,40,0
2021,6,22,23,50,0
2021,6,23,0,0,0
2021,6,23,0,10,0
2021,6,23,0,20,0
2021,6,23,0,30,0
2021,6,23,0,40,0
2021,6,23,0,50,0
2021,6,23,1,0,0
2021,6,23,1,10,0
2021,6,23,1,20,0
2021,6,23,1,30,0
2021,6,23,1,40,0
2021,6,23,1,50,0
2021,6,23,2,0,0
2021,6,23,2,10,0
2021,6,23,2,20,0
2021,6,23,2,30,0
2021,6,23,2,40,0
2021,6,23,2,50,0
2021,6,23,3,0,0
2021,6,23,3,10,0
2021,6,23,3,20,0
2021,6,23,3,30,0
2021,6,23,3,40,0
2021,6,23,3,50,0
2021,6,23,4,0,0
2021,6,23,4,10,0
2021,6,23,4,20,0
2021,6,23,4,30,0
2021,6,23,4,40,0
2021,6,23,4,50,0
2021,6,23,5,0,0
2021,6,23,5,10,0
2021,6,23,5,20,0
2021,6,23,5,30,0
2021,6,23,5,40,0
2021,6,23,5,50,0
2021,6,23,6,0,0
2021,6,23,6,10,0
2021,6,23,6,20,0
2021,6,23,6,30,0
2021,6,23,6,40,0
2021,6,23,6,50,0
2021,6,23,7,0,0
2021,6,23,7,10,0
2021,6,23,7,20,0
2021,6,23,7,30,0
2021,6,23,7,40,0
2021,6,23,7,50,0
2021,6,23,8,0,0
2021,6,23,8,10,0
2021,6,23,8,20,0
2021,6,23,8,30,0
2021,6,23,8,40,0
2021,6,23,8,50,0
2021,6,23,9,0,0
2021,6,23,9,10,0
2021,6,23,9,20,0
2021,6,23,9,30,0
2021,6,23,9,40,0
2021,6,23,9,50,0
2021,6,23,10,0,0
2021,6,23,10,10,0
2021,6,23,10,20,0
2021,6,23,10,30,0
2021,6,23,10,40,0
2021,6,23,10,50,0
2021,6,23,11,0,0
2021,6,23,11,10,17
2021,6,23,11,20,40
2021,6,23,11,30,49
2021,6,23,11,40,42
2021,6,23,11,50,136
2021,6,23,12,0,172
2021,6,23,12,10,208
2021,6,23,12,20,123
2021,6,23,12,30,158
2021,6,23,12,40,316
2021,6,23,12,50,351
2021,6,23,13,0,315
2021,6,23,13,10,295
2021,6,23,13,20,453
2021,6,23,13,30,360
2021,6,23,13,40,406
2021,6,23,13,50,420
2021,6,23,14,0,449
2021,6,23,14,10,476
2021,6,23,14,20,528
2021,6,23,14,30,514
2021,6,23,14,40,578
2021,6,23,14,50,682
2021,6,23,15,0,581
2021,6,23,15,10,611
2021,6,23,15,20,626
2021,6,23,15,30,740
2021,6,23,15,40,651
2021,6,23,15,50,756
2021,6,23,16,0,768
2021,6,23,16,10,603
2021,6,23,16,20,621
2021,6,23,16,30,596
2021,6,23,16,40,630
2021,6,23,16,50,631
2021,6,23,17,0,761
2021,6,23,17,10,760
2021,6,23,17,20,751
2021,6,23,17,30,739
2021,6,23,17,40,725
2021,6,23,17,50,709
2021,6,23,18,0,692
2021,6,23,18,10,682
2021,6,23,18,20,536
2021,6,23,18,30,569
2021,6,23,18,40,511
2021,6,23,18,50,398
2021,6,23,19,0,559
2021,6,23,19,10,530
2021,6,23,19,20,284
2021,6,23,19,30,468
2021,6,23,19,40,436
2021,6,23,19,50,304
2021,6,23,20,0,375
2021,6,23,20,10,338
2021,6,23,20,20,301
2021,6,23,20,30,263
2021,6,23,20,40,225
2021,6,23,20,50,187
2021,6,23,21,0,149
2021,6,23,21,10,112
2021,6,23,21,20,76
2021,6,23,21,30,44
2021,6,23,21,40,17
2021,6,23,21,50,0
2021,6,23,22,0,0
2021,6,23,22,10,0
2021,6,23,22,20,0
2021,6,23,22,30,0
2021,6,23,22,40,0
2021,6,23,22,50,0
2021,6,23,23,0,0
2021,6,23,23,10,0
2021,6,23,23,20,0
2021,6,23,23,30,0
2021,6,23,23,40,0
2021,6,23,23,50,0
2021,6,24,0,0,0
2021,6,24,0,10,0
2021,6,24,0,20,0
2021,6,24,0,30,0
2021,6,24,0,40,0
2021,6,24,0,50,0
2021,6,24,1,0,0
2021,6,24,1,10,0
2021,6,24,1,20,0
2021,6,24,1,30,0
2021,6,24,1,40,0
2021,6,24,1,50,0
2021,6,24,2,0,0
2021,6,24,2,10,0
2021,6,24,2,20,0
2021,6,24,2,30,0
2021,6,24,2,40,0
2021,6,24,2,50,0
2021,6,24,3,0,0
2021,6,24,3,10,0
2021,6,24,3,20,0
2021,6,24,3,30,0
2021,6,24,3,40,0
2021,6,24,3,50,0
2021,6,24,4,0,0
2021,6,24,4,10,0
2021,6,24,4,20,0
2021,6,24,4,30,0
2021,6,24,4,40,0
2021,6,24,4,50,0
2021,6,24,5,0,0
2021,6,24,5,10,0
2021,6,24,5,20,0
2021,6,24,5,30,0
2021,6,24,5,40,0
2021,6,24,5,50,0
2021,6,24,6,0,0
2021,6,24,6,10,0
2021,6,24,6,20,0
2021,6,24,6,30,0
2021,6,24,6,40,0
2021,6,24,6,50,0
2021,6,24,7,0,0
2021,6,24,7,10,0
2021,6,24,7,20,0
2021,6,24,7,30,0
2021,6,24,7,40,0
2021,6,24,7,50,0
2021,6,24,8,0,0
2021,6,24,8,10,0
2021,6,24,8,20,0
2021,6,24,8,30,0
2021,6,24,8,40,0
2021,6,24,8,50,0
2021,6,24,9,0,0
2021,6,24,9,10,0
2021,6,24,9,20,0
2021,6,24,9,30,0
2021,6,24,9,40,0
2021,6,24,9,50,0
2021,6,24,10,0,0
2021,6,24,10,10,0
2021,6,24,10,20,0
2021,6,24,10,30,0
2021,6,24,10,40,0
2021,6,24,10,50,0
2021,6,24,11,0,0
2021,6,24,11,10,8
2021,6,24,11,20,28
2021,6,24,11,30,55
2021,6,24,11,40,92
2021,6,24,11,50,119
2021,6,24,12,0,188
2021,6,24,12,10,226
2021,6,24,12,20,149
2021,6,24,12,30,177
2021,6,24,12,40,339
2021,6,24,12,50,376
2021,6,24,13,0,411
2021,6,24,13,10,446
2021,6,24,13,20,479
2021,6,24,13,30,511
2021,6,24,13,40,542
2021,6,24,13,50,571
2021,6,24,14,0,599
2021,6,24,14,10,626
2021,6,24,14,20,651
2021,6,24,14,30,674
2021,6,24,14,40,695
2021,6,24,14,50,715
2021,6,24,15,0,732
2021,6,24,15,10,748
2021,6,24,15,20,748
2021,6,24,15,30,760
2021,6,24,15,40,769
2021,6,24,15,50,777
2021,6,24,16,0,783
2021,6,24,16,10,787
2021,6,24,16,20,789
2021,6,24,16,30,789
2021,6,24,16,40,787
2021,6,24,16,50,783
2021,6,24,17,0,777
2021,6,24,17,10,769
2021,6,24,17,20,759
2021,6,24,17,30,748
2021,6,24,17,40,734
2021,6,24,17,50,718
2021,6,24,18,0,701
2021,6,24,18,10,682
2021,6,24,18,20,661
2021,6,24,18,30,638
2021,6,24,18,40,613
2021,6,24,18,50,587
2021,6,24,19,0,560
2021,6,24,19,10,531
2021,6,24,19,20,500
2021,6,24,19,30,469
2021,6,24,19,40,436
2021,6,24,19,50,402
2021,6,24,20,0,367
2021,6,24,20,10,331
2021,6,24,20,20,295
2021,6,24,20,30,258
2021,6,24,20,40,220
2021,6,24,20,50,183
2021,6,24,21,0,146
2021,6,24,21,10,91
2021,6,24,21,20,53
2021,6,24,21,30,30
2021,6,24,21,40,8
2021,6,24,21,50,0
2021,6,24,22,0,0
2021,6,24,22,10,0
2021,6,24,22,20,0
2021,6,24,22,30,0
2021,6,24,22,40,0
2021,6,24,22,50,0
2021,6,24,23,0,0
2021,6,24,23,10,0
2021,6,24,23,20,0
2021,6,24,23,30,0
2021,6,24,23,40,0
2021,6,24,23,50,0
2021,6,25,0,0,0
2021,6,25,0,10,0
2021,6,25,0,20,0
2021,6,25,0,30,0
2021,6,25,0,40,0
2021,6,25,0,50,0
2021,6,25,1,0,0
2021,6,25,1,10,0
2021,6,25,1,20,0
2021,6,25,1,30,0
2021,6,25,1,40,0
2021,6,25,1,50,0
2021,6,25,2,0,0
2021,6,25,2,10,0
2021,6,25,2,20,0
2021,6,25,2,30,0
2021,6,25,2,40,0
2021,6,25,2,50,0
2021,6,25,3,0,0
2021,6,25,3,10,0
2021,6,25,3,20,0
2021,6,25,3,30,0
2021,6,25,3,40,0
2021,6,25,3,50,0
2021,6,25,4,0,0
2021,6,25,4,10,0
2021,6,25,4,20,0
2021,6,25,4,30,0
2021,6,25,4,40,0
2021,6,25,4,50,0
2021,6,25,5,0,0
2021,6,25,5,10,0
2021,6,25,5,20,0
2021,6,25,5,30,0
2021,6,25,5,40,0
2021,6,25,5,50,0
2021,6,25,6,0,0
2021,6,25,6,10,0
2021,6,25,6,20,0
2021,6,25,6,30,0
2021,6,25,6,40,0
2021,6,25,6,50,0
2021,6,25,7,0,0
2021,6,25,7,10,0
2021,6,25,7,20,0
2021,6,25,7,30,0
2021,6,25,7,40,0
2021,6,25,7,50,0
2021,6,25,8,0,0
2021,6,25,8,10,0
2021,6,25,8,20,0
2021,6,25,8,30,0
2021,6,25,8,40,0
2021,6,25,8,50,0
2021,6,25,9,0,0
2021,6,25,9,10,0
2021,6,25,9,20,0
2021,6,25,9,30,0
2021,6,25,9,40,0
2021,6,25,9,50,0
2021,6,25,10,0,0
2021,6,25,10,10,0
2021,6,25,10,20,0
2021,6,25,10,30,0
2021,6,25,10,40,0
2021,6,25,10,50,0
2021,6,25,11,0,0
2021,6,25,11,10,7
2021,6,25,11,20,28
2021,6,25,11,30,51
2021,6,25,11,40,90
2021,6,25,11,50,150
2021,6,25,12,0,86
2021,6,25,12,10,226
2021,6,25,12,20,146
2021,6,25,12,30,178
2021,6,25,12,40,211
2021,6,25,12,50,376
2021,6,25,13,0,411
2021,6,25,13,10,446
2021,6,25,13,20,479
2021,6,25,13,30,511
2021,6,25,13,40,543
2021,6,25,13,50,572
2021,6,25,14,0,600
2021,6,25,14,10,627
2021,6,25,14,20,652
2021,6,25,14,30,675
2021,6,25,14,40,697
2021,6,25,14,50,717
2021,6,25,15,0,735
2021,6,25,15,10,751
2021,6,25,15,20,765
2021,6,25,15,30,777
2021,6,25,15,40,786
2021,6,25,15,50,794
2021,6,25,16,0,614
2021,6,25,16,10,804
2021,6,25,16,20,807
2021,6,25,16,30,807
2021,6,25,16,40,805
2021,6,25,16,50,801
2021,6,25,17,0,795
2021,6,25,17,10,787
2021,6,25,17,20,776
2021,6,25,17,30,765
2021,6,25,17,40,751
2021,6,25,17,50,735
2021,6,25,18,0,717
2021,6,25,18,10,698
2021,6,25,18,20,677
2021,6,25,18,30,654
2021,6,25,18,40,629
2021,6,25,18,50,603
2021,6,25,19,0,575
2021,6,25,19,10,545
2021,6,25,19,20,514
2021,6,25,19,30,482
2021,6,25,19,40,448
2021,6,25,19,50,414
2021,6,25,20,0,378
2021,6,25,20,10,341
2021,6,25,20,20,304
2021,6,25,20,30,266
2021,6,25,20,40,228
2021,6,25,20,50,189
2021,6,25,21,0,152
2021,6,25,21,10,114
2021,6,25,21,20,46
2021,6,25,21,30,46
2021,6,25,21,40,19
2021,6,25,21,50,0
2021,6,25,22,0,0
2021,6,25,22,10,0
2021,6,25,22,20,0
2021,6,25,22,30,0
2021,6,25,22,40,0
2021,6,25,22,50,0
2021,6,25,23,0,0
2021,6,25,23,10,0
2021,6,25,23,20,0
2021,6,25,23,30,0
2021,6,25,23,40,0
2021,6,25,23,50,0
2021,6,26,0,0,0
2021,6,26,0,10,0
2021,6,26,0,20,0
2021,6,26,0,30,0
2021,6,26,0,40,0
2021,6,26,0,50,0
2021,6,26,1,0,0
2021,6,26,1,10,0
2021,6,26,1,20,0
2021,6,26,1,30,0
2021,6,26,1,40,0
2021,6,26,1,50,0
2021,6,26,2,0,0
2021,6,26,2,10,0
2021,6,26,2,20,0
2021,6,26,2,30,0
2021,6,26,2,40,0
2021,6,26,2,50,0
2021,6,26,3,0,0
2021,6,26,3,10,0
2021,6,26,3,20,0
2021,6,26,3,30,0
2021,6,26,3,40,0
2021,6,26,3,50,0
2021,6,26,4,0,0
2021,6,26,4,10,0
2021,6,26,4,20,0
2021,6,26,4,30,0
2021,6,26,4,40,0
2021,6,26,4,50,0
2021,6,26,5,0,0
2021,6,26,5,10,0
2021,6,26,5,20,0
2021,6,26,5,30,0
2021,6,26,5,40,0
2021,6,26,5,50,0
2021,6,26,6,0,0
2021,6,26,6,10,0
2021,6,26,6,20,0
2021,6,26,6,30,0
2021,6,26,6,40,0
2021,6,26,6,50,0
2021,6,26,7,0,0
2021,6,26,7,10,0
2021,6,26,7,20,0
2021,6,26,7,30,0
2021,6,26,7,40,0
2021,6,26,7,50,0
2021,6,26,8,0,0
2021,6,26,8,10,0
2021,6,26,8,20,0
2021,6,26,8,30,0
2021,6,26,8,40,0
2021,6,26,8,50,0
2021,6,26,9,0,0
2021,6,26,9,10,0
2021,6,26,9,20,0
2021,6,26,9,30,0
2021,6,26,9,40,0
2021,6,26,9,50,0
2021,6,26,10,0,0
2021,6,26,10,10,0
2021,6,26,10,20,0
2021,6,26,10,30,0
2021,6,26,10,40,0
2021,6,26,10,50,0
2021,6,26,11,0,0
2021,6,26,11,10,7
2021,6,26,11,20,26
2021,6,26,11,30,46
2021,6,26,11,40,86
2021,6,26,11,50,118
2021,6,26,12,0,151
2021,6,26,12,10,183
2021,6,26,12,20,144
2021,6,26,12,30,176
2021,6,26,12,40,214
2021,6,26,12,50,377
2021,6,26,13,0,412
2021,6,26,13,10,447
2021,6,26,13,20,481
2021,6,26,13,30,513
2021,6,26,13,40,544
2021,6,26,13,50,574
2021,6,26,14,0,602
2021,6,26,14,10,628
2021,6,26,14,20,653
2021,6,26,14,30,677
2021,6,26,14,40,697
2021,6,26,14,50,717
2021,6,26,15,0,735
2021,6,26,15,10,751
2021,6,26,15,20,765
2021,6,26,15,30,777
2021,6,26,15,40,765
2021,6,26,15,50,725
2021,6,26,16,0,670
2021,6,26,16,10,662
2021,6,26,16,20,683
2021,6,26,16,30,623
2021,6,26,16,40,627
2021,6,26,16,50,759
2021,6,26,17,0,737
2021,6,26,17,10,646
2021,6,26,17,20,630
2021,6,26,17,30,655
2021,6,26,17,40,625
2021,6,26,17,50,584
2021,6,26,18,0,566
2021,6,26,18,10,575
2021,6,26,18,20,528
2021,6,26,18,30,493
2021,6,26,18,40,426
2021,6,26,18,50,353
2021,6,26,19,0,295
2021,6,26,19,10,217
2021,6,26,19,20,216
2021,6,26,19,30,238
2021,6,26,19,40,202
2021,6,26,19,50,225
2021,6,26,20,0,173
2021,6,26,20,10,132
2021,6,26,20,20,197
2021,6,26,20,30,160
2021,6,26,20,40,181
2021,6,26,20,50,151
2021,6,26,21,0,115
2021,6,26,21,10,71
2021,6,26,21,20,53
2021,6,26,21,30,32
2021,6,26,21,40,10
2021,6,26,21,50,0
2021,6,26,22,0,0
2021,6,26,22,10,0
2021,6,26,22,20,0
2021,6,26,22,30,0
2021,6,26,22,40,0
2021,6,26,22,50,0
2021,6,26,23,0,0
2021,6,26,23,10,0
2021,6,26,23,20,0
2021,6,26,23,30,0
2021,6,26,23,40,0
2021,6,26,23,50,0
2021,6,27,0,0,0
2021,6,27,0,10,0
2021,6,27,0,20,0
2021,6,27,0,30,0
2021,6,27,0,40,0
2021,6,27,0,50,0
2021,6,27,1,0,0
2021,6,27,1,10,0
2021,6,27,1,20,0
2021,6,27,1,30,0
2021,6,27,1,40,0
2021,6,27,1,50,0
2021,6,27,2,0,0
2021,6,27,2,10,0
2021,6,27,2,20,0
2021,6,27,2,30,0
2021,6,27,2,40,0
2021,6,27,2,50,0
2021,6,27,3,0,0
2021,6,27,3,10,0
2021,6,27,3,20,0
2021,6,27,3,30,0
2021,6,27,3,40,0
2021,6,27,3,50,0
2021,6,27,4,0,0
2021,6,27,4,10,0
2021,6,27,4,20,0
2021,6,27,4,30,0
2021,6,27,4,40,0
2021,6,27,4,50,0
2021,6,27,5,0,0
2021,6,27,5,10,0
2021,6,27,5,20,0
2021,6,27,5,30,0
2021,6,27,5,40,0
2021,6,27,5,50,0
2021,6,27,6,0,0
2021,6,27,6,10,0
2021,6,27,6,20,0
2021,6,27,6,30,0
2021,6,27,6,40,0
2021,6,27,6,50,0
2021,6,27,7,0,0
2021,6,27,7,10,0
2021,6,27,7,20,0
2021,6,27,7,30,0
2021,6,27,7,40,0
2021,6,27,7,50,0
2021,6,27,8,0,0
2021,6,27,8,10,0
2021,6,27,8,20,0
2021,6,27,8,30,0
2021,6,27,8,40,0
2021,6,27,8,50,0
2021,6,27,9,0,0
2021,6,27,9,10,0
2021,6,27,9,20,0
2021,6,27,9,30,0
2021,6,27,9,40,0
2021,6,27,9,50,0
2021,6,27,10,0,0
2021,6,27,10,10,0
2021,6,27,10,20,0
2021,6,27,10,30,0
2021,6,27,10,40,0
2021,6,27,10,50,0
2021,6,27,11,0,0
2021,6,27,11,10,7
2021,6,27,11,20,26
2021,6,27,11,30,53
2021,6,27,11,40,87
2021,6,27,11,50,119
2021,6,27,12,0,87
2021,6,27,12,10,225
2021,6,27,12,20,150
2021,6,27,12,30,172
2021,6,27,12,40,211
2021,6,27,12,50,237
2021,6,27,13,0,272
2021,6,27,13,10,446
2021,6,27,13,20,479
2021,6,27,13,30,511
2021,6,27,13,40,543
2021,6,27,13,50,572
2021,6,27,14,0,600
2021,6,27,14,10,627
2021,6,27,14,20,652
2021,6,27,14,30,675
2021,6,27,14,40,698
2021,6,27,14,50,718
2021,6,27,15,0,736
2021,6,27,15,10,752
2021,6,27,15,20,752
2021,6,27,15,30,764
2021,6,27,15,40,602
2021,6,27,15,50,752
2021,6,27,16,0,752
2021,6,27,16,10,599
2021,6,27,16,20,643
2021,6,27,16,30,628
2021,6,27,16,40,762
2021,6,27,16,50,620
2021,6,27,17,0,614
2021,6,27,17,10,621
2021,6,27,17,20,588
2021,6,27,17,30,626
2021,6,27,17,40,631
2021,6,27,17,50,631
2021,6,27,18,0,721
2021,6,27,18,10,577
2021,6,27,18,20,680
2021,6,27,18,30,503
2021,6,27,18,40,632
2021,6,27,18,50,460
2021,6,27,19,0,424
2021,6,27,19,10,548
2021,6,27,19,20,517
2021,6,27,19,30,485
2021,6,27,19,40,451
2021,6,27,19,50,416
2021,6,27,20,0,381
2021,6,27,20,10,344
2021,6,27,20,20,307
2021,6,27,20,30,269
2021,6,27,20,40,231
2021,6,27,20,50,192
2021,6,27,21,0,154
2021,6,27,21,10,117
2021,6,27,21,20,80
2021,6,27,21,30,48
2021,6,27,21,40,20
2021,6,27,21,50,0
2021,6,27,22,0,0
2021,6,27,22,10,0
2021,6,27,22,20,0
2021,6,27,22,30,0
2021,6,27,22,40,0
2021,6,27,22,50,0
2021,6,27,23,0,0
2021,6,27,23,10,0
2021,6,27,23,20,0
2021,6,27,23,30,0
2021,6,27,23,40,0
2021,6,27,23,50,0
2021,6,28,0,0,0
2021,6,28,0,10,0
2021,6,28,0,20,0
2021,6,28,0,30,0
2021,6,28,0,40,0
2021,6,28,0,50,0
2021,6,28,1,0,0
2021,6,28,1,10,0
2021,6,28,1,20,0
2021,6,28,1,30,0
2021,6,28,1,40,0
2021,6,28,1,50,0
2021,6,28,2,0,0
2021,6,28,2,10,0
2021,6,28,2,20,0
2021,6,28,2,30,0
2021,6,28,2,40,0
2021,6,28,2,50,0
2021,6,28,3,0,0
2021,6,28,3,10,0
2021,6,28,3,20,0
2021,6,28,3,30,0
2021,6,28,3,40,0
2021,6,28,3,50,0
2021,6,28,4,0,0
2021,6,28,4,10,0
2021,6,28,4,20,0
2021,6,28,4,30,0
2021,6,28,4,40,0
2021,6,28,4,50,0
2021,6,28,5,0,0
2021,6,28,5,10,0
2021,6,28,5,20,0
2021,6,28,5,30,0
2021,6,28,5,40,0
2021,6,28,5,50,0
2021,6,28,6,0,0
2021,6,28,6,10,0
2021,6,28,6,20,0
2021,6,28,6,30,0
2021,6,28,6,40,0
2021,6,28,6,50,0
2021,6,28,7,0,0
2021,6,28,7,10,0
2021,6,28,7,20,0
2021,6,28,7,30,0
2021,6,28,7,40,0
2021,6,28,7,50,0
2021,6,28,8,0,0
2021,6,28,8,10,0
2021,6,28,8,20,0
2021,6,28,8,30,0
2021,6,28,8,40,0
2021,6,28,8,50,0
2021,6,28,9,0,0
2021,6,28,9,10,0
2021,6,28,9,20,0
2021,6,28,9,30,0
2021,6,28,9,40,0
2021,6,28,9,50,0
2021,6,28,10,0,0
2021,6,28,10,10,0
2021,6,28,10,20,0
2021,6,28,10,30,0
2021,6,28,10,40,0
2021,6,28,10,50,0
2021,6,28,11,0,0
2021,6,28,11,10,7
2021,6,28,11,20,29
2021,6,28,11,30,56
2021,6,28,11,40,89
2021,6,28,11,50,125
2021,6,28,12,0,155
2021,6,28,12,10,245
2021,6,28,12,20,155
2021,6,28,12,30,186
2021,6,28,12,40,228
2021,6,28,12,50,403
2021,6,28,13,0,440
2021,6,28,13,10,476
2021,6,28,13,20,511
2021,6,28,13,30,545
2021,6,28,13,40,577
2021,6,28,13,50,607
2021,6,28,14,0,636
2021,6,28,14,10,664
2021,6,28,14,20,690
2021,6,28,14,30,714
2021,6,28,14,40,736
2021,6,28,14,50,757
2021,6,28,15,0,733
2021,6,28,15,10,750
2021,6,28,15,20,764
2021,6,28,15,30,776
2021,6,28,15,40,786
2021,6,28,15,50,795
2021,6,28,16,0,801
2021,6,28,16,10,805
2021,6,28,16,20,808
2021,6,28,16,30,808
2021,6,28,16,40,806
2021,6,28,16,50,802
2021,6,28,17,0,796
2021,6,28,17,10,788
2021,6,28,17,20,778
2021,6,28,17,30,766
2021,6,28,17,40,752
2021,6,28,17,50,737
2021,6,28,18,0,719
2021,6,28,18,10,699
2021,6,28,18,20,678
2021,6,28,18,30,655
2021,6,28,18,40,631
2021,6,28,18,50,604
2021,6,28,19,0,576
2021,6,28,19,10,547
2021,6,28,19,20,516
2021,6,28,19,30,484
2021,6,28,19,40,451
2021,6,28,19,50,416
2021,6,28,20,0,381
2021,6,28,20,10,344
2021,6,28,20,20,307
2021,6,28,20,30,269
2021,6,28,20,40,231
2021,6,28,20,50,193
2021,6,28,21,0,155
2021,6,28,21,10,117
2021,6,28,21,20,56
2021,6,28,21,30,49
2021,6,28,21,40,8
2021,6,28,21,50,0
2021,6,28,22,0,0
2021,6,28,22,10,0
2021,6,28,22,20,0
2021,6,28,22,30,0
2021,6,28,22,40,0
2021,6,28,22,50,0
2021,6,28,23,0,0
2021,6,28,23,10,0
2021,6,28,23,20,0
2021,6,28,23,30,0
2021,6,28,23,40,0
2021,6,28,23,50,0
2021,6,29,0,0,0
2021,6,29,0,10,0
2021,6,29,0,20,0
2021,6,29,0,30,0
2021,6,29,0,40,0
2021,6,29,0,50,0
2021,6,29,1,0,0
2021,6,29,1,10,0
2021,6,29,1,20,0
2021,6,29,1,30,0
2021,6,29,1,40,0
2021,6,29,1,50,0
2021,6,29,2,0,0
2021,6,29,2,10,0
2021,6,29,2,20,0
2021,6,29,2,30,0
2021,6,29,2,40,0
2021,6,29,2,50,0
2021,6,29,3,0,0
2021,6,29,3,10,0
2021,6,29,3,20,0
2021,6,29,3,30,0
2021,6,29,3,40,0
2021,6,29,3,50,0
2021,6,29,4,0,0
2021,6,29,4,10,0
2021,6,29,4,20,0
2021,6,29,4,30,0
2021,6,29,4,40,0
2021,6,29,4,50,0
2021,6,29,5,0,0
2021,6,29,5,10,0
2021,6,29,5,20,0
2021,6,29,5,30,0
2021,6,29,5,40,0
2021,6,29,5,50,0
2021,6,29,6,0,0
2021,6,29,6,10,0
2021,6,29,6,20,0
2021,6,29,6,30,0
2021,6,29,6,40,0
2021,6,29,6,50,0
2021,6,29,7,0,0
2021,6,29,7,10,0
2021,6,29,7,20,0
2021,6,29,7,30,0
2021,6,29,7,40,0
2021,6,29,7,50,0
2021,6,29,8,0,0
2021,6,29,8,10,0
2021,6,29,8,20,0
2021,6,29,8,30,0
2021,6,29,8,40,0
2021,6,29,8,50,0
2021,6,29,9,0,0
2021,6,29,9,10,0
2021,6,29,9,20,0
2021,6,29,9,30,0
2021,6,29,9,40,0
2021,6,29,9,50,0
2021,6,29,10,0,0
2021,6,29,10,10,0
2021,6,29,10,20,0
2021,6,29,10,30,0
2021,6,29,10,40,0
2021,6,29,10,50,0
2021,6,29,11,0,0
2021,6,29,11,10,6
2021,6,29,11,20,25
2021,6,29,11,30,48
2021,6,29,11,40,86
2021,6,29,11,50,119
2021,6,29,12,0,153
2021,6,29,12,10,185
2021,6,29,12,20,222
2021,6,29,12,30,241
2021,6,29,12,40,271
2021,6,29,12,50,241
2021,6,29,13,0,410
2021,6,29,13,10,444
2021,6,29,13,20,478
2021,6,29,13,30,510
2021,6,29,13,40,541
2021,6,29,13,50,571
2021,6,29,14,0,599
2021,6,29,14,10,626
2021,6,29,14,20,651
2021,6,29,14,30,674
2021,6,29,14,40,696
2021,6,29,14,50,715
2021,6,29,15,0,733
2021,6,29,15,10,750
2021,6,29,15,20,764
2021,6,29,15,30,776
2021,6,29,15,40,786
2021,6,29,15,50,795
2021,6,29,16,0,801
2021,6,29,16,10,805
2021,6,29,16,20,808
2021,6,29,16,30,808
2021,6,29,16,40,806
2021,6,29,16,50,802
2021,6,29,17,0,796
2021,6,29,17,10,788
2021,6,29,17,20,778
2021,6,29,17,30,767
2021,6,29,17,40,753
2021,6,29,17,50,737
2021,6,29,18,0,720
2021,6,29,18,10,700
2021,6,29,18,20,679
2021,6,29,18,30,656
2021,6,29,18,40,631
2021,6,29,18,50,605
2021,6,29,19,0,577
2021,6,29,19,10,548
2021,6,29,19,20,517
2021,6,29,19,30,485
2021,6,29,19,40,452
2021,6,29,19,50,417
2021,6,29,20,0,382
2021,6,29,20,10,346
2021,6,29,20,20,308
2021,6,29,20,30,271
2021,6,29,20,40,232
2021,6,29,20,50,194
2021,6,29,21,0,156
2021,6,29,21,10,119
2021,6,29,21,20,83
2021,6,29,21,30,27
2021,6,29,21,40,22
2021,6,29,21,50,0
2021,6,29,22,0,0
2021,6,29,22,10,0
2021,6,29,22,20,0
2021,6,29,22,30,0
2021,6,29,22,40,0
2021,6,29,22,50,0
2021,6,29,23,0,0
2021,6,29,23,10,0
2021,6,29,23,20,0
2021,6,29,23,30,0
2021,6,29,23,40,0
2021,6,29,23,50,0
2021,6,30,0,0,0
2021,6,30,0,10,0
2021,6,30,0,20,0
2021,6,30,0,30,0
2021,6,30,0,40,0
2021,6,30,0,50,0
2021,6,30,1,0,0
2021,6,30,1,10,0
2021,6,30,1,20,0
2021,6,30,1,30,0
2021,6,30,1,40,0
2021,6,30,1,50,0
2021,6,30,2,0,0
2021,6,30,2,10,0
2021,6,30,2,20,0
2021,6,30,2,30,0
2021,6,30,2,40,0
2021,6,30,2,50,0
2021,6,30,3,0,0
2021,6,30,3,10,0
2021,6,30,3,20,0
2021,6,30,3,30,0
2021,6,30,3,40,0
2021,6,30,3,50,0
2021,6,30,4,0,0
2021,6,30,4,10,0
2021,6,30,4,20,0
2021,6,30,4,30,0
2021,6,30,4,40,0
2021,6,30,4,50,0
2021,6,30,5,0,0
2021,6,30,5,10,0
2021,6,30,5,20,0
2021,6,30,5,30,0
2021,6,30,5,40,0
2021,6,30,5,50,0
2021,6,30,6,0,0
2021,6,30,6,10,0
2021,6,30,6,20,0
2021,6,30,6,30,0
2021,6,30,6,40,0
2021,6,30,6,50,0
2021,6,30,7,0,0
2021,6,30,7,10,0
2021,6,30,7,20,0
2021,6,30,7,30,0
2021,6,30,7,40,0
2021,6,30,7,50,0
2021,6,30,8,0,0
2021,6,30,8,10,0
2021,6,30,8,20,0
2021,6,30,8,30,0
2021,6,30,8,40,0
2021,6,30,8,50,0
2021,6,30,9,0,0
2021,6,30,9,10,0
2021,6,30,9,20,0
2021,6,30,9,30,0
2021,6,30,9,40,0
2021,6,30,9,50,0
2021,6,30,10,0,0
2021,6,30,10,10,0
2021,6,30,10,20,0
2021,6,30,10,30,0
2021,6,30,10,40,0
2021,6,30,10,50,0
2021,6,30,11,0,0
2021,6,30,11,10,6
2021,6,30,11,20,25
2021,6,30,11,30,50
2021,6,30,11,40,84
2021,6,30,11,50,115
2021,6,30,12,0,143
2021,6,30,12,10,178
2021,6,30,12,20,144
2021,6,30,12,30,176
2021,6,30,12,40,208
2021,6,30,12,50,242
2021,6,30,13,0,275
2021,6,30,13,10,445
2021,6,30,13,20,479
2021,6,30,13,30,511
2021,6,30,13,40,542
2021,6,30,13,50,572
2021,6,30,14,0,600
2021,6,30,14,10,627
2021,6,30,14,20,652
2021,6,30,14,30,676
2021,6,30,14,40,697
2021,6,30,14,50,717
2021,6,30,15,0,735
2021,6,30,15,10,751
2021,6,30,15,20,766
2021,6,30,15,30,778
2021,6,30,15,40,788
2021,6,30,15,50,797
2021,6,30,16,0,803
2021,6,30,16,10,807
2021,6,30,16,20,810
2021,6,30,16,30,810
2021,6,30,16,40,808
2021,6,30,16,50,804
2021,6,30,17,0,798
2021,6,30,17,10,790
2021,6,30,17,20,781
2021,6,30,17,30,769
2021,6,30,17,40,755
2021,6,30,17,50,739
2021,6,30,18,0,722
2021,6,30,18,10,702
2021,6,30,18,20,681
2021,6,30,18,30,658
2021,6,30,18,40,633
2021,6,30,18,50,607
2021,6,30,19,0,579
2021,6,30,19,10,550
2021,6,30,19,20,519
2021,6,30,19,30,487
2021,6,30,19,40,454
2021,6,30,19,50,419
2021,6,30,20,0,384
2021,6,30,20,10,347
2021,6,30,20,20,303
2021,6,30,20,30,266
2021,6,30,20,40,229
2021,6,30,20,50,191
2021,6,30,21,0,154
2021,6,30,21,10,117
2021,6,30,21,20,82
2021,6,30,21,30,49
2021,6,30,21,40,22
2021,6,30,21,50,0
2021,6,30,22,0,0
2021,6,30,22,10,0
2021,6,30,22,20,0
2021,6,30,22,30,0
2021,6,30,22,40,0
2021,6,30,22,50,0
2021,6,30,23,0,0
2021,6,30,23,10,0
2021,6,30,23,20,0
2021,6,30,23,30,0
2021,6,30,23,40,0
2021,6,30,23,50,0
2021,7,1,0,0,0
2021,7,1,0,10,0
2021,7,1,0,20,0
2021,7,1,0,30,0
2021,7,1,0,40,0
2021,7,1,0,50,0
2021,7,1,1,0,0
2021,7,1,1,10,0
2021,7,1,1,20,0
2021,7,1,1,30,0
2021,7,1,1,40,0
2021,7,1,1,50,0
2021,7,1,2,0,0
2021,7,1,2,10,0
2021,7,1,2,20,0
2021,7,1,2,30,0
2021,7,1,2,40,0
2021,7,1,2,50,0
2021,7,1,3,0,0
2021,7,1,3,10,0
2021,7,1,3,20,0
2021,7,1,3,30,0
2021,7,1,3,40,0
2021,7,1,3,50,0
2021,7,1,4,0,0
2021,7,1,4,10,0
2021,7,1,4,20,0
2021,7,1,4,30,0
2021,7,1,4,40,0
2021,7,1,4,50,0
2021,7,1,5,0,0
2021,7,1,5,10,0
2021,7,1,5,20,0
2021,7,1,5,30,0
2021,7,1,5,40,0
2021,7,1,5,50,0
2021,7,1,6,0,0
2021,7,1,6,10,0
2021,7,1,6,20,0
2021,7,1,6,30,0
2021,7,1,6,40,0
2021,7,1,6,50,0
2021,7,1,7,0,0
2021,7,1,7,10,0
2021,7,1,7,20,0
2021,7,1,7,30,0
2021,7,1,7,40,0
2021,7,1,7,50,0
2021,7,1,8,0,0
2021,7,1,8,10,0
2021,7,1,8,20,0
2021,7,1,8,30,0
2021,7,1,8,40,0
2021,7,1,8,50,0
2021,7,1,9,0,0
2021,7,1,9,10,0
2021,7,1,9,20,0
2021,7,1,9,30,0
2021,7,1,9,40,0
2021,7,1,9,50,0
2021,7,1,10,0,0
2021,7,1,10,10,0
2021,7,1,10,20,0
2021,7,1,10,30,0
2021,7,1,10,40,0
2021,7,1,10,50,0
2021,7,1,11,0,0
2021,7,1,11,10,6
2021,7,1,11,20,25
2021,7,1,11,30,51
2021,7,1,11,40,84
2021,7,1,11,50,121
2021,7,1,12,0,154
2021,7,1,12,10,189
2021,7,1,12,20,263
2021,7,1,12,30,301
2021,7,1,12,40,207
2021,7,1,12,50,375
2021,7,1,13,0,276
2021,7,1,13,10,307
2021,7,1,13,20,479
2021,7,1,13,30,512
2021,7,1,13,40,543
2021,7,1,13,50,572
2021,7,1,14,0,601
2021,7,1,14,10,628
2021,7,1,14,20,653
2021,7,1,14,30,676
2021,7,1,14,40,698
2021,7,1,14,50,718
2021,7,1,15,0,736
2021,7,1,15,10,752
2021,7,1,15,20,766
2021,7,1,15,30,779
2021,7,1,15,40,789
2021,7,1,15,50,797
2021,7,1,16,0,804
2021,7,1,16,10,808
2021,7,1,16,20,811
2021,7,1,16,30,811
2021,7,1,16,40,809
2021,7,1,16,50,805
2021,7,1,17,0,800
2021,7,1,17,10,792
2021,7,1,17,20,782
2021,7,1,17,30,770
2021,7,1,17,40,756
2021,7,1,17,50,741
2021,7,1,18,0,723
2021,7,1,18,10,704
2021,7,1,18,20,683
2021,7,1,18,30,660
2021,7,1,18,40,636
2021,7,1,18,50,609
2021,7,1,19,0,581
2021,7,1,19,10,552
2021,7,1,19,20,521
2021,7,1,19,30,489
2021,7,1,19,40,456
2021,7,1,19,50,413
2021,7,1,20,0,378
2021,7,1,20,10,342
2021,7,1,20,20,305
2021,7,1,20,30,268
2021,7,1,20,40,230
2021,7,1,20,50,193
2021,7,1,21,0,155
2021,7,1,21,10,118
2021,7,1,21,20,49
2021,7,1,21,30,32
2021,7,1,21,40,10
2021,7,1,21,50,0
2021,7,1,22,0,0
2021,7,1,22,10,0
2021,7,1,22,20,0
2021,7,1,22,30,0
2021,7,1,22,40,0
2021,7,1,22,50,0
2021,7,1,23,0,0
2021,7,1,23,10,0
2021,7,1,23,20,0
2021,7,1,23,30,0
2021,7,1,23,40,0
2021,7,1,23,50,0
2021,7,2,0,0,0
2021,7,2,0,10,0
2021,7,2,0,20,0
2021,7,2,0,30,0
2021,7,2,0,40,0
2021,7,2,0,50,0
2021,7,2,1,0,0
2021,7,2,1,10,0
2021,7,2,1,20,0
2021,7,2,1,30,0
2021,7,2,1,40,0
2021,7,2,1,50,0
2021,7,2,2,0,0
2021,7,2,2,10,0
2021,7,2,2,20,0
2021,7,2,2,30,0
2021,7,2,2,40,0
2021,7,2,2,50,0
2021,7,2,3,0,0
2021,7,2,3,10,0
2021,7,2,3,20,0
2021,7,2,3,30,0
2021,7,2,3,40,0
2021,7,2,3,50,0
2021,7,2,4,0,0
2021,7,2,4,10,0
2021,7,2,4,20,0
2021,7,2,4,30,0
2021,7,2,4,40,0
2021,7,2,4,50,0
2021,7,2,5,0,0
2021,7,2,5,10,0
2021,7,2,5,20,0
2021,7,2,5,30,0
2021,7,2,5,40,0
2021,7,2,5,50,0
2021,7,2,6,0,0
2021,7,2,6,10,0
2021,7,2,6,20,0
2021,7,2,6,30,0
2021,7,2,6,40,0
2021,7,2,6,50,0
2021,7,2,7,0,0
2021,7,2,7,10,0
2021,7,2,7,20,0
2021,7,2,7,30,0
2021,7,2,7,40,0
2021,7,2,7,50,0
2021,7,2,8,0,0
2021,7,2,8,10,0
2021,7,2,8,20,0
2021,7,2,8,30,0
2021,7,2,8,40,0
2021,7,2,8,50,0
2021,7,2,9,0,0
2021,7,2,9,10,0
2021,7,2,9,20,0
2021,7,2,9,30,0
2021,7,2,9,40,0
2021,7,2,9,50,0
2021,7,2,10,0,0
2021,7,2,10,10,0
2021,7,2,10,20,0
2021,7,2,10,30,0
2021,7,2,10,40,0
2021,7,2,10,50,0
2021,7,2,11,0,0
2021,7,2,11,10,6
2021,7,2,11,20,26
2021,7,2,11,30,53
2021,7,2,11,40,88
2021,7,2,11,50,121
2021,7,2,12,0,186
2021,7,2,12,10,225
2021,7,2,12,20,263
2021,7,2,12,30,301
2021,7,2,12,40,210
2021,7,2,12,50,245
2021,7,2,13,0,276
2021,7,2,13,10,446
2021,7,2,13,20,479
2021,7,2,13,30,512
2021,7,2,13,40,543
2021,7,2,13,50,573
2021,7,2,14,0,602
2021,7,2,14,10,616
2021,7,2,14,20,641
2021,7,2,14,30,664
2021,7,2,14,40,685
2021,7,2,14,50,705
2021,7,2,15,0,722
2021,7,2,15,10,738
2021,7,2,15,20,752
2021,7,2,15,30,765
2021,7,2,15,40,775
2021,7,2,15,50,783
2021,7,2,16,0,790
2021,7,2,16,10,794
2021,7,2,16,20,796
2021,7,2,16,30,796
2021,7,2,16,40,795
2021,7,2,16,50,791
2021,7,2,17,0,785
2021,7,2,17,10,778
2021,7,2,17,20,768
2021,7,2,17,30,757
2021,7,2,17,40,743
2021,7,2,17,50,728
2021,7,2,18,0,710
2021,7,2,18,10,691
2021,7,2,18,20,670
2021,7,2,18,30,648
2021,7,2,18,40,624
2021,7,2,18,50,598
2021,7,2,19,0,570
2021,7,2,19,10,542
2021,7,2,19,20,511
2021,7,2,19,30,480
2021,7,2,19,40,447
2021,7,2,19,50,413
2021,7,2,20,0,378
2021,7,2,20,10,342
2021,7,2,20,20,306
2021,7,2,20,30,269
2021,7,2,20,40,231
2021,7,2,20,50,193
2021,7,2,21,0,156
2021,7,2,21,10,119
2021,7,2,21,20,51
2021,7,2,21,30,51
2021,7,2,21,40,23
2021,7,2,21,50,0
2021,7,2,22,0,0
2021,7,2,22,10,0
2021,7,2,22,20,0
2021,7,2,22,30,0
2021,7,2,22,40,0
2021,7,2,22,50,0
2021,7,2,23,0,0
2021,7,2,23,10,0
2021,7,2,23,20,0
2021,7,2,23,30,0
2021,7,2,23,40,0
2021,7,2,23,50,0
2021,7,3,0,0,0
2021,7,3,0,10,0
2021,7,3,0,20,0
2021,7,3,0,30,0
2021,7,3,0,40,0
2021,7,3,0,50,0
2021,7,3,1,0,0
2021,7,3,1,10,0
2021,7,3,1,20,0
2021,7,3,1,30,0
2021,7,3,1,40,0
2021,7,3,1,50,0
2021,7,3,2,0,0
2021,7,3,2,10,0
2021,7,3,2,20,0
2021,7,3,2,30,0
2021,7,3,2,40,0
2021,7,3,2,50,0
2021,7,3,3,0,0
2021,7,3,3,10,0
2021,7,3,3,20,0
2021,7,3,3,30,0
2021,7,3,3,40,0
2021,7,3,3,50,0
2021,7,3,4,0,0
2021,7,3,4,10,0
2021,7,3,4,20,0
2021,7,3,4,30,0
2021,7,3,4,40,0
2021,7,3,4,50,0
2021,7,3,5,0,0
2021,7,3,5,10,0
2021,7,3,5,20,0
2021,7,3,5,30,0
2021,7,3,5,40,0
2021,7,3,5,50,0
2021,7,3,6,0,0
2021,7,3,6,10,0
2021,7,3,6,20,0
2021,7,3,6,30,0
2021,7,3,6,40,0
2021,7,3,6,50,0
2021,7,3,7,0,0
2021,7,3,7,10,0
2021,7,3,7,20,0
2021,7,3,7,30,0
2021,7,3,7,40,0
2021,7,3,7,50,0
2021,7,3,8,0,0
2021,7,3,8,10,0
2021,7,3,8,20,0
2021,7,3,8,30,0
2021,7,3,8,40,0
2021,7,3,8,50,0
2021,7,3,9,0,0
2021,7,3,9,10,0
2021,7,3,9,20,0
2021,7,3,9,30,0
2021,7,3,9,40,0
2021,7,3,9,50,0
2021,7,3,10,0,0
2021,7,3,10,10,0
2021,7,3,10,20,0
2021,7,3,10,30,0
2021,7,3,10,40,0
2021,7,3,10,50,0
2021,7,3,11,0,0
2021,7,3,11,10,6
2021,7,3,11,20,25
2021,7,3,11,30,47
2021,7,3,11,40,86
2021,7,3,11,50,116
2021,7,3,12,0,153
2021,7,3,12,10,185
2021,7,3,12,20,258
2021,7,3,12,30,295
2021,7,3,12,40,202
2021,7,3,12,50,238
2021,7,3,13,0,270
2021,7,3,13,10,438
2021,7,3,13,20,471
2021,7,3,13,30,503
2021,7,3,13,40,534
2021,7,3,13,50,563
2021,7,3,14,0,591
2021,7,3,14,10,617
2021,7,3,14,20,642
2021,7,3,14,30,665
2021,7,3,14,40,687
2021,7,3,14,50,707
2021,7,3,15,0,725
2021,7,3,15,10,741
2021,7,3,15,20,755
2021,7,3,15,30,767
2021,7,3,15,40,778
2021,7,3,15,50,786
2021,7,3,16,0,793
2021,7,3,16,10,797
2021,7,3,16,20,799
2021,7,3,16,30,800
2021,7,3,16,40,798
2021,7,3,16,50,794
2021,7,3,17,0,789
2021,7,3,17,10,781
2021,7,3,17,20,771
2021,7,3,17,30,760
2021,7,3,17,40,746
2021,7,3,17,50,731
2021,7,3,18,0,713
2021,7,3,18,10,694
2021,7,3,18,20,673
2021,7,3,18,30,651
2021,7,3,18,40,626
2021,7,3,18,50,600
2021,7,3,19,0,573
2021,7,3,19,10,544
2021,7,3,19,20,514
2021,7,3,19,30,482
2021,7,3,19,40,449
2021,7,3,19,50,415
2021,7,3,20,0,380
2021,7,3,20,10,344
2021,7,3,20,20,307
2021,7,3,20,30,270
2021,7,3,20,40,233
2021,7,3,20,50,195
2021,7,3,21,0,157
2021,7,3,21,10,120
2021,7,3,21,20,85
2021,7,3,21,30,52
2021,7,3,21,40,24
2021,7,3,21,50,0
2021,7,3,22,0,0
2021,7,3,22,10,0
2021,7,3,22,20,0
2021,7,3,22,30,0
2021,7,3,22,40,0
2021,7,3,22,50,0
2021,7,3,23,0,0
2021,7,3,23,10,0
2021,7,3,23,20,0
2021,7,3,23,30,0
2021,7,3,23,40,0
2021,7,3,23,50,0
2021,7,4,0,0,0
2021,7,4,0,10,0
2021,7,4,0,20,0
2021,7,4,0,30,0
2021,7,4,0,40,0
2021,7,4,0,50,0
2021,7,4,1,0,0
2021,7,4,1,10,0
2021,7,4,1,20,0
2021,7,4,1,30,0
2021,7,4,1,40,0
2021,7,4,1,50,0
2021,7,4,2,0,0
2021,7,4,2,10,0
2021,7,4,2,20,0
2021,7,4,2,30,0
2021,7,4,2,40,0
2021,7,4,2,50,0
2021,7,4,3,0,0
2021,7,4,3,10,0
2021,7,4,3,20,0
2021,7,4,3,30,0
2021,7,4,3,40,0
2021,7,4,3,50,0
2021,7,4,4,0,0
2021,7,4,4,10,0
2021,7,4,4,20,0
2021,7,4,4,30,0
2021,7,4,4,40,0
2021,7,4,4,50,0
2021,7,4,5,0,0
2021,7,4,5,10,0
2021,7,4,5,20,0
2021,7,4,5,30,0
2021,7,4,5,40,0
2021,7,4,5,50,0
2021,7,4,6,0,0
2021,7,4,6,10,0
2021,7,4,6,20,0
2021,7,4,6,30,0
2021,7,4,6,40,0
2021,7,4,6,50,0
2021,7,4,7,0,0
2021,7,4,7,10,0
2021,7,4,7,20,0
2021,7,4,7,30,0
2021,7,4,7,40,0
2021,7,4,7,50,0
2021,7,4,8,0,0
2021,7,4,8,10,0
2021,7,4,8,20,0
2021,7,4,8,30,0
2021,7,4,8,40,0
2021,7,4,8,50,0
2021,7,4,9,0,0
2021,7,4,9,10,0
2021,7,4,9,20,0
2021,7,4,9,30,0
2021,7,4,9,40,0
2021,7,4,9,50,0
2021,7,4,10,0,0
2021,7,4,10,10,0
2021,7,4,10,20,0
2021,7,4,10,30,0
2021,7,4,10,40,0
2021,7,4,10,50,0
2021,7,4,11,0,0
2021,7,4,11,10,6
2021,7,4,11,20,26
2021,7,4,11,30,48
2021,7,4,11,40,86
2021,7,4,11,50,118
2021,7,4,12,0,153
2021,7,4,12,10,191
2021,7,4,12,20,264
2021,7,4,12,30,243
2021,7,4,12,40,210
2021,7,4,12,50,238
2021,7,4,13,0,274
2021,7,4,13,10,303
2021,7,4,13,20,481
2021,7,4,13,30,514
2021,7,4,13,40,545
2021,7,4,13,50,575
2021,7,4,14,0,603
2021,7,4,14,10,630
2021,7,4,14,20,656
2021,7,4,14,30,679
2021,7,4,14,40,701
2021,7,4,14,50,721
2021,7,4,15,0,740
2021,7,4,15,10,756
2021,7,4,15,20,771
2021,7,4,15,30,783
2021,7,4,15,40,794
2021,7,4,15,50,802
2021,7,4,16,0,809
2021,7,4,16,10,813
2021,7,4,16,20,816
2021,7,4,16,30,816
2021,7,4,16,40,815
2021,7,4,16,50,811
2021,7,4,17,0,805
2021,7,4,17,10,798
2021,7,4,17,20,788
2021,7,4,17,30,776
2021,7,4,17,40,762
2021,7,4,17,50,747
2021,7,4,18,0,729
2021,7,4,18,10,710
2021,7,4,18,20,688
2021,7,4,18,30,666
2021,7,4,18,40,641
2021,7,4,18,50,614
2021,7,4,19,0,575
2021,7,4,19,10,546
2021,7,4,19,20,516
2021,7,4,19,30,484
2021,7,4,19,40,451
2021,7,4,19,50,417
2021,7,4,20,0,382
2021,7,4,20,10,346
2021,7,4,20,20,310
2021,7,4,20,30,272
2021,7,4,20,40,235
2021,7,4,20,50,197
2021,7,4,21,0,159
2021,7,4,21,10,122
2021,7,4,21,20,52
2021,7,4,21,30,53
2021,7,4,21,40,14
2021,7,4,21,50,0
2021,7,4,22,0,0
2021,7,4,22,10,0
2021,7,4,22,20,0
2021,7,4,22,30,0
2021,7,4,22,40,0
2021,7,4,22,50,0
2021,7,4,23,0,0
2021,7,4,23,10,0
2021,7,4,23,20,0
2021,7,4,23,30,0
2021,7,4,23,40,0
2021,7,4,23,50,0
2021,7,5,0,0,0
2021,7,5,0,10,0
2021,7,5,0,20,0
2021,7,5,0,30,0
2021,7,5,0,40,0
2021,7,5,0,50,0
2021,7,5,1,0,0
2021,7,5,1,10,0
2021,7,5,1,20,0
2021,7,5,1,30,0
2021,7,5,1,40,0
2021,7,5,1,50,0
2021,7,5,2,0,0
2021,7,5,2,10,0
2021,7,5,2,20,0
2021,7,5,2,30,0
2021,7,5,2,40,0
2021,7,5,2,50,0
2021,7,5,3,0,0
2021,7,5,3,10,0
2021,7,5,3,20,0
2021,7,5,3,30,0
2021,7,5,3,40,0
2021,7,5,3,50,0
2021,7,5,4,0,0
2021,7,5,4,10,0
2021,7,5,4,20,0
2021,7,5,4,30,0
2021,7,5,4,40,0
2021,7,5,4,50,0
2021,7,5,5,0,0
2021,7,5,5,10,0
2021,7,5,5,20,0
2021,7,5,5,30,0
2021,7,5,5,40,0
2021,7,5,5,50,0
2021,7,5,6,0,0
2021,7,5,6,10,0
2021,7,5,6,20,0
2021,7,5,6,30,0
2021,7,5,6,40,0
2021,7,5,6,50,0
2021,7,5,7,0,0
2021,7,5,7,10,0
2021,7,5,7,20,0
2021,7,5,7,30,0
2021,7,5,7,40,0
2021,7,5,7,50,0
2021,7,5,8,0,0
2021,7,5,8,10,0
2021,7,5,8,20,0
2021,7,5,8,30,0
2021,7,5,8,40,0
2021,7,5,8,50,0
2021,7,5,9,0,0
2021,7,5,9,10,0
2021,7,5,9,20,0
2021,7,5,9,30,0
2021,7,5,9,40,0
2021,7,5,9,50,0
2021,7,5,10,0,0
2021,7,5,10,10,0
2021,7,5,10,20,0
2021,7,5,10,30,0
2021,7,5,10,40,0
2021,7,5,10,50,0
2021,7,5,11,0,0
2021,7,5,11,10,6
2021,7,5,11,20,27
2021,7,5,11,30,50
2021,7,5,11,40,89
2021,7,5,11,50,121
2021,7,5,12,0,187
2021,7,5,12,10,226
2021,7,5,12,20,264
2021,7,5,12,30,302
2021,7,5,12,40,339
2021,7,5,12,50,376
2021,7,5,13,0,412
2021,7,5,13,10,438
2021,7,5,13,20,471
2021,7,5,13,30,503
2021,7,5,13,40,534
2021,7,5,13,50,564
2021,7,5,14,0,592
2021,7,5,14,10,618
2021,7,5,14,20,643
2021,7,5,14,30,666
2021,7,5,14,40,687
2021,7,5,14,50,707
2021,7,5,15,0,725
2021,7,5,15,10,741
2021,7,5,15,20,755
2021,7,5,15,30,768
2021,7,5,15,40,778
2021,7,5,15,50,786
2021,7,5,16,0,793
2021,7,5,16,10,797
2021,7,5,16,20,800
2021,7,5,16,30,800
2021,7,5,16,40,799
2021,7,5,16,50,796
2021,7,5,17,0,790
2021,7,5,17,10,783
2021,7,5,17,20,773
2021,7,5,17,30,762
2021,7,5,17,40,748
2021,7,5,17,50,733
2021,7,5,18,0,716
2021,7,5,18,10,696
2021,7,5,18,20,676
2021,7,5,18,30,653
2021,7,5,18,40,629
2021,7,5,18,50,603
2021,7,5,19,0,576
2021,7,5,19,10,547
2021,7,5,19,20,517
2021,7,5,19,30,485
2021,7,5,19,40,453
2021,7,5,19,50,412
2021,7,5,20,0,378
2021,7,5,20,10,342
2021,7,5,20,20,306
2021,7,5,20,30,269
2021,7,5,20,40,232
2021,7,5,20,50,194
2021,7,5,21,0,157
2021,7,5,21,10,121
2021,7,5,21,20,86
2021,7,5,21,30,53
2021,7,5,21,40,12
2021,7,5,21,50,0
2021,7,5,22,0,0
2021,7,5,22,10,0
2021,7,5,22,20,0
2021,7,5,22,30,0
2021,7,5,22,40,0
2021,7,5,22,50,0
2021,7,5,23,0,0
2021,7,5,23,10,0
2021,7,5,23,20,0
2021,7,5,23,30,0
2021,7,5,23,40,0
2021,7,5,23,50,0
2021,7,6,0,0,0
2021,7,6,0,10,0
2021,7,6,0,20,0
2021,7,6,0,30,0
2021,7,6,0,40,0
2021,7,6,0,50,0
2021,7,6,1,0,0
2021,7,6,1,10,0
2021,7,6,1,20,0
2021,7,6,1,30,0
2021,7,6,1,40,0
2021,7,6,1,50,0
2021,7,6,2,0,0
2021,7,6,2,10,0
2021,7,6,2,20,0
2021,7,6,2,30,0
2021,7,6,2,40,0
2021,7,6,2,50,0
2021,7,6,3,0,0
2021,7,6,3,10,0
2021,7,6,3,20,0
2021,7,6,3,30,0
2021,7,6,3,40,0
2021,7,6,3,50,0
2021,7,6,4,0,0
2021,7,6,4,10,0
2021,7,6,4,20,0
2021,7,6,4,30,0
2021,7,6,4,40,0
2021,7,6,4,50,0
2021,7,6,5,0,0
2021,7,6,5,10,0
2021,7,6,5,20,0
2021,7,6,5,30,0
2021,7,6,5,40,0
2021,7,6,5,50,0
2021,7,6,6,0,0
2021,7,6,6,10,0
2021,7,6,6,20,0
2021,7,6,6,30,0
2021,7,6,6,40,0
2021,7,6,6,50,0
2021,7,6,7,0,0
2021,7,6,7,10,0
2021,7,6,7,20,0
2021,7,6,7,30,0
2021,7,6,7,40,0
2021,7,6,7,50,0
2021,7,6,8,0,0
2021,7,6,8,10,0
2021,7,6,8,20,0
2021,7,6,8,30,0
2021,7,6,8,40,0
2021,7,6,8,50,0
2021,7,6,9,0,0
2021,7,6,9,10,0
2021,7,6,9,20,0
2021,7,6,9,30,0
2021,7,6,9,40,0
2021,7,6,9,50,0
2021,7,6,10,0,0
2021,7,6,10,10,0
2021,7,6,10,20,0
2021,7,6,10,30,0
2021,7,6,10,40,0
2021,7,6,10,50,0
2021,7,6,11,0,0
2021,7,6,11,10,7
2021,7,6,11,20,27
2021,7,6,11,30,50
2021,7,6,11,40,87
2021,7,6,11,50,120
2021,7,6,12,0,187
2021,7,6,12,10,178
2021,7,6,12,20,264
2021,7,6,12,30,302
2021,7,6,12,40,212
2021,7,6,12,50,376
2021,7,6,13,0,412
2021,7,6,13,10,447
2021,7,6,13,20,481
2021,7,6,13,30,514
2021,7,6,13,40,546
2021,7,6,13,50,576
2021,7,6,14,0,592
2021,7,6,14,10,619
2021,7,6,14,20,644
2021,7,6,14,30,667
2021,7,6,14,40,689
2021,7,6,14,50,709
2021,7,6,15,0,727
2021,7,6,15,10,743
2021,7,6,15,20,758
2021,7,6,15,30,770
2021,7,6,15,40,781
2021,7,6,15,50,789
2021,7,6,16,0,796
2021,7,6,16,10,801
2021,7,6,16,20,803
2021,7,6,16,30,804
2021,7,6,16,40,802
2021,7,6,16,50,799
2021,7,6,17,0,793
2021,7,6,17,10,786
2021,7,6,17,20,776
2021,7,6,17,30,765
2021,7,6,17,40,751
2021,7,6,17,50,736
2021,7,6,18,0,719
2021,7,6,18,10,700
2021,7,6,18,20,679
2021,7,6,18,30,656
2021,7,6,18,40,632
2021,7,6,18,50,606
2021,7,6,19,0,579
2021,7,6,19,10,550
2021,7,6,19,20,520
2021,7,6,19,30,488
2021,7,6,19,40,455
2021,7,6,19,50,421
2021,7,6,20,0,386
2021,7,6,20,10,350
2021,7,6,20,20,313
2021,7,6,20,30,276
2021,7,6,20,40,238
2021,7,6,20,50,200
2021,7,6,21,0,162
2021,7,6,21,10,125
2021,7,6,21,20,89
2021,7,6,21,30,56
2021,7,6,21,40,27
2021,7,6,21,50,0
2021,7,6,22,0,0
2021,7,6,22,10,0
2021,7,6,22,20,0
2021,7,6,22,30,0
2021,7,6,22,40,0
2021,7,6,22,50,0
2021,7,6,23,0,0
2021,7,6,23,10,0
2021,7,6,23,20,0
2021,7,6,23,30,0
2021,7,6,23,40,0
2021,7,6,23,50,0
2021,7,7,0,0,0
2021,7,7,0,10,0
2021,7,7,0,20,0
2021,7,7,0,30,0
2021,7,7,0,40,0
2021,7,7,0,50,0
2021,7,7,1,0,0
2021,7,7,1,10,0
2021,7,7,1,20,0
2021,7,7,1,30,0
2021,7,7,1,40,0
2021,7,7,1,50,0
2021,7,7,2,0,0
2021,7,7,2,10,0
2021,7,7,2,20,0
2021,7,7,2,30,0
2021,7,7,2,40,0
2021,7,7,2,50,0
2021,7,7,3,0,0
2021,7,7,3,10,0
2021,7,7,3,20,0
2021,7,7,3,30,0
2021,7,7,3,40,0
2021,7,7,3,50,0
2021,7,7,4,0,0
2021,7,7,4,10,0
2021,7,7,4,20,0
2021,7,7,4,30,0
2021,7,7,4,40,0
2021,7,7,4,50,0
2021,7,7,5,0,0
2021,7,7,5,10,0
2021,7,7,5,20,0
2021,7,7,5,30,0
2021,7,7,5,40,0
2021,7,7,5,50,0
2021,7,7,6,0,0
2021,7,7,6,10,0
2021,7,7,6,20,0
2021,7,7,6,30,0
2021,7,7,6,40,0
2021,7,7,6,50,0
2021,7,7,7,0,0
2021,7,7,7,10,0
2021,7,7,7,20,0
2021,7,7,7,30,0
2021,7,7,7,40,0
2021,7,7,7,50,0
2021,7,7,8,0,0
2021,7,7,8,10,0
2021,7,7,8,20,0
2021,7,7,8,30,0
2021,7,7,8,40,0
2021,7,7,8,50,0
2021,7,7,9,0,0
2021,7,7,9,10,0
2021,7,7,9,20,0
2021,7,7,9,30,0
2021,7,7,9,40,0
2021,7,7,9,50,0
2021,7,7,10,0,0
2021,7,7,10,10,0
2021,7,7,10,20,0
2021,7,7,10,30,0
2021,7,7,10,40,0
2021,7,7,10,50,0
2021,7,7,11,0,0
2021,7,7,11,10,7
2021,7,7,11,20,29
2021,7,7,11,30,57
2021,7,7,11,40,112
2021,7,7,11,50,149
2021,7,7,12,0,187
2021,7,7,12,10,226
2021,7,7,12,20,146
2021,7,7,12,30,303
2021,7,7,12,40,209
2021,7,7,12,50,377
2021,7,7,13,0,413
2021,7,7,13,10,448
2021,7,7,13,20,482
2021,7,7,13,30,515
2021,7,7,13,40,546
2021,7,7,13,50,576
2021,7,7,14,0,605
2021,7,7,14,10,632
2021,7,7,14,20,657
2021,7,7,14,30,681
2021,7,7,14,40,703
2021,7,7,14,50,723
2021,7,7,15,0,742
2021,7,7,15,10,758
2021,7,7,15,20,773
2021,7,7,15,30,785
2021,7,7,15,40,796
2021,7,7,15,50,805
2021,7,7,16,0,796
2021,7,7,16,10,800
2021,7,7,16,20,803
2021,7,7,16,30,804
2021,7,7,16,40,802
2021,7,7,16,50,799
2021,7,7,17,0,793
2021,7,7,17,10,785
2021,7,7,17,20,776
2021,7,7,17,30,764
2021,7,7,17,40,751
2021,7,7,17,50,736
2021,7,7,18,0,719
2021,7,7,18,10,700
2021,7,7,18,20,679
2021,7,7,18,30,656
2021,7,7,18,40,632
2021,7,7,18,50,606
2021,7,7,19,0,579
2021,7,7,19,10,550
2021,7,7,19,20,520
2021,7,7,19,30,488
2021,7,7,19,40,456
2021,7,7,19,50,422
2021,7,7,20,0,387
2021,7,7,20,10,351
2021,7,7,20,20,309
2021,7,7,20,30,272
2021,7,7,20,40,235
2021,7,7,20,50,198
2021,7,7,21,0,160
2021,7,7,21,10,124
2021,7,7,21,20,88
2021,7,7,21,30,55
2021,7,7,21,40,27
2021,7,7,21,50,0
2021,7,7,22,0,0
2021,7,7,22,10,0
2021,7,7,22,20,0
2021,7,7,22,30,0
2021,7,7,22,40,0
2021,7,7,22,50,0
2021,7,7,23,0,0
2021,7,7,23,10,0
2021,7,7,23,20,0
2021,7,7,23,30,0
2021,7,7,23,40,0
2021,7,7,23,50,0
2021,7,8,0,0,0
2021,7,8,0,10,0
2021,7,8,0,20,0
2021,7,8,0,30,0
2021,7,8,0,40,0
2021,7,8,0,50,0
2021,7,8,1,0,0
2021,7,8,1,10,0
2021,7,8,1,20,0
2021,7,8,1,30,0
2021,7,8,1,40,0
2021,7,8,1,50,0
2021,7,8,2,0,0
2021,7,8,2,10,0
2021,7,8,2,20,0
2021,7,8,2,30,0
2021,7,8,2,40,0
2021,7,8,2,50,0
2021,7,8,3,0,0
2021,7,8,3,10,0
2021,7,8,3,20,0
2021,7,8,3,30,0
2021,7,8,3,40,0
2021,7,8,3,50,0
2021,7,8,4,0,0
2021,7,8,4,10,0
2021,7,8,4,20,0
2021,7,8,4,30,0
2021,7,8,4,40,0
2021,7,8,4,50,0
2021,7,8,5,0,0
2021,7,8,5,10,0
2021,7,8,5,20,0
2021,7,8,5,30,0
2021,7,8,5,40,0
2021,7,8,5,50,0
2021,7,8,6,0,0
2021,7,8,6,10,0
2021,7,8,6,20,0
2021,7,8,6,30,0
2021,7,8,6,40,0
2021,7,8,6,50,0
2021,7,8,7,0,0
2021,7,8,7,10,0
2021,7,8,7,20,0
2021,7,8,7,30,0
2021,7,8,7,40,0
2021,7,8,7,50,0
2021,7,8,8,0,0
2021,7,8,8,10,0
2021,7,8,8,20,0
2021,7,8,8,30,0
2021,7,8,8,40,0
2021,7,8,8,50,0
2021,7,8,9,0,0
2021,7,8,9,10,0
2021,7,8,9,20,0
2021,7,8,9,30,0
2021,7,8,9,40,0
2021,7,8,9,50,0
2021,7,8,10,0,0
2021,7,8,10,10,0
2021,7,8,10,20,0
2021,7,8,10,30,0
2021,7,8,10,40,0
2021,7,8,10,50,0
2021,7,8,11,0,0
2021,7,8,11,10,6
2021,7,8,11,20,26
2021,7,8,11,30,74
2021,7,8,11,40,109
2021,7,8,11,50,146
2021,7,8,12,0,183
2021,7,8,12,10,222
2021,7,8,12,20,145
2021,7,8,12,30,297
2021,7,8,12,40,207
2021,7,8,12,50,371
2021,7,8,13,0,406
2021,7,8,13,10,441
2021,7,8,13,20,474
2021,7,8,13,30,507
2021,7,8,13,40,538
2021,7,8,13,50,568
2021,7,8,14,0,596
2021,7,8,14,10,622
2021,7,8,14,20,647
2021,7,8,14,30,671
2021,7,8,14,40,692
2021,7,8,14,50,712
2021,7,8,15,0,730
2021,7,8,15,10,747
2021,7,8,15,20,761
2021,7,8,15,30,774
2021,7,8,15,40,784
2021,7,8,15,50,793
2021,7,8,16,0,800
2021,7,8,16,10,794
2021,7,8,16,20,797
2021,7,8,16,30,797
2021,7,8,16,40,796
2021,7,8,16,50,793
2021,7,8,17,0,787
2021,7,8,17,10,780
2021,7,8,17,20,770
2021,7,8,17,30,759
2021,7,8,17,40,746
2021,7,8,17,50,730
2021,7,8,18,0,713
2021,7,8,18,10,695
2021,7,8,18,20,674
2021,7,8,18,30,652
2021,7,8,18,40,628
2021,7,8,18,50,596
2021,7,8,19,0,569
2021,7,8,19,10,541
2021,7,8,19,20,511
2021,7,8,19,30,480
2021,7,8,19,40,448
2021,7,8,19,50,414
2021,7,8,20,0,380
2021,7,8,20,10,344
2021,7,8,20,20,308
2021,7,8,20,30,271
2021,7,8,20,40,234
2021,7,8,20,50,197
2021,7,8,21,0,160
2021,7,8,21,10,123
2021,7,8,21,20,88
2021,7,8,21,30,55
2021,7,8,21,40,27
2021,7,8,21,50,0
2021,7,8,22,0,0
2021,7,8,22,10,0
2021,7,8,22,20,0
2021,7,8,22,30,0
2021,7,8,22,40,0
2021,7,8,22,50,0
2021,7,8,23,0,0
2021,7,8,23,10,0
2021,7,8,23,20,0
2021,7,8,23,30,0
2021,7,8,23,40,0
2021,7,8,23,50,0
2021,7,9,0,0,0
2021,7,9,0,10,0
2021,7,9,0,20,0
2021,7,9,0,30,0
2021,7,9,0,40,0
2021,7,9,0,50,0
2021,7,9,1,0,0
2021,7,9,1,10,0
2021,7,9,1,20,0
2021,7,9,1,30,0
2021,7,9,1,40,0
2021,7,9,1,50,0
2021,7,9,2,0,0
2021,7,9,2,10,0
2021,7,9,2,20,0
2021,7,9,2,30,0
2021,7,9,2,40,0
2021,7,9,2,50,0
2021,7,9,3,0,0
2021,7,9,3,10,0
2021,7,9,3,20,0
2021,7,9,3,30,0
2021,7,9,3,40,0
2021,7,9,3,50,0
2021,7,9,4,0,0
2021,7,9,4,10,0
2021,7,9,4,20,0
2021,7,9,4,30,0
2021,7,9,4,40,0
2021,7,9,4,50,0
2021,7,9,5,0,0
2021,7,9,5,10,0
2021,7,9,5,20,0
2021,7,9,5,30,0
2021,7,9,5,40,0
2021,7,9,5,50,0
2021,7,9,6,0,0
2021,7,9,6,10,0
2021,7,9,6,20,0
2021,7,9,6,30,0
2021,7,9,6,40,0
2021,7,9,6,50,0
2021,7,9,7,0,0
2021,7,9,7,10,0
2021,7,9,7,20,0
2021,7,9,7,30,0
2021,7,9,7,40,0
2021,7,9,7,50,0
2021,7,9,8,0,0
2021,7,9,8,10,0
2021,7,9,8,20,0
2021,7,9,8,30,0
2021,7,9,8,40,0
2021,7,9,8,50,0
2021,7,9,9,0,0
2021,7,9,9,10,0
2021,7,9,9,20,0
2021,7,9,9,30,0
2021,7,9,9,40,0
2021,7,9,9,50,0
2021,7,9,10,0,0
2021,7,9,10,10,0
2021,7,9,10,20,0
2021,7,9,10,30,0
2021,7,9,10,40,0
2021,7,9,10,50,0
2021,7,9,11,0,0
2021,7,9,11,10,7
2021,7,9,11,20,28
2021,7,9,11,30,55
2021,7,9,11,40,87
2021,7,9,11,50,150
2021,7,9,12,0,188
2021,7,9,12,10,227
2021,7,9,12,20,147
2021,7,9,12,30,304
2021,7,9,12,40,212
2021,7,9,12,50,247
2021,7,9,13,0,415
2021,7,9,13,10,450
2021,7,9,13,20,484
2021,7,9,13,30,517
2021,7,9,13,40,548
2021,7,9,13,50,579
2021,7,9,14,0,607
2021,7,9,14,10,634
2021,7,9,14,20,660
2021,7,9,14,30,683
2021,7,9,14,40,706
2021,7,9,14,50,726
2021,7,9,15,0,744
2021,7,9,15,10,761
2021,7,9,15,20,776
2021,7,9,15,30,789
2021,7,9,15,40,799
2021,7,9,15,50,808
2021,7,9,16,0,815
2021,7,9,16,10,819
2021,7,9,16,20,822
2021,7,9,16,30,823
2021,7,9,16,40,822
2021,7,9,16,50,818
2021,7,9,17,0,813
2021,7,9,17,10,805
2021,7,9,17,20,796
2021,7,9,17,30,784
2021,7,9,17,40,770
2021,7,9,17,50,754
2021,7,9,18,0,737
2021,7,9,18,10,718
2021,7,9,18,20,696
2021,7,9,18,30,674
2021,7,9,18,40,649
2021,7,9,18,50,623
2021,7,9,19,0,596
2021,7,9,19,10,566
2021,7,9,19,20,536
2021,7,9,19,30,503
2021,7,9,19,40,470
2021,7,9,19,50,435
2021,7,9,20,0,400
2021,7,9,20,10,363
2021,7,9,20,20,325
2021,7,9,20,30,287
2021,7,9,20,40,249
2021,7,9,20,50,205
2021,7,9,21,0,167
2021,7,9,21,10,130
2021,7,9,21,20,93
2021,7,9,21,30,60
2021,7,9,21,40,30
2021,7,9,21,50,0
2021,7,9,22,0,0
2021,7,9,22,10,0
2021,7,9,22,20,0
2021,7,9,22,30,0
2021,7,9,22,40,0
2021,7,9,22,50,0
2021,7,9,23,0,0
2021,7,9,23,10,0
2021,7,9,23,20,0
2021,7,9,23,30,0
2021,7,9,23,40,0
2021,7,9,23,50,0
2021,7,10,0,0,0
2021,7,10,0,10,0
2021,7,10,0,20,0
2021,7,10,0,30,0
2021,7,10,0,40,0
2021,7,10,0,50,0
2021,7,10,1,0,0
2021,7,10,1,10,0
2021,7,10,1,20,0
2021,7,10,1,30,0
2021,7,10,1,40,0
2021,7,10,1,50,0
2021,7,10,2,0,0
2021,7,10,2,10,0
2021,7,10,2,20,0
2021,7,10,2,30,0
2021,7,10,2,40,0
2021,7,10,2,50,0
2021,7,10,3,0,0
2021,7,10,3,10,0
2021,7,10,3,20,0
2021,7,10,3,30,0
2021,7,10,3,40,0
2021,7,10,3,50,0
2021,7,10,4,0,0
2021,7,10,4,10,0
2021,7,10,4,20,0
2021,7,10,4,30,0
2021,7,10,4,40,0
2021,7,10,4,50,0
2021,7,10,5,0,0
2021,7,10,5,10,0
2021,7,10,5,20,0
2021,7,10,5,30,0
2021,7,10,5,40,0
2021,7,10,5,50,0
2021,7,10,6,0,0
2021,7,10,6,10,0
2021,7,10,6,20,0
2021,7,10,6,30,0
2021,7,10,6,40,0
2021,7,10,6,50,0
2021,7,10,7,0,0
2021,7,10,7,10,0
2021,7,10,7,20,0
2021,7,10,7,30,0
2021,7,10,7,40,0
2021,7,10,7,50,0
2021,7,10,8,0,0
2021,7,10,8,10,0
2021,7,10,8,20,0
2021,7,10,8,30,0
2021,7,10,8,40,0
2021,7,10,8,50,0
2021,7,10,9,0,0
2021,7,10,9,10,0
2021,7,10,9,20,0
2021,7,10,9,30,0
2021,7,10,9,40,0
2021,7,10,9,50,0
2021,7,10,10,0,0
2021,7,10,10,10,0
2021,7,10,10,20,0
2021,7,10,10,30,0
2021,7,10,10,40,0
2021,7,10,10,50,0
2021,7,10,11,0,0
2021,7,10,11,10,7
2021,7,10,11,20,27
2021,7,10,11,30,75
2021,7,10,11,40,86
2021,7,10,11,50,63
2021,7,10,12,0,87
2021,7,10,12,10,222
2021,7,10,12,20,140
2021,7,10,12,30,174
2021,7,10,12,40,213
2021,7,10,12,50,372
2021,7,10,13,0,408
2021,7,10,13,10,442
2021,7,10,13,20,476
2021,7,10,13,30,508
2021,7,10,13,40,540
2021,7,10,13,50,570
2021,7,10,14,0,598
2021,7,10,14,10,625
2021,7,10,14,20,650
2021,7,10,14,30,674
2021,7,10,14,40,696
2021,7,10,14,50,716
2021,7,10,15,0,734
2021,7,10,15,10,750
2021,7,10,15,20,765
2021,7,10,15,30,778
2021,7,10,15,40,789
2021,7,10,15,50,797
2021,7,10,16,0,804
2021,7,10,16,10,809
2021,7,10,16,20,811
2021,7,10,16,30,812
2021,7,10,16,40,811
2021,7,10,16,50,807
2021,7,10,17,0,802
2021,7,10,17,10,784
2021,7,10,17,20,775
2021,7,10,17,30,764
2021,7,10,17,40,751
2021,7,10,17,50,735
2021,7,10,18,0,718
2021,7,10,18,10,700
2021,7,10,18,20,679
2021,7,10,18,30,657
2021,7,10,18,40,626
2021,7,10,18,50,601
2021,7,10,19,0,574
2021,7,10,19,10,545
2021,7,10,19,20,515
2021,7,10,19,30,484
2021,7,10,19,40,451
2021,7,10,19,50,418
2021,7,10,20,0,380
2021,7,10,20,10,344
2021,7,10,20,20,308
2021,7,10,20,30,272
2021,7,10,20,40,234
2021,7,10,20,50,197
2021,7,10,21,0,160
2021,7,10,21,10,124
2021,7,10,21,20,88
2021,7,10,21,30,56
2021,7,10,21,40,28
2021,7,10,21,50,0
2021,7,10,22,0,0
2021,7,10,22,10,0
2021,7,10,22,20,0
2021,7,10,22,30,0
2021,7,10,22,40,0
2021,7,10,22,50,0
2021,7,10,23,0,0
2021,7,10,23,10,0
2021,7,10,23,20,0
2021,7,10,23,30,0
2021,7,10,23,40,0
2021,7,10,23,50,0
2021,7,11,0,0,0
2021,7,11,0,10,0
2021,7,11,0,20,0
2021,7,11,0,30,0
2021,7,11,0,40,0
2021,7,11,0,50,0
2021,7,11,1,0,0
2021,7,11,1,10,0
2021,7,11,1,20,0
2021,7,11,1,30,0
2021,7,11,1,40,0
2021,7,11,1,50,0
2021,7,11,2,0,0
2021,7,11,2,10,0
2021,7,11,2,20,0
2021,7,11,2,30,0
2021,7,11,2,40,0
2021,7,11,2,50,0
2021,7,11,3,0,0
2021,7,11,3,10,0
2021,7,11,3,20,0
2021,7,11,3,30,0
2021,7,11,3,40,0
2021,7,11,3,50,0
2021,7,11,4,0,0
2021,7,11,4,10,0
2021,7,11,4,20,0
2021,7,11,4,30,0
2021,7,11,4,40,0
2021,7,11,4,50,0
2021,7,11,5,0,0
2021,7,11,5,10,0
2021,7,11,5,20,0
2021,7,11,5,30,0
2021,7,11,5,40,0
2021,7,11,5,50,0
2021,7,11,6,0,0
2021,7,11,6,10,0
2021,7,11,6,20,0
2021,7,11,6,30,0
2021,7,11,6,40,0
2021,7,11,6,50,0
2021,7,11,7,0,0
2021,7,11,7,10,0
2021,7,11,7,20,0
2021,7,11,7,30,0
2021,7,11,7,40,0
2021,7,11,7,50,0
2021,7,11,8,0,0
2021,7,11,8,10,0
2021,7,11,8,20,0
2021,7,11,8,30,0
2021,7,11,8,40,0
2021,7,11,8,50,0
2021,7,11,9,0,0
2021,7,11,9,10,0
2021,7,11,9,20,0
2021,7,11,9,30,0
2021,7,11,9,40,0
2021,7,11,9,50,0
2021,7,11,10,0,0
2021,7,11,10,10,0
2021,7,11,10,20,0
2021,7,11,10,30,0
2021,7,11,10,40,0
2021,7,11,10,50,0
2021,7,11,11,0,0
2021,7,11,11,10,17
2021,7,11,11,20,24
2021,7,11,11,30,21
2021,7,11,11,40,106
2021,7,11,11,50,143
2021,7,11,12,0,180
2021,7,11,12,10,217
2021,7,11,12,20,254
2021,7,11,12,30,166
2021,7,11,12,40,245
2021,7,11,12,50,364
2021,7,11,13,0,399
2021,7,11,13,10,273
2021,7,11,13,20,467
2021,7,11,13,30,494
2021,7,11,13,40,525
2021,7,11,13,50,554
2021,7,11,14,0,581
2021,7,11,14,10,608
2021,7,11,14,20,632
2021,7,11,14,30,655
2021,7,11,14,40,677
2021,7,11,14,50,696
2021,7,11,15,0,714
2021,7,11,15,10,731
2021,7,11,15,20,745
2021,7,11,15,30,757
2021,7,11,15,40,763
2021,7,11,15,50,771
2021,7,11,16,0,778
2021,7,11,16,10,782
2021,7,11,16,20,785
2021,7,11,16,30,786
2021,7,11,16,40,784
2021,7,11,16,50,781
2021,7,11,17,0,776
2021,7,11,17,10,768
2021,7,11,17,20,759
2021,7,11,17,30,748
2021,7,11,17,40,735
2021,7,11,17,50,720
2021,7,11,18,0,703
2021,7,11,18,10,685
2021,7,11,18,20,665
2021,7,11,18,30,643
2021,7,11,18,40,619
2021,7,11,18,50,594
2021,7,11,19,0,567
2021,7,11,19,10,539
2021,7,11,19,20,509
2021,7,11,19,30,478
2021,7,11,19,40,446
2021,7,11,19,50,413
2021,7,11,20,0,379
2021,7,11,20,10,344
2021,7,11,20,20,306
2021,7,11,20,30,269
2021,7,11,20,40,232
2021,7,11,20,50,196
2021,7,11,21,0,159
2021,7,11,21,10,123
2021,7,11,21,20,89
2021,7,11,21,30,56
2021,7,11,21,40,29
2021,7,11,21,50,0
2021,7,11,22,0,0
2021,7,11,22,10,0
2021,7,11,22,20,0
2021,7,11,22,30,0
2021,7,11,22,40,0
2021,7,11,22,50,0
2021,7,11,23,0,0
2021,7,11,23,10,0
2021,7,11,23,20,0
2021,7,11,23,30,0
2021,7,11,23,40,0
2021,7,11,23,50,0
2021,7,12,0,0,0
2021,7,12,0,10,0
2021,7,12,0,20,0
2021,7,12,0,30,0
2021,7,12,0,40,0
2021,7,12,0,50,0
2021,7,12,1,0,0
2021,7,12,1,10,0
2021,7,12,1,20,0
2021,7,12,1,30,0
2021,7,12,1,40,0
2021,7,12,1,50,0
2021,7,12,2,0,0
2021,7,12,2,10,0
2021,7,12,2,20,0
2021,7,12,2,30,0
2021,7,12,2,40,0
2021,7,12,2,50,0
2021,7,12,3,0,0
2021,7,12,3,10,0
2021,7,12,3,20,0
2021,7,12,3,30,0
2021,7,12,3,40,0
2021,7,12,3,50,0
2021,7,12,4,0,0
2021,7,12,4,10,0
2021,7,12,4,20,0
2021,7,12,4,30,0
2021,7,12,4,40,0
2021,7,12,4,50,0
2021,7,12,5,0,0
2021,7,12,5,10,0
2021,7,12,5,20,0
2021,7,12,5,30,0
2021,7,12,5,40,0
2021,7,12,5,50,0
2021,7,12,6,0,0
2021,7,12,6,10,0
2021,7,12,6,20,0
2021,7,12,6,30,0
2021,7,12,6,40,0
2021,7,12,6,50,0
2021,7,12,7,0,0
2021,7,12,7,10,0
2021,7,12,7,20,0
2021,7,12,7,30,0
2021,7,12,7,40,0
2021,7,12,7,50,0
2021,7,12,8,0,0
2021,7,12,8,10,0
2021,7,12,8,20,0
2021,7,12,8,30,0
2021,7,12,8,40,0
2021,7,12,8,50,0
2021,7,12,9,0,0
2021,7,12,9,10,0
2021,7,12,9,20,0
2021,7,12,9,30,0
2021,7,12,9,40,0
2021,7,12,9,50,0
2021,7,12,10,0,0
2021,7,12,10,10,0
2021,7,12,10,20,0
2021,7,12,10,30,0
2021,7,12,10,40,0
2021,7,12,10,50,0
2021,7,12,11,0,0
2021,7,12,11,10,16
2021,7,12,11,20,38
2021,7,12,11,30,67
2021,7,12,11,40,98
2021,7,12,11,50,60
2021,7,12,12,0,84
2021,7,12,12,10,112
2021,7,12,12,20,242
2021,7,12,12,30,278
2021,7,12,12,40,313
2021,7,12,12,50,348
2021,7,12,13,0,383
2021,7,12,13,10,417
2021,7,12,13,20,449
2021,7,12,13,30,481
2021,7,12,13,40,511
2021,7,12,13,50,540
2021,7,12,14,0,567
2021,7,12,14,10,594
2021,7,12,14,20,618
2021,7,12,14,30,592
2021,7,12,14,40,668
2021,7,12,14,50,687
2021,7,12,15,0,705
2021,7,12,15,10,721
2021,7,12,15,20,736
2021,7,12,15,30,748
2021,7,12,15,40,756
2021,7,12,15,50,764
2021,7,12,16,0,771
2021,7,12,16,10,775
2021,7,12,16,20,778
2021,7,12,16,30,779
2021,7,12,16,40,776
2021,7,12,16,50,773
2021,7,12,17,0,768
2021,7,12,17,10,738
2021,7,12,17,20,751
2021,7,12,17,30,724
2021,7,12,17,40,730
2021,7,12,17,50,716
2021,7,12,18,0,699
2021,7,12,18,10,680
2021,7,12,18,20,660
2021,7,12,18,30,638
2021,7,12,18,40,609
2021,7,12,18,50,584
2021,7,12,19,0,557
2021,7,12,19,10,529
2021,7,12,19,20,500
2021,7,12,19,30,430
2021,7,12,19,40,332
2021,7,12,19,50,267
2021,7,12,20,0,242
2021,7,12,20,10,196
2021,7,12,20,20,112
2021,7,12,20,30,85
2021,7,12,20,40,28
2021,7,12,20,50,99
2021,7,12,21,0,68
2021,7,12,21,10,48
2021,7,12,21,20,35
2021,7,12,21,30,26
2021,7,12,21,40,13
2021,7,12,21,50,0
2021,7,12,22,0,0
2021,7,12,22,10,0
2021,7,12,22,20,0
2021,7,12,22,30,0
2021,7,12,22,40,0
2021,7,12,22,50,0
2021,7,12,23,0,0
2021,7,12,23,10,0
2021,7,12,23,20,0
2021,7,12,23,30,0
2021,7,12,23,40,0
2021,7,12,23,50,0
2021,7,13,0,0,0
2021,7,13,0,10,0
2021,7,13,0,20,0
2021,7,13,0,30,0
2021,7,13,0,40,0
2021,7,13,0,50,0
2021,7,13,1,0,0
2021,7,13,1,10,0
2021,7,13,1,20,0
2021,7,13,1,30,0
2021,7,13,1,40,0
2021,7,13,1,50,0
2021,7,13,2,0,0
2021,7,13,2,10,0
2021,7,13,2,20,0
2021,7,13,2,30,0
2021,7,13,2,40,0
2021,7,13,2,50,0
2021,7,13,3,0,0
2021,7,13,3,10,0
2021,7,13,3,20,0
2021,7,13,3,30,0
2021,7,13,3,40,0
2021,7,13,3,50,0
2021,7,13,4,0,0
2021,7,13,4,10,0
2021,7,13,4,20,0
2021,7,13,4,30,0
2021,7,13,4,40,0
2021,7,13,4,50,0
2021,7,13,5,0,0
2021,7,13,5,10,0
2021,7,13,5,20,0
2021,7,13,5,30,0
2021,7,13,5,40,0
2021,7,13,5,50,0
2021,7,13,6,0,0
2021,7,13,6,10,0
2021,7,13,6,20,0
2021,7,13,6,30,0
2021,7,13,6,40,0
2021,7,13,6,50,0
2021,7,13,7,0,0
2021,7,13,7,10,0
2021,7,13,7,20,0
2021,7,13,7,30,0
2021,7,13,7,40,0
2021,7,13,7,50,0
2021,7,13,8,0,0
2021,7,13,8,10,0
2021,7,13,8,20,0
2021,7,13,8,30,0
2021,7,13,8,40,0
2021,7,13,8,50,0
2021,7,13,9,0,0
2021,7,13,9,10,0
2021,7,13,9,20,0
2021,7,13,9,30,0
2021,7,13,9,40,0
2021,7,13,9,50,0
2021,7,13,10,0,0
2021,7,13,10,10,0
2021,7,13,10,20,0
2021,7,13,10,30,0
2021,7,13,10,40,0
2021,7,13,10,50,0
2021,7,13,11,0,0
2021,7,13,11,10,15
2021,7,13,11,20,35
2021,7,13,11,30,62
2021,7,13,11,40,95
2021,7,13,11,50,128
2021,7,13,12,0,163
2021,7,13,12,10,199
2021,7,13,12,20,235
2021,7,13,12,30,271
2021,7,13,12,40,307
2021,7,13,12,50,342
2021,7,13,13,0,356
2021,7,13,13,10,385
2021,7,13,13,20,441
2021,7,13,13,30,472
2021,7,13,13,40,499
2021,7,13,13,50,528
2021,7,13,14,0,556
2021,7,13,14,10,582
2021,7,13,14,20,471
2021,7,13,14,30,333
2021,7,13,14,40,495
2021,7,13,14,50,675
2021,7,13,15,0,693
2021,7,13,15,10,709
2021,7,13,15,20,723
2021,7,13,15,30,516
2021,7,13,15,40,739
2021,7,13,15,50,747
2021,7,13,16,0,754
2021,7,13,16,10,758
2021,7,13,16,20,761
2021,7,13,16,30,762
2021,7,13,16,40,756
2021,7,13,16,50,678
2021,7,13,17,0,287
2021,7,13,17,10,576
2021,7,13,17,20,565
2021,7,13,17,30,584
2021,7,13,17,40,480
2021,7,13,17,50,456
2021,7,13,18,0,17
2021,7,13,18,10,232
2021,7,13,18,20,304
2021,7,13,18,30,398
2021,7,13,18,40,368
2021,7,13,18,50,487
2021,7,13,19,0,410
2021,7,13,19,10,383
2021,7,13,19,20,486
2021,7,13,19,30,455
2021,7,13,19,40,423
2021,7,13,19,50,390
2021,7,13,20,0,342
2021,7,13,20,10,323
2021,7,13,20,20,234
2021,7,13,20,30,252
2021,7,13,20,40,215
2021,7,13,20,50,180
2021,7,13,21,0,145
2021,7,13,21,10,111
2021,7,13,21,20,79
2021,7,13,21,30,50
2021,7,13,21,40,26
2021,7,13,21,50,0
2021,7,13,22,0,0
2021,7,13,22,10,0
2021,7,13,22,20,0
2021,7,13,22,30,0
2021,7,13,22,40,0
2021,7,13,22,50,0
2021,7,13,23,0,0
2021,7,13,23,10,0
2021,7,13,23,20,0
2021,7,13,23,30,0
2021,7,13,23,40,0
2021,7,13,23,50,0
2021,7,14,0,0,0
2021,7,14,0,10,0
2021,7,14,0,20,0
2021,7,14,0,30,0
2021,7,14,0,40,0
2021,7,14,0,50,0
2021,7,14,1,0,0
2021,7,14,1,10,0
2021,7,14,1,20,0
2021,7,14,1,30,0
2021,7,14,1,40,0
2021,7,14,1,50,0
2021,7,14,2,0,0
2021,7,14,2,10,0
2021,7,14,2,20,0
2021,7,14,2,30,0
2021,7,14,2,40,0
2021,7,14,2,50,0
2021,7,14,3,0,0
2021,7,14,3,10,0
2021,7,14,3,20,0
2021,7,14,3,30,0
2021,7,14,3,40,0
2021,7,14,3,50,0
2021,7,14,4,0,0
2021,7,14,4,10,0
2021,7,14,4,20,0
2021,7,14,4,30,0
2021,7,14,4,40,0
2021,7,14,4,50,0
2021,7,14,5,0,0
2021,7,14,5,10,0
2021,7,14,5,20,0
2021,7,14,5,30,0
2021,7,14,5,40,0
2021,7,14,5,50,0
2021,7,14,6,0,0
2021,7,14,6,10,0
2021,7,14,6,20,0
2021,7,14,6,30,0
2021,7,14,6,40,0
2021,7,14,6,50,0
2021,7,14,7,0,0
2021,7,14,7,10,0
2021,7,14,7,20,0
2021,7,14,7,30,0
2021,7,14,7,40,0
2021,7,14,7,50,0
2021,7,14,8,0,0
2021,7,14,8,10,0
2021,7,14,8,20,0
2021,7,14,8,30,0
2021,7,14,8,40,0
2021,7,14,8,50,0
2021,7,14,9,0,0
2021,7,14,9,10,0
2021,7,14,9,20,0
2021,7,14,9,30,0
2021,7,14,9,40,0
2021,7,14,9,50,0
2021,7,14,10,0,0
2021,7,14,10,10,0
2021,7,14,10,20,0
2021,7,14,10,30,0
2021,7,14,10,40,0
2021,7,14,10,50,0
2021,7,14,11,0,0
2021,7,14,11,10,18
2021,7,14,11,20,43
2021,7,14,11,30,74
2021,7,14,11,40,109
2021,7,14,11,50,145
2021,7,14,12,0,182
2021,7,14,12,10,220
2021,7,14,12,20,258
2021,7,14,12,30,295
2021,7,14,12,40,332
2021,7,14,12,50,368
2021,7,14,13,0,403
2021,7,14,13,10,437
2021,7,14,13,20,470
2021,7,14,13,30,502
2021,7,14,13,40,533
2021,7,14,13,50,563
2021,7,14,14,0,591
2021,7,14,14,10,617
2021,7,14,14,20,642
2021,7,14,14,30,666
2021,7,14,14,40,688
2021,7,14,14,50,708
2021,7,14,15,0,726
2021,7,14,15,10,742
2021,7,14,15,20,757
2021,7,14,15,30,769
2021,7,14,15,40,780
2021,7,14,15,50,789
2021,7,14,16,0,795
2021,7,14,16,10,800
2021,7,14,16,20,797
2021,7,14,16,30,797
2021,7,14,16,40,796
2021,7,14,16,50,793
2021,7,14,17,0,787
2021,7,14,17,10,780
2021,7,14,17,20,771
2021,7,14,17,30,760
2021,7,14,17,40,747
2021,7,14,17,50,732
2021,7,14,18,0,715
2021,7,14,18,10,696
2021,7,14,18,20,676
2021,7,14,18,30,654
2021,7,14,18,40,630
2021,7,14,18,50,605
2021,7,14,19,0,577
2021,7,14,19,10,549
2021,7,14,19,20,519
2021,7,14,19,30,488
2021,7,14,19,40,456
2021,7,14,19,50,419
2021,7,14,20,0,385
2021,7,14,20,10,349
2021,7,14,20,20,313
2021,7,14,20,30,277
2021,7,14,20,40,240
2021,7,14,20,50,203
2021,7,14,21,0,166
2021,7,14,21,10,129
2021,7,14,21,20,94
2021,7,14,21,30,61
2021,7,14,21,40,32
2021,7,14,21,50,0
2021,7,14,22,0,0
2021,7,14,22,10,0
2021,7,14,22,20,0
2021,7,14,22,30,0
2021,7,14,22,40,0
2021,7,14,22,50,0
2021,7,14,23,0,0
2021,7,14,23,10,0
2021,7,14,23,20,0
2021,7,14,23,30,0
2021,7,14,23,40,0
2021,7,14,23,50,0
2021,7,15,0,0,0
2021,7,15,0,10,0
2021,7,15,0,20,0
2021,7,15,0,30,0
2021,7,15,0,40,0
2021,7,15,0,50,0
2021,7,15,1,0,0
2021,7,15,1,10,0
2021,7,15,1,20,0
2021,7,15,1,30,0
2021,7,15,1,40,0
2021,7,15,1,50,0
2021,7,15,2,0,0
2021,7,15,2,10,0
2021,7,15,2,20,0
2021,7,15,2,30,0
2021,7,15,2,40,0
2021,7,15,2,50,0
2021,7,15,3,0,0
2021,7,15,3,10,0
2021,7,15,3,20,0
2021,7,15,3,30,0
2021,7,15,3,40,0
2021,7,15,3,50,0
2021,7,15,4,0,0
2021,7,15,4,10,0
2021,7,15,4,20,0
2021,7,15,4,30,0
2021,7,15,4,40,0
2021,7,15,4,50,0
2021,7,15,5,0,0
2021,7,15,5,10,0
2021,7,15,5,20,0
2021,7,15,5,30,0
2021,7,15,5,40,0
2021,7,15,5,50,0
2021,7,15,6,0,0
2021,7,15,6,10,0
2021,7,15,6,20,0
2021,7,15,6,30,0
2021,7,15,6,40,0
2021,7,15,6,50,0
2021,7,15,7,0,0
2021,7,15,7,10,0
2021,7,15,7,20,0
2021,7,15,7,30,0
2021,7,15,7,40,0
2021,7,15,7,50,0
2021,7,15,8,0,0
2021,7,15,8,10,0
2021,7,15,8,20,0
2021,7,15,8,30,0
2021,7,15,8,40,0
2021,7,15,8,50,0
2021,7,15,9,0,0
2021,7,15,9,10,0
2021,7,15,9,20,0
2021,7,15,9,30,0
2021,7,15,9,40,0
2021,7,15,9,50,0
2021,7,15,10,0,0
2021,7,15,10,10,0
2021,7,15,10,20,0
2021,7,15,10,30,0
2021,7,15,10,40,0
2021,7,15,10,50,0
2021,7,15,11,0,0
2021,7,15,11,10,18
2021,7,15,11,20,43
2021,7,15,11,30,75
2021,7,15,11,40,109
2021,7,15,11,50,146
2021,7,15,12,0,183
2021,7,15,12,10,221
2021,7,15,12,20,258
2021,7,15,12,30,296
2021,7,15,12,40,332
2021,7,15,12,50,369
2021,7,15,13,0,404
2021,7,15,13,10,438
2021,7,15,13,20,471
2021,7,15,13,30,504
2021,7,15,13,40,534
2021,7,15,13,50,564
2021,7,15,14,0,592
2021,7,15,14,10,619
2021,7,15,14,20,644
2021,7,15,14,30,667
2021,7,15,14,40,689
2021,7,15,14,50,709
2021,7,15,15,0,727
2021,7,15,15,10,744
2021,7,15,15,20,758
2021,7,15,15,30,771
2021,7,15,15,40,781
2021,7,15,15,50,790
2021,7,15,16,0,796
2021,7,15,16,10,801
2021,7,15,16,20,804
2021,7,15,16,30,805
2021,7,15,16,40,803
2021,7,15,16,50,800
2021,7,15,17,0,794
2021,7,15,17,10,787
2021,7,15,17,20,778
2021,7,15,17,30,767
2021,7,15,17,40,754
2021,7,15,17,50,739
2021,7,15,18,0,716
2021,7,15,18,10,697
2021,7,15,18,20,677
2021,7,15,18,30,655
2021,7,15,18,40,631
2021,7,15,18,50,606
2021,7,15,19,0,579
2021,7,15,19,10,551
2021,7,15,19,20,521
2021,7,15,19,30,490
2021,7,15,19,40,458
2021,7,15,19,50,424
2021,7,15,20,0,390
2021,7,15,20,10,354
2021,7,15,20,20,318
2021,7,15,20,30,282
2021,7,15,20,40,245
2021,7,15,20,50,207
2021,7,15,21,0,170
2021,7,15,21,10,133
2021,7,15,21,20,97
2021,7,15,21,30,64
2021,7,15,21,40,34
2021,7,15,21,50,0
2021,7,15,22,0,0
2021,7,15,22,10,0
2021,7,15,22,20,0
2021,7,15,22,30,0
2021,7,15,22,40,0
2021,7,15,22,50,0
2021,7,15,23,0,0
2021,7,15,23,10,0
2021,7,15,23,20,0
2021,7,15,23,30,0
2021,7,15,23,40,0
2021,7,15,23,50,0
2021,7,16,0,0,0
2021,7,16,0,10,0
2021,7,16,0,20,0
2021,7,16,0,30,0
2021,7,16,0,40,0
2021,7,16,0,50,0
2021,7,16,1,0,0
2021,7,16,1,10,0
2021,7,16,1,20,0
2021,7,16,1,30,0
2021,7,16,1,40,0
2021,7,16,1,50,0
2021,7,16,2,0,0
2021,7,16,2,10,0
2021,7,16,2,20,0
2021,7,16,2,30,0
2021,7,16,2,40,0
2021,7,16,2,50,0
2021,7,16,3,0,0
2021,7,16,3,10,0
2021,7,16,3,20,0
2021,7,16,3,30,0
2021,7,16,3,40,0
2021,7,16,3,50,0
2021,7,16,4,0,0
2021,7,16,4,10,0
2021,7,16,4,20,0
2021,7,16,4,30,0
2021,7,16,4,40,0
2021,7,16,4,50,0
2021,7,16,5,0,0
2021,7,16,5,10,0
2021,7,16,5,20,0
2021,7,16,5,30,0
2021,7,16,5,40,0
2021,7,16,5,50,0
2021,7,16,6,0,0
2021,7,16,6,10,0
2021,7,16,6,20,0
2021,7,16,6,30,0
2021,7,16,6,40,0
2021,7,16,6,50,0
2021,7,16,7,0,0
2021,7,16,7,10,0
2021,7,16,7,20,0
2021,7,16,7,30,0
2021,7,16,7,40,0
2021,7,16,7,50,0
2021,7,16,8,0,0
2021,7,16,8,10,0
2021,7,16,8,20,0
2021,7,16,8,30,0
2021,7,16,8,40,0
2021,7,16,8,50,0
2021,7,16,9,0,0
2021,7,16,9,10,0
2021,7,16,9,20,0
2021,7,16,9,30,0
2021,7,16,9,40,0
2021,7,16,9,50,0
2021,7,16,10,0,0
2021,7,16,10,10,0
2021,7,16,10,20,0
2021,7,16,10,30,0
2021,7,16,10,40,0
2021,7,16,10,50,0
2021,7,16,11,0,0
2021,7,16,11,10,9
2021,7,16,11,20,48
2021,7,16,11,30,58
2021,7,16,11,40,91
2021,7,16,11,50,156
2021,7,16,12,0,195
2021,7,16,12,10,234
2021,7,16,12,20,273
2021,7,16,12,30,312
2021,7,16,12,40,350
2021,7,16,12,50,388
2021,7,16,13,0,425
2021,7,16,13,10,460
2021,7,16,13,20,495
2021,7,16,13,30,528
2021,7,16,13,40,560
2021,7,16,13,50,590
2021,7,16,14,0,619
2021,7,16,14,10,647
2021,7,16,14,20,673
2021,7,16,14,30,697
2021,7,16,14,40,617
2021,7,16,14,50,336
2021,7,16,15,0,462
2021,7,16,15,10,409
2021,7,16,15,20,497
2021,7,16,15,30,428
2021,7,16,15,40,365
2021,7,16,15,50,668
2021,7,16,16,0,831
2021,7,16,16,10,835
2021,7,16,16,20,580
2021,7,16,16,30,658
2021,7,16,16,40,551
2021,7,16,16,50,595
2021,7,16,17,0,665
2021,7,16,17,10,821
2021,7,16,17,20,794
2021,7,16,17,30,531
2021,7,16,17,40,787
2021,7,16,17,50,599
2021,7,16,18,0,754
2021,7,16,18,10,615
2021,7,16,18,20,588
2021,7,16,18,30,507
2021,7,16,18,40,564
2021,7,16,18,50,470
2021,7,16,19,0,482
2021,7,16,19,10,494
2021,7,16,19,20,239
2021,7,16,19,30,396
2021,7,16,19,40,323
2021,7,16,19,50,442
2021,7,16,20,0,325
2021,7,16,20,10,241
2021,7,16,20,20,333
2021,7,16,20,30,295
2021,7,16,20,40,208
2021,7,16,20,50,124
2021,7,16,21,0,153
2021,7,16,21,10,115
2021,7,16,21,20,84
2021,7,16,21,30,50
2021,7,16,21,40,23
2021,7,16,21,50,0
2021,7,16,22,0,0
2021,7,16,22,10,0
2021,7,16,22,20,0
2021,7,16,22,30,0
2021,7,16,22,40,0
2021,7,16,22,50,0
2021,7,16,23,0,0
2021,7,16,23,10,0
2021,7,16,23,20,0
2021,7,16,23,30,0
2021,7,16,23,40,0
2021,7,16,23,50,0
2021,7,17,0,0,0
2021,7,17,0,10,0
2021,7,17,0,20,0
2021,7,17,0,30,0
2021,7,17,0,40,0
2021,7,17,0,50,0
2021,7,17,1,0,0
2021,7,17,1,10,0
2021,7,17,1,20,0
2021,7,17,1,30,0
2021,7,17,1,40,0
2021,7,17,1,50,0
2021,7,17,2,0,0
2021,7,17,2,10,0
2021,7,17,2,20,0
2021,7,17,2,30,0
2021,7,17,2,40,0
2021,7,17,2,50,0
2021,7,17,3,0,0
2021,7,17,3,10,0
2021,7,17,3,20,0
2021,7,17,3,30,0
2021,7,17,3,40,0
2021,7,17,3,50,0
2021,7,17,4,0,0
2021,7,17,4,10,0
2021,7,17,4,20,0
2021,7,17,4,30,0
2021,7,17,4,40,0
2021,7,17,4,50,0
2021,7,17,5,0,0
2021,7,17,5,10,0
2021,7,17,5,20,0
2021,7,17,5,30,0
2021,7,17,5,40,0
2021,7,17,5,50,0
2021,7,17,6,0,0
2021,7,17,6,10,0
2021,7,17,6,20,0
2021,7,17,6,30,0
2021,7,17,6,40,0
2021,7,17,6,50,0
2021,7,17,7,0,0
2021,7,17,7,10,0
2021,7,17,7,20,0
2021,7,17,7,30,0
2021,7,17,7,40,0
2021,7,17,7,50,0
2021,7,17,8,0,0
2021,7,17,8,10,0
2021,7,17,8,20,0
2021,7,17,8,30,0
2021,7,17,8,40,0
2021,7,17,8,50,0
2021,7,17,9,0,0
2021,7,17,9,10,0
2021,7,17,9,20,0
2021,7,17,9,30,0
2021,7,17,9,40,0
2021,7,17,9,50,0
2021,7,17,10,0,0
2021,7,17,10,10,0
2021,7,17,10,20,0
2021,7,17,10,30,0
2021,7,17,10,40,0
2021,7,17,10,50,0
2021,7,17,11,0,0
2021,7,17,11,10,10
2021,7,17,11,20,30
2021,7,17,11,30,59
2021,7,17,11,40,93
2021,7,17,11,50,157
2021,7,17,12,0,196
2021,7,17,12,10,123
2021,7,17,12,20,158
2021,7,17,12,30,194
2021,7,17,12,40,213
2021,7,17,12,50,389
2021,7,17,13,0,426
2021,7,17,13,10,462
2021,7,17,13,20,496
2021,7,17,13,30,529
2021,7,17,13,40,562
2021,7,17,13,50,592
2021,7,17,14,0,621
2021,7,17,14,10,649
2021,7,17,14,20,675
2021,7,17,14,30,699
2021,7,17,14,40,721
2021,7,17,14,50,742
2021,7,17,15,0,761
2021,7,17,15,10,778
2021,7,17,15,20,778
2021,7,17,15,30,791
2021,7,17,15,40,802
2021,7,17,15,50,811
2021,7,17,16,0,817
2021,7,17,16,10,822
2021,7,17,16,20,825
2021,7,17,16,30,826
2021,7,17,16,40,825
2021,7,17,16,50,822
2021,7,17,17,0,817
2021,7,17,17,10,809
2021,7,17,17,20,800
2021,7,17,17,30,789
2021,7,17,17,40,775
2021,7,17,17,50,760
2021,7,17,18,0,733
2021,7,17,18,10,714
2021,7,17,18,20,694
2021,7,17,18,30,671
2021,7,17,18,40,647
2021,7,17,18,50,622
2021,7,17,19,0,594
2021,7,17,19,10,566
2021,7,17,19,20,432
2021,7,17,19,30,403
2021,7,17,19,40,471
2021,7,17,19,50,437
2021,7,17,20,0,273
2021,7,17,20,10,366
2021,7,17,20,20,220
2021,7,17,20,30,191
2021,7,17,20,40,255
2021,7,17,20,50,216
2021,7,17,21,0,178
2021,7,17,21,10,141
2021,7,17,21,20,104
2021,7,17,21,30,69
2021,7,17,21,40,38
2021,7,17,21,50,0
2021,7,17,22,0,0
2021,7,17,22,10,0
2021,7,17,22,20,0
2021,7,17,22,30,0
2021,7,17,22,40,0
2021,7,17,22,50,0
2021,7,17,23,0,0
2021,7,17,23,10,0
2021,7,17,23,20,0
2021,7,17,23,30,0
2021,7,17,23,40,0
2021,7,17,23,50,0
2021,7,18,0,0,0
2021,7,18,0,10,0
2021,7,18,0,20,0
2021,7,18,0,30,0
2021,7,18,0,40,0
2021,7,18,0,50,0
2021,7,18,1,0,0
2021,7,18,1,10,0
2021,7,18,1,20,0
2021,7,18,1,30,0
2021,7,18,1,40,0
2021,7,18,1,50,0
2021,7,18,2,0,0
2021,7,18,2,10,0
2021,7,18,2,20,0
2021,7,18,2,30,0
2021,7,18,2,40,0
2021,7,18,2,50,0
2021,7,18,3,0,0
2021,7,18,3,10,0
2021,7,18,3,20,0
2021,7,18,3,30,0
2021,7,18,3,40,0
2021,7,18,3,50,0
2021,7,18,4,0,0
2021,7,18,4,10,0
2021,7,18,4,20,0
2021,7,18,4,30,0
2021,7,18,4,40,0
2021,7,18,4,50,0
2021,7,18,5,0,0
2021,7,18,5,10,0
2021,7,18,5,20,0
2021,7,18,5,30,0
2021,7,18,5,40,0
2021,7,18,5,50,0
2021,7,18,6,0,0
2021,7,18,6,10,0
2021,7,18,6,20,0
2021,7,18,6,30,0
2021,7,18,6,40,0
2021,7,18,6,50,0
2021,7,18,7,0,0
2021,7,18,7,10,0
2021,7,18,7,20,0
2021,7,18,7,30,0
2021,7,18,7,40,0
2021,7,18,7,50,0
2021,7,18,8,0,0
2021,7,18,8,10,0
2021,7,18,8,20,0
2021,7,18,8,30,0
2021,7,18,8,40,0
2021,7,18,8,50,0
2021,7,18,9,0,0
2021,7,18,9,10,0
2021,7,18,9,20,0
2021,7,18,9,30,0
2021,7,18,9,40,0
2021,7,18,9,50,0
2021,7,18,10,0,0
2021,7,18,10,10,0
2021,7,18,10,20,0
2021,7,18,10,30,0
2021,7,18,10,40,0
2021,7,18,10,50,0
2021,7,18,11,0,0
2021,7,18,11,10,9
2021,7,18,11,20,47
2021,7,18,11,30,80
2021,7,18,11,40,117
2021,7,18,11,50,155
2021,7,18,12,0,190
2021,7,18,12,10,228
2021,7,18,12,20,149
2021,7,18,12,30,179
2021,7,18,12,40,342
2021,7,18,12,50,379
2021,7,18,13,0,414
2021,7,18,13,10,449
2021,7,18,13,20,483
2021,7,18,13,30,516
2021,7,18,13,40,547
2021,7,18,13,50,577
2021,7,18,14,0,606
2021,7,18,14,10,633
2021,7,18,14,20,658
2021,7,18,14,30,681
2021,7,18,14,40,703
2021,7,18,14,50,717
2021,7,18,15,0,735
2021,7,18,15,10,751
2021,7,18,15,20,766
2021,7,18,15,30,779
2021,7,18,15,40,790
2021,7,18,15,50,798
2021,7,18,16,0,805
2021,7,18,16,10,810
2021,7,18,16,20,813
2021,7,18,16,30,658
2021,7,18,16,40,701
2021,7,18,16,50,665
2021,7,18,17,0,798
2021,7,18,17,10,790
2021,7,18,17,20,781
2021,7,18,17,30,631
2021,7,18,17,40,757
2021,7,18,17,50,742
2021,7,18,18,0,725
2021,7,18,18,10,707
2021,7,18,18,20,686
2021,7,18,18,30,659
2021,7,18,18,40,636
2021,7,18,18,50,610
2021,7,18,19,0,584
2021,7,18,19,10,555
2021,7,18,19,20,525
2021,7,18,19,30,494
2021,7,18,19,40,462
2021,7,18,19,50,429
2021,7,18,20,0,394
2021,7,18,20,10,359
2021,7,18,20,20,322
2021,7,18,20,30,285
2021,7,18,20,40,248
2021,7,18,20,50,210
2021,7,18,21,0,173
2021,7,18,21,10,136
2021,7,18,21,20,100
2021,7,18,21,30,67
2021,7,18,21,40,37
2021,7,18,21,50,0
2021,7,18,22,0,0
2021,7,18,22,10,0
2021,7,18,22,20,0
2021,7,18,22,30,0
2021,7,18,22,40,0
2021,7,18,22,50,0
2021,7,18,23,0,0
2021,7,18,23,10,0
2021,7,18,23,20,0
2021,7,18,23,30,0
2021,7,18,23,40,0
2021,7,18,23,50,0
2021,7,19,0,0,0
2021,7,19,0,10,0
2021,7,19,0,20,0
2021,7,19,0,30,0
2021,7,19,0,40,0
2021,7,19,0,50,0
2021,7,19,1,0,0
2021,7,19,1,10,0
2021,7,19,1,20,0
2021,7,19,1,30,0
2021,7,19,1,40,0
2021,7,19,1,50,0
2021,7,19,2,0,0
2021,7,19,2,10,0
2021,7,19,2,20,0
2021,7,19,2,30,0
2021,7,19,2,40,0
2021,7,19,2,50,0
2021,7,19,3,0,0
2021,7,19,3,10,0
2021,7,19,3,20,0
2021,7,19,3,30,0
2021,7,19,3,40,0
2021,7,19,3,50,0
2021,7,19,4,0,0
2021,7,19,4,10,0
2021,7,19,4,20,0
2021,7,19,4,30,0
2021,7,19,4,40,0
2021,7,19,4,50,0
2021,7,19,5,0,0
2021,7,19,5,10,0
2021,7,19,5,20,0
2021,7,19,5,30,0
2021,7,19,5,40,0
2021,7,19,5,50,0
2021,7,19,6,0,0
2021,7,19,6,10,0
2021,7,19,6,20,0
2021,7,19,6,30,0
2021,7,19,6,40,0
2021,7,19,6,50,0
2021,7,19,7,0,0
2021,7,19,7,10,0
2021,7,19,7,20,0
2021,7,19,7,30,0
2021,7,19,7,40,0
2021,7,19,7,50,0
2021,7,19,8,0,0
2021,7,19,8,10,0
2021,7,19,8,20,0
2021,7,19,8,30,0
2021,7,19,8,40,0
2021,7,19,8,50,0
2021,7,19,9,0,0
2021,7,19,9,10,0
2021,7,19,9,20,0
2021,7,19,9,30,0
2021,7,19,9,40,0
2021,7,19,9,50,0
2021,7,19,10,0,0
2021,7,19,10,10,0
2021,7,19,10,20,0
2021,7,19,10,30,0
2021,7,19,10,40,0
2021,7,19,10,50,0
2021,7,19,11,0,0
2021,7,19,11,10,8
2021,7,19,11,20,28
2021,7,19,11,30,78
2021,7,19,11,40,113
2021,7,19,11,50,149
2021,7,19,12,0,187
2021,7,19,12,10,225
2021,7,19,12,20,263
2021,7,19,12,30,301
2021,7,19,12,40,338
2021,7,19,12,50,375
2021,7,19,13,0,411
2021,7,19,13,10,446
2021,7,19,13,20,479
2021,7,19,13,30,512
2021,7,19,13,40,543
2021,7,19,13,50,573
2021,7,19,14,0,602
2021,7,19,14,10,623
2021,7,19,14,20,648
2021,7,19,14,30,672
2021,7,19,14,40,694
2021,7,19,14,50,714
2021,7,19,15,0,732
2021,7,19,15,10,749
2021,7,19,15,20,763
2021,7,19,15,30,776
2021,7,19,15,40,787
2021,7,19,15,50,795
2021,7,19,16,0,802
2021,7,19,16,10,807
2021,7,19,16,20,810
2021,7,19,16,30,810
2021,7,19,16,40,809
2021,7,19,16,50,806
2021,7,19,17,0,801
2021,7,19,17,10,793
2021,7,19,17,20,784
2021,7,19,17,30,773
2021,7,19,17,40,760
2021,7,19,17,50,745
2021,7,19,18,0,728
2021,7,19,18,10,709
2021,7,19,18,20,689
2021,7,19,18,30,667
2021,7,19,18,40,638
2021,7,19,18,50,613
2021,7,19,19,0,586
2021,7,19,19,10,558
2021,7,19,19,20,528
2021,7,19,19,30,497
2021,7,19,19,40,464
2021,7,19,19,50,431
2021,7,19,20,0,396
2021,7,19,20,10,361
2021,7,19,20,20,324
2021,7,19,20,30,287
2021,7,19,20,40,249
2021,7,19,20,50,212
2021,7,19,21,0,174
2021,7,19,21,10,137
2021,7,19,21,20,76
2021,7,19,21,30,68
2021,7,19,21,40,37
2021,7,19,21,50,0
2021,7,19,22,0,0
2021,7,19,22,10,0
2021,7,19,22,20,0
2021,7,19,22,30,0
2021,7,19,22,40,0
2021,7,19,22,50,0
2021,7,19,23,0,0
2021,7,19,23,10,0
2021,7,19,23,20,0
2021,7,19,23,30,0
2021,7,19,23,40,0
2021,7,19,23,50,0
2021,7,20,0,0,0
2021,7,20,0,10,0
2021,7,20,0,20,0
2021,7,20,0,30,0
2021,7,20,0,40,0
2021,7,20,0,50,0
2021,7,20,1,0,0
2021,7,20,1,10,0
2021,7,20,1,20,0
2021,7,20,1,30,0
2021,7,20,1,40,0
2021,7,20,1,50,0
2021,7,20,2,0,0
2021,7,20,2,10,0
2021,7,20,2,20,0
2021,7,20,2,30,0
2021,7,20,2,40,0
2021,7,20,2,50,0
2021,7,20,3,0,0
2021,7,20,3,10,0
2021,7,20,3,20,0
2021,7,20,3,30,0
2021,7,20,3,40,0
2021,7,20,3,50,0
2021,7,20,4,0,0
2021,7,20,4,10,0
2021,7,20,4,20,0
2021,7,20,4,30,0
2021,7,20,4,40,0
2021,7,20,4,50,0
2021,7,20,5,0,0
2021,7,20,5,10,0
2021,7,20,5,20,0
2021,7,20,5,30,0
2021,7,20,5,40,0
2021,7,20,5,50,0
2021,7,20,6,0,0
2021,7,20,6,10,0
2021,7,20,6,20,0
2021,7,20,6,30,0
2021,7,20,6,40,0
2021,7,20,6,50,0
2021,7,20,7,0,0
2021,7,20,7,10,0
2021,7,20,7,20,0
2021,7,20,7,30,0
2021,7,20,7,40,0
2021,7,20,7,50,0
2021,7,20,8,0,0
2021,7,20,8,10,0
2021,7,20,8,20,0
2021,7,20,8,30,0
2021,7,20,8,40,0
2021,7,20,8,50,0
2021,7,20,9,0,0
2021,7,20,9,10,0
2021,7,20,9,20,0
2021,7,20,9,30,0
2021,7,20,9,40,0
2021,7,20,9,50,0
2021,7,20,10,0,0
2021,7,20,10,10,0
2021,7,20,10,20,0
2021,7,20,10,30,0
2021,7,20,10,40,0
2021,7,20,10,50,0
2021,7,20,11,0,0
2021,7,20,11,10,20
2021,7,20,11,20,47
2021,7,20,11,30,78
2021,7,20,11,40,114
2021,7,20,11,50,150
2021,7,20,12,0,188
2021,7,20,12,10,226
2021,7,20,12,20,263
2021,7,20,12,30,301
2021,7,20,12,40,337
2021,7,20,12,50,374
2021,7,20,13,0,409
2021,7,20,13,10,443
2021,7,20,13,20,481
2021,7,20,13,30,514
2021,7,20,13,40,544
2021,7,20,13,50,574
2021,7,20,14,0,603
2021,7,20,14,10,629
2021,7,20,14,20,655
2021,7,20,14,30,678
2021,7,20,14,40,700
2021,7,20,14,50,720
2021,7,20,15,0,738
2021,7,20,15,10,755
2021,7,20,15,20,769
2021,7,20,15,30,782
2021,7,20,15,40,792
2021,7,20,15,50,801
2021,7,20,16,0,808
2021,7,20,16,10,813
2021,7,20,16,20,815
2021,7,20,16,30,816
2021,7,20,16,40,816
2021,7,20,16,50,812
2021,7,20,17,0,807
2021,7,20,17,10,800
2021,7,20,17,20,791
2021,7,20,17,30,780
2021,7,20,17,40,766
2021,7,20,17,50,752
2021,7,20,18,0,735
2021,7,20,18,10,710
2021,7,20,18,20,690
2021,7,20,18,30,668
2021,7,20,18,40,645
2021,7,20,18,50,619
2021,7,20,19,0,592
2021,7,20,19,10,564
2021,7,20,19,20,488
2021,7,20,19,30,502
2021,7,20,19,40,309
2021,7,20,19,50,235
2021,7,20,20,0,57
2021,7,20,20,10,123
2021,7,20,20,20,127
2021,7,20,20,30,120
2021,7,20,20,40,102
2021,7,20,20,50,121
2021,7,20,21,0,49
2021,7,20,21,10,56
2021,7,20,21,20,37
2021,7,20,21,30,31
2021,7,20,21,40,19
2021,7,20,21,50,6
2021,7,20,22,0,0
2021,7,20,22,10,0
2021,7,20,22,20,0
2021,7,20,22,30,0
2021,7,20,22,40,0
2021,7,20,22,50,0
2021,7,20,23,0,0
2021,7,20,23,10,0
2021,7,20,23,20,0
2021,7,20,23,30,0
2021,7,20,23,40,0
2021,7,20,23,50,0
2021,7,21,0,0,0
2021,7,21,0,10,0
2021,7,21,0,20,0
2021,7,21,0,30,0
2021,7,21,0,40,0
2021,7,21,0,50,0
2021,7,21,1,0,0
2021,7,21,1,10,0
2021,7,21,1,20,0
2021,7,21,1,30,0
2021,7,21,1,40,0
2021,7,21,1,50,0
2021,7,21,2,0,0
2021,7,21,2,10,0
2021,7,21,2,20,0
2021,7,21,2,30,0
2021,7,21,2,40,0
2021,7,21,2,50,0
2021,7,21,3,0,0
2021,7,21,3,10,0
2021,7,21,3,20,0
2021,7,21,3,30,0
2021,7,21,3,40,0
2021,7,21,3,50,0
2021,7,21,4,0,0
2021,7,21,4,10,0
2021,7,21,4,20,0
2021,7,21,4,30,0
2021,7,21,4,40,0
2021,7,21,4,50,0
2021,7,21,5,0,0
2021,7,21,5,10,0
2021,7,21,5,20,0
2021,7,21,5,30,0
2021,7,21,5,40,0
2021,7,21,5,50,0
2021,7,21,6,0,0
2021,7,21,6,10,0
2021,7,21,6,20,0
2021,7,21,6,30,0
2021,7,21,6,40,0
2021,7,21,6,50,0
2021,7,21,7,0,0
2021,7,21,7,10,0
2021,7,21,7,20,0
2021,7,21,7,30,0
2021,7,21,7,40,0
2021,7,21,7,50,0
2021,7,21,8,0,0
2021,7,21,8,10,0
2021,7,21,8,20,0
2021,7,21,8,30,0
2021,7,21,8,40,0
2021,7,21,8,50,0
2021,7,21,9,0,0
2021,7,21,9,10,0
2021,7,21,9,20,0
2021,7,21,9,30,0
2021,7,21,9,40,0
2021,7,21,9,50,0
2021,7,21,10,0,0
2021,7,21,10,10,0
2021,7,21,10,20,0
2021,7,21,10,30,0
2021,7,21,10,40,0
2021,7,21,10,50,0
2021,7,21,11,0,0
2021,7,21,11,10,21
2021,7,21,11,20,47
2021,7,21,11,30,79
2021,7,21,11,40,114
2021,7,21,11,50,150
2021,7,21,12,0,187
2021,7,21,12,10,225
2021,7,21,12,20,262
2021,7,21,12,30,300
2021,7,21,12,40,336
2021,7,21,12,50,373
2021,7,21,13,0,408
2021,7,21,13,10,442
2021,7,21,13,20,475
2021,7,21,13,30,508
2021,7,21,13,40,538
2021,7,21,13,50,568
2021,7,21,14,0,596
2021,7,21,14,10,622
2021,7,21,14,20,648
2021,7,21,14,30,671
2021,7,21,14,40,692
2021,7,21,14,50,712
2021,7,21,15,0,730
2021,7,21,15,10,747
2021,7,21,15,20,761
2021,7,21,15,30,774
2021,7,21,15,40,785
2021,7,21,15,50,793
2021,7,21,16,0,800
2021,7,21,16,10,805
2021,7,21,16,20,808
2021,7,21,16,30,814
2021,7,21,16,40,813
2021,7,21,16,50,810
2021,7,21,17,0,804
2021,7,21,17,10,797
2021,7,21,17,20,788
2021,7,21,17,30,777
2021,7,21,17,40,764
2021,7,21,17,50,749
2021,7,21,18,0,732
2021,7,21,18,10,713
2021,7,21,18,20,693
2021,7,21,18,30,670
2021,7,21,18,40,647
2021,7,21,18,50,621
2021,7,21,19,0,594
2021,7,21,19,10,565
2021,7,21,19,20,535
2021,7,21,19,30,504
2021,7,21,19,40,472
2021,7,21,19,50,438
2021,7,21,20,0,403
2021,7,21,20,10,368
2021,7,21,20,20,331
2021,7,21,20,30,294
2021,7,21,20,40,257
2021,7,21,20,50,219
2021,7,21,21,0,181
2021,7,21,21,10,144
2021,7,21,21,20,107
2021,7,21,21,30,72
2021,7,21,21,40,41
2021,7,21,21,50,16
2021,7,21,22,0,0
2021,7,21,22,10,0
2021,7,21,22,20,0
2021,7,21,22,30,0
2021,7,21,22,40,0
2021,7,21,22,50,0
2021,7,21,23,0,0
2021,7,21,23,10,0
2021,7,21,23,20,0
2021,7,21,23,30,0
2021,7,21,23,40,0
2021,7,21,23,50,0
2021,7,22,0,0,0
2021,7,22,0,10,0
2021,7,22,0,20,0
2021,7,22,0,30,0
2021,7,22,0,40,0
2021,7,22,0,50,0
2021,7,22,1,0,0
2021,7,22,1,10,0
2021,7,22,1,20,0
2021,7,22,1,30,0
2021,7,22,1,40,0
2021,7,22,1,50,0
2021,7,22,2,0,0
2021,7,22,2,10,0
2021,7,22,2,20,0
2021,7,22,2,30,0
2021,7,22,2,40,0
2021,7,22,2,50,0
2021,7,22,3,0,0
2021,7,22,3,10,0
2021,7,22,3,20,0
2021,7,22,3,30,0
2021,7,22,3,40,0
2021,7,22,3,50,0
2021,7,22,4,0,0
2021,7,22,4,10,0
2021,7,22,4,20,0
2021,7,22,4,30,0
2021,7,22,4,40,0
2021,7,22,4,50,0
2021,7,22,5,0,0
2021,7,22,5,10,0
2021,7,22,5,20,0
2021,7,22,5,30,0
2021,7,22,5,40,0
2021,7,22,5,50,0
2021,7,22,6,0,0
2021,7,22,6,10,0
2021,7,22,6,20,0
2021,7,22,6,30,0
2021,7,22,6,40,0
2021,7,22,6,50,0
2021,7,22,7,0,0
2021,7,22,7,10,0
2021,7,22,7,20,0
2021,7,22,7,30,0
2021,7,22,7,40,0
2021,7,22,7,50,0
2021,7,22,8,0,0
2021,7,22,8,10,0
2021,7,22,8,20,0
2021,7,22,8,30,0
2021,7,22,8,40,0
2021,7,22,8,50,0
2021,7,22,9,0,0
2021,7,22,9,10,0
2021,7,22,9,20,0
2021,7,22,9,30,0
2021,7,22,9,40,0
2021,7,22,9,50,0
2021,7,22,10,0,0
2021,7,22,10,10,0
2021,7,22,10,20,0
2021,7,22,10,30,0
2021,7,22,10,40,0
2021,7,22,10,50,0
2021,7,22,11,0,0
2021,7,22,11,10,22
2021,7,22,11,20,50
2021,7,22,11,30,82
2021,7,22,11,40,118
2021,7,22,11,50,155
2021,7,22,12,0,193
2021,7,22,12,10,231
2021,7,22,12,20,269
2021,7,22,12,30,307
2021,7,22,12,40,344
2021,7,22,12,50,381
2021,7,22,13,0,417
2021,7,22,13,10,451
2021,7,22,13,20,485
2021,7,22,13,30,517
2021,7,22,13,40,548
2021,7,22,13,50,578
2021,7,22,14,0,606
2021,7,22,14,10,633
2021,7,22,14,20,659
2021,7,22,14,30,682
2021,7,22,14,40,704
2021,7,22,14,50,724
2021,7,22,15,0,742
2021,7,22,15,10,759
2021,7,22,15,20,774
2021,7,22,15,30,787
2021,7,22,15,40,797
2021,7,22,15,50,806
2021,7,22,16,0,813
2021,7,22,16,10,818
2021,7,22,16,20,821
2021,7,22,16,30,822
2021,7,22,16,40,820
2021,7,22,16,50,817
2021,7,22,17,0,812
2021,7,22,17,10,805
2021,7,22,17,20,796
2021,7,22,17,30,784
2021,7,22,17,40,771
2021,7,22,17,50,756
2021,7,22,18,0,739
2021,7,22,18,10,721
2021,7,22,18,20,700
2021,7,22,18,30,678
2021,7,22,18,40,654
2021,7,22,18,50,628
2021,7,22,19,0,601
2021,7,22,19,10,572
2021,7,22,19,20,542
2021,7,22,19,30,511
2021,7,22,19,40,478
2021,7,22,19,50,444
2021,7,22,20,0,409
2021,7,22,20,10,373
2021,7,22,20,20,336
2021,7,22,20,30,299
2021,7,22,20,40,261
2021,7,22,20,50,220
2021,7,22,21,0,182
2021,7,22,21,10,145
2021,7,22,21,20,109
2021,7,22,21,30,74
2021,7,22,21,40,43
2021,7,22,21,50,17
2021,7,22,22,0,0
2021,7,22,22,10,0
2021,7,22,22,20,0
2021,7,22,22,30,0
2021,7,22,22,40,0
2021,7,22,22,50,0
2021,7,22,23,0,0
2021,7,22,23,10,0
2021,7,22,23,20,0
2021,7,22,23,30,0
2021,7,22,23,40,0
2021,7,22,23,50,0
2021,7,23,0,0,0
2021,7,23,0,10,0
2021,7,23,0,20,0
2021,7,23,0,30,0
2021,7,23,0,40,0
2021,7,23,0,50,0
2021,7,23,1,0,0
2021,7,23,1,10,0
2021,7,23,1,20,0
2021,7,23,1,30,0
2021,7,23,1,40,0
2021,7,23,1,50,0
2021,7,23,2,0,0
2021,7,23,2,10,0
2021,7,23,2,20,0
2021,7,23,2,30,0
2021,7,23,2,40,0
2021,7,23,2,50,0
2021,7,23,3,0,0
2021,7,23,3,10,0
2021,7,23,3,20,0
2021,7,23,3,30,0
2021,7,23,3,40,0
2021,7,23,3,50,0
2021,7,23,4,0,0
2021,7,23,4,10,0
2021,7,23,4,20,0
2021,7,23,4,30,0
2021,7,23,4,40,0
2021,7,23,4,50,0
2021,7,23,5,0,0
2021,7,23,5,10,0
2021,7,23,5,20,0
2021,7,23,5,30,0
2021,7,23,5,40,0
2021,7,23,5,50,0
2021,7,23,6,0,0
2021,7,23,6,10,0
2021,7,23,6,20,0
2021,7,23,6,30,0
2021,7,23,6,40,0
2021,7,23,6,50,0
2021,7,23,7,0,0
2021,7,23,7,10,0
2021,7,23,7,20,0
2021,7,23,7,30,0
2021,7,23,7,40,0
2021,7,23,7,50,0
2021,7,23,8,0,0
2021,7,23,8,10,0
2021,7,23,8,20,0
2021,7,23,8,30,0
2021,7,23,8,40,0
2021,7,23,8,50,0
2021,7,23,9,0,0
2021,7,23,9,10,0
2021,7,23,9,20,0
2021,7,23,9,30,0
2021,7,23,9,40,0
2021,7,23,9,50,0
2021,7,23,10,0,0
2021,7,23,10,10,0
2021,7,23,10,20,0
2021,7,23,10,30,0
2021,7,23,10,40,0
2021,7,23,10,50,0
2021,7,23,11,0,0
2021,7,23,11,10,23
2021,7,23,11,20,51
2021,7,23,11,30,84
2021,7,23,11,40,119
2021,7,23,11,50,157
2021,7,23,12,0,195
2021,7,23,12,10,122
2021,7,23,12,20,275
2021,7,23,12,30,184
2021,7,23,12,40,351
2021,7,23,12,50,388
2021,7,23,13,0,424
2021,7,23,13,10,459
2021,7,23,13,20,493
2021,7,23,13,30,526
2021,7,23,13,40,557
2021,7,23,13,50,587
2021,7,23,14,0,616
2021,7,23,14,10,643
2021,7,23,14,20,669
2021,7,23,14,30,693
2021,7,23,14,40,714
2021,7,23,14,50,735
2021,7,23,15,0,753
2021,7,23,15,10,770
2021,7,23,15,20,785
2021,7,23,15,30,798
2021,7,23,15,40,809
2021,7,23,15,50,818
2021,7,23,16,0,825
2021,7,23,16,10,830
2021,7,23,16,20,833
2021,7,23,16,30,833
2021,7,23,16,40,833
2021,7,23,16,50,830
2021,7,23,17,0,824
2021,7,23,17,10,817
2021,7,23,17,20,808
2021,7,23,17,30,796
2021,7,23,17,40,784
2021,7,23,17,50,769
2021,7,23,18,0,752
2021,7,23,18,10,733
2021,7,23,18,20,712
2021,7,23,18,30,689
2021,7,23,18,40,659
2021,7,23,18,50,633
2021,7,23,19,0,606
2021,7,23,19,10,577
2021,7,23,19,20,547
2021,7,23,19,30,515
2021,7,23,19,40,482
2021,7,23,19,50,448
2021,7,23,20,0,413
2021,7,23,20,10,377
2021,7,23,20,20,340
2021,7,23,20,30,303
2021,7,23,20,40,264
2021,7,23,20,50,226
2021,7,23,21,0,185
2021,7,23,21,10,147
2021,7,23,21,20,110
2021,7,23,21,30,50
2021,7,23,21,40,28
2021,7,23,21,50,9
2021,7,23,22,0,0
2021,7,23,22,10,0
2021,7,23,22,20,0
2021,7,23,22,30,0
2021,7,23,22,40,0
2021,7,23,22,50,0
2021,7,23,23,0,0
2021,7,23,23,10,0
2021,7,23,23,20,0
2021,7,23,23,30,0
2021,7,23,23,40,0
2021,7,23,23,50,0
2021,7,24,0,0,0
2021,7,24,0,10,0
2021,7,24,0,20,0
2021,7,24,0,30,0
2021,7,24,0,40,0
2021,7,24,0,50,0
2021,7,24,1,0,0
2021,7,24,1,10,0
2021,7,24,1,20,0
2021,7,24,1,30,0
2021,7,24,1,40,0
2021,7,24,1,50,0
2021,7,24,2,0,0
2021,7,24,2,10,0
2021,7,24,2,20,0
2021,7,24,2,30,0
2021,7,24,2,40,0
2021,7,24,2,50,0
2021,7,24,3,0,0
2021,7,24,3,10,0
2021,7,24,3,20,0
2021,7,24,3,30,0
2021,7,24,3,40,0
2021,7,24,3,50,0
2021,7,24,4,0,0
2021,7,24,4,10,0
2021,7,24,4,20,0
2021,7,24,4,30,0
2021,7,24,4,40,0
2021,7,24,4,50,0
2021,7,24,5,0,0
2021,7,24,5,10,0
2021,7,24,5,20,0
2021,7,24,5,30,0
2021,7,24,5,40,0
2021,7,24,5,50,0
2021,7,24,6,0,0
2021,7,24,6,10,0
2021,7,24,6,20,0
2021,7,24,6,30,0
2021,7,24,6,40,0
2021,7,24,6,50,0
2021,7,24,7,0,0
2021,7,24,7,10,0
2021,7,24,7,20,0
2021,7,24,7,30,0
2021,7,24,7,40,0
2021,7,24,7,50,0
2021,7,24,8,0,0
2021,7,24,8,10,0
2021,7,24,8,20,0
2021,7,24,8,30,0
2021,7,24,8,40,0
2021,7,24,8,50,0
2021,7,24,9,0,0
2021,7,24,9,10,0
2021,7,24,9,20,0
2021,7,24,9,30,0
2021,7,24,9,40,0
2021,7,24,9,50,0
2021,7,24,10,0,0
2021,7,24,10,10,0
2021,7,24,10,20,0
2021,7,24,10,30,0
2021,7,24,10,40,0
2021,7,24,10,50,0
2021,7,24,11,0,0
2021,7,24,11,10,13
2021,7,24,11,20,33
2021,7,24,11,30,82
2021,7,24,11,40,76
2021,7,24,11,50,154
2021,7,24,12,0,145
2021,7,24,12,10,200
2021,7,24,12,20,267
2021,7,24,12,30,305
2021,7,24,12,40,342
2021,7,24,12,50,378
2021,7,24,13,0,411
2021,7,24,13,10,446
2021,7,24,13,20,479
2021,7,24,13,30,512
2021,7,24,13,40,542
2021,7,24,13,50,572
2021,7,24,14,0,600
2021,7,24,14,10,627
2021,7,24,14,20,653
2021,7,24,14,30,676
2021,7,24,14,40,698
2021,7,24,14,50,718
2021,7,24,15,0,737
2021,7,24,15,10,753
2021,7,24,15,20,768
2021,7,24,15,30,780
2021,7,24,15,40,791
2021,7,24,15,50,800
2021,7,24,16,0,807
2021,7,24,16,10,811
2021,7,24,16,20,814
2021,7,24,16,30,815
2021,7,24,16,40,517
2021,7,24,16,50,651
2021,7,24,17,0,531
2021,7,24,17,10,584
2021,7,24,17,20,604
2021,7,24,17,30,613
2021,7,24,17,40,620
2021,7,24,17,50,658
2021,7,24,18,0,396
2021,7,24,18,10,415
2021,7,24,18,20,531
2021,7,24,18,30,466
2021,7,24,18,40,424
2021,7,24,18,50,621
2021,7,24,19,0,492
2021,7,24,19,10,566
2021,7,24,19,20,536
2021,7,24,19,30,504
2021,7,24,19,40,472
2021,7,24,19,50,438
2021,7,24,20,0,403
2021,7,24,20,10,367
2021,7,24,20,20,331
2021,7,24,20,30,294
2021,7,24,20,40,256
2021,7,24,20,50,218
2021,7,24,21,0,181
2021,7,24,21,10,143
2021,7,24,21,20,107
2021,7,24,21,30,73
2021,7,24,21,40,42
2021,7,24,21,50,18
2021,7,24,22,0,0
2021,7,24,22,10,0
2021,7,24,22,20,0
2021,7,24,22,30,0
2021,7,24,22,40,0
2021,7,24,22,50,0
2021,7,24,23,0,0
2021,7,24,23,10,0
2021,7,24,23,20,0
2021,7,24,23,30,0
2021,7,24,23,40,0
2021,7,24,23,50,0
2021,7,25,0,0,0
2021,7,25,0,10,0
2021,7,25,0,20,0
2021,7,25,0,30,0
2021,7,25,0,40,0
2021,7,25,0,50,0
2021,7,25,1,0,0
2021,7,25,1,10,0
2021,7,25,1,20,0
2021,7,25,1,30,0
2021,7,25,1,40,0
2021,7,25,1,50,0
2021,7,25,2,0,0
2021,7,25,2,10,0
2021,7,25,2,20,0
2021,7,25,2,30,0
2021,7,25,2,40,0
2021,7,25,2,50,0
2021,7,25,3,0,0
2021,7,25,3,10,0
2021,7,25,3,20,0
2021,7,25,3,30,0
2021,7,25,3,40,0
2021,7,25,3,50,0
2021,7,25,4,0,0
2021,7,25,4,10,0
2021,7,25,4,20,0
2021,7,25,4,30,0
2021,7,25,4,40,0
2021,7,25,4,50,0
2021,7,25,5,0,0
2021,7,25,5,10,0
2021,7,25,5,20,0
2021,7,25,5,30,0
2021,7,25,5,40,0
2021,7,25,5,50,0
2021,7,25,6,0,0
2021,7,25,6,10,0
2021,7,25,6,20,0
2021,7,25,6,30,0
2021,7,25,6,40,0
2021,7,25,6,50,0
2021,7,25,7,0,0
2021,7,25,7,10,0
2021,7,25,7,20,0
2021,7,25,7,30,0
2021,7,25,7,40,0
2021,7,25,7,50,0
2021,7,25,8,0,0
2021,7,25,8,10,0
2021,7,25,8,20,0
2021,7,25,8,30,0
2021,7,25,8,40,0
2021,7,25,8,50,0
2021,7,25,9,0,0
2021,7,25,9,10,0
2021,7,25,9,20,0
2021,7,25,9,30,0
2021,7,25,9,40,0
2021,7,25,9,50,0
2021,7,25,10,0,0
2021,7,25,10,10,0
2021,7,25,10,20,0
2021,7,25,10,30,0
2021,7,25,10,40,0
2021,7,25,10,50,0
2021,7,25,11,0,0
2021,7,25,11,10,13
2021,7,25,11,20,29
2021,7,25,11,30,42
2021,7,25,11,40,80
2021,7,25,11,50,123
2021,7,25,12,0,162
2021,7,25,12,10,215
2021,7,25,12,20,252
2021,7,25,12,30,289
2021,7,25,12,40,326
2021,7,25,12,50,363
2021,7,25,13,0,398
2021,7,25,13,10,433
2021,7,25,13,20,466
2021,7,25,13,30,499
2021,7,25,13,40,534
2021,7,25,13,50,564
2021,7,25,14,0,592
2021,7,25,14,10,619
2021,7,25,14,20,645
2021,7,25,14,30,668
2021,7,25,14,40,698
2021,7,25,14,50,718
2021,7,25,15,0,737
2021,7,25,15,10,753
2021,7,25,15,20,768
2021,7,25,15,30,781
2021,7,25,15,40,794
2021,7,25,15,50,802
2021,7,25,16,0,809
2021,7,25,16,10,682
2021,7,25,16,20,696
2021,7,25,16,30,638
2021,7,25,16,40,575
2021,7,25,16,50,640
2021,7,25,17,0,291
2021,7,25,17,10,521
2021,7,25,17,20,568
2021,7,25,17,30,685
2021,7,25,17,40,501
2021,7,25,17,50,442
2021,7,25,18,0,708
2021,7,25,18,10,471
2021,7,25,18,20,513
2021,7,25,18,30,671
2021,7,25,18,40,243
2021,7,25,18,50,266
2021,7,25,19,0,429
2021,7,25,19,10,289
2021,7,25,19,20,379
2021,7,25,19,30,317
2021,7,25,19,40,209
2021,7,25,19,50,15
2021,7,25,20,0,103
2021,7,25,20,10,30
2021,7,25,20,20,40
2021,7,25,20,30,13
2021,7,25,20,40,68
2021,7,25,20,50,136
2021,7,25,21,0,22
2021,7,25,21,10,96
2021,7,25,21,20,60
2021,7,25,21,30,31
2021,7,25,21,40,16
2021,7,25,21,50,6
2021,7,25,22,0,0
2021,7,25,22,10,0
2021,7,25,22,20,0
2021,7,25,22,30,0
2021,7,25,22,40,0
2021,7,25,22,50,0
2021,7,25,23,0,0
2021,7,25,23,10,0
2021,7,25,23,20,0
2021,7,25,23,30,0
2021,7,25,23,40,0
2021,7,25,23,50,0
2021,7,26,0,0,0
2021,7,26,0,10,0
2021,7,26,0,20,0
2021,7,26,0,30,0
2021,7,26,0,40,0
2021,7,26,0,50,0
2021,7,26,1,0,0
2021,7,26,1,10,0
2021,7,26,1,20,0
2021,7,26,1,30,0
2021,7,26,1,40,0
2021,7,26,1,50,0
2021,7,26,2,0,0
2021,7,26,2,10,0
2021,7,26,2,20,0
2021,7,26,2,30,0
2021,7,26,2,40,0
2021,7,26,2,50,0
2021,7,26,3,0,0
2021,7,26,3,10,0
2021,7,26,3,20,0
2021,7,26,3,30,0
2021,7,26,3,40,0
2021,7,26,3,50,0
2021,7,26,4,0,0
2021,7,26,4,10,0
2021,7,26,4,20,0
2021,7,26,4,30,0
2021,7,26,4,40,0
2021,7,26,4,50,0
2021,7,26,5,0,0
2021,7,26,5,10,0
2021,7,26,5,20,0
2021,7,26,5,30,0
2021,7,26,5,40,0
2021,7,26,5,50,0
2021,7,26,6,0,0
2021,7,26,6,10,0
2021,7,26,6,20,0
2021,7,26,6,30,0
2021,7,26,6,40,0
2021,7,26,6,50,0
2021,7,26,7,0,0
2021,7,26,7,10,0
2021,7,26,7,20,0
2021,7,26,7,30,0
2021,7,26,7,40,0
2021,7,26,7,50,0
2021,7,26,8,0,0
2021,7,26,8,10,0
2021,7,26,8,20,0
2021,7,26,8,30,0
2021,7,26,8,40,0
2021,7,26,8,50,0
2021,7,26,9,0,0
2021,7,26,9,10,0
2021,7,26,9,20,0
2021,7,26,9,30,0
2021,7,26,9,40,0
2021,7,26,9,50,0
2021,7,26,10,0,0
2021,7,26,10,10,0
2021,7,26,10,20,0
2021,7,26,10,30,0
2021,7,26,10,40,0
2021,7,26,10,50,0
2021,7,26,11,0,0
2021,7,26,11,10,26
2021,7,26,11,20,55
2021,7,26,11,30,88
2021,7,26,11,40,124
2021,7,26,11,50,162
2021,7,26,12,0,201
2021,7,26,12,10,239
2021,7,26,12,20,278
2021,7,26,12,30,316
2021,7,26,12,40,354
2021,7,26,12,50,391
2021,7,26,13,0,427
2021,7,26,13,10,462
2021,7,26,13,20,496
2021,7,26,13,30,529
2021,7,26,13,40,560
2021,7,26,13,50,591
2021,7,26,14,0,619
2021,7,26,14,10,646
2021,7,26,14,20,672
2021,7,26,14,30,696
2021,7,26,14,40,719
2021,7,26,14,50,739
2021,7,26,15,0,758
2021,7,26,15,10,775
2021,7,26,15,20,789
2021,7,26,15,30,802
2021,7,26,15,40,813
2021,7,26,15,50,822
2021,7,26,16,0,829
2021,7,26,16,10,834
2021,7,26,16,20,831
2021,7,26,16,30,832
2021,7,26,16,40,830
2021,7,26,16,50,827
2021,7,26,17,0,822
2021,7,26,17,10,815
2021,7,26,17,20,805
2021,7,26,17,30,794
2021,7,26,17,40,716
2021,7,26,17,50,743
2021,7,26,18,0,749
2021,7,26,18,10,709
2021,7,26,18,20,709
2021,7,26,18,30,687
2021,7,26,18,40,662
2021,7,26,18,50,600
2021,7,26,19,0,441
2021,7,26,19,10,428
2021,7,26,19,20,286
2021,7,26,19,30,409
2021,7,26,19,40,200
2021,7,26,19,50,398
2021,7,26,20,0,185
2021,7,26,20,10,209
2021,7,26,20,20,343
2021,7,26,20,30,210
2021,7,26,20,40,267
2021,7,26,20,50,228
2021,7,26,21,0,190
2021,7,26,21,10,151
2021,7,26,21,20,114
2021,7,26,21,30,79
2021,7,26,21,40,47
2021,7,26,21,50,20
2021,7,26,22,0,0
2021,7,26,22,10,0
2021,7,26,22,20,0
2021,7,26,22,30,0
2021,7,26,22,40,0
2021,7,26,22,50,0
2021,7,26,23,0,0
2021,7,26,23,10,0
2021,7,26,23,20,0
2021,7,26,23,30,0
2021,7,26,23,40,0
2021,7,26,23,50,0
2021,7,27,0,0,0
2021,7,27,0,10,0
2021,7,27,0,20,0
2021,7,27,0,30,0
2021,7,27,0,40,0
2021,7,27,0,50,0
2021,7,27,1,0,0
2021,7,27,1,10,0
2021,7,27,1,20,0
2021,7,27,1,30,0
2021,7,27,1,40,0
2021,7,27,1,50,0
2021,7,27,2,0,0
2021,7,27,2,10,0
2021,7,27,2,20,0
2021,7,27,2,30,0
2021,7,27,2,40,0
2021,7,27,2,50,0
2021,7,27,3,0,0
2021,7,27,3,10,0
2021,7,27,3,20,0
2021,7,27,3,30,0
2021,7,27,3,40,0
2021,7,27,3,50,0
2021,7,27,4,0,0
2021,7,27,4,10,0
2021,7,27,4,20,0
2021,7,27,4,30,0
2021,7,27,4,40,0
2021,7,27,4,50,0
2021,7,27,5,0,0
2021,7,27,5,10,0
2021,7,27,5,20,0
2021,7,27,5,30,0
2021,7,27,5,40,0
2021,7,27,5,50,0
2021,7,27,6,0,0
2021,7,27,6,10,0
2021,7,27,6,20,0
2021,7,27,6,30,0
2021,7,27,6,40,0
2021,7,27,6,50,0
2021,7,27,7,0,0
2021,7,27,7,10,0
2021,7,27,7,20,0
2021,7,27,7,30,0
2021,7,27,7,40,0
2021,7,27,7,50,0
2021,7,27,8,0,0
2021,7,27,8,10,0
2021,7,27,8,20,0
2021,7,27,8,30,0
2021,7,27,8,40,0
2021,7,27,8,50,0
2021,7,27,9,0,0
2021,7,27,9,10,0
2021,7,27,9,20,0
2021,7,27,9,30,0
2021,7,27,9,40,0
2021,7,27,9,50,0
2021,7,27,10,0,0
2021,7,27,10,10,0
2021,7,27,10,20,0
2021,7,27,10,30,0
2021,7,27,10,40,0
2021,7,27,10,50,0
2021,7,27,11,0,0
2021,7,27,11,10,28
2021,7,27,11,20,36
2021,7,27,11,30,92
2021,7,27,11,40,128
2021,7,27,11,50,167
2021,7,27,12,0,205
2021,7,27,12,10,244
2021,7,27,12,20,283
2021,7,27,12,30,322
2021,7,27,12,40,360
2021,7,27,12,50,397
2021,7,27,13,0,433
2021,7,27,13,10,469
2021,7,27,13,20,503
2021,7,27,13,30,536
2021,7,27,13,40,567
2021,7,27,13,50,598
2021,7,27,14,0,627
2021,7,27,14,10,654
2021,7,27,14,20,680
2021,7,27,14,30,704
2021,7,27,14,40,726
2021,7,27,14,50,747
2021,7,27,15,0,765
2021,7,27,15,10,782
2021,7,27,15,20,797
2021,7,27,15,30,810
2021,7,27,15,40,822
2021,7,27,15,50,831
2021,7,27,16,0,838
2021,7,27,16,10,843
2021,7,27,16,20,846
2021,7,27,16,30,847
2021,7,27,16,40,846
2021,7,27,16,50,843
2021,7,27,17,0,838
2021,7,27,17,10,830
2021,7,27,17,20,821
2021,7,27,17,30,809
2021,7,27,17,40,796
2021,7,27,17,50,781
2021,7,27,18,0,763
2021,7,27,18,10,744
2021,7,27,18,20,723
2021,7,27,18,30,701
2021,7,27,18,40,676
2021,7,27,18,50,650
2021,7,27,19,0,622
2021,7,27,19,10,593
2021,7,27,19,20,562
2021,7,27,19,30,530
2021,7,27,19,40,497
2021,7,27,19,50,462
2021,7,27,20,0,427
2021,7,27,20,10,390
2021,7,27,20,20,353
2021,7,27,20,30,314
2021,7,27,20,40,275
2021,7,27,20,50,236
2021,7,27,21,0,197
2021,7,27,21,10,159
2021,7,27,21,20,121
2021,7,27,21,30,84
2021,7,27,21,40,51
2021,7,27,21,50,23
2021,7,27,22,0,0
2021,7,27,22,10,0
2021,7,27,22,20,0
2021,7,27,22,30,0
2021,7,27,22,40,0
2021,7,27,22,50,0
2021,7,27,23,0,0
2021,7,27,23,10,0
2021,7,27,23,20,0
2021,7,27,23,30,0
2021,7,27,23,40,0
2021,7,27,23,50,0
2021,7,28,0,0,0
2021,7,28,0,10,0
2021,7,28,0,20,0
2021,7,28,0,30,0
2021,7,28,0,40,0
2021,7,28,0,50,0
2021,7,28,1,0,0
2021,7,28,1,10,0
2021,7,28,1,20,0
2021,7,28,1,30,0
2021,7,28,1,40,0
2021,7,28,1,50,0
2021,7,28,2,0,0
2021,7,28,2,10,0
2021,7,28,2,20,0
2021,7,28,2,30,0
2021,7,28,2,40,0
2021,7,28,2,50,0
2021,7,28,3,0,0
2021,7,28,3,10,0
2021,7,28,3,20,0
2021,7,28,3,30,0
2021,7,28,3,40,0
2021,7,28,3,50,0
2021,7,28,4,0,0
2021,7,28,4,10,0
2021,7,28,4,20,0
2021,7,28,4,30,0
2021,7,28,4,40,0
2021,7,28,4,50,0
2021,7,28,5,0,0
2021,7,28,5,10,0
2021,7,28,5,20,0
2021,7,28,5,30,0
2021,7,28,5,40,0
2021,7,28,5,50,0
2021,7,28,6,0,0
2021,7,28,6,10,0
2021,7,28,6,20,0
2021,7,28,6,30,0
2021,7,28,6,40,0
2021,7,28,6,50,0
2021,7,28,7,0,0
2021,7,28,7,10,0
2021,7,28,7,20,0
2021,7,28,7,30,0
2021,7,28,7,40,0
2021,7,28,7,50,0
2021,7,28,8,0,0
2021,7,28,8,10,0
2021,7,28,8,20,0
2021,7,28,8,30,0
2021,7,28,8,40,0
2021,7,28,8,50,0
2021,7,28,9,0,0
2021,7,28,9,10,0
2021,7,28,9,20,0
2021,7,28,9,30,0
2021,7,28,9,40,0
2021,7,28,9,50,0
2021,7,28,10,0,0
2021,7,28,10,10,0
2021,7,28,10,20,0
2021,7,28,10,30,0
2021,7,28,10,40,0
2021,7,28,10,50,0
2021,7,28,11,0,0
2021,7,28,11,10,30
2021,7,28,11,20,60
2021,7,28,11,30,95
2021,7,28,11,40,133
2021,7,28,11,50,172
2021,7,28,12,0,211
2021,7,28,12,10,251
2021,7,28,12,20,290
2021,7,28,12,30,330
2021,7,28,12,40,368
2021,7,28,12,50,406
2021,7,28,13,0,443
2021,7,28,13,10,478
2021,7,28,13,20,513
2021,7,28,13,30,547
2021,7,28,13,40,579
2021,7,28,13,50,610
2021,7,28,14,0,639
2021,7,28,14,10,666
2021,7,28,14,20,693
2021,7,28,14,30,717
2021,7,28,14,40,741
2021,7,28,14,50,761
2021,7,28,15,0,780
2021,7,28,15,10,797
2021,7,28,15,20,812
2021,7,28,15,30,826
2021,7,28,15,40,826
2021,7,28,15,50,835
2021,7,28,16,0,842
2021,7,28,16,10,847
2021,7,28,16,20,850
2021,7,28,16,30,851
2021,7,28,16,40,849
2021,7,28,16,50,846
2021,7,28,17,0,841
2021,7,28,17,10,833
2021,7,28,17,20,824
2021,7,28,17,30,813
2021,7,28,17,40,800
2021,7,28,17,50,784
2021,7,28,18,0,767
2021,7,28,18,10,748
2021,7,28,18,20,727
2021,7,28,18,30,704
2021,7,28,18,40,680
2021,7,28,18,50,654
2021,7,28,19,0,626
2021,7,28,19,10,597
2021,7,28,19,20,566
2021,7,28,19,30,534
2021,7,28,19,40,500
2021,7,28,19,50,466
2021,7,28,20,0,430
2021,7,28,20,10,393
2021,7,28,20,20,356
2021,7,28,20,30,317
2021,7,28,20,40,278
2021,7,28,20,50,239
2021,7,28,21,0,200
2021,7,28,21,10,161
2021,7,28,21,20,123
2021,7,28,21,30,86
2021,7,28,21,40,52
2021,7,28,21,50,24
2021,7,28,22,0,0
2021,7,28,22,10,0
2021,7,28,22,20,0
2021,7,28,22,30,0
2021,7,28,22,40,0
2021,7,28,22,50,0
2021,7,28,23,0,0
2021,7,28,23,10,0
2021,7,28,23,20,0
2021,7,28,23,30,0
2021,7,28,23,40,0
2021,7,28,23,50,0
2021,7,29,0,0,0
2021,7,29,0,10,0
2021,7,29,0,20,0
2021,7,29,0,30,0
2021,7,29,0,40,0
2021,7,29,0,50,0
2021,7,29,1,0,0
2021,7,29,1,10,0
2021,7,29,1,20,0
2021,7,29,1,30,0
2021,7,29,1,40,0
2021,7,29,1,50,0
2021,7,29,2,0,0
2021,7,29,2,10,0
2021,7,29,2,20,0
2021,7,29,2,30,0
2021,7,29,2,40,0
2021,7,29,2,50,0
2021,7,29,3,0,0
2021,7,29,3,10,0
2021,7,29,3,20,0
2021,7,29,3,30,0
2021,7,29,3,40,0
2021,7,29,3,50,0
2021,7,29,4,0,0
2021,7,29,4,10,0
2021,7,29,4,20,0
2021,7,29,4,30,0
2021,7,29,4,40,0
2021,7,29,4,50,0
2021,7,29,5,0,0
2021,7,29,5,10,0
2021,7,29,5,20,0
2021,7,29,5,30,0
2021,7,29,5,40,0
2021,7,29,5,50,0
2021,7,29,6,0,0
2021,7,29,6,10,0
2021,7,29,6,20,0
2021,7,29,6,30,0
2021,7,29,6,40,0
2021,7,29,6,50,0
2021,7,29,7,0,0
2021,7,29,7,10,0
2021,7,29,7,20,0
2021,7,29,7,30,0
2021,7,29,7,40,0
2021,7,29,7,50,0
2021,7,29,8,0,0
2021,7,29,8,10,0
2021,7,29,8,20,0
2021,7,29,8,30,0
2021,7,29,8,40,0
2021,7,29,8,50,0
2021,7,29,9,0,0
2021,7,29,9,10,0
2021,7,29,9,20,0
2021,7,29,9,30,0
2021,7,29,9,40,0
2021,7,29,9,50,0
2021,7,29,10,0,0
2021,7,29,10,10,0
2021,7,29,10,20,0
2021,7,29,10,30,0
2021,7,29,10,40,0
2021,7,29,10,50,0
2021,7,29,11,0,0
2021,7,29,11,10,30
2021,7,29,11,20,60
2021,7,29,11,30,95
2021,7,29,11,40,132
2021,7,29,11,50,171
2021,7,29,12,0,210
2021,7,29,12,10,249
2021,7,29,12,20,289
2021,7,29,12,30,328
2021,7,29,12,40,366
2021,7,29,12,50,404
2021,7,29,13,0,435
2021,7,29,13,10,471
2021,7,29,13,20,505
2021,7,29,13,30,538
2021,7,29,13,40,570
2021,7,29,13,50,600
2021,7,29,14,0,629
2021,7,29,14,10,657
2021,7,29,14,20,682
2021,7,29,14,30,707
2021,7,29,14,40,729
2021,7,29,14,50,750
2021,7,29,15,0,768
2021,7,29,15,10,785
2021,7,29,15,20,800
2021,7,29,15,30,813
2021,7,29,15,40,824
2021,7,29,15,50,833
2021,7,29,16,0,840
2021,7,29,16,10,845
2021,7,29,16,20,848
2021,7,29,16,30,849
2021,7,29,16,40,847
2021,7,29,16,50,844
2021,7,29,17,0,839
2021,7,29,17,10,832
2021,7,29,17,20,822
2021,7,29,17,30,811
2021,7,29,17,40,797
2021,7,29,17,50,782
2021,7,29,18,0,765
2021,7,29,18,10,745
2021,7,29,18,20,724
2021,7,29,18,30,702
2021,7,29,18,40,677
2021,7,29,18,50,651
2021,7,29,19,0,623
2021,7,29,19,10,594
2021,7,29,19,20,563
2021,7,29,19,30,531
2021,7,29,19,40,498
2021,7,29,19,50,463
2021,7,29,20,0,428
2021,7,29,20,10,391
2021,7,29,20,20,353
2021,7,29,20,30,315
2021,7,29,20,40,276
2021,7,29,20,50,237
2021,7,29,21,0,198
2021,7,29,21,10,159
2021,7,29,21,20,121
2021,7,29,21,30,54
2021,7,29,21,40,52
2021,7,29,21,50,11
2021,7,29,22,0,0
2021,7,29,22,10,0
2021,7,29,22,20,0
2021,7,29,22,30,0
2021,7,29,22,40,0
2021,7,29,22,50,0
2021,7,29,23,0,0
2021,7,29,23,10,0
2021,7,29,23,20,0
2021,7,29,23,30,0
2021,7,29,23,40,0
2021,7,29,23,50,0
2021,7,30,0,0,0
2021,7,30,0,10,0
2021,7,30,0,20,0
2021,7,30,0,30,0
2021,7,30,0,40,0
2021,7,30,0,50,0
2021,7,30,1,0,0
2021,7,30,1,10,0
2021,7,30,1,20,0
2021,7,30,1,30,0
2021,7,30,1,40,0
2021,7,30,1,50,0
2021,7,30,2,0,0
2021,7,30,2,10,0
2021,7,30,2,20,0
2021,7,30,2,30,0
2021,7,30,2,40,0
2021,7,30,2,50,0
2021,7,30,3,0,0
2021,7,30,3,10,0
2021,7,30,3,20,0
2021,7,30,3,30,0
2021,7,30,3,40,0
2021,7,30,3,50,0
2021,7,30,4,0,0
2021,7,30,4,10,0
2021,7,30,4,20,0
2021,7,30,4,30,0
2021,7,30,4,40,0
2021,7,30,4,50,0
2021,7,30,5,0,0
2021,7,30,5,10,0
2021,7,30,5,20,0
2021,7,30,5,30,0
2021,7,30,5,40,0
2021,7,30,5,50,0
2021,7,30,6,0,0
2021,7,30,6,10,0
2021,7,30,6,20,0
2021,7,30,6,30,0
2021,7,30,6,40,0
2021,7,30,6,50,0
2021,7,30,7,0,0
2021,7,30,7,10,0
2021,7,30,7,20,0
2021,7,30,7,30,0
2021,7,30,7,40,0
2021,7,30,7,50,0
2021,7,30,8,0,0
2021,7,30,8,10,0
2021,7,30,8,20,0
2021,7,30,8,30,0
2021,7,30,8,40,0
2021,7,30,8,50,0
2021,7,30,9,0,0
2021,7,30,9,10,0
2021,7,30,9,20,0
2021,7,30,9,30,0
2021,7,30,9,40,0
2021,7,30,9,50,0
2021,7,30,10,0,0
2021,7,30,10,10,0
2021,7,30,10,20,0
2021,7,30,10,30,0
2021,7,30,10,40,0
2021,7,30,10,50,0
2021,7,30,11,0,0
2021,7,30,11,10,17
2021,7,30,11,20,62
2021,7,30,11,30,97
2021,7,30,11,40,55
2021,7,30,11,50,85
2021,7,30,12,0,108
2021,7,30,12,10,139
2021,7,30,12,20,173
2021,7,30,12,30,331
2021,7,30,12,40,369
2021,7,30,12,50,407
2021,7,30,13,0,443
2021,7,30,13,10,479
2021,7,30,13,20,513
2021,7,30,13,30,547
2021,7,30,13,40,579
2021,7,30,13,50,610
2021,7,30,14,0,639
2021,7,30,14,10,666
2021,7,30,14,20,692
2021,7,30,14,30,717
2021,7,30,14,40,739
2021,7,30,14,50,760
2021,7,30,15,0,771
2021,7,30,15,10,660
2021,7,30,15,20,803
2021,7,30,15,30,816
2021,7,30,15,40,827
2021,7,30,15,50,836
2021,7,30,16,0,843
2021,7,30,16,10,848
2021,7,30,16,20,851
2021,7,30,16,30,696
2021,7,30,16,40,666
2021,7,30,16,50,684
2021,7,30,17,0,842
2021,7,30,17,10,810
2021,7,30,17,20,631
2021,7,30,17,30,646
2021,7,30,17,40,586
2021,7,30,17,50,633
2021,7,30,18,0,687
2021,7,30,18,10,534
2021,7,30,18,20,594
2021,7,30,18,30,433
2021,7,30,18,40,336
2021,7,30,18,50,355
2021,7,30,19,0,355
2021,7,30,19,10,436
2021,7,30,19,20,395
2021,7,30,19,30,349
2021,7,30,19,40,381
2021,7,30,19,50,305
2021,7,30,20,0,285
2021,7,30,20,10,321
2021,7,30,20,20,275
2021,7,30,20,30,140
2021,7,30,20,40,177
2021,7,30,20,50,232
2021,7,30,21,0,145
2021,7,30,21,10,67
2021,7,30,21,20,91
2021,7,30,21,30,57
2021,7,30,21,40,34
2021,7,30,21,50,14
2021,7,30,22,0,0
2021,7,30,22,10,0
2021,7,30,22,20,0
2021,7,30,22,30,0
2021,7,30,22,40,0
2021,7,30,22,50,0
2021,7,30,23,0,0
2021,7,30,23,10,0
2021,7,30,23,20,0
2021,7,30,23,30,0
2021,7,30,23,40,0
2021,7,30,23,50,0
2021,7,31,0,0,0
2021,7,31,0,10,0
2021,7,31,0,20,0
2021,7,31,0,30,0
2021,7,31,0,40,0
2021,7,31,0,50,0
2021,7,31,1,0,0
2021,7,31,1,10,0
2021,7,31,1,20,0
2021,7,31,1,30,0
2021,7,31,1,40,0
2021,7,31,1,50,0
2021,7,31,2,0,0
2021,7,31,2,10,0
2021,7,31,2,20,0
2021,7,31,2,30,0
2021,7,31,2,40,0
2021,7,31,2,50,0
2021,7,31,3,0,0
2021,7,31,3,10,0
2021,7,31,3,20,0
2021,7,31,3,30,0
2021,7,31,3,40,0
2021,7,31,3,50,0
2021,7,31,4,0,0
2021,7,31,4,10,0
2021,7,31,4,20,0
2021,7,31,4,30,0
2021,7,31,4,40,0
2021,7,31,4,50,0
2021,7,31,5,0,0
2021,7,31,5,10,0
2021,7,31,5,20,0
2021,7,31,5,30,0
2021,7,31,5,40,0
2021,7,31,5,50,0
2021,7,31,6,0,0
2021,7,31,6,10,0
2021,7,31,6,20,0
2021,7,31,6,30,0
2021,7,31,6,40,0
2021,7,31,6,50,0
2021,7,31,7,0,0
2021,7,31,7,10,0
2021,7,31,7,20,0
2021,7,31,7,30,0
2021,7,31,7,40,0
2021,7,31,7,50,0
2021,7,31,8,0,0
2021,7,31,8,10,0
2021,7,31,8,20,0
2021,7,31,8,30,0
2021,7,31,8,40,0
2021,7,31,8,50,0
2021,7,31,9,0,0
2021,7,31,9,10,0
2021,7,31,9,20,0
2021,7,31,9,30,0
2021,7,31,9,40,0
2021,7,31,9,50,0
2021,7,31,10,0,0
2021,7,31,10,10,0
2021,7,31,10,20,0
2021,7,31,10,30,0
2021,7,31,10,40,0
2021,7,31,10,50,0
2021,7,31,11,0,0
2021,7,31,11,10,20
2021,7,31,11,20,63
2021,7,31,11,30,97
2021,7,31,11,40,56
2021,7,31,11,50,173
2021,7,31,12,0,108
2021,7,31,12,10,251
2021,7,31,12,20,290
2021,7,31,12,30,329
2021,7,31,12,40,367
2021,7,31,12,50,404
2021,7,31,13,0,441
2021,7,31,13,10,476
2021,7,31,13,20,511
2021,7,31,13,30,544
2021,7,31,13,40,576
2021,7,31,13,50,606
2021,7,31,14,0,635
2021,7,31,14,10,662
2021,7,31,14,20,688
2021,7,31,14,30,555
2021,7,31,14,40,734
2021,7,31,14,50,755
2021,7,31,15,0,774
2021,7,31,15,10,790
2021,7,31,15,20,805
2021,7,31,15,30,818
2021,7,31,15,40,830
2021,7,31,15,50,839
2021,7,31,16,0,821
2021,7,31,16,10,851
2021,7,31,16,20,854
2021,7,31,16,30,854
2021,7,31,16,40,854
2021,7,31,16,50,850
2021,7,31,17,0,845
2021,7,31,17,10,837
2021,7,31,17,20,828
2021,7,31,17,30,817
2021,7,31,17,40,803
2021,7,31,17,50,795
2021,7,31,18,0,778
2021,7,31,18,10,759
2021,7,31,18,20,717
2021,7,31,18,30,708
2021,7,31,18,40,683
2021,7,31,18,50,657
2021,7,31,19,0,629
2021,7,31,19,10,600
2021,7,31,19,20,569
2021,7,31,19,30,537
2021,7,31,19,40,347
2021,7,31,19,50,469
2021,7,31,20,0,433
2021,7,31,20,10,396
2021,7,31,20,20,359
2021,7,31,20,30,320
2021,7,31,20,40,281
2021,7,31,20,50,239
2021,7,31,21,0,200
2021,7,31,21,10,162
2021,7,31,21,20,124
2021,7,31,21,30,87
2021,7,31,21,40,53
2021,7,31,21,50,25
2021,7,31,22,0,0
2021,7,31,22,10,0
2021,7,31,22,20,0
2021,7,31,22,30,0
2021,7,31,22,40,0
2021,7,31,22,50,0
2021,7,31,23,0,0
2021,7,31,23,10,0
2021,7,31,23,20,0
2021,7,31,23,30,0
2021,7,31,23,40,0
2021,7,31,23,50,0
2021,8,1,0,0,0
2021,8,1,0,10,0
2021,8,1,0,20,0
2021,8,1,0,30,0
2021,8,1,0,40,0
2021,8,1,0,50,0
2021,8,1,1,0,0
2021,8,1,1,10,0
2021,8,1,1,20,0
2021,8,1,1,30,0
2021,8,1,1,40,0
2021,8,1,1,50,0
2021,8,1,2,0,0
2021,8,1,2,10,0
2021,8,1,2,20,0
2021,8,1,2,30,0
2021,8,1,2,40,0
2021,8,1,2,50,0
2021,8,1,3,0,0
2021,8,1,3,10,0
2021,8,1,3,20,0
2021,8,1,3,30,0
2021,8,1,3,40,0
2021,8,1,3,50,0
2021,8,1,4,0,0
2021,8,1,4,10,0
2021,8,1,4,20,0
2021,8,1,4,30,0
2021,8,1,4,40,0
2021,8,1,4,50,0
2021,8,1,5,0,0
2021,8,1,5,10,0
2021,8,1,5,20,0
2021,8,1,5,30,0
2021,8,1,5,40,0
2021,8,1,5,50,0
2021,8,1,6,0,0
2021,8,1,6,10,0
2021,8,1,6,20,0
2021,8,1,6,30,0
2021,8,1,6,40,0
2021,8,1,6,50,0
2021,8,1,7,0,0
2021,8,1,7,10,0
2021,8,1,7,20,0
2021,8,1,7,30,0
2021,8,1,7,40,0
2021,8,1,7,50,0
2021,8,1,8,0,0
2021,8,1,8,10,0
2021,8,1,8,20,0
2021,8,1,8,30,0
2021,8,1,8,40,0
2021,8,1,8,50,0
2021,8,1,9,0,0
2021,8,1,9,10,0
2021,8,1,9,20,0
2021,8,1,9,30,0
2021,8,1,9,40,0
2021,8,1,9,50,0
2021,8,1,10,0,0
2021,8,1,10,10,0
2021,8,1,10,20,0
2021,8,1,10,30,0
2021,8,1,10,40,0
2021,8,1,10,50,0
2021,8,1,11,0,0
2021,8,1,11,10,31
2021,8,1,11,20,60
2021,8,1,11,30,94
2021,8,1,11,40,59
2021,8,1,11,50,101
2021,8,1,12,0,130
2021,8,1,12,10,246
2021,8,1,12,20,285
2021,8,1,12,30,323
2021,8,1,12,40,362
2021,8,1,12,50,399
2021,8,1,13,0,435
2021,8,1,13,10,471
2021,8,1,13,20,505
2021,8,1,13,30,538
2021,8,1,13,40,571
2021,8,1,13,50,601
2021,8,1,14,0,630
2021,8,1,14,10,658
2021,8,1,14,20,684
2021,8,1,14,30,703
2021,8,1,14,40,728
2021,8,1,14,50,748
2021,8,1,15,0,767
2021,8,1,15,10,783
2021,8,1,15,20,798
2021,8,1,15,30,811
2021,8,1,15,40,822
2021,8,1,15,50,831
2021,8,1,16,0,838
2021,8,1,16,10,843
2021,8,1,16,20,846
2021,8,1,16,30,847
2021,8,1,16,40,845
2021,8,1,16,50,842
2021,8,1,17,0,690
2021,8,1,17,10,681
2021,8,1,17,20,815
2021,8,1,17,30,804
2021,8,1,17,40,790
2021,8,1,17,50,775
2021,8,1,18,0,758
2021,8,1,18,10,739
2021,8,1,18,20,578
2021,8,1,18,30,692
2021,8,1,18,40,666
2021,8,1,18,50,640
2021,8,1,19,0,613
2021,8,1,19,10,584
2021,8,1,19,20,554
2021,8,1,19,30,522
2021,8,1,19,40,488
2021,8,1,19,50,454
2021,8,1,20,0,418
2021,8,1,20,10,264
2021,8,1,20,20,343
2021,8,1,20,30,213
2021,8,1,20,40,268
2021,8,1,20,50,157
2021,8,1,21,0,103
2021,8,1,21,10,154
2021,8,1,21,20,78
2021,8,1,21,30,83
2021,8,1,21,40,51
2021,8,1,21,50,17
2021,8,1,22,0,0
2021,8,1,22,10,0
2021,8,1,22,20,0
2021,8,1,22,30,0
2021,8,1,22,40,0
2021,8,1,22,50,0
2021,8,1,23,0,0
2021,8,1,23,10,0
2021,8,1,23,20,0
2021,8,1,23,30,0
2021,8,1,23,40,0
2021,8,1,23,50,0
2021,8,2,0,0,0
2021,8,2,0,10,0
2021,8,2,0,20,0
2021,8,2,0,30,0
2021,8,2,0,40,0
2021,8,2,0,50,0
2021,8,2,1,0,0
2021,8,2,1,10,0
2021,8,2,1,20,0
2021,8,2,1,30,0
2021,8,2,1,40,0
2021,8,2,1,50,0
2021,8,2,2,0,0
2021,8,2,2,10,0
2021,8,2,2,20,0
2021,8,2,2,30,0
2021,8,2,2,40,0
2021,8,2,2,50,0
2021,8,2,3,0,0
2021,8,2,3,10,0
2021,8,2,3,20,0
2021,8,2,3,30,0
2021,8,2,3,40,0
2021,8,2,3,50,0
2021,8,2,4,0,0
2021,8,2,4,10,0
2021,8,2,4,20,0
2021,8,2,4,30,0
2021,8,2,4,40,0
2021,8,2,4,50,0
2021,8,2,5,0,0
2021,8,2,5,10,0
2021,8,2,5,20,0
2021,8,2,5,30,0
2021,8,2,5,40,0
2021,8,2,5,50,0
2021,8,2,6,0,0
2021,8,2,6,10,0
2021,8,2,6,20,0
2021,8,2,6,30,0
2021,8,2,6,40,0
2021,8,2,6,50,0
2021,8,2,7,0,0
2021,8,2,7,10,0
2021,8,2,7,20,0
2021,8,2,7,30,0
2021,8,2,7,40,0
2021,8,2,7,50,0
2021,8,2,8,0,0
2021,8,2,8,10,0
2021,8,2,8,20,0
2021,8,2,8,30,0
2021,8,2,8,40,0
2021,8,2,8,50,0
2021,8,2,9,0,0
2021,8,2,9,10,0
2021,8,2,9,20,0
2021,8,2,9,30,0
2021,8,2,9,40,0
2021,8,2,9,50,0
2021,8,2,10,0,0
2021,8,2,10,10,0
2021,8,2,10,20,0
2021,8,2,10,30,0
2021,8,2,10,40,0
2021,8,2,10,50,0
2021,8,2,11,0,0
2021,8,2,11,10,32
2021,8,2,11,20,61
2021,8,2,11,30,95
2021,8,2,11,40,132
2021,8,2,11,50,170
2021,8,2,12,0,208
2021,8,2,12,10,247
2021,8,2,12,20,286
2021,8,2,12,30,324
2021,8,2,12,40,362
2021,8,2,12,50,400
2021,8,2,13,0,436
2021,8,2,13,10,471
2021,8,2,13,20,505
2021,8,2,13,30,538
2021,8,2,13,40,571
2021,8,2,13,50,601
2021,8,2,14,0,630
2021,8,2,14,10,657
2021,8,2,14,20,683
2021,8,2,14,30,707
2021,8,2,14,40,730
2021,8,2,14,50,750
2021,8,2,15,0,769
2021,8,2,15,10,786
2021,8,2,15,20,801
2021,8,2,15,30,814
2021,8,2,15,40,824
2021,8,2,15,50,833
2021,8,2,16,0,839
2021,8,2,16,10,844
2021,8,2,16,20,847
2021,8,2,16,30,848
2021,8,2,16,40,845
2021,8,2,16,50,842
2021,8,2,17,0,837
2021,8,2,17,10,829
2021,8,2,17,20,820
2021,8,2,17,30,809
2021,8,2,17,40,795
2021,8,2,17,50,780
2021,8,2,18,0,762
2021,8,2,18,10,743
2021,8,2,18,20,722
2021,8,2,18,30,699
2021,8,2,18,40,676
2021,8,2,18,50,586
2021,8,2,19,0,477
2021,8,2,19,10,496
2021,8,2,19,20,461
2021,8,2,19,30,425
2021,8,2,19,40,399
2021,8,2,19,50,462
2021,8,2,20,0,426
2021,8,2,20,10,390
2021,8,2,20,20,310
2021,8,2,20,30,231
2021,8,2,20,40,237
2021,8,2,20,50,179
2021,8,2,21,0,156
2021,8,2,21,10,120
2021,8,2,21,20,93
2021,8,2,21,30,62
2021,8,2,21,40,34
2021,8,2,21,50,17
2021,8,2,22,0,0
2021,8,2,22,10,0
2021,8,2,22,20,0
2021,8,2,22,30,0
2021,8,2,22,40,0
2021,8,2,22,50,0
2021,8,2,23,0,0
2021,8,2,23,10,0
2021,8,2,23,20,0
2021,8,2,23,30,0
2021,8,2,23,40,0
2021,8,2,23,50,0
2021,8,3,0,0,0
2021,8,3,0,10,0
2021,8,3,0,20,0
2021,8,3,0,30,0
2021,8,3,0,40,0
2021,8,3,0,50,0
2021,8,3,1,0,0
2021,8,3,1,10,0
2021,8,3,1,20,0
2021,8,3,1,30,0
2021,8,3,1,40,0
2021,8,3,1,50,0
2021,8,3,2,0,0
2021,8,3,2,10,0
2021,8,3,2,20,0
2021,8,3,2,30,0
2021,8,3,2,40,0
2021,8,3,2,50,0
2021,8,3,3,0,0
2021,8,3,3,10,0
2021,8,3,3,20,0
2021,8,3,3,30,0
2021,8,3,3,40,0
2021,8,3,3,50,0
2021,8,3,4,0,0
2021,8,3,4,10,0
2021,8,3,4,20,0
2021,8,3,4,30,0
2021,8,3,4,40,0
2021,8,3,4,50,0
2021,8,3,5,0,0
2021,8,3,5,10,0
2021,8,3,5,20,0
2021,8,3,5,30,0
2021,8,3,5,40,0
2021,8,3,5,50,0
2021,8,3,6,0,0
2021,8,3,6,10,0
2021,8,3,6,20,0
2021,8,3,6,30,0
2021,8,3,6,40,0
2021,8,3,6,50,0
2021,8,3,7,0,0
2021,8,3,7,10,0
2021,8,3,7,20,0
2021,8,3,7,30,0
2021,8,3,7,40,0
2021,8,3,7,50,0
2021,8,3,8,0,0
2021,8,3,8,10,0
2021,8,3,8,20,0
2021,8,3,8,30,0
2021,8,3,8,40,0
2021,8,3,8,50,0
2021,8,3,9,0,0
2021,8,3,9,10,0
2021,8,3,9,20,0
2021,8,3,9,30,0
2021,8,3,9,40,0
2021,8,3,9,50,0
2021,8,3,10,0,0
2021,8,3,10,10,0
2021,8,3,10,20,0
2021,8,3,10,30,0
2021,8,3,10,40,0
2021,8,3,10,50,0
2021,8,3,11,0,0
2021,8,3,11,10,32
2021,8,3,11,20,61
2021,8,3,11,30,94
2021,8,3,11,40,130
2021,8,3,11,50,167
2021,8,3,12,0,149
2021,8,3,12,10,190
2021,8,3,12,20,215
2021,8,3,12,30,194
2021,8,3,12,40,266
2021,8,3,12,50,319
2021,8,3,13,0,354
2021,8,3,13,10,404
2021,8,3,13,20,426
2021,8,3,13,30,424
2021,8,3,13,40,500
2021,8,3,13,50,600
2021,8,3,14,0,629
2021,8,3,14,10,652
2021,8,3,14,20,678
2021,8,3,14,30,702
2021,8,3,14,40,726
2021,8,3,14,50,746
2021,8,3,15,0,765
2021,8,3,15,10,782
2021,8,3,15,20,797
2021,8,3,15,30,810
2021,8,3,15,40,821
2021,8,3,15,50,830
2021,8,3,16,0,837
2021,8,3,16,10,842
2021,8,3,16,20,845
2021,8,3,16,30,846
2021,8,3,16,40,845
2021,8,3,16,50,841
2021,8,3,17,0,836
2021,8,3,17,10,824
2021,8,3,17,20,815
2021,8,3,17,30,803
2021,8,3,17,40,791
2021,8,3,17,50,776
2021,8,3,18,0,759
2021,8,3,18,10,740
2021,8,3,18,20,528
2021,8,3,18,30,477
2021,8,3,18,40,508
2021,8,3,18,50,464
2021,8,3,19,0,466
2021,8,3,19,10,386
2021,8,3,19,20,301
2021,8,3,19,30,268
2021,8,3,19,40,131
2021,8,3,19,50,132
2021,8,3,20,0,143
2021,8,3,20,10,99
2021,8,3,20,20,102
2021,8,3,20,30,84
2021,8,3,20,40,53
2021,8,3,20,50,39
2021,8,3,21,0,43
2021,8,3,21,10,11
2021,8,3,21,20,34
2021,8,3,21,30,23
2021,8,3,21,40,16
2021,8,3,21,50,9
2021,8,3,22,0,0
2021,8,3,22,10,0
2021,8,3,22,20,0
2021,8,3,22,30,0
2021,8,3,22,40,0
2021,8,3,22,50,0
2021,8,3,23,0,0
2021,8,3,23,10,0
2021,8,3,23,20,0
2021,8,3,23,30,0
2021,8,3,23,40,0
2021,8,3,23,50,0
2021,8,4,0,0,0
2021,8,4,0,10,0
2021,8,4,0,20,0
2021,8,4,0,30,0
2021,8,4,0,40,0
2021,8,4,0,50,0
2021,8,4,1,0,0
2021,8,4,1,10,0
2021,8,4,1,20,0
2021,8,4,1,30,0
2021,8,4,1,40,0
2021,8,4,1,50,0
2021,8,4,2,0,0
2021,8,4,2,10,0
2021,8,4,2,20,0
2021,8,4,2,30,0
2021,8,4,2,40,0
2021,8,4,2,50,0
2021,8,4,3,0,0
2021,8,4,3,10,0
2021,8,4,3,20,0
2021,8,4,3,30,0
2021,8,4,3,40,0
2021,8,4,3,50,0
2021,8,4,4,0,0
2021,8,4,4,10,0
2021,8,4,4,20,0
2021,8,4,4,30,0
2021,8,4,4,40,0
2021,8,4,4,50,0
2021,8,4,5,0,0
2021,8,4,5,10,0
2021,8,4,5,20,0
2021,8,4,5,30,0
2021,8,4,5,40,0
2021,8,4,5,50,0
2021,8,4,6,0,0
2021,8,4,6,10,0
2021,8,4,6,20,0
2021,8,4,6,30,0
2021,8,4,6,40,0
2021,8,4,6,50,0
2021,8,4,7,0,0
2021,8,4,7,10,0
2021,8,4,7,20,0
2021,8,4,7,30,0
2021,8,4,7,40,0
2021,8,4,7,50,0
2021,8,4,8,0,0
2021,8,4,8,10,0
2021,8,4,8,20,0
2021,8,4,8,30,0
2021,8,4,8,40,0
2021,8,4,8,50,0
2021,8,4,9,0,0
2021,8,4,9,10,0
2021,8,4,9,20,0
2021,8,4,9,30,0
2021,8,4,9,40,0
2021,8,4,9,50,0
2021,8,4,10,0,0
2021,8,4,10,10,0
2021,8,4,10,20,0
2021,8,4,10,30,0
2021,8,4,10,40,0
2021,8,4,10,50,0
2021,8,4,11,0,0
2021,8,4,11,10,21
2021,8,4,11,20,41
2021,8,4,11,30,46
2021,8,4,11,40,90
2021,8,4,11,50,135
2021,8,4,12,0,53
2021,8,4,12,10,205
2021,8,4,12,20,132
2021,8,4,12,30,224
2021,8,4,12,40,257
2021,8,4,12,50,282
2021,8,4,13,0,270
2021,8,4,13,10,133
2021,8,4,13,20,228
2021,8,4,13,30,377
2021,8,4,13,40,345
2021,8,4,13,50,488
2021,8,4,14,0,620
2021,8,4,14,10,491
2021,8,4,14,20,454
2021,8,4,14,30,598
2021,8,4,14,40,605
2021,8,4,14,50,565
2021,8,4,15,0,606
2021,8,4,15,10,666
2021,8,4,15,20,632
2021,8,4,15,30,804
2021,8,4,15,40,687
2021,8,4,15,50,823
2021,8,4,16,0,830
2021,8,4,16,10,691
2021,8,4,16,20,671
2021,8,4,16,30,842
2021,8,4,16,40,841
2021,8,4,16,50,644
2021,8,4,17,0,658
2021,8,4,17,10,825
2021,8,4,17,20,643
2021,8,4,17,30,804
2021,8,4,17,40,790
2021,8,4,17,50,774
2021,8,4,18,0,757
2021,8,4,18,10,738
2021,8,4,18,20,717
2021,8,4,18,30,694
2021,8,4,18,40,671
2021,8,4,18,50,645
2021,8,4,19,0,481
2021,8,4,19,10,16
2021,8,4,19,20,14
2021,8,4,19,30,347
2021,8,4,19,40,136
2021,8,4,19,50,176
2021,8,4,20,0,181
2021,8,4,20,10,12
2021,8,4,20,20,245
2021,8,4,20,30,241
2021,8,4,20,40,111
2021,8,4,20,50,169
2021,8,4,21,0,151
2021,8,4,21,10,70
2021,8,4,21,20,112
2021,8,4,21,30,87
2021,8,4,21,40,54
2021,8,4,21,50,27
2021,8,4,22,0,0
2021,8,4,22,10,0
2021,8,4,22,20,0
2021,8,4,22,30,0
2021,8,4,22,40,0
2021,8,4,22,50,0
2021,8,4,23,0,0
2021,8,4,23,10,0
2021,8,4,23,20,0
2021,8,4,23,30,0
2021,8,4,23,40,0
2021,8,4,23,50,0
2021,8,5,0,0,0
2021,8,5,0,10,0
2021,8,5,0,20,0
2021,8,5,0,30,0
2021,8,5,0,40,0
2021,8,5,0,50,0
2021,8,5,1,0,0
2021,8,5,1,10,0
2021,8,5,1,20,0
2021,8,5,1,30,0
2021,8,5,1,40,0
2021,8,5,1,50,0
2021,8,5,2,0,0
2021,8,5,2,10,0
2021,8,5,2,20,0
2021,8,5,2,30,0
2021,8,5,2,40,0
2021,8,5,2,50,0
2021,8,5,3,0,0
2021,8,5,3,10,0
2021,8,5,3,20,0
2021,8,5,3,30,0
2021,8,5,3,40,0
2021,8,5,3,50,0
2021,8,5,4,0,0
2021,8,5,4,10,0
2021,8,5,4,20,0
2021,8,5,4,30,0
2021,8,5,4,40,0
2021,8,5,4,50,0
2021,8,5,5,0,0
2021,8,5,5,10,0
2021,8,5,5,20,0
2021,8,5,5,30,0
2021,8,5,5,40,0
2021,8,5,5,50,0
2021,8,5,6,0,0
2021,8,5,6,10,0
2021,8,5,6,20,0
2021,8,5,6,30,0
2021,8,5,6,40,0
2021,8,5,6,50,0
2021,8,5,7,0,0
2021,8,5,7,10,0
2021,8,5,7,20,0
2021,8,5,7,30,0
2021,8,5,7,40,0
2021,8,5,7,50,0
2021,8,5,8,0,0
2021,8,5,8,10,0
2021,8,5,8,20,0
2021,8,5,8,30,0
2021,8,5,8,40,0
2021,8,5,8,50,0
2021,8,5,9,0,0
2021,8,5,9,10,0
2021,8,5,9,20,0
2021,8,5,9,30,0
2021,8,5,9,40,0
2021,8,5,9,50,0
2021,8,5,10,0,0
2021,8,5,10,10,0
2021,8,5,10,20,0
2021,8,5,10,30,0
2021,8,5,10,40,0
2021,8,5,10,50,0
2021,8,5,11,0,5
2021,8,5,11,10,41
2021,8,5,11,20,76
2021,8,5,11,30,113
2021,8,5,11,40,152
2021,8,5,11,50,192
2021,8,5,12,0,233
2021,8,5,12,10,273
2021,8,5,12,20,197
2021,8,5,12,30,354
2021,8,5,12,40,393
2021,8,5,12,50,432
2021,8,5,13,0,469
2021,8,5,13,10,506
2021,8,5,13,20,541
2021,8,5,13,30,575
2021,8,5,13,40,607
2021,8,5,13,50,638
2021,8,5,14,0,668
2021,8,5,14,10,696
2021,8,5,14,20,723
2021,8,5,14,30,747
2021,8,5,14,40,770
2021,8,5,14,50,791
2021,8,5,15,0,810
2021,8,5,15,10,828
2021,8,5,15,20,843
2021,8,5,15,30,856
2021,8,5,15,40,868
2021,8,5,15,50,877
2021,8,5,16,0,884
2021,8,5,16,10,889
2021,8,5,16,20,892
2021,8,5,16,30,893
2021,8,5,16,40,891
2021,8,5,16,50,888
2021,8,5,17,0,882
2021,8,5,17,10,874
2021,8,5,17,20,865
2021,8,5,17,30,853
2021,8,5,17,40,838
2021,8,5,17,50,822
2021,8,5,18,0,805
2021,8,5,18,10,785
2021,8,5,18,20,763
2021,8,5,18,30,740
2021,8,5,18,40,715
2021,8,5,18,50,688
2021,8,5,19,0,659
2021,8,5,19,10,629
2021,8,5,19,20,597
2021,8,5,19,30,564
2021,8,5,19,40,530
2021,8,5,19,50,494
2021,8,5,20,0,458
2021,8,5,20,10,420
2021,8,5,20,20,317
2021,8,5,20,30,265
2021,8,5,20,40,176
2021,8,5,20,50,221
2021,8,5,21,0,220
2021,8,5,21,10,180
2021,8,5,21,20,139
2021,8,5,21,30,101
2021,8,5,21,40,63
2021,8,5,21,50,32
2021,8,5,22,0,0
2021,8,5,22,10,0
2021,8,5,22,20,0
2021,8,5,22,30,0
2021,8,5,22,40,0
2021,8,5,22,50,0
2021,8,5,23,0,0
2021,8,5,23,10,0
2021,8,5,23,20,0
2021,8,5,23,30,0
2021,8,5,23,40,0
2021,8,5,23,50,0
2021,8,6,0,0,0
2021,8,6,0,10,0
2021,8,6,0,20,0
2021,8,6,0,30,0
2021,8,6,0,40,0
2021,8,6,0,50,0
2021,8,6,1,0,0
2021,8,6,1,10,0
2021,8,6,1,20,0
2021,8,6,1,30,0
2021,8,6,1,40,0
2021,8,6,1,50,0
2021,8,6,2,0,0
2021,8,6,2,10,0
2021,8,6,2,20,0
2021,8,6,2,30,0
2021,8,6,2,40,0
2021,8,6,2,50,0
2021,8,6,3,0,0
2021,8,6,3,10,0
2021,8,6,3,20,0
2021,8,6,3,30,0
2021,8,6,3,40,0
2021,8,6,3,50,0
2021,8,6,4,0,0
2021,8,6,4,10,0
2021,8,6,4,20,0
2021,8,6,4,30,0
2021,8,6,4,40,0
2021,8,6,4,50,0
2021,8,6,5,0,0
2021,8,6,5,10,0
2021,8,6,5,20,0
2021,8,6,5,30,0
2021,8,6,5,40,0
2021,8,6,5,50,0
2021,8,6,6,0,0
2021,8,6,6,10,0
2021,8,6,6,20,0
2021,8,6,6,30,0
2021,8,6,6,40,0
2021,8,6,6,50,0
2021,8,6,7,0,0
2021,8,6,7,10,0
2021,8,6,7,20,0
2021,8,6,7,30,0
2021,8,6,7,40,0
2021,8,6,7,50,0
2021,8,6,8,0,0
2021,8,6,8,10,0
2021,8,6,8,20,0
2021,8,6,8,30,0
2021,8,6,8,40,0
2021,8,6,8,50,0
2021,8,6,9,0,0
2021,8,6,9,10,0
2021,8,6,9,20,0
2021,8,6,9,30,0
2021,8,6,9,40,0
2021,8,6,9,50,0
2021,8,6,10,0,0
2021,8,6,10,10,0
2021,8,6,10,20,0
2021,8,6,10,30,0
2021,8,6,10,40,0
2021,8,6,10,50,0
2021,8,6,11,0,7
2021,8,6,11,10,46
2021,8,6,11,20,60
2021,8,6,11,30,119
2021,8,6,11,40,159
2021,8,6,11,50,200
2021,8,6,12,0,241
2021,8,6,12,10,283
2021,8,6,12,20,209
2021,8,6,12,30,365
2021,8,6,12,40,405
2021,8,6,12,50,444
2021,8,6,13,0,482
2021,8,6,13,10,519
2021,8,6,13,20,555
2021,8,6,13,30,590
2021,8,6,13,40,623
2021,8,6,13,50,655
2021,8,6,14,0,685
2021,8,6,14,10,714
2021,8,6,14,20,741
2021,8,6,14,30,766
2021,8,6,14,40,787
2021,8,6,14,50,809
2021,8,6,15,0,828
2021,8,6,15,10,846
2021,8,6,15,20,861
2021,8,6,15,30,874
2021,8,6,15,40,886
2021,8,6,15,50,896
2021,8,6,16,0,903
2021,8,6,16,10,908
2021,8,6,16,20,911
2021,8,6,16,30,895
2021,8,6,16,40,893
2021,8,6,16,50,890
2021,8,6,17,0,884
2021,8,6,17,10,876
2021,8,6,17,20,867
2021,8,6,17,30,855
2021,8,6,17,40,841
2021,8,6,17,50,825
2021,8,6,18,0,807
2021,8,6,18,10,788
2021,8,6,18,20,766
2021,8,6,18,30,742
2021,8,6,18,40,717
2021,8,6,18,50,690
2021,8,6,19,0,662
2021,8,6,19,10,632
2021,8,6,19,20,600
2021,8,6,19,30,567
2021,8,6,19,40,532
2021,8,6,19,50,497
2021,8,6,20,0,460
2021,8,6,20,10,422
2021,8,6,20,20,383
2021,8,6,20,30,344
2021,8,6,20,40,304
2021,8,6,20,50,263
2021,8,6,21,0,222
2021,8,6,21,10,182
2021,8,6,21,20,142
2021,8,6,21,30,103
2021,8,6,21,40,67
2021,8,6,21,50,35
2021,8,6,22,0,0
2021,8,6,22,10,0
2021,8,6,22,20,0
2021,8,6,22,30,0
2021,8,6,22,40,0
2021,8,6,22,50,0
2021,8,6,23,0,0
2021,8,6,23,10,0
2021,8,6,23,20,0
2021,8,6,23,30,0
2021,8,6,23,40,0
2021,8,6,23,50,0
2021,8,7,0,0,0
2021,8,7,0,10,0
2021,8,7,0,20,0
2021,8,7,0,30,0
2021,8,7,0,40,0
2021,8,7,0,50,0
2021,8,7,1,0,0
2021,8,7,1,10,0
2021,8,7,1,20,0
2021,8,7,1,30,0
2021,8,7,1,40,0
2021,8,7,1,50,0
2021,8,7,2,0,0
2021,8,7,2,10,0
2021,8,7,2,20,0
2021,8,7,2,30,0
2021,8,7,2,40,0
2021,8,7,2,50,0
2021,8,7,3,0,0
2021,8,7,3,10,0
2021,8,7,3,20,0
2021,8,7,3,30,0
2021,8,7,3,40,0
2021,8,7,3,50,0
2021,8,7,4,0,0
2021,8,7,4,10,0
2021,8,7,4,20,0
2021,8,7,4,30,0
2021,8,7,4,40,0
2021,8,7,4,50,0
2021,8,7,5,0,0
2021,8,7,5,10,0
2021,8,7,5,20,0
2021,8,7,5,30,0
2021,8,7,5,40,0
2021,8,7,5,50,0
2021,8,7,6,0,0
2021,8,7,6,10,0
2021,8,7,6,20,0
2021,8,7,6,30,0
2021,8,7,6,40,0
2021,8,7,6,50,0
2021,8,7,7,0,0
2021,8,7,7,10,0
2021,8,7,7,20,0
2021,8,7,7,30,0
2021,8,7,7,40,0
2021,8,7,7,50,0
2021,8,7,8,0,0
2021,8,7,8,10,0
2021,8,7,8,20,0
2021,8,7,8,30,0
2021,8,7,8,40,0
2021,8,7,8,50,0
2021,8,7,9,0,0
2021,8,7,9,10,0
2021,8,7,9,20,0
2021,8,7,9,30,0
2021,8,7,9,40,0
2021,8,7,9,50,0
2021,8,7,10,0,0
2021,8,7,10,10,0
2021,8,7,10,20,0
2021,8,7,10,30,0
2021,8,7,10,40,0
2021,8,7,10,50,0
2021,8,7,11,0,9
2021,8,7,11,10,32
2021,8,7,11,20,83
2021,8,7,11,30,122
2021,8,7,11,40,162
2021,8,7,11,50,203
2021,8,7,12,0,245
2021,8,7,12,10,286
2021,8,7,12,20,200
2021,8,7,12,30,369
2021,8,7,12,40,409
2021,8,7,12,50,448
2021,8,7,13,0,486
2021,8,7,13,10,523
2021,8,7,13,20,559
2021,8,7,13,30,594
2021,8,7,13,40,627
2021,8,7,13,50,659
2021,8,7,14,0,689
2021,8,7,14,10,718
2021,8,7,14,20,745
2021,8,7,14,30,770
2021,8,7,14,40,792
2021,8,7,14,50,814
2021,8,7,15,0,833
2021,8,7,15,10,851
2021,8,7,15,20,866
2021,8,7,15,30,880
2021,8,7,15,40,892
2021,8,7,15,50,901
2021,8,7,16,0,908
2021,8,7,16,10,913
2021,8,7,16,20,916
2021,8,7,16,30,916
2021,8,7,16,40,916
2021,8,7,16,50,912
2021,8,7,17,0,906
2021,8,7,17,10,898
2021,8,7,17,20,888
2021,8,7,17,30,876
2021,8,7,17,40,863
2021,8,7,17,50,847
2021,8,7,18,0,828
2021,8,7,18,10,808
2021,8,7,18,20,786
2021,8,7,18,30,762
2021,8,7,18,40,737
2021,8,7,18,50,709
2021,8,7,19,0,680
2021,8,7,19,10,649
2021,8,7,19,20,616
2021,8,7,19,30,571
2021,8,7,19,40,536
2021,8,7,19,50,500
2021,8,7,20,0,463
2021,8,7,20,10,425
2021,8,7,20,20,386
2021,8,7,20,30,347
2021,8,7,20,40,306
2021,8,7,20,50,265
2021,8,7,21,0,224
2021,8,7,21,10,184
2021,8,7,21,20,143
2021,8,7,21,30,104
2021,8,7,21,40,68
2021,8,7,21,50,35
2021,8,7,22,0,0
2021,8,7,22,10,0
2021,8,7,22,20,0
2021,8,7,22,30,0
2021,8,7,22,40,0
2021,8,7,22,50,0
2021,8,7,23,0,0
2021,8,7,23,10,0
2021,8,7,23,20,0
2021,8,7,23,30,0
2021,8,7,23,40,0
2021,8,7,23,50,0
2021,8,8,0,0,0
2021,8,8,0,10,0
2021,8,8,0,20,0
2021,8,8,0,30,0
2021,8,8,0,40,0
2021,8,8,0,50,0
2021,8,8,1,0,0
2021,8,8,1,10,0
2021,8,8,1,20,0
2021,8,8,1,30,0
2021,8,8,1,40,0
2021,8,8,1,50,0
2021,8,8,2,0,0
2021,8,8,2,10,0
2021,8,8,2,20,0
2021,8,8,2,30,0
2021,8,8,2,40,0
2021,8,8,2,50,0
2021,8,8,3,0,0
2021,8,8,3,10,0
2021,8,8,3,20,0
2021,8,8,3,30,0
2021,8,8,3,40,0
2021,8,8,3,50,0
2021,8,8,4,0,0
2021,8,8,4,10,0
2021,8,8,4,20,0
2021,8,8,4,30,0
2021,8,8,4,40,0
2021,8,8,4,50,0
2021,8,8,5,0,0
2021,8,8,5,10,0
2021,8,8,5,20,0
2021,8,8,5,30,0
2021,8,8,5,40,0
2021,8,8,5,50,0
2021,8,8,6,0,0
2021,8,8,6,10,0
2021,8,8,6,20,0
2021,8,8,6,30,0
2021,8,8,6,40,0
2021,8,8,6,50,0
2021,8,8,7,0,0
2021,8,8,7,10,0
2021,8,8,7,20,0
2021,8,8,7,30,0
2021,8,8,7,40,0
2021,8,8,7,50,0
2021,8,8,8,0,0
2021,8,8,8,10,0
2021,8,8,8,20,0
2021,8,8,8,30,0
2021,8,8,8,40,0
2021,8,8,8,50,0
2021,8,8,9,0,0
2021,8,8,9,10,0
2021,8,8,9,20,0
2021,8,8,9,30,0
2021,8,8,9,40,0
2021,8,8,9,50,0
2021,8,8,10,0,0
2021,8,8,10,10,0
2021,8,8,10,20,0
2021,8,8,10,30,0
2021,8,8,10,40,0
2021,8,8,10,50,0
2021,8,8,11,0,19
2021,8,8,11,10,47
2021,8,8,11,20,80
2021,8,8,11,30,118
2021,8,8,11,40,157
2021,8,8,11,50,197
2021,8,8,12,0,237
2021,8,8,12,10,278
2021,8,8,12,20,318
2021,8,8,12,30,358
2021,8,8,12,40,397
2021,8,8,12,50,307
2021,8,8,13,0,473
2021,8,8,13,10,510
2021,8,8,13,20,545
2021,8,8,13,30,579
2021,8,8,13,40,611
2021,8,8,13,50,643
2021,8,8,14,0,672
2021,8,8,14,10,700
2021,8,8,14,20,727
2021,8,8,14,30,751
2021,8,8,14,40,774
2021,8,8,14,50,795
2021,8,8,15,0,814
2021,8,8,15,10,831
2021,8,8,15,20,847
2021,8,8,15,30,860
2021,8,8,15,40,871
2021,8,8,15,50,880
2021,8,8,16,0,887
2021,8,8,16,10,892
2021,8,8,16,20,906
2021,8,8,16,30,906
2021,8,8,16,40,905
2021,8,8,16,50,901
2021,8,8,17,0,895
2021,8,8,17,10,888
2021,8,8,17,20,878
2021,8,8,17,30,866
2021,8,8,17,40,852
2021,8,8,17,50,836
2021,8,8,18,0,818
2021,8,8,18,10,798
2021,8,8,18,20,776
2021,8,8,18,30,752
2021,8,8,18,40,727
2021,8,8,18,50,699
2021,8,8,19,0,670
2021,8,8,19,10,640
2021,8,8,19,20,608
2021,8,8,19,30,575
2021,8,8,19,40,540
2021,8,8,19,50,504
2021,8,8,20,0,466
2021,8,8,20,10,428
2021,8,8,20,20,389
2021,8,8,20,30,349
2021,8,8,20,40,309
2021,8,8,20,50,268
2021,8,8,21,0,227
2021,8,8,21,10,186
2021,8,8,21,20,145
2021,8,8,21,30,106
2021,8,8,21,40,69
2021,8,8,21,50,36
2021,8,8,22,0,0
2021,8,8,22,10,0
2021,8,8,22,20,0
2021,8,8,22,30,0
2021,8,8,22,40,0
2021,8,8,22,50,0
2021,8,8,23,0,0
2021,8,8,23,10,0
2021,8,8,23,20,0
2021,8,8,23,30,0
2021,8,8,23,40,0
2021,8,8,23,50,0
2021,8,9,0,0,0
2021,8,9,0,10,0
2021,8,9,0,20,0
2021,8,9,0,30,0
2021,8,9,0,40,0
2021,8,9,0,50,0
2021,8,9,1,0,0
2021,8,9,1,10,0
2021,8,9,1,20,0
2021,8,9,1,30,0
2021,8,9,1,40,0
2021,8,9,1,50,0
2021,8,9,2,0,0
2021,8,9,2,10,0
2021,8,9,2,20,0
2021,8,9,2,30,0
2021,8,9,2,40,0
2021,8,9,2,50,0
2021,8,9,3,0,0
2021,8,9,3,10,0
2021,8,9,3,20,0
2021,8,9,3,30,0
2021,8,9,3,40,0
2021,8,9,3,50,0
2021,8,9,4,0,0
2021,8,9,4,10,0
2021,8,9,4,20,0
2021,8,9,4,30,0
2021,8,9,4,40,0
2021,8,9,4,50,0
2021,8,9,5,0,0
2021,8,9,5,10,0
2021,8,9,5,20,0
2021,8,9,5,30,0
2021,8,9,5,40,0
2021,8,9,5,50,0
2021,8,9,6,0,0
2021,8,9,6,10,0
2021,8,9,6,20,0
2021,8,9,6,30,0
2021,8,9,6,40,0
2021,8,9,6,50,0
2021,8,9,7,0,0
2021,8,9,7,10,0
2021,8,9,7,20,0
2021,8,9,7,30,0
2021,8,9,7,40,0
2021,8,9,7,50,0
2021,8,9,8,0,0
2021,8,9,8,10,0
2021,8,9,8,20,0
2021,8,9,8,30,0
2021,8,9,8,40,0
2021,8,9,8,50,0
2021,8,9,9,0,0
2021,8,9,9,10,0
2021,8,9,9,20,0
2021,8,9,9,30,0
2021,8,9,9,40,0
2021,8,9,9,50,0
2021,8,9,10,0,0
2021,8,9,10,10,0
2021,8,9,10,20,0
2021,8,9,10,30,0
2021,8,9,10,40,0
2021,8,9,10,50,0
2021,8,9,11,0,11
2021,8,9,11,10,31
2021,8,9,11,20,55
2021,8,9,11,30,99
2021,8,9,11,40,131
2021,8,9,11,50,166
2021,8,9,12,0,197
2021,8,9,12,10,231
2021,8,9,12,20,262
2021,8,9,12,30,296
2021,8,9,12,40,336
2021,8,9,12,50,360
2021,8,9,13,0,393
2021,8,9,13,10,378
2021,8,9,13,20,460
2021,8,9,13,30,582
2021,8,9,13,40,614
2021,8,9,13,50,646
2021,8,9,14,0,675
2021,8,9,14,10,703
2021,8,9,14,20,730
2021,8,9,14,30,754
2021,8,9,14,40,778
2021,8,9,14,50,799
2021,8,9,15,0,818
2021,8,9,15,10,835
2021,8,9,15,20,860
2021,8,9,15,30,874
2021,8,9,15,40,885
2021,8,9,15,50,894
2021,8,9,16,0,901
2021,8,9,16,10,906
2021,8,9,16,20,909
2021,8,9,16,30,910
2021,8,9,16,40,908
2021,8,9,16,50,904
2021,8,9,17,0,898
2021,8,9,17,10,890
2021,8,9,17,20,880
2021,8,9,17,30,868
2021,8,9,17,40,854
2021,8,9,17,50,838
2021,8,9,18,0,820
2021,8,9,18,10,800
2021,8,9,18,20,778
2021,8,9,18,30,755
2021,8,9,18,40,729
2021,8,9,18,50,702
2021,8,9,19,0,673
2021,8,9,19,10,642
2021,8,9,19,20,610
2021,8,9,19,30,577
2021,8,9,19,40,542
2021,8,9,19,50,506
2021,8,9,20,0,469
2021,8,9,20,10,431
2021,8,9,20,20,391
2021,8,9,20,30,352
2021,8,9,20,40,311
2021,8,9,20,50,270
2021,8,9,21,0,229
2021,8,9,21,10,187
2021,8,9,21,20,147
2021,8,9,21,30,108
2021,8,9,21,40,42
2021,8,9,21,50,37
2021,8,9,22,0,0
2021,8,9,22,10,0
2021,8,9,22,20,0
2021,8,9,22,30,0
2021,8,9,22,40,0
2021,8,9,22,50,0
2021,8,9,23,0,0
2021,8,9,23,10,0
2021,8,9,23,20,0
2021,8,9,23,30,0
2021,8,9,23,40,0
2021,8,9,23,50,0
2021,8,10,0,0,0
2021,8,10,0,10,0
2021,8,10,0,20,0
2021,8,10,0,30,0
2021,8,10,0,40,0
2021,8,10,0,50,0
2021,8,10,1,0,0
2021,8,10,1,10,0
2021,8,10,1,20,0
2021,8,10,1,30,0
2021,8,10,1,40,0
2021,8,10,1,50,0
2021,8,10,2,0,0
2021,8,10,2,10,0
2021,8,10,2,20,0
2021,8,10,2,30,0
2021,8,10,2,40,0
2021,8,10,2,50,0
2021,8,10,3,0,0
2021,8,10,3,10,0
2021,8,10,3,20,0
2021,8,10,3,30,0
2021,8,10,3,40,0
2021,8,10,3,50,0
2021,8,10,4,0,0
2021,8,10,4,10,0
2021,8,10,4,20,0
2021,8,10,4,30,0
2021,8,10,4,40,0
2021,8,10,4,50,0
2021,8,10,5,0,0
2021,8,10,5,10,0
2021,8,10,5,20,0
2021,8,10,5,30,0
2021,8,10,5,40,0
2021,8,10,5,50,0
2021,8,10,6,0,0
2021,8,10,6,10,0
2021,8,10,6,20,0
2021,8,10,6,30,0
2021,8,10,6,40,0
2021,8,10,6,50,0
2021,8,10,7,0,0
2021,8,10,7,10,0
2021,8,10,7,20,0
2021,8,10,7,30,0
2021,8,10,7,40,0
2021,8,10,7,50,0
2021,8,10,8,0,0
2021,8,10,8,10,0
2021,8,10,8,20,0
2021,8,10,8,30,0
2021,8,10,8,40,0
2021,8,10,8,50,0
2021,8,10,9,0,0
2021,8,10,9,10,0
2021,8,10,9,20,0
2021,8,10,9,30,0
2021,8,10,9,40,0
2021,8,10,9,50,0
2021,8,10,10,0,0
2021,8,10,10,10,0
2021,8,10,10,20,0
2021,8,10,10,30,0
2021,8,10,10,40,0
2021,8,10,10,50,0
2021,8,10,11,0,12
2021,8,10,11,10,34
2021,8,10,11,20,58
2021,8,10,11,30,100
2021,8,10,11,40,133
2021,8,10,11,50,206
2021,8,10,12,0,143
2021,8,10,12,10,179
2021,8,10,12,20,209
2021,8,10,12,30,254
2021,8,10,12,40,290
2021,8,10,12,50,449
2021,8,10,13,0,487
2021,8,10,13,10,524
2021,8,10,13,20,560
2021,8,10,13,30,594
2021,8,10,13,40,627
2021,8,10,13,50,659
2021,8,10,14,0,689
2021,8,10,14,10,717
2021,8,10,14,20,744
2021,8,10,14,30,769
2021,8,10,14,40,792
2021,8,10,14,50,813
2021,8,10,15,0,832
2021,8,10,15,10,849
2021,8,10,15,20,865
2021,8,10,15,30,878
2021,8,10,15,40,889
2021,8,10,15,50,899
2021,8,10,16,0,906
2021,8,10,16,10,911
2021,8,10,16,20,913
2021,8,10,16,30,914
2021,8,10,16,40,912
2021,8,10,16,50,909
2021,8,10,17,0,903
2021,8,10,17,10,895
2021,8,10,17,20,885
2021,8,10,17,30,873
2021,8,10,17,40,858
2021,8,10,17,50,842
2021,8,10,18,0,813
2021,8,10,18,10,793
2021,8,10,18,20,771
2021,8,10,18,30,748
2021,8,10,18,40,722
2021,8,10,18,50,695
2021,8,10,19,0,666
2021,8,10,19,10,636
2021,8,10,19,20,604
2021,8,10,19,30,571
2021,8,10,19,40,536
2021,8,10,19,50,398
2021,8,10,20,0,371
2021,8,10,20,10,426
2021,8,10,20,20,387
2021,8,10,20,30,273
2021,8,10,20,40,276
2021,8,10,20,50,189
2021,8,10,21,0,178
2021,8,10,21,10,119
2021,8,10,21,20,144
2021,8,10,21,30,105
2021,8,10,21,40,52
2021,8,10,21,50,26
2021,8,10,22,0,0
2021,8,10,22,10,0
2021,8,10,22,20,0
2021,8,10,22,30,0
2021,8,10,22,40,0
2021,8,10,22,50,0
2021,8,10,23,0,0
2021,8,10,23,10,0
2021,8,10,23,20,0
2021,8,10,23,30,0
2021,8,10,23,40,0
2021,8,10,23,50,0
2021,8,11,0,0,0
2021,8,11,0,10,0
2021,8,11,0,20,0
2021,8,11,0,30,0
2021,8,11,0,40,0
2021,8,11,0,50,0
2021,8,11,1,0,0
2021,8,11,1,10,0
2021,8,11,1,20,0
2021,8,11,1,30,0
2021,8,11,1,40,0
2021,8,11,1,50,0
2021,8,11,2,0,0
2021,8,11,2,10,0
2021,8,11,2,20,0
2021,8,11,2,30,0
2021,8,11,2,40,0
2021,8,11,2,50,0
2021,8,11,3,0,0
2021,8,11,3,10,0
2021,8,11,3,20,0
2021,8,11,3,30,0
2021,8,11,3,40,0
2021,8,11,3,50,0
2021,8,11,4,0,0
2021,8,11,4,10,0
2021,8,11,4,20,0
2021,8,11,4,30,0
2021,8,11,4,40,0
2021,8,11,4,50,0
2021,8,11,5,0,0
2021,8,11,5,10,0
2021,8,11,5,20,0
2021,8,11,5,30,0
2021,8,11,5,40,0
2021,8,11,5,50,0
2021,8,11,6,0,0
2021,8,11,6,10,0
2021,8,11,6,20,0
2021,8,11,6,30,0
2021,8,11,6,40,0
2021,8,11,6,50,0
2021,8,11,7,0,0
2021,8,11,7,10,0
2021,8,11,7,20,0
2021,8,11,7,30,0
2021,8,11,7,40,0
2021,8,11,7,50,0
2021,8,11,8,0,0
2021,8,11,8,10,0
2021,8,11,8,20,0
2021,8,11,8,30,0
2021,8,11,8,40,0
2021,8,11,8,50,0
2021,8,11,9,0,0
2021,8,11,9,10,0
2021,8,11,9,20,0
2021,8,11,9,30,0
2021,8,11,9,40,0
2021,8,11,9,50,0
2021,8,11,10,0,0
2021,8,11,10,10,0
2021,8,11,10,20,0
2021,8,11,10,30,0
2021,8,11,10,40,0
2021,8,11,10,50,0
2021,8,11,11,0,22
2021,8,11,11,10,50
2021,8,11,11,20,83
2021,8,11,11,30,45
2021,8,11,11,40,159
2021,8,11,11,50,199
2021,8,11,12,0,239
2021,8,11,12,10,168
2021,8,11,12,20,319
2021,8,11,12,30,359
2021,8,11,12,40,398
2021,8,11,12,50,436
2021,8,11,13,0,473
2021,8,11,13,10,509
2021,8,11,13,20,544
2021,8,11,13,30,578
2021,8,11,13,40,610
2021,8,11,13,50,641
2021,8,11,14,0,671
2021,8,11,14,10,698
2021,8,11,14,20,724
2021,8,11,14,30,749
2021,8,11,14,40,771
2021,8,11,14,50,792
2021,8,11,15,0,811
2021,8,11,15,10,828
2021,8,11,15,20,843
2021,8,11,15,30,856
2021,8,11,15,40,867
2021,8,11,15,50,876
2021,8,11,16,0,883
2021,8,11,16,10,887
2021,8,11,16,20,890
2021,8,11,16,30,890
2021,8,11,16,40,889
2021,8,11,16,50,885
2021,8,11,17,0,879
2021,8,11,17,10,871
2021,8,11,17,20,862
2021,8,11,17,30,850
2021,8,11,17,40,836
2021,8,11,17,50,820
2021,8,11,18,0,779
2021,8,11,18,10,760
2021,8,11,18,20,737
2021,8,11,18,30,737
2021,8,11,18,40,689
2021,8,11,18,50,680
2021,8,11,19,0,651
2021,8,11,19,10,621
2021,8,11,19,20,590
2021,8,11,19,30,557
2021,8,11,19,40,522
2021,8,11,19,50,480
2021,8,11,20,0,450
2021,8,11,20,10,413
2021,8,11,20,20,374
2021,8,11,20,30,335
2021,8,11,20,40,296
2021,8,11,20,50,256
2021,8,11,21,0,216
2021,8,11,21,10,176
2021,8,11,21,20,137
2021,8,11,21,30,100
2021,8,11,21,40,65
2021,8,11,21,50,35
2021,8,11,22,0,0
2021,8,11,22,10,0
2021,8,11,22,20,0
2021,8,11,22,30,0
2021,8,11,22,40,0
2021,8,11,22,50,0
2021,8,11,23,0,0
2021,8,11,23,10,0
2021,8,11,23,20,0
2021,8,11,23,30,0
2021,8,11,23,40,0
2021,8,11,23,50,0
2021,8,12,0,0,0
2021,8,12,0,10,0
2021,8,12,0,20,0
2021,8,12,0,30,0
2021,8,12,0,40,0
2021,8,12,0,50,0
2021,8,12,1,0,0
2021,8,12,1,10,0
2021,8,12,1,20,0
2021,8,12,1,30,0
2021,8,12,1,40,0
2021,8,12,1,50,0
2021,8,12,2,0,0
2021,8,12,2,10,0
2021,8,12,2,20,0
2021,8,12,2,30,0
2021,8,12,2,40,0
2021,8,12,2,50,0
2021,8,12,3,0,0
2021,8,12,3,10,0
2021,8,12,3,20,0
2021,8,12,3,30,0
2021,8,12,3,40,0
2021,8,12,3,50,0
2021,8,12,4,0,0
2021,8,12,4,10,0
2021,8,12,4,20,0
2021,8,12,4,30,0
2021,8,12,4,40,0
2021,8,12,4,50,0
2021,8,12,5,0,0
2021,8,12,5,10,0
2021,8,12,5,20,0
2021,8,12,5,30,0
2021,8,12,5,40,0
2021,8,12,5,50,0
2021,8,12,6,0,0
2021,8,12,6,10,0
2021,8,12,6,20,0
2021,8,12,6,30,0
2021,8,12,6,40,0
2021,8,12,6,50,0
2021,8,12,7,0,0
2021,8,12,7,10,0
2021,8,12,7,20,0
2021,8,12,7,30,0
2021,8,12,7,40,0
2021,8,12,7,50,0
2021,8,12,8,0,0
2021,8,12,8,10,0
2021,8,12,8,20,0
2021,8,12,8,30,0
2021,8,12,8,40,0
2021,8,12,8,50,0
2021,8,12,9,0,0
2021,8,12,9,10,0
2021,8,12,9,20,0
2021,8,12,9,30,0
2021,8,12,9,40,0
2021,8,12,9,50,0
2021,8,12,10,0,0
2021,8,12,10,10,0
2021,8,12,10,20,0
2021,8,12,10,30,0
2021,8,12,10,40,0
2021,8,12,10,50,0
2021,8,12,11,0,23
2021,8,12,11,10,51
2021,8,12,11,20,84
2021,8,12,11,30,121
2021,8,12,11,40,159
2021,8,12,11,50,199
2021,8,12,12,0,239
2021,8,12,12,10,279
2021,8,12,12,20,318
2021,8,12,12,30,358
2021,8,12,12,40,397
2021,8,12,12,50,435
2021,8,12,13,0,472
2021,8,12,13,10,508
2021,8,12,13,20,543
2021,8,12,13,30,577
2021,8,12,13,40,492
2021,8,12,13,50,512
2021,8,12,14,0,664
2021,8,12,14,10,692
2021,8,12,14,20,718
2021,8,12,14,30,743
2021,8,12,14,40,632
2021,8,12,14,50,786
2021,8,12,15,0,805
2021,8,12,15,10,822
2021,8,12,15,20,837
2021,8,12,15,30,850
2021,8,12,15,40,861
2021,8,12,15,50,869
2021,8,12,16,0,876
2021,8,12,16,10,881
2021,8,12,16,20,884
2021,8,12,16,30,884
2021,8,12,16,40,882
2021,8,12,16,50,879
2021,8,12,17,0,873
2021,8,12,17,10,865
2021,8,12,17,20,855
2021,8,12,17,30,843
2021,8,12,17,40,830
2021,8,12,17,50,814
2021,8,12,18,0,796
2021,8,12,18,10,777
2021,8,12,18,20,755
2021,8,12,18,30,732
2021,8,12,18,40,711
2021,8,12,18,50,684
2021,8,12,19,0,656
2021,8,12,19,10,626
2021,8,12,19,20,594
2021,8,12,19,30,561
2021,8,12,19,40,528
2021,8,12,19,50,492
2021,8,12,20,0,456
2021,8,12,20,10,418
2021,8,12,20,20,380
2021,8,12,20,30,340
2021,8,12,20,40,302
2021,8,12,20,50,262
2021,8,12,21,0,221
2021,8,12,21,10,181
2021,8,12,21,20,144
2021,8,12,21,30,91
2021,8,12,21,40,53
2021,8,12,21,50,27
2021,8,12,22,0,0
2021,8,12,22,10,0
2021,8,12,22,20,0
2021,8,12,22,30,0
2021,8,12,22,40,0
2021,8,12,22,50,0
2021,8,12,23,0,0
2021,8,12,23,10,0
2021,8,12,23,20,0
2021,8,12,23,30,0
2021,8,12,23,40,0
2021,8,12,23,50,0
2021,8,13,0,0,0
2021,8,13,0,10,0
2021,8,13,0,20,0
2021,8,13,0,30,0
2021,8,13,0,40,0
2021,8,13,0,50,0
2021,8,13,1,0,0
2021,8,13,1,10,0
2021,8,13,1,20,0
2021,8,13,1,30,0
2021,8,13,1,40,0
2021,8,13,1,50,0
2021,8,13,2,0,0
2021,8,13,2,10,0
2021,8,13,2,20,0
2021,8,13,2,30,0
2021,8,13,2,40,0
2021,8,13,2,50,0
2021,8,13,3,0,0
2021,8,13,3,10,0
2021,8,13,3,20,0
2021,8,13,3,30,0
2021,8,13,3,40,0
2021,8,13,3,50,0
2021,8,13,4,0,0
2021,8,13,4,10,0
2021,8,13,4,20,0
2021,8,13,4,30,0
2021,8,13,4,40,0
2021,8,13,4,50,0
2021,8,13,5,0,0
2021,8,13,5,10,0
2021,8,13,5,20,0
2021,8,13,5,30,0
2021,8,13,5,40,0
2021,8,13,5,50,0
2021,8,13,6,0,0
2021,8,13,6,10,0
2021,8,13,6,20,0
2021,8,13,6,30,0
2021,8,13,6,40,0
2021,8,13,6,50,0
2021,8,13,7,0,0
2021,8,13,7,10,0
2021,8,13,7,20,0
2021,8,13,7,30,0
2021,8,13,7,40,0
2021,8,13,7,50,0
2021,8,13,8,0,0
2021,8,13,8,10,0
2021,8,13,8,20,0
2021,8,13,8,30,0
2021,8,13,8,40,0
2021,8,13,8,50,0
2021,8,13,9,0,0
2021,8,13,9,10,0
2021,8,13,9,20,0
2021,8,13,9,30,0
2021,8,13,9,40,0
2021,8,13,9,50,0
2021,8,13,10,0,0
2021,8,13,10,10,0
2021,8,13,10,20,0
2021,8,13,10,30,0
2021,8,13,10,40,0
2021,8,13,10,50,0
2021,8,13,11,0,28
2021,8,13,11,10,60
2021,8,13,11,20,96
2021,8,13,11,30,135
2021,8,13,11,40,176
2021,8,13,11,50,217
2021,8,13,12,0,259
2021,8,13,12,10,301
2021,8,13,12,20,342
2021,8,13,12,30,383
2021,8,13,12,40,423
2021,8,13,12,50,462
2021,8,13,13,0,500
2021,8,13,13,10,537
2021,8,13,13,20,573
2021,8,13,13,30,608
2021,8,13,13,40,641
2021,8,13,13,50,672
2021,8,13,14,0,702
2021,8,13,14,10,731
2021,8,13,14,20,757
2021,8,13,14,30,782
2021,8,13,14,40,805
2021,8,13,14,50,827
2021,8,13,15,0,846
2021,8,13,15,10,863
2021,8,13,15,20,878
2021,8,13,15,30,892
2021,8,13,15,40,903
2021,8,13,15,50,912
2021,8,13,16,0,919
2021,8,13,16,10,924
2021,8,13,16,20,926
2021,8,13,16,30,927
2021,8,13,16,40,925
2021,8,13,16,50,922
2021,8,13,17,0,916
2021,8,13,17,10,908
2021,8,13,17,20,897
2021,8,13,17,30,885
2021,8,13,17,40,871
2021,8,13,17,50,855
2021,8,13,18,0,836
2021,8,13,18,10,806
2021,8,13,18,20,784
2021,8,13,18,30,760
2021,8,13,18,40,734
2021,8,13,18,50,707
2021,8,13,19,0,678
2021,8,13,19,10,647
2021,8,13,19,20,615
2021,8,13,19,30,582
2021,8,13,19,40,547
2021,8,13,19,50,511
2021,8,13,20,0,473
2021,8,13,20,10,435
2021,8,13,20,20,396
2021,8,13,20,30,356
2021,8,13,20,40,315
2021,8,13,20,50,274
2021,8,13,21,0,233
2021,8,13,21,10,192
2021,8,13,21,20,151
2021,8,13,21,30,112
2021,8,13,21,40,74
2021,8,13,21,50,41
2021,8,13,22,0,0
2021,8,13,22,10,0
2021,8,13,22,20,0
2021,8,13,22,30,0
2021,8,13,22,40,0
2021,8,13,22,50,0
2021,8,13,23,0,0
2021,8,13,23,10,0
2021,8,13,23,20,0
2021,8,13,23,30,0
2021,8,13,23,40,0
2021,8,13,23,50,0
2021,8,14,0,0,0
2021,8,14,0,10,0
2021,8,14,0,20,0
2021,8,14,0,30,0
2021,8,14,0,40,0
2021,8,14,0,50,0
2021,8,14,1,0,0
2021,8,14,1,10,0
2021,8,14,1,20,0
2021,8,14,1,30,0
2021,8,14,1,40,0
2021,8,14,1,50,0
2021,8,14,2,0,0
2021,8,14,2,10,0
2021,8,14,2,20,0
2021,8,14,2,30,0
2021,8,14,2,40,0
2021,8,14,2,50,0
2021,8,14,3,0,0
2021,8,14,3,10,0
2021,8,14,3,20,0
2021,8,14,3,30,0
2021,8,14,3,40,0
2021,8,14,3,50,0
2021,8,14,4,0,0
2021,8,14,4,10,0
2021,8,14,4,20,0
2021,8,14,4,30,0
2021,8,14,4,40,0
2021,8,14,4,50,0
2021,8,14,5,0,0
2021,8,14,5,10,0
2021,8,14,5,20,0
2021,8,14,5,30,0
2021,8,14,5,40,0
2021,8,14,5,50,0
2021,8,14,6,0,0
2021,8,14,6,10,0
2021,8,14,6,20,0
2021,8,14,6,30,0
2021,8,14,6,40,0
2021,8,14,6,50,0
2021,8,14,7,0,0
2021,8,14,7,10,0
2021,8,14,7,20,0
2021,8,14,7,30,0
2021,8,14,7,40,0
2021,8,14,7,50,0
2021,8,14,8,0,0
2021,8,14,8,10,0
2021,8,14,8,20,0
2021,8,14,8,30,0
2021,8,14,8,40,0
2021,8,14,8,50,0
2021,8,14,9,0,0
2021,8,14,9,10,0
2021,8,14,9,20,0
2021,8,14,9,30,0
2021,8,14,9,40,0
2021,8,14,9,50,0
2021,8,14,10,0,0
2021,8,14,10,10,0
2021,8,14,10,20,0
2021,8,14,10,30,0
2021,8,14,10,40,0
2021,8,14,10,50,0
2021,8,14,11,0,18
2021,8,14,11,10,44
2021,8,14,11,20,72
2021,8,14,11,30,112
2021,8,14,11,40,147
2021,8,14,11,50,182
2021,8,14,12,0,177
2021,8,14,12,10,243
2021,8,14,12,20,213
2021,8,14,12,30,310
2021,8,14,12,40,358
2021,8,14,12,50,394
2021,8,14,13,0,387
2021,8,14,13,10,439
2021,8,14,13,20,575
2021,8,14,13,30,610
2021,8,14,13,40,644
2021,8,14,13,50,676
2021,8,14,14,0,706
2021,8,14,14,10,734
2021,8,14,14,20,761
2021,8,14,14,30,786
2021,8,14,14,40,810
2021,8,14,14,50,831
2021,8,14,15,0,850
2021,8,14,15,10,868
2021,8,14,15,20,883
2021,8,14,15,30,896
2021,8,14,15,40,907
2021,8,14,15,50,916
2021,8,14,16,0,923
2021,8,14,16,10,928
2021,8,14,16,20,931
2021,8,14,16,30,931
2021,8,14,16,40,929
2021,8,14,16,50,926
2021,8,14,17,0,920
2021,8,14,17,10,911
2021,8,14,17,20,901
2021,8,14,17,30,889
2021,8,14,17,40,875
2021,8,14,17,50,858
2021,8,14,18,0,840
2021,8,14,18,10,819
2021,8,14,18,20,797
2021,8,14,18,30,773
2021,8,14,18,40,746
2021,8,14,18,50,719
2021,8,14,19,0,680
2021,8,14,19,10,650
2021,8,14,19,20,617
2021,8,14,19,30,584
2021,8,14,19,40,548
2021,8,14,19,50,512
2021,8,14,20,0,475
2021,8,14,20,10,436
2021,8,14,20,20,397
2021,8,14,20,30,357
2021,8,14,20,40,315
2021,8,14,20,50,214
2021,8,14,21,0,173
2021,8,14,21,10,152
2021,8,14,21,20,125
2021,8,14,21,30,75
2021,8,14,21,40,52
2021,8,14,21,50,25
2021,8,14,22,0,7
2021,8,14,22,10,0
2021,8,14,22,20,0
2021,8,14,22,30,0
2021,8,14,22,40,0
2021,8,14,22,50,0
2021,8,14,23,0,0
2021,8,14,23,10,0
2021,8,14,23,20,0
2021,8,14,23,30,0
2021,8,14,23,40,0
2021,8,14,23,50,0
2021,8,15,0,0,0
2021,8,15,0,10,0
2021,8,15,0,20,0
2021,8,15,0,30,0
2021,8,15,0,40,0
2021,8,15,0,50,0
2021,8,15,1,0,0
2021,8,15,1,10,0
2021,8,15,1,20,0
2021,8,15,1,30,0
2021,8,15,1,40,0
2021,8,15,1,50,0
2021,8,15,2,0,0
2021,8,15,2,10,0
2021,8,15,2,20,0
2021,8,15,2,30,0
2021,8,15,2,40,0
2021,8,15,2,50,0
2021,8,15,3,0,0
2021,8,15,3,10,0
2021,8,15,3,20,0
2021,8,15,3,30,0
2021,8,15,3,40,0
2021,8,15,3,50,0
2021,8,15,4,0,0
2021,8,15,4,10,0
2021,8,15,4,20,0
2021,8,15,4,30,0
2021,8,15,4,40,0
2021,8,15,4,50,0
2021,8,15,5,0,0
2021,8,15,5,10,0
2021,8,15,5,20,0
2021,8,15,5,30,0
2021,8,15,5,40,0
2021,8,15,5,50,0
2021,8,15,6,0,0
2021,8,15,6,10,0
2021,8,15,6,20,0
2021,8,15,6,30,0
2021,8,15,6,40,0
2021,8,15,6,50,0
2021,8,15,7,0,0
2021,8,15,7,10,0
2021,8,15,7,20,0
2021,8,15,7,30,0
2021,8,15,7,40,0
2021,8,15,7,50,0
2021,8,15,8,0,0
2021,8,15,8,10,0
2021,8,15,8,20,0
2021,8,15,8,30,0
2021,8,15,8,40,0
2021,8,15,8,50,0
2021,8,15,9,0,0
2021,8,15,9,10,0
2021,8,15,9,20,0
2021,8,15,9,30,0
2021,8,15,9,40,0
2021,8,15,9,50,0
2021,8,15,10,0,0
2021,8,15,10,10,0
2021,8,15,10,20,0
2021,8,15,10,30,0
2021,8,15,10,40,0
2021,8,15,10,50,0
2021,8,15,11,0,34
2021,8,15,11,10,68
2021,8,15,11,20,106
2021,8,15,11,30,146
2021,8,15,11,40,188
2021,8,15,11,50,230
2021,8,15,12,0,273
2021,8,15,12,10,315
2021,8,15,12,20,357
2021,8,15,12,30,399
2021,8,15,12,40,440
2021,8,15,12,50,479
2021,8,15,13,0,518
2021,8,15,13,10,556
2021,8,15,13,20,592
2021,8,15,13,30,627
2021,8,15,13,40,660
2021,8,15,13,50,692
2021,8,15,14,0,723
2021,8,15,14,10,751
2021,8,15,14,20,779
2021,8,15,14,30,804
2021,8,15,14,40,827
2021,8,15,14,50,848
2021,8,15,15,0,868
2021,8,15,15,10,885
2021,8,15,15,20,901
2021,8,15,15,30,914
2021,8,15,15,40,925
2021,8,15,15,50,934
2021,8,15,16,0,941
2021,8,15,16,10,946
2021,8,15,16,20,949
2021,8,15,16,30,949
2021,8,15,16,40,947
2021,8,15,16,50,943
2021,8,15,17,0,937
2021,8,15,17,10,929
2021,8,15,17,20,919
2021,8,15,17,30,889
2021,8,15,17,40,875
2021,8,15,17,50,858
2021,8,15,18,0,840
2021,8,15,18,10,820
2021,8,15,18,20,797
2021,8,15,18,30,773
2021,8,15,18,40,747
2021,8,15,18,50,720
2021,8,15,19,0,690
2021,8,15,19,10,659
2021,8,15,19,20,627
2021,8,15,19,30,593
2021,8,15,19,40,558
2021,8,15,19,50,521
2021,8,15,20,0,483
2021,8,15,20,10,438
2021,8,15,20,20,399
2021,8,15,20,30,359
2021,8,15,20,40,318
2021,8,15,20,50,277
2021,8,15,21,0,236
2021,8,15,21,10,195
2021,8,15,21,20,155
2021,8,15,21,30,115
2021,8,15,21,40,76
2021,8,15,21,50,43
2021,8,15,22,0,16
2021,8,15,22,10,0
2021,8,15,22,20,0
2021,8,15,22,30,0
2021,8,15,22,40,0
2021,8,15,22,50,0
2021,8,15,23,0,0
2021,8,15,23,10,0
2021,8,15,23,20,0
2021,8,15,23,30,0
2021,8,15,23,40,0
2021,8,15,23,50,0
2021,8,16,0,0,0
2021,8,16,0,10,0
2021,8,16,0,20,0
2021,8,16,0,30,0
2021,8,16,0,40,0
2021,8,16,0,50,0
2021,8,16,1,0,0
2021,8,16,1,10,0
2021,8,16,1,20,0
2021,8,16,1,30,0
2021,8,16,1,40,0
2021,8,16,1,50,0
2021,8,16,2,0,0
2021,8,16,2,10,0
2021,8,16,2,20,0
2021,8,16,2,30,0
2021,8,16,2,40,0
2021,8,16,2,50,0
2021,8,16,3,0,0
2021,8,16,3,10,0
2021,8,16,3,20,0
2021,8,16,3,30,0
2021,8,16,3,40,0
2021,8,16,3,50,0
2021,8,16,4,0,0
2021,8,16,4,10,0
2021,8,16,4,20,0
2021,8,16,4,30,0
2021,8,16,4,40,0
2021,8,16,4,50,0
2021,8,16,5,0,0
2021,8,16,5,10,0
2021,8,16,5,20,0
2021,8,16,5,30,0
2021,8,16,5,40,0
2021,8,16,5,50,0
2021,8,16,6,0,0
2021,8,16,6,10,0
2021,8,16,6,20,0
2021,8,16,6,30,0
2021,8,16,6,40,0
2021,8,16,6,50,0
2021,8,16,7,0,0
2021,8,16,7,10,0
2021,8,16,7,20,0
2021,8,16,7,30,0
2021,8,16,7,40,0
2021,8,16,7,50,0
2021,8,16,8,0,0
2021,8,16,8,10,0
2021,8,16,8,20,0
2021,8,16,8,30,0
2021,8,16,8,40,0
2021,8,16,8,50,0
2021,8,16,9,0,0
2021,8,16,9,10,0
2021,8,16,9,20,0
2021,8,16,9,30,0
2021,8,16,9,40,0
2021,8,16,9,50,0
2021,8,16,10,0,0
2021,8,16,10,10,0
2021,8,16,10,20,0
2021,8,16,10,30,0
2021,8,16,10,40,0
2021,8,16,10,50,0
2021,8,16,11,0,35
2021,8,16,11,10,68
2021,8,16,11,20,106
2021,8,16,11,30,145
2021,8,16,11,40,186
2021,8,16,11,50,228
2021,8,16,12,0,270
2021,8,16,12,10,312
2021,8,16,12,20,353
2021,8,16,12,30,394
2021,8,16,12,40,434
2021,8,16,12,50,473
2021,8,16,13,0,511
2021,8,16,13,10,548
2021,8,16,13,20,584
2021,8,16,13,30,618
2021,8,16,13,40,651
2021,8,16,13,50,683
2021,8,16,14,0,713
2021,8,16,14,10,741
2021,8,16,14,20,768
2021,8,16,14,30,793
2021,8,16,14,40,816
2021,8,16,14,50,837
2021,8,16,15,0,856
2021,8,16,15,10,873
2021,8,16,15,20,889
2021,8,16,15,30,902
2021,8,16,15,40,913
2021,8,16,15,50,922
2021,8,16,16,0,929
2021,8,16,16,10,933
2021,8,16,16,20,936
2021,8,16,16,30,936
2021,8,16,16,40,934
2021,8,16,16,50,931
2021,8,16,17,0,925
2021,8,16,17,10,916
2021,8,16,17,20,906
2021,8,16,17,30,894
2021,8,16,17,40,879
2021,8,16,17,50,863
2021,8,16,18,0,844
2021,8,16,18,10,824
2021,8,16,18,20,801
2021,8,16,18,30,777
2021,8,16,18,40,751
2021,8,16,18,50,724
2021,8,16,19,0,694
2021,8,16,19,10,663
2021,8,16,19,20,631
2021,8,16,19,30,596
2021,8,16,19,40,562
2021,8,16,19,50,525
2021,8,16,20,0,487
2021,8,16,20,10,448
2021,8,16,20,20,409
2021,8,16,20,30,368
2021,8,16,20,40,327
2021,8,16,20,50,285
2021,8,16,21,0,243
2021,8,16,21,10,201
2021,8,16,21,20,160
2021,8,16,21,30,120
2021,8,16,21,40,81
2021,8,16,21,50,46
2021,8,16,22,0,17
2021,8,16,22,10,0
2021,8,16,22,20,0
2021,8,16,22,30,0
2021,8,16,22,40,0
2021,8,16,22,50,0
2021,8,16,23,0,0
2021,8,16,23,10,0
2021,8,16,23,20,0
2021,8,16,23,30,0
2021,8,16,23,40,0
2021,8,16,23,50,0
2021,8,17,0,0,0
2021,8,17,0,10,0
2021,8,17,0,20,0
2021,8,17,0,30,0
2021,8,17,0,40,0
2021,8,17,0,50,0
2021,8,17,1,0,0
2021,8,17,1,10,0
2021,8,17,1,20,0
2021,8,17,1,30,0
2021,8,17,1,40,0
2021,8,17,1,50,0
2021,8,17,2,0,0
2021,8,17,2,10,0
2021,8,17,2,20,0
2021,8,17,2,30,0
2021,8,17,2,40,0
2021,8,17,2,50,0
2021,8,17,3,0,0
2021,8,17,3,10,0
2021,8,17,3,20,0
2021,8,17,3,30,0
2021,8,17,3,40,0
2021,8,17,3,50,0
2021,8,17,4,0,0
2021,8,17,4,10,0
2021,8,17,4,20,0
2021,8,17,4,30,0
2021,8,17,4,40,0
2021,8,17,4,50,0
2021,8,17,5,0,0
2021,8,17,5,10,0
2021,8,17,5,20,0
2021,8,17,5,30,0
2021,8,17,5,40,0
2021,8,17,5,50,0
2021,8,17,6,0,0
2021,8,17,6,10,0
2021,8,17,6,20,0
2021,8,17,6,30,0
2021,8,17,6,40,0
2021,8,17,6,50,0
2021,8,17,7,0,0
2021,8,17,7,10,0
2021,8,17,7,20,0
2021,8,17,7,30,0
2021,8,17,7,40,0
2021,8,17,7,50,0
2021,8,17,8,0,0
2021,8,17,8,10,0
2021,8,17,8,20,0
2021,8,17,8,30,0
2021,8,17,8,40,0
2021,8,17,8,50,0
2021,8,17,9,0,0
2021,8,17,9,10,0
2021,8,17,9,20,0
2021,8,17,9,30,0
2021,8,17,9,40,0
2021,8,17,9,50,0
2021,8,17,10,0,0
2021,8,17,10,10,0
2021,8,17,10,20,0
2021,8,17,10,30,0
2021,8,17,10,40,0
2021,8,17,10,50,0
2021,8,17,11,0,23
2021,8,17,11,10,74
2021,8,17,11,20,112
2021,8,17,11,30,153
2021,8,17,11,40,195
2021,8,17,11,50,237
2021,8,17,12,0,280
2021,8,17,12,10,199
2021,8,17,12,20,365
2021,8,17,12,30,406
2021,8,17,12,40,447
2021,8,17,12,50,487
2021,8,17,13,0,526
2021,8,17,13,10,564
2021,8,17,13,20,600
2021,8,17,13,30,635
2021,8,17,13,40,669
2021,8,17,13,50,701
2021,8,17,14,0,731
2021,8,17,14,10,760
2021,8,17,14,20,787
2021,8,17,14,30,813
2021,8,17,14,40,836
2021,8,17,14,50,858
2021,8,17,15,0,877
2021,8,17,15,10,895
2021,8,17,15,20,910
2021,8,17,15,30,923
2021,8,17,15,40,935
2021,8,17,15,50,944
2021,8,17,16,0,951
2021,8,17,16,10,956
2021,8,17,16,20,959
2021,8,17,16,30,959
2021,8,17,16,40,958
2021,8,17,16,50,954
2021,8,17,17,0,948
2021,8,17,17,10,939
2021,8,17,17,20,929
2021,8,17,17,30,916
2021,8,17,17,40,901
2021,8,17,17,50,885
2021,8,17,18,0,866
2021,8,17,18,10,845
2021,8,17,18,20,822
2021,8,17,18,30,797
2021,8,17,18,40,771
2021,8,17,18,50,743
2021,8,17,19,0,713
2021,8,17,19,10,681
2021,8,17,19,20,648
2021,8,17,19,30,613
2021,8,17,19,40,577
2021,8,17,19,50,540
2021,8,17,20,0,501
2021,8,17,20,10,452
2021,8,17,20,20,412
2021,8,17,20,30,371
2021,8,17,20,40,330
2021,8,17,20,50,288
2021,8,17,21,0,246
2021,8,17,21,10,204
2021,8,17,21,20,162
2021,8,17,21,30,119
2021,8,17,21,40,81
2021,8,17,21,50,46
2021,8,17,22,0,18
2021,8,17,22,10,0
2021,8,17,22,20,0
2021,8,17,22,30,0
2021,8,17,22,40,0
2021,8,17,22,50,0
2021,8,17,23,0,0
2021,8,17,23,10,0
2021,8,17,23,20,0
2021,8,17,23,30,0
2021,8,17,23,40,0
2021,8,17,23,50,0
2021,8,18,0,0,0
2021,8,18,0,10,0
2021,8,18,0,20,0
2021,8,18,0,30,0
2021,8,18,0,40,0
2021,8,18,0,50,0
2021,8,18,1,0,0
2021,8,18,1,10,0
2021,8,18,1,20,0
2021,8,18,1,30,0
2021,8,18,1,40,0
2021,8,18,1,50,0
2021,8,18,2,0,0
2021,8,18,2,10,0
2021,8,18,2,20,0
2021,8,18,2,30,0
2021,8,18,2,40,0
2021,8,18,2,50,0
2021,8,18,3,0,0
2021,8,18,3,10,0
2021,8,18,3,20,0
2021,8,18,3,30,0
2021,8,18,3,40,0
2021,8,18,3,50,0
2021,8,18,4,0,0
2021,8,18,4,10,0
2021,8,18,4,20,0
2021,8,18,4,30,0
2021,8,18,4,40,0
2021,8,18,4,50,0
2021,8,18,5,0,0
2021,8,18,5,10,0
2021,8,18,5,20,0
2021,8,18,5,30,0
2021,8,18,5,40,0
2021,8,18,5,50,0
2021,8,18,6,0,0
2021,8,18,6,10,0
2021,8,18,6,20,0
2021,8,18,6,30,0
2021,8,18,6,40,0
2021,8,18,6,50,0
2021,8,18,7,0,0
2021,8,18,7,10,0
2021,8,18,7,20,0
2021,8,18,7,30,0
2021,8,18,7,40,0
2021,8,18,7,50,0
2021,8,18,8,0,0
2021,8,18,8,10,0
2021,8,18,8,20,0
2021,8,18,8,30,0
2021,8,18,8,40,0
2021,8,18,8,50,0
2021,8,18,9,0,0
2021,8,18,9,10,0
2021,8,18,9,20,0
2021,8,18,9,30,0
2021,8,18,9,40,0
2021,8,18,9,50,0
2021,8,18,10,0,0
2021,8,18,10,10,0
2021,8,18,10,20,0
2021,8,18,10,30,0
2021,8,18,10,40,0
2021,8,18,10,50,0
2021,8,18,11,0,23
2021,8,18,11,10,73
2021,8,18,11,20,110
2021,8,18,11,30,150
2021,8,18,11,40,191
2021,8,18,11,50,232
2021,8,18,12,0,274
2021,8,18,12,10,316
2021,8,18,12,20,230
2021,8,18,12,30,397
2021,8,18,12,40,437
2021,8,18,12,50,476
2021,8,18,13,0,514
2021,8,18,13,10,551
2021,8,18,13,20,586
2021,8,18,13,30,621
2021,8,18,13,40,653
2021,8,18,13,50,685
2021,8,18,14,0,715
2021,8,18,14,10,743
2021,8,18,14,20,769
2021,8,18,14,30,794
2021,8,18,14,40,815
2021,8,18,14,50,836
2021,8,18,15,0,855
2021,8,18,15,10,872
2021,8,18,15,20,887
2021,8,18,15,30,900
2021,8,18,15,40,911
2021,8,18,15,50,920
2021,8,18,16,0,927
2021,8,18,16,10,931
2021,8,18,16,20,934
2021,8,18,16,30,934
2021,8,18,16,40,932
2021,8,18,16,50,928
2021,8,18,17,0,922
2021,8,18,17,10,914
2021,8,18,17,20,903
2021,8,18,17,30,891
2021,8,18,17,40,877
2021,8,18,17,50,861
2021,8,18,18,0,842
2021,8,18,18,10,822
2021,8,18,18,20,799
2021,8,18,18,30,775
2021,8,18,18,40,749
2021,8,18,18,50,722
2021,8,18,19,0,692
2021,8,18,19,10,661
2021,8,18,19,20,629
2021,8,18,19,30,595
2021,8,18,19,40,560
2021,8,18,19,50,518
2021,8,18,20,0,481
2021,8,18,20,10,442
2021,8,18,20,20,403
2021,8,18,20,30,363
2021,8,18,20,40,322
2021,8,18,20,50,281
2021,8,18,21,0,240
2021,8,18,21,10,199
2021,8,18,21,20,158
2021,8,18,21,30,118
2021,8,18,21,40,81
2021,8,18,21,50,46
2021,8,18,22,0,19
2021,8,18,22,10,0
2021,8,18,22,20,0
2021,8,18,22,30,0
2021,8,18,22,40,0
2021,8,18,22,50,0
2021,8,18,23,0,0
2021,8,18,23,10,0
2021,8,18,23,20,0
2021,8,18,23,30,0
2021,8,18,23,40,0
2021,8,18,23,50,0
2021,8,19,0,0,0
2021,8,19,0,10,0
2021,8,19,0,20,0
2021,8,19,0,30,0
2021,8,19,0,40,0
2021,8,19,0,50,0
2021,8,19,1,0,0
2021,8,19,1,10,0
2021,8,19,1,20,0
2021,8,19,1,30,0
2021,8,19,1,40,0
2021,8,19,1,50,0
2021,8,19,2,0,0
2021,8,19,2,10,0
2021,8,19,2,20,0
2021,8,19,2,30,0
2021,8,19,2,40,0
2021,8,19,2,50,0
2021,8,19,3,0,0
2021,8,19,3,10,0
2021,8,19,3,20,0
2021,8,19,3,30,0
2021,8,19,3,40,0
2021,8,19,3,50,0
2021,8,19,4,0,0
2021,8,19,4,10,0
2021,8,19,4,20,0
2021,8,19,4,30,0
2021,8,19,4,40,0
2021,8,19,4,50,0
2021,8,19,5,0,0
2021,8,19,5,10,0
2021,8,19,5,20,0
2021,8,19,5,30,0
2021,8,19,5,40,0
2021,8,19,5,50,0
2021,8,19,6,0,0
2021,8,19,6,10,0
2021,8,19,6,20,0
2021,8,19,6,30,0
2021,8,19,6,40,0
2021,8,19,6,50,0
2021,8,19,7,0,0
2021,8,19,7,10,0
2021,8,19,7,20,0
2021,8,19,7,30,0
2021,8,19,7,40,0
2021,8,19,7,50,0
2021,8,19,8,0,0
2021,8,19,8,10,0
2021,8,19,8,20,0
2021,8,19,8,30,0
2021,8,19,8,40,0
2021,8,19,8,50,0
2021,8,19,9,0,0
2021,8,19,9,10,0
2021,8,19,9,20,0
2021,8,19,9,30,0
2021,8,19,9,40,0
2021,8,19,9,50,0
2021,8,19,10,0,0
2021,8,19,10,10,0
2021,8,19,10,20,0
2021,8,19,10,30,0
2021,8,19,10,40,0
2021,8,19,10,50,0
2021,8,19,11,0,29
2021,8,19,11,10,62
2021,8,19,11,20,96
2021,8,19,11,30,135
2021,8,19,11,40,203
2021,8,19,11,50,246
2021,8,19,12,0,172
2021,8,19,12,10,332
2021,8,19,12,20,374
2021,8,19,12,30,416
2021,8,19,12,40,457
2021,8,19,12,50,497
2021,8,19,13,0,536
2021,8,19,13,10,574
2021,8,19,13,20,610
2021,8,19,13,30,645
2021,8,19,13,40,678
2021,8,19,13,50,711
2021,8,19,14,0,741
2021,8,19,14,10,770
2021,8,19,14,20,797
2021,8,19,14,30,822
2021,8,19,14,40,846
2021,8,19,14,50,867
2021,8,19,15,0,887
2021,8,19,15,10,904
2021,8,19,15,20,920
2021,8,19,15,30,933
2021,8,19,15,40,944
2021,8,19,15,50,953
2021,8,19,16,0,960
2021,8,19,16,10,964
2021,8,19,16,20,967
2021,8,19,16,30,967
2021,8,19,16,40,965
2021,8,19,16,50,961
2021,8,19,17,0,955
2021,8,19,17,10,946
2021,8,19,17,20,936
2021,8,19,17,30,923
2021,8,19,17,40,908
2021,8,19,17,50,891
2021,8,19,18,0,872
2021,8,19,18,10,851
2021,8,19,18,20,828
2021,8,19,18,30,803
2021,8,19,18,40,777
2021,8,19,18,50,748
2021,8,19,19,0,718
2021,8,19,19,10,686
2021,8,19,19,20,653
2021,8,19,19,30,618
2021,8,19,19,40,582
2021,8,19,19,50,544
2021,8,19,20,0,505
2021,8,19,20,10,466
2021,8,19,20,20,425
2021,8,19,20,30,383
2021,8,19,20,40,341
2021,8,19,20,50,299
2021,8,19,21,0,255
2021,8,19,21,10,212
2021,8,19,21,20,165
2021,8,19,21,30,124
2021,8,19,21,40,86
2021,8,19,21,50,50
2021,8,19,22,0,20
2021,8,19,22,10,0
2021,8,19,22,20,0
2021,8,19,22,30,0
2021,8,19,22,40,0
2021,8,19,22,50,0
2021,8,19,23,0,0
2021,8,19,23,10,0
2021,8,19,23,20,0
2021,8,19,23,30,0
2021,8,19,23,40,0
2021,8,19,23,50,0
2021,8,20,0,0,0
2021,8,20,0,10,0
2021,8,20,0,20,0
2021,8,20,0,30,0
2021,8,20,0,40,0
2021,8,20,0,50,0
2021,8,20,1,0,0
2021,8,20,1,10,0
2021,8,20,1,20,0
2021,8,20,1,30,0
2021,8,20,1,40,0
2021,8,20,1,50,0
2021,8,20,2,0,0
2021,8,20,2,10,0
2021,8,20,2,20,0
2021,8,20,2,30,0
2021,8,20,2,40,0
2021,8,20,2,50,0
2021,8,20,3,0,0
2021,8,20,3,10,0
2021,8,20,3,20,0
2021,8,20,3,30,0
2021,8,20,3,40,0
2021,8,20,3,50,0
2021,8,20,4,0,0
2021,8,20,4,10,0
2021,8,20,4,20,0
2021,8,20,4,30,0
2021,8,20,4,40,0
2021,8,20,4,50,0
2021,8,20,5,0,0
2021,8,20,5,10,0
2021,8,20,5,20,0
2021,8,20,5,30,0
2021,8,20,5,40,0
2021,8,20,5,50,0
2021,8,20,6,0,0
2021,8,20,6,10,0
2021,8,20,6,20,0
2021,8,20,6,30,0
2021,8,20,6,40,0
2021,8,20,6,50,0
2021,8,20,7,0,0
2021,8,20,7,10,0
2021,8,20,7,20,0
2021,8,20,7,30,0
2021,8,20,7,40,0
2021,8,20,7,50,0
2021,8,20,8,0,0
2021,8,20,8,10,0
2021,8,20,8,20,0
2021,8,20,8,30,0
2021,8,20,8,40,0
2021,8,20,8,50,0
2021,8,20,9,0,0
2021,8,20,9,10,0
2021,8,20,9,20,0
2021,8,20,9,30,0
2021,8,20,9,40,0
2021,8,20,9,50,0
2021,8,20,10,0,0
2021,8,20,10,10,0
2021,8,20,10,20,0
2021,8,20,10,30,0
2021,8,20,10,40,0
2021,8,20,10,50,18
2021,8,20,11,0,47
2021,8,20,11,10,64
2021,8,20,11,20,123
2021,8,20,11,30,164
2021,8,20,11,40,102
2021,8,20,11,50,250
2021,8,20,12,0,293
2021,8,20,12,10,336
2021,8,20,12,20,379
2021,8,20,12,30,420
2021,8,20,12,40,461
2021,8,20,12,50,501
2021,8,20,13,0,540
2021,8,20,13,10,578
2021,8,20,13,20,615
2021,8,20,13,30,650
2021,8,20,13,40,684
2021,8,20,13,50,716
2021,8,20,14,0,747
2021,8,20,14,10,776
2021,8,20,14,20,803
2021,8,20,14,30,828
2021,8,20,14,40,851
2021,8,20,14,50,873
2021,8,20,15,0,892
2021,8,20,15,10,909
2021,8,20,15,20,925
2021,8,20,15,30,921
2021,8,20,15,40,933
2021,8,20,15,50,941
2021,8,20,16,0,948
2021,8,20,16,10,953
2021,8,20,16,20,955
2021,8,20,16,30,955
2021,8,20,16,40,955
2021,8,20,16,50,951
2021,8,20,17,0,944
2021,8,20,17,10,936
2021,8,20,17,20,925
2021,8,20,17,30,912
2021,8,20,17,40,898
2021,8,20,17,50,881
2021,8,20,18,0,862
2021,8,20,18,10,842
2021,8,20,18,20,819
2021,8,20,18,30,794
2021,8,20,18,40,768
2021,8,20,18,50,740
2021,8,20,19,0,710
2021,8,20,19,10,679
2021,8,20,19,20,646
2021,8,20,19,30,611
2021,8,20,19,40,575
2021,8,20,19,50,538
2021,8,20,20,0,500
2021,8,20,20,10,460
2021,8,20,20,20,414
2021,8,20,20,30,373
2021,8,20,20,40,332
2021,8,20,20,50,290
2021,8,20,21,0,247
2021,8,20,21,10,206
2021,8,20,21,20,164
2021,8,20,21,30,123
2021,8,20,21,40,84
2021,8,20,21,50,48
2021,8,20,22,0,20
2021,8,20,22,10,0
2021,8,20,22,20,0
2021,8,20,22,30,0
2021,8,20,22,40,0
2021,8,20,22,50,0
2021,8,20,23,0,0
2021,8,20,23,10,0
2021,8,20,23,20,0
2021,8,20,23,30,0
2021,8,20,23,40,0
2021,8,20,23,50,0
2021,8,21,0,0,0
2021,8,21,0,10,0
2021,8,21,0,20,0
2021,8,21,0,30,0
2021,8,21,0,40,0
2021,8,21,0,50,0
2021,8,21,1,0,0
2021,8,21,1,10,0
2021,8,21,1,20,0
2021,8,21,1,30,0
2021,8,21,1,40,0
2021,8,21,1,50,0
2021,8,21,2,0,0
2021,8,21,2,10,0
2021,8,21,2,20,0
2021,8,21,2,30,0
2021,8,21,2,40,0
2021,8,21,2,50,0
2021,8,21,3,0,0
2021,8,21,3,10,0
2021,8,21,3,20,0
2021,8,21,3,30,0
2021,8,21,3,40,0
2021,8,21,3,50,0
2021,8,21,4,0,0
2021,8,21,4,10,0
2021,8,21,4,20,0
2021,8,21,4,30,0
2021,8,21,4,40,0
2021,8,21,4,50,0
2021,8,21,5,0,0
2021,8,21,5,10,0
2021,8,21,5,20,0
2021,8,21,5,30,0
2021,8,21,5,40,0
2021,8,21,5,50,0
2021,8,21,6,0,0
2021,8,21,6,10,0
2021,8,21,6,20,0
2021,8,21,6,30,0
2021,8,21,6,40,0
2021,8,21,6,50,0
2021,8,21,7,0,0
2021,8,21,7,10,0
2021,8,21,7,20,0
2021,8,21,7,30,0
2021,8,21,7,40,0
2021,8,21,7,50,0
2021,8,21,8,0,0
2021,8,21,8,10,0
2021,8,21,8,20,0
2021,8,21,8,30,0
2021,8,21,8,40,0
2021,8,21,8,50,0
2021,8,21,9,0,0
2021,8,21,9,10,0
2021,8,21,9,20,0
2021,8,21,9,30,0
2021,8,21,9,40,0
2021,8,21,9,50,0
2021,8,21,10,0,0
2021,8,21,10,10,0
2021,8,21,10,20,0
2021,8,21,10,30,0
2021,8,21,10,40,0
2021,8,21,10,50,17
2021,8,21,11,0,43
2021,8,21,11,10,77
2021,8,21,11,20,114
2021,8,21,11,30,154
2021,8,21,11,40,196
2021,8,21,11,50,237
2021,8,21,12,0,279
2021,8,21,12,10,321
2021,8,21,12,20,366
2021,8,21,12,30,407
2021,8,21,12,40,449
2021,8,21,12,50,488
2021,8,21,13,0,527
2021,8,21,13,10,564
2021,8,21,13,20,600
2021,8,21,13,30,634
2021,8,21,13,40,668
2021,8,21,13,50,700
2021,8,21,14,0,730
2021,8,21,14,10,758
2021,8,21,14,20,785
2021,8,21,14,30,809
2021,8,21,14,40,833
2021,8,21,14,50,854
2021,8,21,15,0,873
2021,8,21,15,10,890
2021,8,21,15,20,905
2021,8,21,15,30,918
2021,8,21,15,40,929
2021,8,21,15,50,937
2021,8,21,16,0,944
2021,8,21,16,10,948
2021,8,21,16,20,951
2021,8,21,16,30,951
2021,8,21,16,40,949
2021,8,21,16,50,944
2021,8,21,17,0,938
2021,8,21,17,10,930
2021,8,21,17,20,919
2021,8,21,17,30,906
2021,8,21,17,40,891
2021,8,21,17,50,875
2021,8,21,18,0,856
2021,8,21,18,10,835
2021,8,21,18,20,812
2021,8,21,18,30,788
2021,8,21,18,40,762
2021,8,21,18,50,734
2021,8,21,19,0,704
2021,8,21,19,10,673
2021,8,21,19,20,640
2021,8,21,19,30,605
2021,8,21,19,40,570
2021,8,21,19,50,533
2021,8,21,20,0,495
2021,8,21,20,10,455
2021,8,21,20,20,415
2021,8,21,20,30,375
2021,8,21,20,40,333
2021,8,21,20,50,291
2021,8,21,21,0,248
2021,8,21,21,10,206
2021,8,21,21,20,165
2021,8,21,21,30,124
2021,8,21,21,40,85
2021,8,21,21,50,49
2021,8,21,22,0,20
2021,8,21,22,10,0
2021,8,21,22,20,0
2021,8,21,22,30,0
2021,8,21,22,40,0
2021,8,21,22,50,0
2021,8,21,23,0,0
2021,8,21,23,10,0
2021,8,21,23,20,0
2021,8,21,23,30,0
2021,8,21,23,40,0
2021,8,21,23,50,0
2021,8,22,0,0,0
2021,8,22,0,10,0
2021,8,22,0,20,0
2021,8,22,0,30,0
2021,8,22,0,40,0
2021,8,22,0,50,0
2021,8,22,1,0,0
2021,8,22,1,10,0
2021,8,22,1,20,0
2021,8,22,1,30,0
2021,8,22,1,40,0
2021,8,22,1,50,0
2021,8,22,2,0,0
2021,8,22,2,10,0
2021,8,22,2,20,0
2021,8,22,2,30,0
2021,8,22,2,40,0
2021,8,22,2,50,0
2021,8,22,3,0,0
2021,8,22,3,10,0
2021,8,22,3,20,0
2021,8,22,3,30,0
2021,8,22,3,40,0
2021,8,22,3,50,0
2021,8,22,4,0,0
2021,8,22,4,10,0
2021,8,22,4,20,0
2021,8,22,4,30,0
2021,8,22,4,40,0
2021,8,22,4,50,0
2021,8,22,5,0,0
2021,8,22,5,10,0
2021,8,22,5,20,0
2021,8,22,5,30,0
2021,8,22,5,40,0
2021,8,22,5,50,0
2021,8,22,6,0,0
2021,8,22,6,10,0
2021,8,22,6,20,0
2021,8,22,6,30,0
2021,8,22,6,40,0
2021,8,22,6,50,0
2021,8,22,7,0,0
2021,8,22,7,10,0
2021,8,22,7,20,0
2021,8,22,7,30,0
2021,8,22,7,40,0
2021,8,22,7,50,0
2021,8,22,8,0,0
2021,8,22,8,10,0
2021,8,22,8,20,0
2021,8,22,8,30,0
2021,8,22,8,40,0
2021,8,22,8,50,0
2021,8,22,9,0,0
2021,8,22,9,10,0
2021,8,22,9,20,0
2021,8,22,9,30,0
2021,8,22,9,40,0
2021,8,22,9,50,0
2021,8,22,10,0,0
2021,8,22,10,10,0
2021,8,22,10,20,0
2021,8,22,10,30,0
2021,8,22,10,40,0
2021,8,22,10,50,12
2021,8,22,11,0,40
2021,8,22,11,10,101
2021,8,22,11,20,106
2021,8,22,11,30,190
2021,8,22,11,40,235
2021,8,22,11,50,281
2021,8,22,12,0,327
2021,8,22,12,10,372
2021,8,22,12,20,417
2021,8,22,12,30,460
2021,8,22,12,40,503
2021,8,22,12,50,545
2021,8,22,13,0,586
2021,8,22,13,10,625
2021,8,22,13,20,663
2021,8,22,13,30,700
2021,8,22,13,40,735
2021,8,22,13,50,768
2021,8,22,14,0,799
2021,8,22,14,10,829
2021,8,22,14,20,857
2021,8,22,14,30,838
2021,8,22,14,40,861
2021,8,22,14,50,883
2021,8,22,15,0,902
2021,8,22,15,10,919
2021,8,22,15,20,935
2021,8,22,15,30,948
2021,8,22,15,40,959
2021,8,22,15,50,968
2021,8,22,16,0,974
2021,8,22,16,10,979
2021,8,22,16,20,981
2021,8,22,16,30,981
2021,8,22,16,40,979
2021,8,22,16,50,975
2021,8,22,17,0,968
2021,8,22,17,10,960
2021,8,22,17,20,949
2021,8,22,17,30,936
2021,8,22,17,40,921
2021,8,22,17,50,903
2021,8,22,18,0,884
2021,8,22,18,10,863
2021,8,22,18,20,840
2021,8,22,18,30,814
2021,8,22,18,40,787
2021,8,22,18,50,759
2021,8,22,19,0,728
2021,8,22,19,10,696
2021,8,22,19,20,662
2021,8,22,19,30,627
2021,8,22,19,40,591
2021,8,22,19,50,553
2021,8,22,20,0,514
2021,8,22,20,10,474
2021,8,22,20,20,433
2021,8,22,20,30,391
2021,8,22,20,40,348
2021,8,22,20,50,305
2021,8,22,21,0,262
2021,8,22,21,10,218
2021,8,22,21,20,175
2021,8,22,21,30,133
2021,8,22,21,40,93
2021,8,22,21,50,55
2021,8,22,22,0,24
2021,8,22,22,10,0
2021,8,22,22,20,0
2021,8,22,22,30,0
2021,8,22,22,40,0
2021,8,22,22,50,0
2021,8,22,23,0,0
2021,8,22,23,10,0
2021,8,22,23,20,0
2021,8,22,23,30,0
2021,8,22,23,40,0
2021,8,22,23,50,0
2021,8,23,0,0,0
2021,8,23,0,10,0
2021,8,23,0,20,0
2021,8,23,0,30,0
2021,8,23,0,40,0
2021,8,23,0,50,0
2021,8,23,1,0,0
2021,8,23,1,10,0
2021,8,23,1,20,0
2021,8,23,1,30,0
2021,8,23,1,40,0
2021,8,23,1,50,0
2021,8,23,2,0,0
2021,8,23,2,10,0
2021,8,23,2,20,0
2021,8,23,2,30,0
2021,8,23,2,40,0
2021,8,23,2,50,0
2021,8,23,3,0,0
2021,8,23,3,10,0
2021,8,23,3,20,0
2021,8,23,3,30,0
2021,8,23,3,40,0
2021,8,23,3,50,0
2021,8,23,4,0,0
2021,8,23,4,10,0
2021,8,23,4,20,0
2021,8,23,4,30,0
2021,8,23,4,40,0
2021,8,23,4,50,0
2021,8,23,5,0,0
2021,8,23,5,10,0
2021,8,23,5,20,0
2021,8,23,5,30,0
2021,8,23,5,40,0
2021,8,23,5,50,0
2021,8,23,6,0,0
2021,8,23,6,10,0
2021,8,23,6,20,0
2021,8,23,6,30,0
2021,8,23,6,40,0
2021,8,23,6,50,0
2021,8,23,7,0,0
2021,8,23,7,10,0
2021,8,23,7,20,0
2021,8,23,7,30,0
2021,8,23,7,40,0
2021,8,23,7,50,0
2021,8,23,8,0,0
2021,8,23,8,10,0
2021,8,23,8,20,0
2021,8,23,8,30,0
2021,8,23,8,40,0
2021,8,23,8,50,0
2021,8,23,9,0,0
2021,8,23,9,10,0
2021,8,23,9,20,0
2021,8,23,9,30,0
2021,8,23,9,40,0
2021,8,23,9,50,0
2021,8,23,10,0,0
2021,8,23,10,10,0
2021,8,23,10,20,0
2021,8,23,10,30,0
2021,8,23,10,40,0
2021,8,23,10,50,13
2021,8,23,11,0,39
2021,8,23,11,10,76
2021,8,23,11,20,134
2021,8,23,11,30,176
2021,8,23,11,40,239
2021,8,23,11,50,286
2021,8,23,12,0,331
2021,8,23,12,10,377
2021,8,23,12,20,421
2021,8,23,12,30,465
2021,8,23,12,40,508
2021,8,23,12,50,550
2021,8,23,13,0,591
2021,8,23,13,10,593
2021,8,23,13,20,630
2021,8,23,13,30,665
2021,8,23,13,40,698
2021,8,23,13,50,731
2021,8,23,14,0,761
2021,8,23,14,10,790
2021,8,23,14,20,817
2021,8,23,14,30,842
2021,8,23,14,40,866
2021,8,23,14,50,888
2021,8,23,15,0,907
2021,8,23,15,10,925
2021,8,23,15,20,940
2021,8,23,15,30,953
2021,8,23,15,40,963
2021,8,23,15,50,972
2021,8,23,16,0,979
2021,8,23,16,10,983
2021,8,23,16,20,986
2021,8,23,16,30,986
2021,8,23,16,40,984
2021,8,23,16,50,980
2021,8,23,17,0,973
2021,8,23,17,10,964
2021,8,23,17,20,953
2021,8,23,17,30,940
2021,8,23,17,40,924
2021,8,23,17,50,907
2021,8,23,18,0,888
2021,8,23,18,10,866
2021,8,23,18,20,843
2021,8,23,18,30,818
2021,8,23,18,40,791
2021,8,23,18,50,762
2021,8,23,19,0,731
2021,8,23,19,10,699
2021,8,23,19,20,665
2021,8,23,19,30,630
2021,8,23,19,40,594
2021,8,23,19,50,556
2021,8,23,20,0,517
2021,8,23,20,10,476
2021,8,23,20,20,435
2021,8,23,20,30,393
2021,8,23,20,40,350
2021,8,23,20,50,307
2021,8,23,21,0,264
2021,8,23,21,10,220
2021,8,23,21,20,172
2021,8,23,21,30,131
2021,8,23,21,40,91
2021,8,23,21,50,54
2021,8,23,22,0,24
2021,8,23,22,10,0
2021,8,23,22,20,0
2021,8,23,22,30,0
2021,8,23,22,40,0
2021,8,23,22,50,0
2021,8,23,23,0,0
2021,8,23,23,10,0
2021,8,23,23,20,0
2021,8,23,23,30,0
2021,8,23,23,40,0
2021,8,23,23,50,0
2021,8,24,0,0,0
2021,8,24,0,10,0
2021,8,24,0,20,0
2021,8,24,0,30,0
2021,8,24,0,40,0
2021,8,24,0,50,0
2021,8,24,1,0,0
2021,8,24,1,10,0
2021,8,24,1,20,0
2021,8,24,1,30,0
2021,8,24,1,40,0
2021,8,24,1,50,0
2021,8,24,2,0,0
2021,8,24,2,10,0
2021,8,24,2,20,0
2021,8,24,2,30,0
2021,8,24,2,40,0
2021,8,24,2,50,0
2021,8,24,3,0,0
2021,8,24,3,10,0
2021,8,24,3,20,0
2021,8,24,3,30,0
2021,8,24,3,40,0
2021,8,24,3,50,0
2021,8,24,4,0,0
2021,8,24,4,10,0
2021,8,24,4,20,0
2021,8,24,4,30,0
2021,8,24,4,40,0
2021,8,24,4,50,0
2021,8,24,5,0,0
2021,8,24,5,10,0
2021,8,24,5,20,0
2021,8,24,5,30,0
2021,8,24,5,40,0
2021,8,24,5,50,0
2021,8,24,6,0,0
2021,8,24,6,10,0
2021,8,24,6,20,0
2021,8,24,6,30,0
2021,8,24,6,40,0
2021,8,24,6,50,0
2021,8,24,7,0,0
2021,8,24,7,10,0
2021,8,24,7,20,0
2021,8,24,7,30,0
2021,8,24,7,40,0
2021,8,24,7,50,0
2021,8,24,8,0,0
2021,8,24,8,10,0
2021,8,24,8,20,0
2021,8,24,8,30,0
2021,8,24,8,40,0
2021,8,24,8,50,0
2021,8,24,9,0,0
2021,8,24,9,10,0
2021,8,24,9,20,0
2021,8,24,9,30,0
2021,8,24,9,40,0
2021,8,24,9,50,0
2021,8,24,10,0,0
2021,8,24,10,10,0
2021,8,24,10,20,0
2021,8,24,10,30,0
2021,8,24,10,40,0
2021,8,24,10,50,15
2021,8,24,11,0,40
2021,8,24,11,10,77
2021,8,24,11,20,108
2021,8,24,11,30,181
2021,8,24,11,40,114
2021,8,24,11,50,154
2021,8,24,12,0,311
2021,8,24,12,10,223
2021,8,24,12,20,397
2021,8,24,12,30,440
2021,8,24,12,40,481
2021,8,24,12,50,521
2021,8,24,13,0,560
2021,8,24,13,10,598
2021,8,24,13,20,635
2021,8,24,13,30,671
2021,8,24,13,40,705
2021,8,24,13,50,737
2021,8,24,14,0,768
2021,8,24,14,10,797
2021,8,24,14,20,824
2021,8,24,14,30,849
2021,8,24,14,40,873
2021,8,24,14,50,895
2021,8,24,15,0,914
2021,8,24,15,10,931
2021,8,24,15,20,947
2021,8,24,15,30,960
2021,8,24,15,40,971
2021,8,24,15,50,980
2021,8,24,16,0,986
2021,8,24,16,10,991
2021,8,24,16,20,993
2021,8,24,16,30,993
2021,8,24,16,40,991
2021,8,24,16,50,986
2021,8,24,17,0,980
2021,8,24,17,10,971
2021,8,24,17,20,960
2021,8,24,17,30,947
2021,8,24,17,40,930
2021,8,24,17,50,913
2021,8,24,18,0,894
2021,8,24,18,10,872
2021,8,24,18,20,849
2021,8,24,18,30,823
2021,8,24,18,40,797
2021,8,24,18,50,768
2021,8,24,19,0,737
2021,8,24,19,10,704
2021,8,24,19,20,670
2021,8,24,19,30,635
2021,8,24,19,40,598
2021,8,24,19,50,560
2021,8,24,20,0,520
2021,8,24,20,10,480
2021,8,24,20,20,438
2021,8,24,20,30,396
2021,8,24,20,40,353
2021,8,24,20,50,309
2021,8,24,21,0,265
2021,8,24,21,10,216
2021,8,24,21,20,173
2021,8,24,21,30,132
2021,8,24,21,40,92
2021,8,24,21,50,55
2021,8,24,22,0,24
2021,8,24,22,10,0
2021,8,24,22,20,0
2021,8,24,22,30,0
2021,8,24,22,40,0
2021,8,24,22,50,0
2021,8,24,23,0,0
2021,8,24,23,10,0
2021,8,24,23,20,0
2021,8,24,23,30,0
2021,8,24,23,40,0
2021,8,24,23,50,0
2021,8,25,0,0,0
2021,8,25,0,10,0
2021,8,25,0,20,0
2021,8,25,0,30,0
2021,8,25,0,40,0
2021,8,25,0,50,0
2021,8,25,1,0,0
2021,8,25,1,10,0
2021,8,25,1,20,0
2021,8,25,1,30,0
2021,8,25,1,40,0
2021,8,25,1,50,0
2021,8,25,2,0,0
2021,8,25,2,10,0
2021,8,25,2,20,0
2021,8,25,2,30,0
2021,8,25,2,40,0
2021,8,25,2,50,0
2021,8,25,3,0,0
2021,8,25,3,10,0
2021,8,25,3,20,0
2021,8,25,3,30,0
2021,8,25,3,40,0
2021,8,25,3,50,0
2021,8,25,4,0,0
2021,8,25,4,10,0
2021,8,25,4,20,0
2021,8,25,4,30,0
2021,8,25,4,40,0
2021,8,25,4,50,0
2021,8,25,5,0,0
2021,8,25,5,10,0
2021,8,25,5,20,0
2021,8,25,5,30,0
2021,8,25,5,40,0
2021,8,25,5,50,0
2021,8,25,6,0,0
2021,8,25,6,10,0
2021,8,25,6,20,0
2021,8,25,6,30,0
2021,8,25,6,40,0
2021,8,25,6,50,0
2021,8,25,7,0,0
2021,8,25,7,10,0
2021,8,25,7,20,0
2021,8,25,7,30,0
2021,8,25,7,40,0
2021,8,25,7,50,0
2021,8,25,8,0,0
2021,8,25,8,10,0
2021,8,25,8,20,0
2021,8,25,8,30,0
2021,8,25,8,40,0
2021,8,25,8,50,0
2021,8,25,9,0,0
2021,8,25,9,10,0
2021,8,25,9,20,0
2021,8,25,9,30,0
2021,8,25,9,40,0
2021,8,25,9,50,0
2021,8,25,10,0,0
2021,8,25,10,10,0
2021,8,25,10,20,0
2021,8,25,10,30,0
2021,8,25,10,40,0
2021,8,25,10,50,28
2021,8,25,11,0,60
2021,8,25,11,10,101
2021,8,25,11,20,142
2021,8,25,11,30,184
2021,8,25,11,40,228
2021,8,25,11,50,272
2021,8,25,12,0,316
2021,8,25,12,10,359
2021,8,25,12,20,402
2021,8,25,12,30,444
2021,8,25,12,40,485
2021,8,25,12,50,526
2021,8,25,13,0,565
2021,8,25,13,10,603
2021,8,25,13,20,640
2021,8,25,13,30,675
2021,8,25,13,40,709
2021,8,25,13,50,741
2021,8,25,14,0,772
2021,8,25,14,10,801
2021,8,25,14,20,828
2021,8,25,14,30,853
2021,8,25,14,40,878
2021,8,25,14,50,899
2021,8,25,15,0,918
2021,8,25,15,10,936
2021,8,25,15,20,951
2021,8,25,15,30,964
2021,8,25,15,40,974
2021,8,25,15,50,983
2021,8,25,16,0,990
2021,8,25,16,10,994
2021,8,25,16,20,996
2021,8,25,16,30,996
2021,8,25,16,40,993
2021,8,25,16,50,988
2021,8,25,17,0,981
2021,8,25,17,10,972
2021,8,25,17,20,961
2021,8,25,17,30,948
2021,8,25,17,40,933
2021,8,25,17,50,915
2021,8,25,18,0,895
2021,8,25,18,10,874
2021,8,25,18,20,850
2021,8,25,18,30,825
2021,8,25,18,40,797
2021,8,25,18,50,768
2021,8,25,19,0,737
2021,8,25,19,10,705
2021,8,25,19,20,671
2021,8,25,19,30,635
2021,8,25,19,40,599
2021,8,25,19,50,560
2021,8,25,20,0,521
2021,8,25,20,10,481
2021,8,25,20,20,439
2021,8,25,20,30,397
2021,8,25,20,40,354
2021,8,25,20,50,310
2021,8,25,21,0,267
2021,8,25,21,10,223
2021,8,25,21,20,180
2021,8,25,21,30,137
2021,8,25,21,40,96
2021,8,25,21,50,58
2021,8,25,22,0,26
2021,8,25,22,10,0
2021,8,25,22,20,0
2021,8,25,22,30,0
2021,8,25,22,40,0
2021,8,25,22,50,0
2021,8,25,23,0,0
2021,8,25,23,10,0
2021,8,25,23,20,0
2021,8,25,23,30,0
2021,8,25,23,40,0
2021,8,25,23,50,0
2021,8,26,0,0,0
2021,8,26,0,10,0
2021,8,26,0,20,0
2021,8,26,0,30,0
2021,8,26,0,40,0
2021,8,26,0,50,0
2021,8,26,1,0,0
2021,8,26,1,10,0
2021,8,26,1,20,0
2021,8,26,1,30,0
2021,8,26,1,40,0
2021,8,26,1,50,0
2021,8,26,2,0,0
2021,8,26,2,10,0
2021,8,26,2,20,0
2021,8,26,2,30,0
2021,8,26,2,40,0
2021,8,26,2,50,0
2021,8,26,3,0,0
2021,8,26,3,10,0
2021,8,26,3,20,0
2021,8,26,3,30,0
2021,8,26,3,40,0
2021,8,26,3,50,0
2021,8,26,4,0,0
2021,8,26,4,10,0
2021,8,26,4,20,0
2021,8,26,4,30,0
2021,8,26,4,40,0
2021,8,26,4,50,0
2021,8,26,5,0,0
2021,8,26,5,10,0
2021,8,26,5,20,0
2021,8,26,5,30,0
2021,8,26,5,40,0
2021,8,26,5,50,0
2021,8,26,6,0,0
2021,8,26,6,10,0
2021,8,26,6,20,0
2021,8,26,6,30,0
2021,8,26,6,40,0
2021,8,26,6,50,0
2021,8,26,7,0,0
2021,8,26,7,10,0
2021,8,26,7,20,0
2021,8,26,7,30,0
2021,8,26,7,40,0
2021,8,26,7,50,0
2021,8,26,8,0,0
2021,8,26,8,10,0
2021,8,26,8,20,0
2021,8,26,8,30,0
2021,8,26,8,40,0
2021,8,26,8,50,0
2021,8,26,9,0,0
2021,8,26,9,10,0
2021,8,26,9,20,0
2021,8,26,9,30,0
2021,8,26,9,40,0
2021,8,26,9,50,0
2021,8,26,10,0,0
2021,8,26,10,10,0
2021,8,26,10,20,0
2021,8,26,10,30,0
2021,8,26,10,40,0
2021,8,26,10,50,20
2021,8,26,11,0,53
2021,8,26,11,10,117
2021,8,26,11,20,161
2021,8,26,11,30,207
2021,8,26,11,40,253
2021,8,26,11,50,299
2021,8,26,12,0,345
2021,8,26,12,10,391
2021,8,26,12,20,436
2021,8,26,12,30,480
2021,8,26,12,40,523
2021,8,26,12,50,565
2021,8,26,13,0,606
2021,8,26,13,10,608
2021,8,26,13,20,645
2021,8,26,13,30,680
2021,8,26,13,40,714
2021,8,26,13,50,746
2021,8,26,14,0,777
2021,8,26,14,10,806
2021,8,26,14,20,833
2021,8,26,14,30,859
2021,8,26,14,40,881
2021,8,26,14,50,903
2021,8,26,15,0,922
2021,8,26,15,10,939
2021,8,26,15,20,954
2021,8,26,15,30,967
2021,8,26,15,40,979
2021,8,26,15,50,988
2021,8,26,16,0,994
2021,8,26,16,10,999
2021,8,26,16,20,1001
2021,8,26,16,30,1000
2021,8,26,16,40,998
2021,8,26,16,50,993
2021,8,26,17,0,986
2021,8,26,17,10,978
2021,8,26,17,20,966
2021,8,26,17,30,953
2021,8,26,17,40,938
2021,8,26,17,50,921
2021,8,26,18,0,901
2021,8,26,18,10,879
2021,8,26,18,20,855
2021,8,26,18,30,830
2021,8,26,18,40,803
2021,8,26,18,50,774
2021,8,26,19,0,743
2021,8,26,19,10,710
2021,8,26,19,20,676
2021,8,26,19,30,640
2021,8,26,19,40,603
2021,8,26,19,50,565
2021,8,26,20,0,525
2021,8,26,20,10,484
2021,8,26,20,20,443
2021,8,26,20,30,400
2021,8,26,20,40,357
2021,8,26,20,50,313
2021,8,26,21,0,269
2021,8,26,21,10,225
2021,8,26,21,20,182
2021,8,26,21,30,139
2021,8,26,21,40,98
2021,8,26,21,50,59
2021,8,26,22,0,27
2021,8,26,22,10,0
2021,8,26,22,20,0
2021,8,26,22,30,0
2021,8,26,22,40,0
2021,8,26,22,50,0
2021,8,26,23,0,0
2021,8,26,23,10,0
2021,8,26,23,20,0
2021,8,26,23,30,0
2021,8,26,23,40,0
2021,8,26,23,50,0
2021,8,27,0,0,0
2021,8,27,0,10,0
2021,8,27,0,20,0
2021,8,27,0,30,0
2021,8,27,0,40,0
2021,8,27,0,50,0
2021,8,27,1,0,0
2021,8,27,1,10,0
2021,8,27,1,20,0
2021,8,27,1,30,0
2021,8,27,1,40,0
2021,8,27,1,50,0
2021,8,27,2,0,0
2021,8,27,2,10,0
2021,8,27,2,20,0
2021,8,27,2,30,0
2021,8,27,2,40,0
2021,8,27,2,50,0
2021,8,27,3,0,0
2021,8,27,3,10,0
2021,8,27,3,20,0
2021,8,27,3,30,0
2021,8,27,3,40,0
2021,8,27,3,50,0
2021,8,27,4,0,0
2021,8,27,4,10,0
2021,8,27,4,20,0
2021,8,27,4,30,0
2021,8,27,4,40,0
2021,8,27,4,50,0
2021,8,27,5,0,0
2021,8,27,5,10,0
2021,8,27,5,20,0
2021,8,27,5,30,0
2021,8,27,5,40,0
2021,8,27,5,50,0
2021,8,27,6,0,0
2021,8,27,6,10,0
2021,8,27,6,20,0
2021,8,27,6,30,0
2021,8,27,6,40,0
2021,8,27,6,50,0
2021,8,27,7,0,0
2021,8,27,7,10,0
2021,8,27,7,20,0
2021,8,27,7,30,0
2021,8,27,7,40,0
2021,8,27,7,50,0
2021,8,27,8,0,0
2021,8,27,8,10,0
2021,8,27,8,20,0
2021,8,27,8,30,0
2021,8,27,8,40,0
2021,8,27,8,50,0
2021,8,27,9,0,0
2021,8,27,9,10,0
2021,8,27,9,20,0
2021,8,27,9,30,0
2021,8,27,9,40,0
2021,8,27,9,50,0
2021,8,27,10,0,0
2021,8,27,10,10,0
2021,8,27,10,20,0
2021,8,27,10,30,0
2021,8,27,10,40,0
2021,8,27,10,50,21
2021,8,27,11,0,69
2021,8,27,11,10,87
2021,8,27,11,20,149
2021,8,27,11,30,192
2021,8,27,11,40,236
2021,8,27,11,50,280
2021,8,27,12,0,324
2021,8,27,12,10,367
2021,8,27,12,20,410
2021,8,27,12,30,453
2021,8,27,12,40,494
2021,8,27,12,50,535
2021,8,27,13,0,574
2021,8,27,13,10,612
2021,8,27,13,20,649
2021,8,27,13,30,684
2021,8,27,13,40,718
2021,8,27,13,50,750
2021,8,27,14,0,781
2021,8,27,14,10,810
2021,8,27,14,20,837
2021,8,27,14,30,862
2021,8,27,14,40,885
2021,8,27,14,50,906
2021,8,27,15,0,925
2021,8,27,15,10,942
2021,8,27,15,20,958
2021,8,27,15,30,971
2021,8,27,15,40,981
2021,8,27,15,50,990
2021,8,27,16,0,997
2021,8,27,16,10,1001
2021,8,27,16,20,1003
2021,8,27,16,30,1003
2021,8,27,16,40,1000
2021,8,27,16,50,995
2021,8,27,17,0,988
2021,8,27,17,10,979
2021,8,27,17,20,968
2021,8,27,17,30,955
2021,8,27,17,40,939
2021,8,27,17,50,921
2021,8,27,18,0,902
2021,8,27,18,10,880
2021,8,27,18,20,856
2021,8,27,18,30,831
2021,8,27,18,40,804
2021,8,27,18,50,774
2021,8,27,19,0,744
2021,8,27,19,10,711
2021,8,27,19,20,677
2021,8,27,19,30,641
2021,8,27,19,40,604
2021,8,27,19,50,566
2021,8,27,20,0,526
2021,8,27,20,10,485
2021,8,27,20,20,444
2021,8,27,20,30,401
2021,8,27,20,40,358
2021,8,27,20,50,315
2021,8,27,21,0,271
2021,8,27,21,10,221
2021,8,27,21,20,178
2021,8,27,21,30,136
2021,8,27,21,40,96
2021,8,27,21,50,58
2021,8,27,22,0,27
2021,8,27,22,10,0
2021,8,27,22,20,0
2021,8,27,22,30,0
2021,8,27,22,40,0
2021,8,27,22,50,0
2021,8,27,23,0,0
2021,8,27,23,10,0
2021,8,27,23,20,0
2021,8,27,23,30,0
2021,8,27,23,40,0
2021,8,27,23,50,0
2021,8,28,0,0,0
2021,8,28,0,10,0
2021,8,28,0,20,0
2021,8,28,0,30,0
2021,8,28,0,40,0
2021,8,28,0,50,0
2021,8,28,1,0,0
2021,8,28,1,10,0
2021,8,28,1,20,0
2021,8,28,1,30,0
2021,8,28,1,40,0
2021,8,28,1,50,0
2021,8,28,2,0,0
2021,8,28,2,10,0
2021,8,28,2,20,0
2021,8,28,2,30,0
2021,8,28,2,40,0
2021,8,28,2,50,0
2021,8,28,3,0,0
2021,8,28,3,10,0
2021,8,28,3,20,0
2021,8,28,3,30,0
2021,8,28,3,40,0
2021,8,28,3,50,0
2021,8,28,4,0,0
2021,8,28,4,10,0
2021,8,28,4,20,0
2021,8,28,4,30,0
2021,8,28,4,40,0
2021,8,28,4,50,0
2021,8,28,5,0,0
2021,8,28,5,10,0
2021,8,28,5,20,0
2021,8,28,5,30,0
2021,8,28,5,40,0
2021,8,28,5,50,0
2021,8,28,6,0,0
2021,8,28,6,10,0
2021,8,28,6,20,0
2021,8,28,6,30,0
2021,8,28,6,40,0
2021,8,28,6,50,0
2021,8,28,7,0,0
2021,8,28,7,10,0
2021,8,28,7,20,0
2021,8,28,7,30,0
2021,8,28,7,40,0
2021,8,28,7,50,0
2021,8,28,8,0,0
2021,8,28,8,10,0
2021,8,28,8,20,0
2021,8,28,8,30,0
2021,8,28,8,40,0
2021,8,28,8,50,0
2021,8,28,9,0,0
2021,8,28,9,10,0
2021,8,28,9,20,0
2021,8,28,9,30,0
2021,8,28,9,40,0
2021,8,28,9,50,0
2021,8,28,10,0,0
2021,8,28,10,10,0
2021,8,28,10,20,0
2021,8,28,10,30,0
2021,8,28,10,40,0
2021,8,28,10,50,23
2021,8,28,11,0,56
2021,8,28,11,10,91
2021,8,28,11,20,153
2021,8,28,11,30,196
2021,8,28,11,40,240
2021,8,28,11,50,308
2021,8,28,12,0,354
2021,8,28,12,10,400
2021,8,28,12,20,445
2021,8,28,12,30,489
2021,8,28,12,40,532
2021,8,28,12,50,574
2021,8,28,13,0,615
2021,8,28,13,10,655
2021,8,28,13,20,693
2021,8,28,13,30,729
2021,8,28,13,40,764
2021,8,28,13,50,797
2021,8,28,14,0,829
2021,8,28,14,10,859
2021,8,28,14,20,887
2021,8,28,14,30,913
2021,8,28,14,40,937
2021,8,28,14,50,959
2021,8,28,15,0,931
2021,8,28,15,10,949
2021,8,28,15,20,964
2021,8,28,15,30,977
2021,8,28,15,40,988
2021,8,28,15,50,996
2021,8,28,16,0,1002
2021,8,28,16,10,1007
2021,8,28,16,20,1009
2021,8,28,16,30,1008
2021,8,28,16,40,1006
2021,8,28,16,50,1002
2021,8,28,17,0,995
2021,8,28,17,10,985
2021,8,28,17,20,974
2021,8,28,17,30,961
2021,8,28,17,40,945
2021,8,28,17,50,927
2021,8,28,18,0,907
2021,8,28,18,10,885
2021,8,28,18,20,861
2021,8,28,18,30,836
2021,8,28,18,40,808
2021,8,28,18,50,779
2021,8,28,19,0,748
2021,8,28,19,10,715
2021,8,28,19,20,681
2021,8,28,19,30,645
2021,8,28,19,40,608
2021,8,28,19,50,570
2021,8,28,20,0,530
2021,8,28,20,10,489
2021,8,28,20,20,447
2021,8,28,20,30,404
2021,8,28,20,40,353
2021,8,28,20,50,310
2021,8,28,21,0,267
2021,8,28,21,10,223
2021,8,28,21,20,180
2021,8,28,21,30,138
2021,8,28,21,40,97
2021,8,28,21,50,60
2021,8,28,22,0,28
2021,8,28,22,10,0
2021,8,28,22,20,0
2021,8,28,22,30,0
2021,8,28,22,40,0
2021,8,28,22,50,0
2021,8,28,23,0,0
2021,8,28,23,10,0
2021,8,28,23,20,0
2021,8,28,23,30,0
2021,8,28,23,40,0
2021,8,28,23,50,0
2021,8,29,0,0,0
2021,8,29,0,10,0
2021,8,29,0,20,0
2021,8,29,0,30,0
2021,8,29,0,40,0
2021,8,29,0,50,0
2021,8,29,1,0,0
2021,8,29,1,10,0
2021,8,29,1,20,0
2021,8,29,1,30,0
2021,8,29,1,40,0
2021,8,29,1,50,0
2021,8,29,2,0,0
2021,8,29,2,10,0
2021,8,29,2,20,0
2021,8,29,2,30,0
2021,8,29,2,40,0
2021,8,29,2,50,0
2021,8,29,3,0,0
2021,8,29,3,10,0
2021,8,29,3,20,0
2021,8,29,3,30,0
2021,8,29,3,40,0
2021,8,29,3,50,0
2021,8,29,4,0,0
2021,8,29,4,10,0
2021,8,29,4,20,0
2021,8,29,4,30,0
2021,8,29,4,40,0
2021,8,29,4,50,0
2021,8,29,5,0,0
2021,8,29,5,10,0
2021,8,29,5,20,0
2021,8,29,5,30,0
2021,8,29,5,40,0
2021,8,29,5,50,0
2021,8,29,6,0,0
2021,8,29,6,10,0
2021,8,29,6,20,0
2021,8,29,6,30,0
2021,8,29,6,40,0
2021,8,29,6,50,0
2021,8,29,7,0,0
2021,8,29,7,10,0
2021,8,29,7,20,0
2021,8,29,7,30,0
2021,8,29,7,40,0
2021,8,29,7,50,0
2021,8,29,8,0,0
2021,8,29,8,10,0
2021,8,29,8,20,0
2021,8,29,8,30,0
2021,8,29,8,40,0
2021,8,29,8,50,0
2021,8,29,9,0,0
2021,8,29,9,10,0
2021,8,29,9,20,0
2021,8,29,9,30,0
2021,8,29,9,40,0
2021,8,29,9,50,0
2021,8,29,10,0,0
2021,8,29,10,10,0
2021,8,29,10,20,0
2021,8,29,10,30,0
2021,8,29,10,40,0
2021,8,29,10,50,39
2021,8,29,11,0,73
2021,8,29,11,10,112
2021,8,29,11,20,154
2021,8,29,11,30,196
2021,8,29,11,40,239
2021,8,29,11,50,283
2021,8,29,12,0,326
2021,8,29,12,10,369
2021,8,29,12,20,412
2021,8,29,12,30,454
2021,8,29,12,40,488
2021,8,29,12,50,527
2021,8,29,13,0,566
2021,8,29,13,10,603
2021,8,29,13,20,639
2021,8,29,13,30,674
2021,8,29,13,40,707
2021,8,29,13,50,738
2021,8,29,14,0,769
2021,8,29,14,10,797
2021,8,29,14,20,816
2021,8,29,14,30,840
2021,8,29,14,40,863
2021,8,29,14,50,884
2021,8,29,15,0,902
2021,8,29,15,10,919
2021,8,29,15,20,934
2021,8,29,15,30,939
2021,8,29,15,40,950
2021,8,29,15,50,959
2021,8,29,16,0,965
2021,8,29,16,10,969
2021,8,29,16,20,970
2021,8,29,16,30,970
2021,8,29,16,40,961
2021,8,29,16,50,956
2021,8,29,17,0,949
2021,8,29,17,10,940
2021,8,29,17,20,929
2021,8,29,17,30,916
2021,8,29,17,40,901
2021,8,29,17,50,884
2021,8,29,18,0,865
2021,8,29,18,10,843
2021,8,29,18,20,820
2021,8,29,18,30,795
2021,8,29,18,40,768
2021,8,29,18,50,740
2021,8,29,19,0,710
2021,8,29,19,10,678
2021,8,29,19,20,645
2021,8,29,19,30,610
2021,8,29,19,40,575
2021,8,29,19,50,537
2021,8,29,20,0,499
2021,8,29,20,10,460
2021,8,29,20,20,420
2021,8,29,20,30,378
2021,8,29,20,40,337
2021,8,29,20,50,295
2021,8,29,21,0,253
2021,8,29,21,10,211
2021,8,29,21,20,168
2021,8,29,21,30,128
2021,8,29,21,40,89
2021,8,29,21,50,54
2021,8,29,22,0,25
2021,8,29,22,10,0
2021,8,29,22,20,0
2021,8,29,22,30,0
2021,8,29,22,40,0
2021,8,29,22,50,0
2021,8,29,23,0,0
2021,8,29,23,10,0
2021,8,29,23,20,0
2021,8,29,23,30,0
2021,8,29,23,40,0
2021,8,29,23,50,0
2021,8,30,0,0,0
2021,8,30,0,10,0
2021,8,30,0,20,0
2021,8,30,0,30,0
2021,8,30,0,40,0
2021,8,30,0,50,0
2021,8,30,1,0,0
2021,8,30,1,10,0
2021,8,30,1,20,0
2021,8,30,1,30,0
2021,8,30,1,40,0
2021,8,30,1,50,0
2021,8,30,2,0,0
2021,8,30,2,10,0
2021,8,30,2,20,0
2021,8,30,2,30,0
2021,8,30,2,40,0
2021,8,30,2,50,0
2021,8,30,3,0,0
2021,8,30,3,10,0
2021,8,30,3,20,0
2021,8,30,3,30,0
2021,8,30,3,40,0
2021,8,30,3,50,0
2021,8,30,4,0,0
2021,8,30,4,10,0
2021,8,30,4,20,0
2021,8,30,4,30,0
2021,8,30,4,40,0
2021,8,30,4,50,0
2021,8,30,5,0,0
2021,8,30,5,10,0
2021,8,30,5,20,0
2021,8,30,5,30,0
2021,8,30,5,40,0
2021,8,30,5,50,0
2021,8,30,6,0,0
2021,8,30,6,10,0
2021,8,30,6,20,0
2021,8,30,6,30,0
2021,8,30,6,40,0
2021,8,30,6,50,0
2021,8,30,7,0,0
2021,8,30,7,10,0
2021,8,30,7,20,0
2021,8,30,7,30,0
2021,8,30,7,40,0
2021,8,30,7,50,0
2021,8,30,8,0,0
2021,8,30,8,10,0
2021,8,30,8,20,0
2021,8,30,8,30,0
2021,8,30,8,40,0
2021,8,30,8,50,0
2021,8,30,9,0,0
2021,8,30,9,10,0
2021,8,30,9,20,0
2021,8,30,9,30,0
2021,8,30,9,40,0
2021,8,30,9,50,0
2021,8,30,10,0,0
2021,8,30,10,10,0
2021,8,30,10,20,0
2021,8,30,10,30,0
2021,8,30,10,40,0
2021,8,30,10,50,26
2021,8,30,11,0,49
2021,8,30,11,10,93
2021,8,30,11,20,129
2021,8,30,11,30,104
2021,8,30,11,40,136
2021,8,30,11,50,172
2021,8,30,12,0,211
2021,8,30,12,10,253
2021,8,30,12,20,417
2021,8,30,12,30,328
2021,8,30,12,40,433
2021,8,30,12,50,541
2021,8,30,13,0,580
2021,8,30,13,10,617
2021,8,30,13,20,560
2021,8,30,13,30,689
2021,8,30,13,40,722
2021,8,30,13,50,754
2021,8,30,14,0,785
2021,8,30,14,10,813
2021,8,30,14,20,840
2021,8,30,14,30,865
2021,8,30,14,40,888
2021,8,30,14,50,909
2021,8,30,15,0,928
2021,8,30,15,10,944
2021,8,30,15,20,959
2021,8,30,15,30,972
2021,8,30,15,40,983
2021,8,30,15,50,991
2021,8,30,16,0,997
2021,8,30,16,10,1001
2021,8,30,16,20,1003
2021,8,30,16,30,1003
2021,8,30,16,40,1000
2021,8,30,16,50,995
2021,8,30,17,0,988
2021,8,30,17,10,979
2021,8,30,17,20,967
2021,8,30,17,30,954
2021,8,30,17,40,938
2021,8,30,17,50,920
2021,8,30,18,0,900
2021,8,30,18,10,879
2021,8,30,18,20,855
2021,8,30,18,30,829
2021,8,30,18,40,802
2021,8,30,18,50,772
2021,8,30,19,0,742
2021,8,30,19,10,709
2021,8,30,19,20,675
2021,8,30,19,30,639
2021,8,30,19,40,594
2021,8,30,19,50,556
2021,8,30,20,0,517
2021,8,30,20,10,477
2021,8,30,20,20,435
2021,8,30,20,30,394
2021,8,30,20,40,346
2021,8,30,20,50,303
2021,8,30,21,0,260
2021,8,30,21,10,218
2021,8,30,21,20,173
2021,8,30,21,30,132
2021,8,30,21,40,91
2021,8,30,21,50,55
2021,8,30,22,0,25
2021,8,30,22,10,0
2021,8,30,22,20,0
2021,8,30,22,30,0
2021,8,30,22,40,0
2021,8,30,22,50,0
2021,8,30,23,0,0
2021,8,30,23,10,0
2021,8,30,23,20,0
2021,8,30,23,30,0
2021,8,30,23,40,0
2021,8,30,23,50,0
2021,8,31,0,0,0
2021,8,31,0,10,0
2021,8,31,0,20,0
2021,8,31,0,30,0
2021,8,31,0,40,0
2021,8,31,0,50,0
2021,8,31,1,0,0
2021,8,31,1,10,0
2021,8,31,1,20,0
2021,8,31,1,30,0
2021,8,31,1,40,0
2021,8,31,1,50,0
2021,8,31,2,0,0
2021,8,31,2,10,0
2021,8,31,2,20,0
2021,8,31,2,30,0
2021,8,31,2,40,0
2021,8,31,2,50,0
2021,8,31,3,0,0
2021,8,31,3,10,0
2021,8,31,3,20,0
2021,8,31,3,30,0
2021,8,31,3,40,0
2021,8,31,3,50,0
2021,8,31,4,0,0
2021,8,31,4,10,0
2021,8,31,4,20,0
2021,8,31,4,30,0
2021,8,31,4,40,0
2021,8,31,4,50,0
2021,8,31,5,0,0
2021,8,31,5,10,0
2021,8,31,5,20,0
2021,8,31,5,30,0
2021,8,31,5,40,0
2021,8,31,5,50,0
2021,8,31,6,0,0
2021,8,31,6,10,0
2021,8,31,6,20,0
2021,8,31,6,30,0
2021,8,31,6,40,0
2021,8,31,6,50,0
2021,8,31,7,0,0
2021,8,31,7,10,0
2021,8,31,7,20,0
2021,8,31,7,30,0
2021,8,31,7,40,0
2021,8,31,7,50,0
2021,8,31,8,0,0
2021,8,31,8,10,0
2021,8,31,8,20,0
2021,8,31,8,30,0
2021,8,31,8,40,0
2021,8,31,8,50,0
2021,8,31,9,0,0
2021,8,31,9,10,0
2021,8,31,9,20,0
2021,8,31,9,30,0
2021,8,31,9,40,0
2021,8,31,9,50,0
2021,8,31,10,0,0
2021,8,31,10,10,0
2021,8,31,10,20,0
2021,8,31,10,30,0
2021,8,31,10,40,7
2021,8,31,10,50,27
2021,8,31,11,0,49
2021,8,31,11,10,112
2021,8,31,11,20,70
2021,8,31,11,30,104
2021,8,31,11,40,136
2021,8,31,11,50,284
2021,8,31,12,0,327
2021,8,31,12,10,370
2021,8,31,12,20,413
2021,8,31,12,30,454
2021,8,31,12,40,495
2021,8,31,12,50,535
2021,8,31,13,0,574
2021,8,31,13,10,611
2021,8,31,13,20,647
2021,8,31,13,30,682
2021,8,31,13,40,716
2021,8,31,13,50,747
2021,8,31,14,0,778
2021,8,31,14,10,806
2021,8,31,14,20,833
2021,8,31,14,30,858
2021,8,31,14,40,882
2021,8,31,14,50,902
2021,8,31,15,0,921
2021,8,31,15,10,938
2021,8,31,15,20,953
2021,8,31,15,30,965
2021,8,31,15,40,976
2021,8,31,15,50,984
2021,8,31,16,0,981
2021,8,31,16,10,985
2021,8,31,16,20,987
2021,8,31,16,30,987
2021,8,31,16,40,984
2021,8,31,16,50,979
2021,8,31,17,0,972
2021,8,31,17,10,962
2021,8,31,17,20,951
2021,8,31,17,30,937
2021,8,31,17,40,921
2021,8,31,17,50,897
2021,8,31,18,0,877
2021,8,31,18,10,855
2021,8,31,18,20,832
2021,8,31,18,30,807
2021,8,31,18,40,778
2021,8,31,18,50,749
2021,8,31,19,0,714
2021,8,31,19,10,682
2021,8,31,19,20,648
2021,8,31,19,30,614
2021,8,31,19,40,575
2021,8,31,19,50,535
2021,8,31,20,0,496
2021,8,31,20,10,457
2021,8,31,20,20,417
2021,8,31,20,30,373
2021,8,31,20,40,330
2021,8,31,20,50,288
2021,8,31,21,0,245
2021,8,31,21,10,204
2021,8,31,21,20,163
2021,8,31,21,30,124
2021,8,31,21,40,85
2021,8,31,21,50,51
2021,8,31,22,0,24
2021,8,31,22,10,0
2021,8,31,22,20,0
2021,8,31,22,30,0
2021,8,31,22,40,0
2021,8,31,22,50,0
2021,8,31,23,0,0
2021,8,31,23,10,0
2021,8,31,23,20,0
2021,8,31,23,30,0
2021,8,31,23,40,0
2021,8,31,23,50,0
2021,9,1,0,0,0
2021,9,1,0,10,0
2021,9,1,0,20,0
2021,9,1,0,30,0
2021,9,1,0,40,0
2021,9,1,0,50,0
2021,9,1,1,0,0
2021,9,1,1,10,0
2021,9,1,1,20,0
2021,9,1,1,30,0
2021,9,1,1,40,0
2021,9,1,1,50,0
2021,9,1,2,0,0
2021,9,1,2,10,0
2021,9,1,2,20,0
2021,9,1,2,30,0
2021,9,1,2,40,0
2021,9,1,2,50,0
2021,9,1,3,0,0
2021,9,1,3,10,0
2021,9,1,3,20,0
2021,9,1,3,30,0
2021,9,1,3,40,0
2021,9,1,3,50,0
2021,9,1,4,0,0
2021,9,1,4,10,0
2021,9,1,4,20,0
2021,9,1,4,30,0
2021,9,1,4,40,0
2021,9,1,4,50,0
2021,9,1,5,0,0
2021,9,1,5,10,0
2021,9,1,5,20,0
2021,9,1,5,30,0
2021,9,1,5,40,0
2021,9,1,5,50,0
2021,9,1,6,0,0
2021,9,1,6,10,0
2021,9,1,6,20,0
2021,9,1,6,30,0
2021,9,1,6,40,0
2021,9,1,6,50,0
2021,9,1,7,0,0
2021,9,1,7,10,0
2021,9,1,7,20,0
2021,9,1,7,30,0
2021,9,1,7,40,0
2021,9,1,7,50,0
2021,9,1,8,0,0
2021,9,1,8,10,0
2021,9,1,8,20,0
2021,9,1,8,30,0
2021,9,1,8,40,0
2021,9,1,8,50,0
2021,9,1,9,0,0
2021,9,1,9,10,0
2021,9,1,9,20,0
2021,9,1,9,30,0
2021,9,1,9,40,0
2021,9,1,9,50,0
2021,9,1,10,0,0
2021,9,1,10,10,0
2021,9,1,10,20,0
2021,9,1,10,30,0
2021,9,1,10,40,15
2021,9,1,10,50,39
2021,9,1,11,0,72
2021,9,1,11,10,109
2021,9,1,11,20,148
2021,9,1,11,30,115
2021,9,1,11,40,232
2021,9,1,11,50,274
2021,9,1,12,0,319
2021,9,1,12,10,362
2021,9,1,12,20,404
2021,9,1,12,30,445
2021,9,1,12,40,487
2021,9,1,12,50,527
2021,9,1,13,0,565
2021,9,1,13,10,602
2021,9,1,13,20,638
2021,9,1,13,30,673
2021,9,1,13,40,706
2021,9,1,13,50,738
2021,9,1,14,0,768
2021,9,1,14,10,796
2021,9,1,14,20,816
2021,9,1,14,30,840
2021,9,1,14,40,864
2021,9,1,14,50,885
2021,9,1,15,0,904
2021,9,1,15,10,920
2021,9,1,15,20,935
2021,9,1,15,30,947
2021,9,1,15,40,958
2021,9,1,15,50,966
2021,9,1,16,0,972
2021,9,1,16,10,976
2021,9,1,16,20,977
2021,9,1,16,30,977
2021,9,1,16,40,973
2021,9,1,16,50,962
2021,9,1,17,0,955
2021,9,1,17,10,946
2021,9,1,17,20,935
2021,9,1,17,30,922
2021,9,1,17,40,907
2021,9,1,17,50,890
2021,9,1,18,0,870
2021,9,1,18,10,849
2021,9,1,18,20,821
2021,9,1,18,30,796
2021,9,1,18,40,766
2021,9,1,18,50,738
2021,9,1,19,0,707
2021,9,1,19,10,675
2021,9,1,19,20,642
2021,9,1,19,30,607
2021,9,1,19,40,569
2021,9,1,19,50,532
2021,9,1,20,0,490
2021,9,1,20,10,451
2021,9,1,20,20,411
2021,9,1,20,30,370
2021,9,1,20,40,327
2021,9,1,20,50,286
2021,9,1,21,0,244
2021,9,1,21,10,201
2021,9,1,21,20,161
2021,9,1,21,30,122
2021,9,1,21,40,84
2021,9,1,21,50,51
2021,9,1,22,0,24
2021,9,1,22,10,0
2021,9,1,22,20,0
2021,9,1,22,30,0
2021,9,1,22,40,0
2021,9,1,22,50,0
2021,9,1,23,0,0
2021,9,1,23,10,0
2021,9,1,23,20,0
2021,9,1,23,30,0
2021,9,1,23,40,0
2021,9,1,23,50,0
2021,9,2,0,0,0
2021,9,2,0,10,0
2021,9,2,0,20,0
2021,9,2,0,30,0
2021,9,2,0,40,0
2021,9,2,0,50,0
2021,9,2,1,0,0
2021,9,2,1,10,0
2021,9,2,1,20,0
2021,9,2,1,30,0
2021,9,2,1,40,0
2021,9,2,1,50,0
2021,9,2,2,0,0
2021,9,2,2,10,0
2021,9,2,2,20,0
2021,9,2,2,30,0
2021,9,2,2,40,0
2021,9,2,2,50,0
2021,9,2,3,0,0
2021,9,2,3,10,0
2021,9,2,3,20,0
2021,9,2,3,30,0
2021,9,2,3,40,0
2021,9,2,3,50,0
2021,9,2,4,0,0
2021,9,2,4,10,0
2021,9,2,4,20,0
2021,9,2,4,30,0
2021,9,2,4,40,0
2021,9,2,4,50,0
2021,9,2,5,0,0
2021,9,2,5,10,0
2021,9,2,5,20,0
2021,9,2,5,30,0
2021,9,2,5,40,0
2021,9,2,5,50,0
2021,9,2,6,0,0
2021,9,2,6,10,0
2021,9,2,6,20,0
2021,9,2,6,30,0
2021,9,2,6,40,0
2021,9,2,6,50,0
2021,9,2,7,0,0
2021,9,2,7,10,0
2021,9,2,7,20,0
2021,9,2,7,30,0
2021,9,2,7,40,0
2021,9,2,7,50,0
2021,9,2,8,0,0
2021,9,2,8,10,0
2021,9,2,8,20,0
2021,9,2,8,30,0
2021,9,2,8,40,0
2021,9,2,8,50,0
2021,9,2,9,0,0
2021,9,2,9,10,0
2021,9,2,9,20,0
2021,9,2,9,30,0
2021,9,2,9,40,0
2021,9,2,9,50,0
2021,9,2,10,0,0
2021,9,2,10,10,0
2021,9,2,10,20,0
2021,9,2,10,30,0
2021,9,2,10,40,18
2021,9,2,10,50,45
2021,9,2,11,0,79
2021,9,2,11,10,117
2021,9,2,11,20,157
2021,9,2,11,30,199
2021,9,2,11,40,242
2021,9,2,11,50,284
2021,9,2,12,0,327
2021,9,2,12,10,369
2021,9,2,12,20,411
2021,9,2,12,30,452
2021,9,2,12,40,493
2021,9,2,12,50,532
2021,9,2,13,0,571
2021,9,2,13,10,608
2021,9,2,13,20,644
2021,9,2,13,30,678
2021,9,2,13,40,711
2021,9,2,13,50,743
2021,9,2,14,0,772
2021,9,2,14,10,800
2021,9,2,14,20,827
2021,9,2,14,30,852
2021,9,2,14,40,876
2021,9,2,14,50,896
2021,9,2,15,0,915
2021,9,2,15,10,931
2021,9,2,15,20,946
2021,9,2,15,30,958
2021,9,2,15,40,969
2021,9,2,15,50,977
2021,9,2,16,0,983
2021,9,2,16,10,986
2021,9,2,16,20,988
2021,9,2,16,30,987
2021,9,2,16,40,984
2021,9,2,16,50,979
2021,9,2,17,0,972
2021,9,2,17,10,956
2021,9,2,17,20,945
2021,9,2,17,30,932
2021,9,2,17,40,914
2021,9,2,17,50,897
2021,9,2,18,0,877
2021,9,2,18,10,855
2021,9,2,18,20,832
2021,9,2,18,30,806
2021,9,2,18,40,778
2021,9,2,18,50,749
2021,9,2,19,0,718
2021,9,2,19,10,682
2021,9,2,19,20,648
2021,9,2,19,30,613
2021,9,2,19,40,576
2021,9,2,19,50,538
2021,9,2,20,0,499
2021,9,2,20,10,457
2021,9,2,20,20,417
2021,9,2,20,30,376
2021,9,2,20,40,320
2021,9,2,20,50,289
2021,9,2,21,0,247
2021,9,2,21,10,205
2021,9,2,21,20,164
2021,9,2,21,30,111
2021,9,2,21,40,64
2021,9,2,21,50,52
2021,9,2,22,0,25
2021,9,2,22,10,0
2021,9,2,22,20,0
2021,9,2,22,30,0
2021,9,2,22,40,0
2021,9,2,22,50,0
2021,9,2,23,0,0
2021,9,2,23,10,0
2021,9,2,23,20,0
2021,9,2,23,30,0
2021,9,2,23,40,0
2021,9,2,23,50,0
2021,9,3,0,0,0
2021,9,3,0,10,0
2021,9,3,0,20,0
2021,9,3,0,30,0
2021,9,3,0,40,0
2021,9,3,0,50,0
2021,9,3,1,0,0
2021,9,3,1,10,0
2021,9,3,1,20,0
2021,9,3,1,30,0
2021,9,3,1,40,0
2021,9,3,1,50,0
2021,9,3,2,0,0
2021,9,3,2,10,0
2021,9,3,2,20,0
2021,9,3,2,30,0
2021,9,3,2,40,0
2021,9,3,2,50,0
2021,9,3,3,0,0
2021,9,3,3,10,0
2021,9,3,3,20,0
2021,9,3,3,30,0
2021,9,3,3,40,0
2021,9,3,3,50,0
2021,9,3,4,0,0
2021,9,3,4,10,0
2021,9,3,4,20,0
2021,9,3,4,30,0
2021,9,3,4,40,0
2021,9,3,4,50,0
2021,9,3,5,0,0
2021,9,3,5,10,0
2021,9,3,5,20,0
2021,9,3,5,30,0
2021,9,3,5,40,0
2021,9,3,5,50,0
2021,9,3,6,0,0
2021,9,3,6,10,0
2021,9,3,6,20,0
2021,9,3,6,30,0
2021,9,3,6,40,0
2021,9,3,6,50,0
2021,9,3,7,0,0
2021,9,3,7,10,0
2021,9,3,7,20,0
2021,9,3,7,30,0
2021,9,3,7,40,0
2021,9,3,7,50,0
2021,9,3,8,0,0
2021,9,3,8,10,0
2021,9,3,8,20,0
2021,9,3,8,30,0
2021,9,3,8,40,0
2021,9,3,8,50,0
2021,9,3,9,0,0
2021,9,3,9,10,0
2021,9,3,9,20,0
2021,9,3,9,30,0
2021,9,3,9,40,0
2021,9,3,9,50,0
2021,9,3,10,0,0
2021,9,3,10,10,0
2021,9,3,10,20,0
2021,9,3,10,30,0
2021,9,3,10,40,18
2021,9,3,10,50,42
2021,9,3,11,0,73
2021,9,3,11,10,109
2021,9,3,11,20,147
2021,9,3,11,30,187
2021,9,3,11,40,229
2021,9,3,11,50,270
2021,9,3,12,0,312
2021,9,3,12,10,353
2021,9,3,12,20,394
2021,9,3,12,30,434
2021,9,3,12,40,476
2021,9,3,12,50,514
2021,9,3,13,0,552
2021,9,3,13,10,589
2021,9,3,13,20,624
2021,9,3,13,30,657
2021,9,3,13,40,692
2021,9,3,13,50,723
2021,9,3,14,0,752
2021,9,3,14,10,780
2021,9,3,14,20,806
2021,9,3,14,30,830
2021,9,3,14,40,852
2021,9,3,14,50,872
2021,9,3,15,0,891
2021,9,3,15,10,907
2021,9,3,15,20,922
2021,9,3,15,30,934
2021,9,3,15,40,945
2021,9,3,15,50,953
2021,9,3,16,0,959
2021,9,3,16,10,963
2021,9,3,16,20,964
2021,9,3,16,30,963
2021,9,3,16,40,961
2021,9,3,16,50,956
2021,9,3,17,0,949
2021,9,3,17,10,939
2021,9,3,17,20,928
2021,9,3,17,30,915
2021,9,3,17,40,899
2021,9,3,17,50,885
2021,9,3,18,0,865
2021,9,3,18,10,844
2021,9,3,18,20,820
2021,9,3,18,30,795
2021,9,3,18,40,769
2021,9,3,18,50,740
2021,9,3,19,0,709
2021,9,3,19,10,677
2021,9,3,19,20,643
2021,9,3,19,30,608
2021,9,3,19,40,574
2021,9,3,19,50,536
2021,9,3,20,0,498
2021,9,3,20,10,458
2021,9,3,20,20,418
2021,9,3,20,30,376
2021,9,3,20,40,336
2021,9,3,20,50,294
2021,9,3,21,0,252
2021,9,3,21,10,210
2021,9,3,21,20,169
2021,9,3,21,30,129
2021,9,3,21,40,86
2021,9,3,21,50,52
2021,9,3,22,0,25
2021,9,3,22,10,0
2021,9,3,22,20,0
2021,9,3,22,30,0
2021,9,3,22,40,0
2021,9,3,22,50,0
2021,9,3,23,0,0
2021,9,3,23,10,0
2021,9,3,23,20,0
2021,9,3,23,30,0
2021,9,3,23,40,0
2021,9,3,23,50,0
2021,9,4,0,0,0
2021,9,4,0,10,0
2021,9,4,0,20,0
2021,9,4,0,30,0
2021,9,4,0,40,0
2021,9,4,0,50,0
2021,9,4,1,0,0
2021,9,4,1,10,0
2021,9,4,1,20,0
2021,9,4,1,30,0
2021,9,4,1,40,0
2021,9,4,1,50,0
2021,9,4,2,0,0
2021,9,4,2,10,0
2021,9,4,2,20,0
2021,9,4,2,30,0
2021,9,4,2,40,0
2021,9,4,2,50,0
2021,9,4,3,0,0
2021,9,4,3,10,0
2021,9,4,3,20,0
2021,9,4,3,30,0
2021,9,4,3,40,0
2021,9,4,3,50,0
2021,9,4,4,0,0
2021,9,4,4,10,0
2021,9,4,4,20,0
2021,9,4,4,30,0
2021,9,4,4,40,0
2021,9,4,4,50,0
2021,9,4,5,0,0
2021,9,4,5,10,0
2021,9,4,5,20,0
2021,9,4,5,30,0
2021,9,4,5,40,0
2021,9,4,5,50,0
2021,9,4,6,0,0
2021,9,4,6,10,0
2021,9,4,6,20,0
2021,9,4,6,30,0
2021,9,4,6,40,0
2021,9,4,6,50,0
2021,9,4,7,0,0
2021,9,4,7,10,0
2021,9,4,7,20,0
2021,9,4,7,30,0
2021,9,4,7,40,0
2021,9,4,7,50,0
2021,9,4,8,0,0
2021,9,4,8,10,0
2021,9,4,8,20,0
2021,9,4,8,30,0
2021,9,4,8,40,0
2021,9,4,8,50,0
2021,9,4,9,0,0
2021,9,4,9,10,0
2021,9,4,9,20,0
2021,9,4,9,30,0
2021,9,4,9,40,0
2021,9,4,9,50,0
2021,9,4,10,0,0
2021,9,4,10,10,0
2021,9,4,10,20,0
2021,9,4,10,30,0
2021,9,4,10,40,24
2021,9,4,10,50,55
2021,9,4,11,0,91
2021,9,4,11,10,132
2021,9,4,11,20,174
2021,9,4,11,30,117
2021,9,4,11,40,266
2021,9,4,11,50,310
2021,9,4,12,0,354
2021,9,4,12,10,398
2021,9,4,12,20,441
2021,9,4,12,30,483
2021,9,4,12,40,525
2021,9,4,12,50,565
2021,9,4,13,0,604
2021,9,4,13,10,642
2021,9,4,13,20,679
2021,9,4,13,30,714
2021,9,4,13,40,748
2021,9,4,13,50,779
2021,9,4,14,0,810
2021,9,4,14,10,838
2021,9,4,14,20,865
2021,9,4,14,30,890
2021,9,4,14,40,913
2021,9,4,14,50,934
2021,9,4,15,0,952
2021,9,4,15,10,969
2021,9,4,15,20,984
2021,9,4,15,30,996
2021,9,4,15,40,1006
2021,9,4,15,50,1015
2021,9,4,16,0,1020
2021,9,4,16,10,1024
2021,9,4,16,20,1026
2021,9,4,16,30,1025
2021,9,4,16,40,1022
2021,9,4,16,50,1017
2021,9,4,17,0,1009
2021,9,4,17,10,1000
2021,9,4,17,20,988
2021,9,4,17,30,974
2021,9,4,17,40,958
2021,9,4,17,50,939
2021,9,4,18,0,908
2021,9,4,18,10,886
2021,9,4,18,20,862
2021,9,4,18,30,836
2021,9,4,18,40,808
2021,9,4,18,50,779
2021,9,4,19,0,748
2021,9,4,19,10,715
2021,9,4,19,20,674
2021,9,4,19,30,638
2021,9,4,19,40,601
2021,9,4,19,50,562
2021,9,4,20,0,523
2021,9,4,20,10,478
2021,9,4,20,20,437
2021,9,4,20,30,393
2021,9,4,20,40,348
2021,9,4,20,50,305
2021,9,4,21,0,261
2021,9,4,21,10,218
2021,9,4,21,20,175
2021,9,4,21,30,134
2021,9,4,21,40,92
2021,9,4,21,50,56
2021,9,4,22,0,27
2021,9,4,22,10,0
2021,9,4,22,20,0
2021,9,4,22,30,0
2021,9,4,22,40,0
2021,9,4,22,50,0
2021,9,4,23,0,0
2021,9,4,23,10,0
2021,9,4,23,20,0
2021,9,4,23,30,0
2021,9,4,23,40,0
2021,9,4,23,50,0
2021,9,5,0,0,0
2021,9,5,0,10,0
2021,9,5,0,20,0
2021,9,5,0,30,0
2021,9,5,0,40,0
2021,9,5,0,50,0
2021,9,5,1,0,0
2021,9,5,1,10,0
2021,9,5,1,20,0
2021,9,5,1,30,0
2021,9,5,1,40,0
2021,9,5,1,50,0
2021,9,5,2,0,0
2021,9,5,2,10,0
2021,9,5,2,20,0
2021,9,5,2,30,0
2021,9,5,2,40,0
2021,9,5,2,50,0
2021,9,5,3,0,0
2021,9,5,3,10,0
2021,9,5,3,20,0
2021,9,5,3,30,0
2021,9,5,3,40,0
2021,9,5,3,50,0
2021,9,5,4,0,0
2021,9,5,4,10,0
2021,9,5,4,20,0
2021,9,5,4,30,0
2021,9,5,4,40,0
2021,9,5,4,50,0
2021,9,5,5,0,0
2021,9,5,5,10,0
2021,9,5,5,20,0
2021,9,5,5,30,0
2021,9,5,5,40,0
2021,9,5,5,50,0
2021,9,5,6,0,0
2021,9,5,6,10,0
2021,9,5,6,20,0
2021,9,5,6,30,0
2021,9,5,6,40,0
2021,9,5,6,50,0
2021,9,5,7,0,0
2021,9,5,7,10,0
2021,9,5,7,20,0
2021,9,5,7,30,0
2021,9,5,7,40,0
2021,9,5,7,50,0
2021,9,5,8,0,0
2021,9,5,8,10,0
2021,9,5,8,20,0
2021,9,5,8,30,0
2021,9,5,8,40,0
2021,9,5,8,50,0
2021,9,5,9,0,0
2021,9,5,9,10,0
2021,9,5,9,20,0
2021,9,5,9,30,0
2021,9,5,9,40,0
2021,9,5,9,50,0
2021,9,5,10,0,0
2021,9,5,10,10,0
2021,9,5,10,20,0
2021,9,5,10,30,0
2021,9,5,10,40,19
2021,9,5,10,50,35
2021,9,5,11,0,74
2021,9,5,11,10,108
2021,9,5,11,20,145
2021,9,5,11,30,184
2021,9,5,11,40,226
2021,9,5,11,50,131
2021,9,5,12,0,217
2021,9,5,12,10,349
2021,9,5,12,20,233
2021,9,5,12,30,266
2021,9,5,12,40,471
2021,9,5,12,50,509
2021,9,5,13,0,546
2021,9,5,13,10,583
2021,9,5,13,20,618
2021,9,5,13,30,652
2021,9,5,13,40,687
2021,9,5,13,50,718
2021,9,5,14,0,747
2021,9,5,14,10,775
2021,9,5,14,20,801
2021,9,5,14,30,825
2021,9,5,14,40,856
2021,9,5,14,50,876
2021,9,5,15,0,895
2021,9,5,15,10,910
2021,9,5,15,20,924
2021,9,5,15,30,936
2021,9,5,15,40,948
2021,9,5,15,50,956
2021,9,5,16,0,962
2021,9,5,16,10,965
2021,9,5,16,20,966
2021,9,5,16,30,966
2021,9,5,16,40,965
2021,9,5,16,50,959
2021,9,5,17,0,952
2021,9,5,17,10,942
2021,9,5,17,20,930
2021,9,5,17,30,917
2021,9,5,17,40,902
2021,9,5,17,50,884
2021,9,5,18,0,864
2021,9,5,18,10,842
2021,9,5,18,20,818
2021,9,5,18,30,793
2021,9,5,18,40,771
2021,9,5,18,50,742
2021,9,5,19,0,711
2021,9,5,19,10,679
2021,9,5,19,20,645
2021,9,5,19,30,610
2021,9,5,19,40,575
2021,9,5,19,50,537
2021,9,5,20,0,498
2021,9,5,20,10,459
2021,9,5,20,20,418
2021,9,5,20,30,377
2021,9,5,20,40,336
2021,9,5,20,50,294
2021,9,5,21,0,252
2021,9,5,21,10,210
2021,9,5,21,20,169
2021,9,5,21,30,129
2021,9,5,21,40,89
2021,9,5,21,50,55
2021,9,5,22,0,27
2021,9,5,22,10,0
2021,9,5,22,20,0
2021,9,5,22,30,0
2021,9,5,22,40,0
2021,9,5,22,50,0
2021,9,5,23,0,0
2021,9,5,23,10,0
2021,9,5,23,20,0
2021,9,5,23,30,0
2021,9,5,23,40,0
2021,9,5,23,50,0
2021,9,6,0,0,0
2021,9,6,0,10,0
2021,9,6,0,20,0
2021,9,6,0,30,0
2021,9,6,0,40,0
2021,9,6,0,50,0
2021,9,6,1,0,0
2021,9,6,1,10,0
2021,9,6,1,20,0
2021,9,6,1,30,0
2021,9,6,1,40,0
2021,9,6,1,50,0
2021,9,6,2,0,0
2021,9,6,2,10,0
2021,9,6,2,20,0
2021,9,6,2,30,0
2021,9,6,2,40,0
2021,9,6,2,50,0
2021,9,6,3,0,0
2021,9,6,3,10,0
2021,9,6,3,20,0
2021,9,6,3,30,0
2021,9,6,3,40,0
2021,9,6,3,50,0
2021,9,6,4,0,0
2021,9,6,4,10,0
2021,9,6,4,20,0
2021,9,6,4,30,0
2021,9,6,4,40,0
2021,9,6,4,50,0
2021,9,6,5,0,0
2021,9,6,5,10,0
2021,9,6,5,20,0
2021,9,6,5,30,0
2021,9,6,5,40,0
2021,9,6,5,50,0
2021,9,6,6,0,0
2021,9,6,6,10,0
2021,9,6,6,20,0
2021,9,6,6,30,0
2021,9,6,6,40,0
2021,9,6,6,50,0
2021,9,6,7,0,0
2021,9,6,7,10,0
2021,9,6,7,20,0
2021,9,6,7,30,0
2021,9,6,7,40,0
2021,9,6,7,50,0
2021,9,6,8,0,0
2021,9,6,8,10,0
2021,9,6,8,20,0
2021,9,6,8,30,0
2021,9,6,8,40,0
2021,9,6,8,50,0
2021,9,6,9,0,0
2021,9,6,9,10,0
2021,9,6,9,20,0
2021,9,6,9,30,0
2021,9,6,9,40,0
2021,9,6,9,50,0
2021,9,6,10,0,0
2021,9,6,10,10,0
2021,9,6,10,20,0
2021,9,6,10,30,0
2021,9,6,10,40,26
2021,9,6,10,50,56
2021,9,6,11,0,91
2021,9,6,11,10,130
2021,9,6,11,20,171
2021,9,6,11,30,214
2021,9,6,11,40,254
2021,9,6,11,50,297
2021,9,6,12,0,340
2021,9,6,12,10,382
2021,9,6,12,20,423
2021,9,6,12,30,464
2021,9,6,12,40,505
2021,9,6,12,50,544
2021,9,6,13,0,582
2021,9,6,13,10,619
2021,9,6,13,20,651
2021,9,6,13,30,685
2021,9,6,13,40,717
2021,9,6,13,50,748
2021,9,6,14,0,777
2021,9,6,14,10,805
2021,9,6,14,20,831
2021,9,6,14,30,855
2021,9,6,14,40,879
2021,9,6,14,50,899
2021,9,6,15,0,917
2021,9,6,15,10,930
2021,9,6,15,20,944
2021,9,6,15,30,956
2021,9,6,15,40,965
2021,9,6,15,50,973
2021,9,6,16,0,979
2021,9,6,16,10,982
2021,9,6,16,20,984
2021,9,6,16,30,983
2021,9,6,16,40,979
2021,9,6,16,50,973
2021,9,6,17,0,966
2021,9,6,17,10,956
2021,9,6,17,20,945
2021,9,6,17,30,931
2021,9,6,17,40,915
2021,9,6,17,50,897
2021,9,6,18,0,878
2021,9,6,18,10,853
2021,9,6,18,20,829
2021,9,6,18,30,803
2021,9,6,18,40,776
2021,9,6,18,50,747
2021,9,6,19,0,716
2021,9,6,19,10,687
2021,9,6,19,20,653
2021,9,6,19,30,618
2021,9,6,19,40,582
2021,9,6,19,50,544
2021,9,6,20,0,505
2021,9,6,20,10,338
2021,9,6,20,20,393
2021,9,6,20,30,254
2021,9,6,20,40,258
2021,9,6,20,50,188
2021,9,6,21,0,188
2021,9,6,21,10,158
2021,9,6,21,20,113
2021,9,6,21,30,86
2021,9,6,21,40,64
2021,9,6,21,50,41
2021,9,6,22,0,20
2021,9,6,22,10,0
2021,9,6,22,20,0
2021,9,6,22,30,0
2021,9,6,22,40,0
2021,9,6,22,50,0
2021,9,6,23,0,0
2021,9,6,23,10,0
2021,9,6,23,20,0
2021,9,6,23,30,0
2021,9,6,23,40,0
2021,9,6,23,50,0
2021,9,7,0,0,0
2021,9,7,0,10,0
2021,9,7,0,20,0
2021,9,7,0,30,0
2021,9,7,0,40,0
2021,9,7,0,50,0
2021,9,7,1,0,0
2021,9,7,1,10,0
2021,9,7,1,20,0
2021,9,7,1,30,0
2021,9,7,1,40,0
2021,9,7,1,50,0
2021,9,7,2,0,0
2021,9,7,2,10,0
2021,9,7,2,20,0
2021,9,7,2,30,0
2021,9,7,2,40,0
2021,9,7,2,50,0
2021,9,7,3,0,0
2021,9,7,3,10,0
2021,9,7,3,20,0
2021,9,7,3,30,0
2021,9,7,3,40,0
2021,9,7,3,50,0
2021,9,7,4,0,0
2021,9,7,4,10,0
2021,9,7,4,20,0
2021,9,7,4,30,0
2021,9,7,4,40,0
2021,9,7,4,50,0
2021,9,7,5,0,0
2021,9,7,5,10,0
2021,9,7,5,20,0
2021,9,7,5,30,0
2021,9,7,5,40,0
2021,9,7,5,50,0
2021,9,7,6,0,0
2021,9,7,6,10,0
2021,9,7,6,20,0
2021,9,7,6,30,0
2021,9,7,6,40,0
2021,9,7,6,50,0
2021,9,7,7,0,0
2021,9,7,7,10,0
2021,9,7,7,20,0
2021,9,7,7,30,0
2021,9,7,7,40,0
2021,9,7,7,50,0
2021,9,7,8,0,0
2021,9,7,8,10,0
2021,9,7,8,20,0
2021,9,7,8,30,0
2021,9,7,8,40,0
2021,9,7,8,50,0
2021,9,7,9,0,0
2021,9,7,9,10,0
2021,9,7,9,20,0
2021,9,7,9,30,0
2021,9,7,9,40,0
2021,9,7,9,50,0
2021,9,7,10,0,0
2021,9,7,10,10,0
2021,9,7,10,20,0
2021,9,7,10,30,0
2021,9,7,10,40,16
2021,9,7,10,50,58
2021,9,7,11,0,74
2021,9,7,11,10,131
2021,9,7,11,20,173
2021,9,7,11,30,215
2021,9,7,11,40,258
2021,9,7,11,50,301
2021,9,7,12,0,344
2021,9,7,12,10,386
2021,9,7,12,20,428
2021,9,7,12,30,469
2021,9,7,12,40,509
2021,9,7,12,50,548
2021,9,7,13,0,586
2021,9,7,13,10,623
2021,9,7,13,20,659
2021,9,7,13,30,693
2021,9,7,13,40,726
2021,9,7,13,50,639
2021,9,7,14,0,658
2021,9,7,14,10,707
2021,9,7,14,20,737
2021,9,7,14,30,745
2021,9,7,14,40,766
2021,9,7,14,50,906
2021,9,7,15,0,792
2021,9,7,15,10,940
2021,9,7,15,20,959
2021,9,7,15,30,972
2021,9,7,15,40,975
2021,9,7,15,50,914
2021,9,7,16,0,988
2021,9,7,16,10,992
2021,9,7,16,20,993
2021,9,7,16,30,992
2021,9,7,16,40,982
2021,9,7,16,50,976
2021,9,7,17,0,969
2021,9,7,17,10,959
2021,9,7,17,20,735
2021,9,7,17,30,933
2021,9,7,17,40,731
2021,9,7,17,50,705
2021,9,7,18,0,739
2021,9,7,18,10,845
2021,9,7,18,20,826
2021,9,7,18,30,800
2021,9,7,18,40,774
2021,9,7,18,50,673
2021,9,7,19,0,681
2021,9,7,19,10,627
2021,9,7,19,20,646
2021,9,7,19,30,555
2021,9,7,19,40,404
2021,9,7,19,50,346
2021,9,7,20,0,268
2021,9,7,20,10,317
2021,9,7,20,20,299
2021,9,7,20,30,190
2021,9,7,20,40,28
2021,9,7,20,50,106
2021,9,7,21,0,6
2021,9,7,21,10,124
2021,9,7,21,20,92
2021,9,7,21,30,3
2021,9,7,21,40,47
2021,9,7,21,50,33
2021,9,7,22,0,18
2021,9,7,22,10,0
2021,9,7,22,20,0
2021,9,7,22,30,0
2021,9,7,22,40,0
2021,9,7,22,50,0
2021,9,7,23,0,0
2021,9,7,23,10,0
2021,9,7,23,20,0
2021,9,7,23,30,0
2021,9,7,23,40,0
2021,9,7,23,50,0
2021,9,8,0,0,0
2021,9,8,0,10,0
2021,9,8,0,20,0
2021,9,8,0,30,0
2021,9,8,0,40,0
2021,9,8,0,50,0
2021,9,8,1,0,0
2021,9,8,1,10,0
2021,9,8,1,20,0
2021,9,8,1,30,0
2021,9,8,1,40,0
2021,9,8,1,50,0
2021,9,8,2,0,0
2021,9,8,2,10,0
2021,9,8,2,20,0
2021,9,8,2,30,0
2021,9,8,2,40,0
2021,9,8,2,50,0
2021,9,8,3,0,0
2021,9,8,3,10,0
2021,9,8,3,20,0
2021,9,8,3,30,0
2021,9,8,3,40,0
2021,9,8,3,50,0
2021,9,8,4,0,0
2021,9,8,4,10,0
2021,9,8,4,20,0
2021,9,8,4,30,0
2021,9,8,4,40,0
2021,9,8,4,50,0
2021,9,8,5,0,0
2021,9,8,5,10,0
2021,9,8,5,20,0
2021,9,8,5,30,0
2021,9,8,5,40,0
2021,9,8,5,50,0
2021,9,8,6,0,0
2021,9,8,6,10,0
2021,9,8,6,20,0
2021,9,8,6,30,0
2021,9,8,6,40,0
2021,9,8,6,50,0
2021,9,8,7,0,0
2021,9,8,7,10,0
2021,9,8,7,20,0
2021,9,8,7,30,0
2021,9,8,7,40,0
2021,9,8,7,50,0
2021,9,8,8,0,0
2021,9,8,8,10,0
2021,9,8,8,20,0
2021,9,8,8,30,0
2021,9,8,8,40,0
2021,9,8,8,50,0
2021,9,8,9,0,0
2021,9,8,9,10,0
2021,9,8,9,20,0
2021,9,8,9,30,0
2021,9,8,9,40,0
2021,9,8,9,50,0
2021,9,8,10,0,0
2021,9,8,10,10,0
2021,9,8,10,20,0
2021,9,8,10,30,0
2021,9,8,10,40,25
2021,9,8,10,50,71
2021,9,8,11,0,95
2021,9,8,11,10,154
2021,9,8,11,20,198
2021,9,8,11,30,244
2021,9,8,11,40,289
2021,9,8,11,50,335
2021,9,8,12,0,380
2021,9,8,12,10,425
2021,9,8,12,20,469
2021,9,8,12,30,512
2021,9,8,12,40,555
2021,9,8,12,50,596
2021,9,8,13,0,636
2021,9,8,13,10,675
2021,9,8,13,20,712
2021,9,8,13,30,748
2021,9,8,13,40,782
2021,9,8,13,50,815
2021,9,8,14,0,845
2021,9,8,14,10,874
2021,9,8,14,20,901
2021,9,8,14,30,926
2021,9,8,14,40,949
2021,9,8,14,50,841
2021,9,8,15,0,990
2021,9,8,15,10,1006
2021,9,8,15,20,1021
2021,9,8,15,30,836
2021,9,8,15,40,886
2021,9,8,15,50,823
2021,9,8,16,0,850
2021,9,8,16,10,707
2021,9,8,16,20,715
2021,9,8,16,30,809
2021,9,8,16,40,845
2021,9,8,16,50,806
2021,9,8,17,0,814
2021,9,8,17,10,840
2021,9,8,17,20,1022
2021,9,8,17,30,798
2021,9,8,17,40,781
2021,9,8,17,50,842
2021,9,8,18,0,707
2021,9,8,18,10,758
2021,9,8,18,20,902
2021,9,8,18,30,875
2021,9,8,18,40,847
2021,9,8,18,50,816
2021,9,8,19,0,783
2021,9,8,19,10,749
2021,9,8,19,20,713
2021,9,8,19,30,676
2021,9,8,19,40,625
2021,9,8,19,50,586
2021,9,8,20,0,545
2021,9,8,20,10,504
2021,9,8,20,20,461
2021,9,8,20,30,418
2021,9,8,20,40,374
2021,9,8,20,50,329
2021,9,8,21,0,280
2021,9,8,21,10,236
2021,9,8,21,20,192
2021,9,8,21,30,149
2021,9,8,21,40,106
2021,9,8,21,50,50
2021,9,8,22,0,35
2021,9,8,22,10,0
2021,9,8,22,20,0
2021,9,8,22,30,0
2021,9,8,22,40,0
2021,9,8,22,50,0
2021,9,8,23,0,0
2021,9,8,23,10,0
2021,9,8,23,20,0
2021,9,8,23,30,0
2021,9,8,23,40,0
2021,9,8,23,50,0
2021,9,9,0,0,0
2021,9,9,0,10,0
2021,9,9,0,20,0
2021,9,9,0,30,0
2021,9,9,0,40,0
2021,9,9,0,50,0
2021,9,9,1,0,0
2021,9,9,1,10,0
2021,9,9,1,20,0
2021,9,9,1,30,0
2021,9,9,1,40,0
2021,9,9,1,50,0
2021,9,9,2,0,0
2021,9,9,2,10,0
2021,9,9,2,20,0
2021,9,9,2,30,0
2021,9,9,2,40,0
2021,9,9,2,50,0
2021,9,9,3,0,0
2021,9,9,3,10,0
2021,9,9,3,20,0
2021,9,9,3,30,0
2021,9,9,3,40,0
2021,9,9,3,50,0
2021,9,9,4,0,0
2021,9,9,4,10,0
2021,9,9,4,20,0
2021,9,9,4,30,0
2021,9,9,4,40,0
2021,9,9,4,50,0
2021,9,9,5,0,0
2021,9,9,5,10,0
2021,9,9,5,20,0
2021,9,9,5,30,0
2021,9,9,5,40,0
2021,9,9,5,50,0
2021,9,9,6,0,0
2021,9,9,6,10,0
2021,9,9,6,20,0
2021,9,9,6,30,0
2021,9,9,6,40,0
2021,9,9,6,50,0
2021,9,9,7,0,0
2021,9,9,7,10,0
2021,9,9,7,20,0
2021,9,9,7,30,0
2021,9,9,7,40,0
2021,9,9,7,50,0
2021,9,9,8,0,0
2021,9,9,8,10,0
2021,9,9,8,20,0
2021,9,9,8,30,0
2021,9,9,8,40,0
2021,9,9,8,50,0
2021,9,9,9,0,0
2021,9,9,9,10,0
2021,9,9,9,20,0
2021,9,9,9,30,0
2021,9,9,9,40,0
2021,9,9,9,50,0
2021,9,9,10,0,0
2021,9,9,10,10,0
2021,9,9,10,20,0
2021,9,9,10,30,0
2021,9,9,10,40,36
2021,9,9,10,50,50
2021,9,9,11,0,107
2021,9,9,11,10,54
2021,9,9,11,20,85
2021,9,9,11,30,130
2021,9,9,11,40,169
2021,9,9,11,50,320
2021,9,9,12,0,368
2021,9,9,12,10,412
2021,9,9,12,20,455
2021,9,9,12,30,497
2021,9,9,12,40,538
2021,9,9,12,50,578
2021,9,9,13,0,617
2021,9,9,13,10,655
2021,9,9,13,20,691
2021,9,9,13,30,726
2021,9,9,13,40,760
2021,9,9,13,50,791
2021,9,9,14,0,821
2021,9,9,14,10,850
2021,9,9,14,20,876
2021,9,9,14,30,901
2021,9,9,14,40,935
2021,9,9,14,50,956
2021,9,9,15,0,974
2021,9,9,15,10,991
2021,9,9,15,20,1005
2021,9,9,15,30,1017
2021,9,9,15,40,1028
2021,9,9,15,50,1036
2021,9,9,16,0,1042
2021,9,9,16,10,1045
2021,9,9,16,20,1046
2021,9,9,16,30,1045
2021,9,9,16,40,1042
2021,9,9,16,50,1036
2021,9,9,17,0,1028
2021,9,9,17,10,1018
2021,9,9,17,20,1005
2021,9,9,17,30,979
2021,9,9,17,40,963
2021,9,9,17,50,945
2021,9,9,18,0,924
2021,9,9,18,10,759
2021,9,9,18,20,703
2021,9,9,18,30,850
2021,9,9,18,40,822
2021,9,9,18,50,625
2021,9,9,19,0,711
2021,9,9,19,10,710
2021,9,9,19,20,622
2021,9,9,19,30,485
2021,9,9,19,40,619
2021,9,9,19,50,579
2021,9,9,20,0,449
2021,9,9,20,10,455
2021,9,9,20,20,359
2021,9,9,20,30,368
2021,9,9,20,40,267
2021,9,9,20,50,321
2021,9,9,21,0,272
2021,9,9,21,10,166
2021,9,9,21,20,160
2021,9,9,21,30,105
2021,9,9,21,40,71
2021,9,9,21,50,46
2021,9,9,22,0,22
2021,9,9,22,10,0
2021,9,9,22,20,0
2021,9,9,22,30,0
2021,9,9,22,40,0
2021,9,9,22,50,0
2021,9,9,23,0,0
2021,9,9,23,10,0
2021,9,9,23,20,0
2021,9,9,23,30,0
2021,9,9,23,40,0
2021,9,9,23,50,0
2021,9,10,0,0,0
2021,9,10,0,10,0
2021,9,10,0,20,0
2021,9,10,0,30,0
2021,9,10,0,40,0
2021,9,10,0,50,0
2021,9,10,1,0,0
2021,9,10,1,10,0
2021,9,10,1,20,0
2021,9,10,1,30,0
2021,9,10,1,40,0
2021,9,10,1,50,0
2021,9,10,2,0,0
2021,9,10,2,10,0
2021,9,10,2,20,0
2021,9,10,2,30,0
2021,9,10,2,40,0
2021,9,10,2,50,0
2021,9,10,3,0,0
2021,9,10,3,10,0
2021,9,10,3,20,0
2021,9,10,3,30,0
2021,9,10,3,40,0
2021,9,10,3,50,0
2021,9,10,4,0,0
2021,9,10,4,10,0
2021,9,10,4,20,0
2021,9,10,4,30,0
2021,9,10,4,40,0
2021,9,10,4,50,0
2021,9,10,5,0,0
2021,9,10,5,10,0
2021,9,10,5,20,0
2021,9,10,5,30,0
2021,9,10,5,40,0
2021,9,10,5,50,0
2021,9,10,6,0,0
2021,9,10,6,10,0
2021,9,10,6,20,0
2021,9,10,6,30,0
2021,9,10,6,40,0
2021,9,10,6,50,0
2021,9,10,7,0,0
2021,9,10,7,10,0
2021,9,10,7,20,0
2021,9,10,7,30,0
2021,9,10,7,40,0
2021,9,10,7,50,0
2021,9,10,8,0,0
2021,9,10,8,10,0
2021,9,10,8,20,0
2021,9,10,8,30,0
2021,9,10,8,40,0
2021,9,10,8,50,0
2021,9,10,9,0,0
2021,9,10,9,10,0
2021,9,10,9,20,0
2021,9,10,9,30,0
2021,9,10,9,40,0
2021,9,10,9,50,0
2021,9,10,10,0,0
2021,9,10,10,10,0
2021,9,10,10,20,0
2021,9,10,10,30,0
2021,9,10,10,40,31
2021,9,10,10,50,63
2021,9,10,11,0,123
2021,9,10,11,10,167
2021,9,10,11,20,110
2021,9,10,11,30,257
2021,9,10,11,40,303
2021,9,10,11,50,348
2021,9,10,12,0,394
2021,9,10,12,10,438
2021,9,10,12,20,482
2021,9,10,12,30,525
2021,9,10,12,40,568
2021,9,10,12,50,609
2021,9,10,13,0,649
2021,9,10,13,10,687
2021,9,10,13,20,724
2021,9,10,13,30,760
2021,9,10,13,40,794
2021,9,10,13,50,826
2021,9,10,14,0,857
2021,9,10,14,10,885
2021,9,10,14,20,912
2021,9,10,14,30,937
2021,9,10,14,40,960
2021,9,10,14,50,981
2021,9,10,15,0,1000
2021,9,10,15,10,1016
2021,9,10,15,20,1031
2021,9,10,15,30,1043
2021,9,10,15,40,1053
2021,9,10,15,50,1061
2021,9,10,16,0,1067
2021,9,10,16,10,1070
2021,9,10,16,20,1071
2021,9,10,16,30,1070
2021,9,10,16,40,1066
2021,9,10,16,50,1060
2021,9,10,17,0,1052
2021,9,10,17,10,1042
2021,9,10,17,20,1029
2021,9,10,17,30,1015
2021,9,10,17,40,997
2021,9,10,17,50,978
2021,9,10,18,0,957
2021,9,10,18,10,934
2021,9,10,18,20,909
2021,9,10,18,30,882
2021,9,10,18,40,853
2021,9,10,18,50,822
2021,9,10,19,0,789
2021,9,10,19,10,755
2021,9,10,19,20,720
2021,9,10,19,30,682
2021,9,10,19,40,644
2021,9,10,19,50,603
2021,9,10,20,0,562
2021,9,10,20,10,520
2021,9,10,20,20,477
2021,9,10,20,30,433
2021,9,10,20,40,388
2021,9,10,20,50,342
2021,9,10,21,0,297
2021,9,10,21,10,245
2021,9,10,21,20,201
2021,9,10,21,30,157
2021,9,10,21,40,114
2021,9,10,21,50,74
2021,9,10,22,0,39
2021,9,10,22,10,0
2021,9,10,22,20,0
2021,9,10,22,30,0
2021,9,10,22,40,0
2021,9,10,22,50,0
2021,9,10,23,0,0
2021,9,10,23,10,0
2021,9,10,23,20,0
2021,9,10,23,30,0
2021,9,10,23,40,0
2021,9,10,23,50,0
2021,9,11,0,0,0
2021,9,11,0,10,0
2021,9,11,0,20,0
2021,9,11,0,30,0
2021,9,11,0,40,0
2021,9,11,0,50,0
2021,9,11,1,0,0
2021,9,11,1,10,0
2021,9,11,1,20,0
2021,9,11,1,30,0
2021,9,11,1,40,0
2021,9,11,1,50,0
2021,9,11,2,0,0
2021,9,11,2,10,0
2021,9,11,2,20,0
2021,9,11,2,30,0
2021,9,11,2,40,0
2021,9,11,2,50,0
2021,9,11,3,0,0
2021,9,11,3,10,0
2021,9,11,3,20,0
2021,9,11,3,30,0
2021,9,11,3,40,0
2021,9,11,3,50,0
2021,9,11,4,0,0
2021,9,11,4,10,0
2021,9,11,4,20,0
2021,9,11,4,30,0
2021,9,11,4,40,0
2021,9,11,4,50,0
2021,9,11,5,0,0
2021,9,11,5,10,0
2021,9,11,5,20,0
2021,9,11,5,30,0
2021,9,11,5,40,0
2021,9,11,5,50,0
2021,9,11,6,0,0
2021,9,11,6,10,0
2021,9,11,6,20,0
2021,9,11,6,30,0
2021,9,11,6,40,0
2021,9,11,6,50,0
2021,9,11,7,0,0
2021,9,11,7,10,0
2021,9,11,7,20,0
2021,9,11,7,30,0
2021,9,11,7,40,0
2021,9,11,7,50,0
2021,9,11,8,0,0
2021,9,11,8,10,0
2021,9,11,8,20,0
2021,9,11,8,30,0
2021,9,11,8,40,0
2021,9,11,8,50,0
2021,9,11,9,0,0
2021,9,11,9,10,0
2021,9,11,9,20,0
2021,9,11,9,30,0
2021,9,11,9,40,0
2021,9,11,9,50,0
2021,9,11,10,0,0
2021,9,11,10,10,0
2021,9,11,10,20,0
2021,9,11,10,30,8
2021,9,11,10,40,48
2021,9,11,10,50,86
2021,9,11,11,0,128
2021,9,11,11,10,172
2021,9,11,11,20,216
2021,9,11,11,30,262
2021,9,11,11,40,308
2021,9,11,11,50,354
2021,9,11,12,0,399
2021,9,11,12,10,443
2021,9,11,12,20,487
2021,9,11,12,30,530
2021,9,11,12,40,573
2021,9,11,12,50,614
2021,9,11,13,0,654
2021,9,11,13,10,692
2021,9,11,13,20,729
2021,9,11,13,30,765
2021,9,11,13,40,799
2021,9,11,13,50,831
2021,9,11,14,0,862
2021,9,11,14,10,890
2021,9,11,14,20,917
2021,9,11,14,30,942
2021,9,11,14,40,965
2021,9,11,14,50,986
2021,9,11,15,0,1005
2021,9,11,15,10,1021
2021,9,11,15,20,1036
2021,9,11,15,30,1048
2021,9,11,15,40,1058
2021,9,11,15,50,1066
2021,9,11,16,0,1071
2021,9,11,16,10,1074
2021,9,11,16,20,1075
2021,9,11,16,30,1074
2021,9,11,16,40,1070
2021,9,11,16,50,1064
2021,9,11,17,0,1056
2021,9,11,17,10,1046
2021,9,11,17,20,1033
2021,9,11,17,30,1018
2021,9,11,17,40,1000
2021,9,11,17,50,981
2021,9,11,18,0,960
2021,9,11,18,10,937
2021,9,11,18,20,912
2021,9,11,18,30,884
2021,9,11,18,40,856
2021,9,11,18,50,825
2021,9,11,19,0,792
2021,9,11,19,10,758
2021,9,11,19,20,722
2021,9,11,19,30,685
2021,9,11,19,40,646
2021,9,11,19,50,595
2021,9,11,20,0,554
2021,9,11,20,10,512
2021,9,11,20,20,311
2021,9,11,20,30,426
2021,9,11,20,40,285
2021,9,11,20,50,298
2021,9,11,21,0,181
2021,9,11,21,10,247
2021,9,11,21,20,202
2021,9,11,21,30,158
2021,9,11,21,40,114
2021,9,11,21,50,44
2021,9,11,22,0,25
2021,9,11,22,10,0
2021,9,11,22,20,0
2021,9,11,22,30,0
2021,9,11,22,40,0
2021,9,11,22,50,0
2021,9,11,23,0,0
2021,9,11,23,10,0
2021,9,11,23,20,0
2021,9,11,23,30,0
2021,9,11,23,40,0
2021,9,11,23,50,0
2021,9,12,0,0,0
2021,9,12,0,10,0
2021,9,12,0,20,0
2021,9,12,0,30,0
2021,9,12,0,40,0
2021,9,12,0,50,0
2021,9,12,1,0,0
2021,9,12,1,10,0
2021,9,12,1,20,0
2021,9,12,1,30,0
2021,9,12,1,40,0
2021,9,12,1,50,0
2021,9,12,2,0,0
2021,9,12,2,10,0
2021,9,12,2,20,0
2021,9,12,2,30,0
2021,9,12,2,40,0
2021,9,12,2,50,0
2021,9,12,3,0,0
2021,9,12,3,10,0
2021,9,12,3,20,0
2021,9,12,3,30,0
2021,9,12,3,40,0
2021,9,12,3,50,0
2021,9,12,4,0,0
2021,9,12,4,10,0
2021,9,12,4,20,0
2021,9,12,4,30,0
2021,9,12,4,40,0
2021,9,12,4,50,0
2021,9,12,5,0,0
2021,9,12,5,10,0
2021,9,12,5,20,0
2021,9,12,5,30,0
2021,9,12,5,40,0
2021,9,12,5,50,0
2021,9,12,6,0,0
2021,9,12,6,10,0
2021,9,12,6,20,0
2021,9,12,6,30,0
2021,9,12,6,40,0
2021,9,12,6,50,0
2021,9,12,7,0,0
2021,9,12,7,10,0
2021,9,12,7,20,0
2021,9,12,7,30,0
2021,9,12,7,40,0
2021,9,12,7,50,0
2021,9,12,8,0,0
2021,9,12,8,10,0
2021,9,12,8,20,0
2021,9,12,8,30,0
2021,9,12,8,40,0
2021,9,12,8,50,0
2021,9,12,9,0,0
2021,9,12,9,10,0
2021,9,12,9,20,0
2021,9,12,9,30,0
2021,9,12,9,40,0
2021,9,12,9,50,0
2021,9,12,10,0,0
2021,9,12,10,10,0
2021,9,12,10,20,0
2021,9,12,10,30,9
2021,9,12,10,40,30
2021,9,12,10,50,63
2021,9,12,11,0,52
2021,9,12,11,10,120
2021,9,12,11,20,162
2021,9,12,11,30,210
2021,9,12,11,40,255
2021,9,12,11,50,168
2021,9,12,12,0,354
2021,9,12,12,10,336
2021,9,12,12,20,399
2021,9,12,12,30,395
2021,9,12,12,40,499
2021,9,12,12,50,460
2021,9,12,13,0,414
2021,9,12,13,10,581
2021,9,12,13,20,619
2021,9,12,13,30,745
2021,9,12,13,40,655
2021,9,12,13,50,810
2021,9,12,14,0,775
2021,9,12,14,10,869
2021,9,12,14,20,895
2021,9,12,14,30,911
2021,9,12,14,40,825
2021,9,12,14,50,954
2021,9,12,15,0,805
2021,9,12,15,10,871
2021,9,12,15,20,873
2021,9,12,15,30,934
2021,9,12,15,40,801
2021,9,12,15,50,682
2021,9,12,16,0,828
2021,9,12,16,10,667
2021,9,12,16,20,704
2021,9,12,16,30,533
2021,9,12,16,40,519
2021,9,12,16,50,717
2021,9,12,17,0,983
2021,9,12,17,10,724
2021,9,12,17,20,547
2021,9,12,17,30,696
2021,9,12,17,40,535
2021,9,12,17,50,522
2021,9,12,18,0,603
2021,9,12,18,10,493
2021,9,12,18,20,464
2021,9,12,18,30,402
2021,9,12,18,40,374
2021,9,12,18,50,496
2021,9,12,19,0,403
2021,9,12,19,10,417
2021,9,12,19,20,356
2021,9,12,19,30,358
2021,9,12,19,40,190
2021,9,12,19,50,248
2021,9,12,20,0,295
2021,9,12,20,10,340
2021,9,12,20,20,209
2021,9,12,20,30,204
2021,9,12,20,40,251
2021,9,12,20,50,184
2021,9,12,21,0,117
2021,9,12,21,10,118
2021,9,12,21,20,152
2021,9,12,21,30,49
2021,9,12,21,40,68
2021,9,12,21,50,47
2021,9,12,22,0,25
2021,9,12,22,10,0
2021,9,12,22,20,0
2021,9,12,22,30,0
2021,9,12,22,40,0
2021,9,12,22,50,0
2021,9,12,23,0,0
2021,9,12,23,10,0
2021,9,12,23,20,0
2021,9,12,23,30,0
2021,9,12,23,40,0
2021,9,12,23,50,0
2021,9,13,0,0,0
2021,9,13,0,10,0
2021,9,13,0,20,0
2021,9,13,0,30,0
2021,9,13,0,40,0
2021,9,13,0,50,0
2021,9,13,1,0,0
2021,9,13,1,10,0
2021,9,13,1,20,0
2021,9,13,1,30,0
2021,9,13,1,40,0
2021,9,13,1,50,0
2021,9,13,2,0,0
2021,9,13,2,10,0
2021,9,13,2,20,0
2021,9,13,2,30,0
2021,9,13,2,40,0
2021,9,13,2,50,0
2021,9,13,3,0,0
2021,9,13,3,10,0
2021,9,13,3,20,0
2021,9,13,3,30,0
2021,9,13,3,40,0
2021,9,13,3,50,0
2021,9,13,4,0,0
2021,9,13,4,10,0
2021,9,13,4,20,0
2021,9,13,4,30,0
2021,9,13,4,40,0
2021,9,13,4,50,0
2021,9,13,5,0,0
2021,9,13,5,10,0
2021,9,13,5,20,0
2021,9,13,5,30,0
2021,9,13,5,40,0
2021,9,13,5,50,0
2021,9,13,6,0,0
2021,9,13,6,10,0
2021,9,13,6,20,0
2021,9,13,6,30,0
2021,9,13,6,40,0
2021,9,13,6,50,0
2021,9,13,7,0,0
2021,9,13,7,10,0
2021,9,13,7,20,0
2021,9,13,7,30,0
2021,9,13,7,40,0
2021,9,13,7,50,0
2021,9,13,8,0,0
2021,9,13,8,10,0
2021,9,13,8,20,0
2021,9,13,8,30,0
2021,9,13,8,40,0
2021,9,13,8,50,0
2021,9,13,9,0,0
2021,9,13,9,10,0
2021,9,13,9,20,0
2021,9,13,9,30,0
2021,9,13,9,40,0
2021,9,13,9,50,0
2021,9,13,10,0,0
2021,9,13,10,10,0
2021,9,13,10,20,0
2021,9,13,10,30,12
2021,9,13,10,40,34
2021,9,13,10,50,53
2021,9,13,11,0,103
2021,9,13,11,10,85
2021,9,13,11,20,191
2021,9,13,11,30,150
2021,9,13,11,40,189
2021,9,13,11,50,227
2021,9,13,12,0,383
2021,9,13,12,10,426
2021,9,13,12,20,468
2021,9,13,12,30,510
2021,9,13,12,40,551
2021,9,13,12,50,506
2021,9,13,13,0,531
2021,9,13,13,10,672
2021,9,13,13,20,708
2021,9,13,13,30,743
2021,9,13,13,40,776
2021,9,13,13,50,807
2021,9,13,14,0,837
2021,9,13,14,10,864
2021,9,13,14,20,891
2021,9,13,14,30,908
2021,9,13,14,40,930
2021,9,13,14,50,951
2021,9,13,15,0,969
2021,9,13,15,10,985
2021,9,13,15,20,999
2021,9,13,15,30,1011
2021,9,13,15,40,1020
2021,9,13,15,50,1027
2021,9,13,16,0,1033
2021,9,13,16,10,1036
2021,9,13,16,20,1036
2021,9,13,16,30,1035
2021,9,13,16,40,1031
2021,9,13,16,50,879
2021,9,13,17,0,983
2021,9,13,17,10,1006
2021,9,13,17,20,994
2021,9,13,17,30,870
2021,9,13,17,40,838
2021,9,13,17,50,807
2021,9,13,18,0,775
2021,9,13,18,10,697
2021,9,13,18,20,678
2021,9,13,18,30,691
2021,9,13,18,40,622
2021,9,13,18,50,579
2021,9,13,19,0,573
2021,9,13,19,10,564
2021,9,13,19,20,531
2021,9,13,19,30,511
2021,9,13,19,40,499
2021,9,13,19,50,458
2021,9,13,20,0,467
2021,9,13,20,10,339
2021,9,13,20,20,318
2021,9,13,20,30,325
2021,9,13,20,40,205
2021,9,13,20,50,246
2021,9,13,21,0,220
2021,9,13,21,10,75
2021,9,13,21,20,103
2021,9,13,21,30,70
2021,9,13,21,40,70
2021,9,13,21,50,48
2021,9,13,22,0,24
2021,9,13,22,10,0
2021,9,13,22,20,0
2021,9,13,22,30,0
2021,9,13,22,40,0
2021,9,13,22,50,0
2021,9,13,23,0,0
2021,9,13,23,10,0
2021,9,13,23,20,0
2021,9,13,23,30,0
2021,9,13,23,40,0
2021,9,13,23,50,0
2021,9,14,0,0,0
2021,9,14,0,10,0
2021,9,14,0,20,0
2021,9,14,0,30,0
2021,9,14,0,40,0
2021,9,14,0,50,0
2021,9,14,1,0,0
2021,9,14,1,10,0
2021,9,14,1,20,0
2021,9,14,1,30,0
2021,9,14,1,40,0
2021,9,14,1,50,0
2021,9,14,2,0,0
2021,9,14,2,10,0
2021,9,14,2,20,0
2021,9,14,2,30,0
2021,9,14,2,40,0
2021,9,14,2,50,0
2021,9,14,3,0,0
2021,9,14,3,10,0
2021,9,14,3,20,0
2021,9,14,3,30,0
2021,9,14,3,40,0
2021,9,14,3,50,0
2021,9,14,4,0,0
2021,9,14,4,10,0
2021,9,14,4,20,0
2021,9,14,4,30,0
2021,9,14,4,40,0
2021,9,14,4,50,0
2021,9,14,5,0,0
2021,9,14,5,10,0
2021,9,14,5,20,0
2021,9,14,5,30,0
2021,9,14,5,40,0
2021,9,14,5,50,0
2021,9,14,6,0,0
2021,9,14,6,10,0
2021,9,14,6,20,0
2021,9,14,6,30,0
2021,9,14,6,40,0
2021,9,14,6,50,0
2021,9,14,7,0,0
2021,9,14,7,10,0
2021,9,14,7,20,0
2021,9,14,7,30,0
2021,9,14,7,40,0
2021,9,14,7,50,0
2021,9,14,8,0,0
2021,9,14,8,10,0
2021,9,14,8,20,0
2021,9,14,8,30,0
2021,9,14,8,40,0
2021,9,14,8,50,0
2021,9,14,9,0,0
2021,9,14,9,10,0
2021,9,14,9,20,0
2021,9,14,9,30,0
2021,9,14,9,40,0
2021,9,14,9,50,0
2021,9,14,10,0,0
2021,9,14,10,10,0
2021,9,14,10,20,0
2021,9,14,10,30,13
2021,9,14,10,40,33
2021,9,14,10,50,64
2021,9,14,11,0,107
2021,9,14,11,10,143
2021,9,14,11,20,179
2021,9,14,11,30,160
2021,9,14,11,40,187
2021,9,14,11,50,229
2021,9,14,12,0,262
2021,9,14,12,10,294
2021,9,14,12,20,467
2021,9,14,12,30,508
2021,9,14,12,40,412
2021,9,14,12,50,593
2021,9,14,13,0,637
2021,9,14,13,10,674
2021,9,14,13,20,710
2021,9,14,13,30,745
2021,9,14,13,40,780
2021,9,14,13,50,811
2021,9,14,14,0,841
2021,9,14,14,10,869
2021,9,14,14,20,895
2021,9,14,14,30,919
2021,9,14,14,40,941
2021,9,14,14,50,801
2021,9,14,15,0,835
2021,9,14,15,10,884
2021,9,14,15,20,904
2021,9,14,15,30,881
2021,9,14,15,40,864
2021,9,14,15,50,881
2021,9,14,16,0,891
2021,9,14,16,10,868
2021,9,14,16,20,850
2021,9,14,16,30,844
2021,9,14,16,40,991
2021,9,14,16,50,990
2021,9,14,17,0,808
2021,9,14,17,10,837
2021,9,14,17,20,836
2021,9,14,17,30,982
2021,9,14,17,40,781
2021,9,14,17,50,791
2021,9,14,18,0,730
2021,9,14,18,10,725
2021,9,14,18,20,732
2021,9,14,18,30,700
2021,9,14,18,40,686
2021,9,14,18,50,672
2021,9,14,19,0,611
2021,9,14,19,10,562
2021,9,14,19,20,564
2021,9,14,19,30,539
2021,9,14,19,40,560
2021,9,14,19,50,454
2021,9,14,20,0,426
2021,9,14,20,10,429
2021,9,14,20,20,405
2021,9,14,20,30,315
2021,9,14,20,40,303
2021,9,14,20,50,277
2021,9,14,21,0,206
2021,9,14,21,10,161
2021,9,14,21,20,134
2021,9,14,21,30,117
2021,9,14,21,40,105
2021,9,14,21,50,67
2021,9,14,22,0,27
2021,9,14,22,10,0
2021,9,14,22,20,0
2021,9,14,22,30,0
2021,9,14,22,40,0
2021,9,14,22,50,0
2021,9,14,23,0,0
2021,9,14,23,10,0
2021,9,14,23,20,0
2021,9,14,23,30,0
2021,9,14,23,40,0
2021,9,14,23,50,0
2021,9,15,0,0,0
2021,9,15,0,10,0
2021,9,15,0,20,0
2021,9,15,0,30,0
2021,9,15,0,40,0
2021,9,15,0,50,0
2021,9,15,1,0,0
2021,9,15,1,10,0
2021,9,15,1,20,0
2021,9,15,1,30,0
2021,9,15,1,40,0
2021,9,15,1,50,0
2021,9,15,2,0,0
2021,9,15,2,10,0
2021,9,15,2,20,0
2021,9,15,2,30,0
2021,9,15,2,40,0
2021,9,15,2,50,0
2021,9,15,3,0,0
2021,9,15,3,10,0
2021,9,15,3,20,0
2021,9,15,3,30,0
2021,9,15,3,40,0
2021,9,15,3,50,0
2021,9,15,4,0,0
2021,9,15,4,10,0
2021,9,15,4,20,0
2021,9,15,4,30,0
2021,9,15,4,40,0
2021,9,15,4,50,0
2021,9,15,5,0,0
2021,9,15,5,10,0
2021,9,15,5,20,0
2021,9,15,5,30,0
2021,9,15,5,40,0
2021,9,15,5,50,0
2021,9,15,6,0,0
2021,9,15,6,10,0
2021,9,15,6,20,0
2021,9,15,6,30,0
2021,9,15,6,40,0
2021,9,15,6,50,0
2021,9,15,7,0,0
2021,9,15,7,10,0
2021,9,15,7,20,0
2021,9,15,7,30,0
2021,9,15,7,40,0
2021,9,15,7,50,0
2021,9,15,8,0,0
2021,9,15,8,10,0
2021,9,15,8,20,0
2021,9,15,8,30,0
2021,9,15,8,40,0
2021,9,15,8,50,0
2021,9,15,9,0,0
2021,9,15,9,10,0
2021,9,15,9,20,0
2021,9,15,9,30,0
2021,9,15,9,40,0
2021,9,15,9,50,0
2021,9,15,10,0,0
2021,9,15,10,10,0
2021,9,15,10,20,0
2021,9,15,10,30,17
2021,9,15,10,40,39
2021,9,15,10,50,67
2021,9,15,11,0,58
2021,9,15,11,10,150
2021,9,15,11,20,194
2021,9,15,11,30,244
2021,9,15,11,40,227
2021,9,15,11,50,263
2021,9,15,12,0,281
2021,9,15,12,10,438
2021,9,15,12,20,356
2021,9,15,12,30,464
2021,9,15,12,40,509
2021,9,15,12,50,603
2021,9,15,13,0,643
2021,9,15,13,10,681
2021,9,15,13,20,718
2021,9,15,13,30,753
2021,9,15,13,40,785
2021,9,15,13,50,817
2021,9,15,14,0,847
2021,9,15,14,10,876
2021,9,15,14,20,903
2021,9,15,14,30,927
2021,9,15,14,40,949
2021,9,15,14,50,969
2021,9,15,15,0,988
2021,9,15,15,10,1004
2021,9,15,15,20,1018
2021,9,15,15,30,1030
2021,9,15,15,40,1042
2021,9,15,15,50,1049
2021,9,15,16,0,1054
2021,9,15,16,10,1057
2021,9,15,16,20,1058
2021,9,15,16,30,1056
2021,9,15,16,40,1054
2021,9,15,16,50,1047
2021,9,15,17,0,1039
2021,9,15,17,10,1028
2021,9,15,17,20,1015
2021,9,15,17,30,988
2021,9,15,17,40,972
2021,9,15,17,50,953
2021,9,15,18,0,932
2021,9,15,18,10,908
2021,9,15,18,20,883
2021,9,15,18,30,856
2021,9,15,18,40,827
2021,9,15,18,50,796
2021,9,15,19,0,763
2021,9,15,19,10,729
2021,9,15,19,20,693
2021,9,15,19,30,656
2021,9,15,19,40,615
2021,9,15,19,50,575
2021,9,15,20,0,534
2021,9,15,20,10,492
2021,9,15,20,20,445
2021,9,15,20,30,401
2021,9,15,20,40,356
2021,9,15,20,50,312
2021,9,15,21,0,229
2021,9,15,21,10,224
2021,9,15,21,20,182
2021,9,15,21,30,141
2021,9,15,21,40,101
2021,9,15,21,50,65
2021,9,15,22,0,34
2021,9,15,22,10,0
2021,9,15,22,20,0
2021,9,15,22,30,0
2021,9,15,22,40,0
2021,9,15,22,50,0
2021,9,15,23,0,0
2021,9,15,23,10,0
2021,9,15,23,20,0
2021,9,15,23,30,0
2021,9,15,23,40,0
2021,9,15,23,50,0
2021,9,16,0,0,0
2021,9,16,0,10,0
2021,9,16,0,20,0
2021,9,16,0,30,0
2021,9,16,0,40,0
2021,9,16,0,50,0
2021,9,16,1,0,0
2021,9,16,1,10,0
2021,9,16,1,20,0
2021,9,16,1,30,0
2021,9,16,1,40,0
2021,9,16,1,50,0
2021,9,16,2,0,0
2021,9,16,2,10,0
2021,9,16,2,20,0
2021,9,16,2,30,0
2021,9,16,2,40,0
2021,9,16,2,50,0
2021,9,16,3,0,0
2021,9,16,3,10,0
2021,9,16,3,20,0
2021,9,16,3,30,0
2021,9,16,3,40,0
2021,9,16,3,50,0
2021,9,16,4,0,0
2021,9,16,4,10,0
2021,9,16,4,20,0
2021,9,16,4,30,0
2021,9,16,4,40,0
2021,9,16,4,50,0
2021,9,16,5,0,0
2021,9,16,5,10,0
2021,9,16,5,20,0
2021,9,16,5,30,0
2021,9,16,5,40,0
2021,9,16,5,50,0
2021,9,16,6,0,0
2021,9,16,6,10,0
2021,9,16,6,20,0
2021,9,16,6,30,0
2021,9,16,6,40,0
2021,9,16,6,50,0
2021,9,16,7,0,0
2021,9,16,7,10,0
2021,9,16,7,20,0
2021,9,16,7,30,0
2021,9,16,7,40,0
2021,9,16,7,50,0
2021,9,16,8,0,0
2021,9,16,8,10,0
2021,9,16,8,20,0
2021,9,16,8,30,0
2021,9,16,8,40,0
2021,9,16,8,50,0
2021,9,16,9,0,0
2021,9,16,9,10,0
2021,9,16,9,20,0
2021,9,16,9,30,0
2021,9,16,9,40,0
2021,9,16,9,50,0
2021,9,16,10,0,0
2021,9,16,10,10,0
2021,9,16,10,20,0
2021,9,16,10,30,15
2021,9,16,10,40,37
2021,9,16,10,50,51
2021,9,16,11,0,91
2021,9,16,11,10,131
2021,9,16,11,20,171
2021,9,16,11,30,199
2021,9,16,11,40,240
2021,9,16,11,50,287
2021,9,16,12,0,308
2021,9,16,12,10,357
2021,9,16,12,20,401
2021,9,16,12,30,443
2021,9,16,12,40,546
2021,9,16,12,50,582
2021,9,16,13,0,620
2021,9,16,13,10,656
2021,9,16,13,20,692
2021,9,16,13,30,726
2021,9,16,13,40,758
2021,9,16,13,50,789
2021,9,16,14,0,818
2021,9,16,14,10,846
2021,9,16,14,20,871
2021,9,16,14,30,891
2021,9,16,14,40,916
2021,9,16,14,50,936
2021,9,16,15,0,954
2021,9,16,15,10,970
2021,9,16,15,20,983
2021,9,16,15,30,995
2021,9,16,15,40,1004
2021,9,16,15,50,1011
2021,9,16,16,0,1015
2021,9,16,16,10,1018
2021,9,16,16,20,1019
2021,9,16,16,30,1017
2021,9,16,16,40,1009
2021,9,16,16,50,1003
2021,9,16,17,0,995
2021,9,16,17,10,984
2021,9,16,17,20,972
2021,9,16,17,30,810
2021,9,16,17,40,912
2021,9,16,17,50,925
2021,9,16,18,0,905
2021,9,16,18,10,750
2021,9,16,18,20,660
2021,9,16,18,30,666
2021,9,16,18,40,802
2021,9,16,18,50,706
2021,9,16,19,0,607
2021,9,16,19,10,554
2021,9,16,19,20,496
2021,9,16,19,30,502
2021,9,16,19,40,477
2021,9,16,19,50,558
2021,9,16,20,0,518
2021,9,16,20,10,478
2021,9,16,20,20,437
2021,9,16,20,30,395
2021,9,16,20,40,350
2021,9,16,20,50,307
2021,9,16,21,0,265
2021,9,16,21,10,222
2021,9,16,21,20,181
2021,9,16,21,30,139
2021,9,16,21,40,99
2021,9,16,21,50,64
2021,9,16,22,0,34
2021,9,16,22,10,12
2021,9,16,22,20,0
2021,9,16,22,30,0
2021,9,16,22,40,0
2021,9,16,22,50,0
2021,9,16,23,0,0
2021,9,16,23,10,0
2021,9,16,23,20,0
2021,9,16,23,30,0
2021,9,16,23,40,0
2021,9,16,23,50,0
2021,9,17,0,0,0
2021,9,17,0,10,0
2021,9,17,0,20,0
2021,9,17,0,30,0
2021,9,17,0,40,0
2021,9,17,0,50,0
2021,9,17,1,0,0
2021,9,17,1,10,0
2021,9,17,1,20,0
2021,9,17,1,30,0
2021,9,17,1,40,0
2021,9,17,1,50,0
2021,9,17,2,0,0
2021,9,17,2,10,0
2021,9,17,2,20,0
2021,9,17,2,30,0
2021,9,17,2,40,0
2021,9,17,2,50,0
2021,9,17,3,0,0
2021,9,17,3,10,0
2021,9,17,3,20,0
2021,9,17,3,30,0
2021,9,17,3,40,0
2021,9,17,3,50,0
2021,9,17,4,0,0
2021,9,17,4,10,0
2021,9,17,4,20,0
2021,9,17,4,30,0
2021,9,17,4,40,0
2021,9,17,4,50,0
2021,9,17,5,0,0
2021,9,17,5,10,0
2021,9,17,5,20,0
2021,9,17,5,30,0
2021,9,17,5,40,0
2021,9,17,5,50,0
2021,9,17,6,0,0
2021,9,17,6,10,0
2021,9,17,6,20,0
2021,9,17,6,30,0
2021,9,17,6,40,0
2021,9,17,6,50,0
2021,9,17,7,0,0
2021,9,17,7,10,0
2021,9,17,7,20,0
2021,9,17,7,30,0
2021,9,17,7,40,0
2021,9,17,7,50,0
2021,9,17,8,0,0
2021,9,17,8,10,0
2021,9,17,8,20,0
2021,9,17,8,30,0
2021,9,17,8,40,0
2021,9,17,8,50,0
2021,9,17,9,0,0
2021,9,17,9,10,0
2021,9,17,9,20,0
2021,9,17,9,30,0
2021,9,17,9,40,0
2021,9,17,9,50,0
2021,9,17,10,0,0
2021,9,17,10,10,0
2021,9,17,10,20,0
2021,9,17,10,30,20
2021,9,17,10,40,61
2021,9,17,10,50,71
2021,9,17,11,0,139
2021,9,17,11,10,184
2021,9,17,11,20,228
2021,9,17,11,30,272
2021,9,17,11,40,318
2021,9,17,11,50,362
2021,9,17,12,0,406
2021,9,17,12,10,450
2021,9,17,12,20,493
2021,9,17,12,30,535
2021,9,17,12,40,577
2021,9,17,12,50,617
2021,9,17,13,0,655
2021,9,17,13,10,693
2021,9,17,13,20,729
2021,9,17,13,30,763
2021,9,17,13,40,797
2021,9,17,13,50,828
2021,9,17,14,0,857
2021,9,17,14,10,885
2021,9,17,14,20,911
2021,9,17,14,30,774
2021,9,17,14,40,813
2021,9,17,14,50,975
2021,9,17,15,0,917
2021,9,17,15,10,902
2021,9,17,15,20,885
2021,9,17,15,30,887
2021,9,17,15,40,830
2021,9,17,15,50,892
2021,9,17,16,0,899
2021,9,17,16,10,916
2021,9,17,16,20,1058
2021,9,17,16,30,1056
2021,9,17,16,40,1051
2021,9,17,16,50,1045
2021,9,17,17,0,1036
2021,9,17,17,10,1025
2021,9,17,17,20,1005
2021,9,17,17,30,990
2021,9,17,17,40,972
2021,9,17,17,50,952
2021,9,17,18,0,931
2021,9,17,18,10,908
2021,9,17,18,20,883
2021,9,17,18,30,856
2021,9,17,18,40,826
2021,9,17,18,50,795
2021,9,17,19,0,763
2021,9,17,19,10,724
2021,9,17,19,20,689
2021,9,17,19,30,653
2021,9,17,19,40,614
2021,9,17,19,50,575
2021,9,17,20,0,534
2021,9,17,20,10,493
2021,9,17,20,20,448
2021,9,17,20,30,405
2021,9,17,20,40,363
2021,9,17,20,50,319
2021,9,17,21,0,276
2021,9,17,21,10,229
2021,9,17,21,20,133
2021,9,17,21,30,93
2021,9,17,21,40,78
2021,9,17,21,50,54
2021,9,17,22,0,28
2021,9,17,22,10,6
2021,9,17,22,20,0
2021,9,17,22,30,0
2021,9,17,22,40,0
2021,9,17,22,50,0
2021,9,17,23,0,0
2021,9,17,23,10,0
2021,9,17,23,20,0
2021,9,17,23,30,0
2021,9,17,23,40,0
2021,9,17,23,50,0
2021,9,18,0,0,0
2021,9,18,0,10,0
2021,9,18,0,20,0
2021,9,18,0,30,0
2021,9,18,0,40,0
2021,9,18,0,50,0
2021,9,18,1,0,0
2021,9,18,1,10,0
2021,9,18,1,20,0
2021,9,18,1,30,0
2021,9,18,1,40,0
2021,9,18,1,50,0
2021,9,18,2,0,0
2021,9,18,2,10,0
2021,9,18,2,20,0
2021,9,18,2,30,0
2021,9,18,2,40,0
2021,9,18,2,50,0
2021,9,18,3,0,0
2021,9,18,3,10,0
2021,9,18,3,20,0
2021,9,18,3,30,0
2021,9,18,3,40,0
2021,9,18,3,50,0
2021,9,18,4,0,0
2021,9,18,4,10,0
2021,9,18,4,20,0
2021,9,18,4,30,0
2021,9,18,4,40,0
2021,9,18,4,50,0
2021,9,18,5,0,0
2021,9,18,5,10,0
2021,9,18,5,20,0
2021,9,18,5,30,0
2021,9,18,5,40,0
2021,9,18,5,50,0
2021,9,18,6,0,0
2021,9,18,6,10,0
2021,9,18,6,20,0
2021,9,18,6,30,0
2021,9,18,6,40,0
2021,9,18,6,50,0
2021,9,18,7,0,0
2021,9,18,7,10,0
2021,9,18,7,20,0
2021,9,18,7,30,0
2021,9,18,7,40,0
2021,9,18,7,50,0
2021,9,18,8,0,0
2021,9,18,8,10,0
2021,9,18,8,20,0
2021,9,18,8,30,0
2021,9,18,8,40,0
2021,9,18,8,50,0
2021,9,18,9,0,0
2021,9,18,9,10,0
2021,9,18,9,20,0
2021,9,18,9,30,0
2021,9,18,9,40,0
2021,9,18,9,50,0
2021,9,18,10,0,0
2021,9,18,10,10,0
2021,9,18,10,20,0
2021,9,18,10,30,18
2021,9,18,10,40,41
2021,9,18,10,50,58
2021,9,18,11,0,118
2021,9,18,11,10,182
2021,9,18,11,20,122
2021,9,18,11,30,160
2021,9,18,11,40,198
2021,9,18,11,50,356
2021,9,18,12,0,273
2021,9,18,12,10,443
2021,9,18,12,20,486
2021,9,18,12,30,527
2021,9,18,12,40,567
2021,9,18,12,50,607
2021,9,18,13,0,645
2021,9,18,13,10,682
2021,9,18,13,20,718
2021,9,18,13,30,752
2021,9,18,13,40,785
2021,9,18,13,50,816
2021,9,18,14,0,845
2021,9,18,14,10,868
2021,9,18,14,20,894
2021,9,18,14,30,918
2021,9,18,14,40,941
2021,9,18,14,50,961
2021,9,18,15,0,978
2021,9,18,15,10,994
2021,9,18,15,20,1008
2021,9,18,15,30,1019
2021,9,18,15,40,1023
2021,9,18,15,50,1030
2021,9,18,16,0,1035
2021,9,18,16,10,1037
2021,9,18,16,20,1038
2021,9,18,16,30,888
2021,9,18,16,40,821
2021,9,18,16,50,1021
2021,9,18,17,0,1012
2021,9,18,17,10,816
2021,9,18,17,20,985
2021,9,18,17,30,970
2021,9,18,17,40,953
2021,9,18,17,50,931
2021,9,18,18,0,910
2021,9,18,18,10,887
2021,9,18,18,20,862
2021,9,18,18,30,833
2021,9,18,18,40,804
2021,9,18,18,50,774
2021,9,18,19,0,584
2021,9,18,19,10,486
2021,9,18,19,20,467
2021,9,18,19,30,571
2021,9,18,19,40,455
2021,9,18,19,50,558
2021,9,18,20,0,517
2021,9,18,20,10,369
2021,9,18,20,20,320
2021,9,18,20,30,394
2021,9,18,20,40,324
2021,9,18,20,50,208
2021,9,18,21,0,182
2021,9,18,21,10,159
2021,9,18,21,20,144
2021,9,18,21,30,90
2021,9,18,21,40,76
2021,9,18,21,50,47
2021,9,18,22,0,28
2021,9,18,22,10,6
2021,9,18,22,20,0
2021,9,18,22,30,0
2021,9,18,22,40,0
2021,9,18,22,50,0
2021,9,18,23,0,0
2021,9,18,23,10,0
2021,9,18,23,20,0
2021,9,18,23,30,0
2021,9,18,23,40,0
2021,9,18,23,50,0
2021,9,19,0,0,0
2021,9,19,0,10,0
2021,9,19,0,20,0
2021,9,19,0,30,0
2021,9,19,0,40,0
2021,9,19,0,50,0
2021,9,19,1,0,0
2021,9,19,1,10,0
2021,9,19,1,20,0
2021,9,19,1,30,0
2021,9,19,1,40,0
2021,9,19,1,50,0
2021,9,19,2,0,0
2021,9,19,2,10,0
2021,9,19,2,20,0
2021,9,19,2,30,0
2021,9,19,2,40,0
2021,9,19,2,50,0
2021,9,19,3,0,0
2021,9,19,3,10,0
2021,9,19,3,20,0
2021,9,19,3,30,0
2021,9,19,3,40,0
2021,9,19,3,50,0
2021,9,19,4,0,0
2021,9,19,4,10,0
2021,9,19,4,20,0
2021,9,19,4,30,0
2021,9,19,4,40,0
2021,9,19,4,50,0
2021,9,19,5,0,0
2021,9,19,5,10,0
2021,9,19,5,20,0
2021,9,19,5,30,0
2021,9,19,5,40,0
2021,9,19,5,50,0
2021,9,19,6,0,0
2021,9,19,6,10,0
2021,9,19,6,20,0
2021,9,19,6,30,0
2021,9,19,6,40,0
2021,9,19,6,50,0
2021,9,19,7,0,0
2021,9,19,7,10,0
2021,9,19,7,20,0
2021,9,19,7,30,0
2021,9,19,7,40,0
2021,9,19,7,50,0
2021,9,19,8,0,0
2021,9,19,8,10,0
2021,9,19,8,20,0
2021,9,19,8,30,0
2021,9,19,8,40,0
2021,9,19,8,50,0
2021,9,19,9,0,0
2021,9,19,9,10,0
2021,9,19,9,20,0
2021,9,19,9,30,0
2021,9,19,9,40,0
2021,9,19,9,50,0
2021,9,19,10,0,0
2021,9,19,10,10,0
2021,9,19,10,20,0
2021,9,19,10,30,32
2021,9,19,10,40,64
2021,9,19,10,50,100
2021,9,19,11,0,140
2021,9,19,11,10,183
2021,9,19,11,20,225
2021,9,19,11,30,269
2021,9,19,11,40,313
2021,9,19,11,50,356
2021,9,19,12,0,400
2021,9,19,12,10,442
2021,9,19,12,20,484
2021,9,19,12,30,529
2021,9,19,12,40,570
2021,9,19,12,50,610
2021,9,19,13,0,648
2021,9,19,13,10,684
2021,9,19,13,20,720
2021,9,19,13,30,754
2021,9,19,13,40,787
2021,9,19,13,50,818
2021,9,19,14,0,847
2021,9,19,14,10,875
2021,9,19,14,20,900
2021,9,19,14,30,924
2021,9,19,14,40,943
2021,9,19,14,50,963
2021,9,19,15,0,980
2021,9,19,15,10,996
2021,9,19,15,20,1009
2021,9,19,15,30,1021
2021,9,19,15,40,1028
2021,9,19,15,50,1035
2021,9,19,16,0,1040
2021,9,19,16,10,1043
2021,9,19,16,20,1043
2021,9,19,16,30,1041
2021,9,19,16,40,1035
2021,9,19,16,50,1029
2021,9,19,17,0,754
2021,9,19,17,10,1009
2021,9,19,17,20,996
2021,9,19,17,30,981
2021,9,19,17,40,961
2021,9,19,17,50,941
2021,9,19,18,0,921
2021,9,19,18,10,897
2021,9,19,18,20,780
2021,9,19,18,30,604
2021,9,19,18,40,656
2021,9,19,18,50,653
2021,9,19,19,0,544
2021,9,19,19,10,586
2021,9,19,19,20,17
2021,9,19,19,30,425
2021,9,19,19,40,353
2021,9,19,19,50,12
2021,9,19,20,0,453
2021,9,19,20,10,308
2021,9,19,20,20,242
2021,9,19,20,30,54
2021,9,19,20,40,6
2021,9,19,20,50,6
2021,9,19,21,0,159
2021,9,19,21,10,225
2021,9,19,21,20,176
2021,9,19,21,30,85
2021,9,19,21,40,76
2021,9,19,21,50,50
2021,9,19,22,0,28
2021,9,19,22,10,7
2021,9,19,22,20,0
2021,9,19,22,30,0
2021,9,19,22,40,0
2021,9,19,22,50,0
2021,9,19,23,0,0
2021,9,19,23,10,0
2021,9,19,23,20,0
2021,9,19,23,30,0
2021,9,19,23,40,0
2021,9,19,23,50,0
2021,9,20,0,0,0
2021,9,20,0,10,0
2021,9,20,0,20,0
2021,9,20,0,30,0
2021,9,20,0,40,0
2021,9,20,0,50,0
2021,9,20,1,0,0
2021,9,20,1,10,0
2021,9,20,1,20,0
2021,9,20,1,30,0
2021,9,20,1,40,0
2021,9,20,1,50,0
2021,9,20,2,0,0
2021,9,20,2,10,0
2021,9,20,2,20,0
2021,9,20,2,30,0
2021,9,20,2,40,0
2021,9,20,2,50,0
2021,9,20,3,0,0
2021,9,20,3,10,0
2021,9,20,3,20,0
2021,9,20,3,30,0
2021,9,20,3,40,0
2021,9,20,3,50,0
2021,9,20,4,0,0
2021,9,20,4,10,0
2021,9,20,4,20,0
2021,9,20,4,30,0
2021,9,20,4,40,0
2021,9,20,4,50,0
2021,9,20,5,0,0
2021,9,20,5,10,0
2021,9,20,5,20,0
2021,9,20,5,30,0
2021,9,20,5,40,0
2021,9,20,5,50,0
2021,9,20,6,0,0
2021,9,20,6,10,0
2021,9,20,6,20,0
2021,9,20,6,30,0
2021,9,20,6,40,0
2021,9,20,6,50,0
2021,9,20,7,0,0
2021,9,20,7,10,0
2021,9,20,7,20,0
2021,9,20,7,30,0
2021,9,20,7,40,0
2021,9,20,7,50,0
2021,9,20,8,0,0
2021,9,20,8,10,0
2021,9,20,8,20,0
2021,9,20,8,30,0
2021,9,20,8,40,0
2021,9,20,8,50,0
2021,9,20,9,0,0
2021,9,20,9,10,0
2021,9,20,9,20,0
2021,9,20,9,30,0
2021,9,20,9,40,0
2021,9,20,9,50,0
2021,9,20,10,0,0
2021,9,20,10,10,0
2021,9,20,10,20,0
2021,9,20,10,30,25
2021,9,20,10,40,44
2021,9,20,10,50,40
2021,9,20,11,0,65
2021,9,20,11,10,92
2021,9,20,11,20,223
2021,9,20,11,30,149
2021,9,20,11,40,306
2021,9,20,11,50,349
2021,9,20,12,0,392
2021,9,20,12,10,434
2021,9,20,12,20,476
2021,9,20,12,30,517
2021,9,20,12,40,555
2021,9,20,12,50,594
2021,9,20,13,0,631
2021,9,20,13,10,665
2021,9,20,13,20,700
2021,9,20,13,30,735
2021,9,20,13,40,762
2021,9,20,13,50,793
2021,9,20,14,0,822
2021,9,20,14,10,787
2021,9,20,14,20,741
2021,9,20,14,30,768
2021,9,20,14,40,792
2021,9,20,14,50,931
2021,9,20,15,0,948
2021,9,20,15,10,964
2021,9,20,15,20,977
2021,9,20,15,30,985
2021,9,20,15,40,988
2021,9,20,15,50,995
2021,9,20,16,0,850
2021,9,20,16,10,841
2021,9,20,16,20,1003
2021,9,20,16,30,999
2021,9,20,16,40,991
2021,9,20,16,50,807
2021,9,20,17,0,860
2021,9,20,17,10,965
2021,9,20,17,20,768
2021,9,20,17,30,773
2021,9,20,17,40,919
2021,9,20,17,50,900
2021,9,20,18,0,879
2021,9,20,18,10,856
2021,9,20,18,20,821
2021,9,20,18,30,672
2021,9,20,18,40,502
2021,9,20,18,50,598
2021,9,20,19,0,534
2021,9,20,19,10,499
2021,9,20,19,20,572
2021,9,20,19,30,351
2021,9,20,19,40,60
2021,9,20,19,50,407
2021,9,20,20,0,408
2021,9,20,20,10,450
2021,9,20,20,20,341
2021,9,20,20,30,349
2021,9,20,20,40,7
2021,9,20,20,50,72
2021,9,20,21,0,6
2021,9,20,21,10,80
2021,9,20,21,20,88
2021,9,20,21,30,45
2021,9,20,21,40,26
2021,9,20,21,50,23
2021,9,20,22,0,13
2021,9,20,22,10,7
2021,9,20,22,20,0
2021,9,20,22,30,0
2021,9,20,22,40,0
2021,9,20,22,50,0
2021,9,20,23,0,0
2021,9,20,23,10,0
2021,9,20,23,20,0
2021,9,20,23,30,0
2021,9,20,23,40,0
2021,9,20,23,50,0
2021,9,21,0,0,0
2021,9,21,0,10,0
2021,9,21,0,20,0
2021,9,21,0,30,0
2021,9,21,0,40,0
2021,9,21,0,50,0
2021,9,21,1,0,0
2021,9,21,1,10,0
2021,9,21,1,20,0
2021,9,21,1,30,0
2021,9,21,1,40,0
2021,9,21,1,50,0
2021,9,21,2,0,0
2021,9,21,2,10,0
2021,9,21,2,20,0
2021,9,21,2,30,0
2021,9,21,2,40,0
2021,9,21,2,50,0
2021,9,21,3,0,0
2021,9,21,3,10,0
2021,9,21,3,20,0
2021,9,21,3,30,0
2021,9,21,3,40,0
2021,9,21,3,50,0
2021,9,21,4,0,0
2021,9,21,4,10,0
2021,9,21,4,20,0
2021,9,21,4,30,0
2021,9,21,4,40,0
2021,9,21,4,50,0
2021,9,21,5,0,0
2021,9,21,5,10,0
2021,9,21,5,20,0
2021,9,21,5,30,0
2021,9,21,5,40,0
2021,9,21,5,50,0
2021,9,21,6,0,0
2021,9,21,6,10,0
2021,9,21,6,20,0
2021,9,21,6,30,0
2021,9,21,6,40,0
2021,9,21,6,50,0
2021,9,21,7,0,0
2021,9,21,7,10,0
2021,9,21,7,20,0
2021,9,21,7,30,0
2021,9,21,7,40,0
2021,9,21,7,50,0
2021,9,21,8,0,0
2021,9,21,8,10,0
2021,9,21,8,20,0
2021,9,21,8,30,0
2021,9,21,8,40,0
2021,9,21,8,50,0
2021,9,21,9,0,0
2021,9,21,9,10,0
2021,9,21,9,20,0
2021,9,21,9,30,0
2021,9,21,9,40,0
2021,9,21,9,50,0
2021,9,21,10,0,0
2021,9,21,10,10,0
2021,9,21,10,20,2
2021,9,21,10,30,8
2021,9,21,10,40,12
2021,9,21,10,50,50
2021,9,21,11,0,21
2021,9,21,11,10,29
2021,9,21,11,20,70
2021,9,21,11,30,11
2021,9,21,11,40,125
2021,9,21,11,50,184
2021,9,21,12,0,236
2021,9,21,12,10,320
2021,9,21,12,20,478
2021,9,21,12,30,359
2021,9,21,12,40,400
2021,9,21,12,50,432
2021,9,21,13,0,633
2021,9,21,13,10,433
2021,9,21,13,20,396
2021,9,21,13,30,595
2021,9,21,13,40,546
2021,9,21,13,50,797
2021,9,21,14,0,667
2021,9,21,14,10,391
2021,9,21,14,20,785
2021,9,21,14,30,781
2021,9,21,14,40,925
2021,9,21,14,50,944
2021,9,21,15,0,961
2021,9,21,15,10,976
2021,9,21,15,20,989
2021,9,21,15,30,943
2021,9,21,15,40,1012
2021,9,21,15,50,965
2021,9,21,16,0,824
2021,9,21,16,10,822
2021,9,21,16,20,741
2021,9,21,16,30,1022
2021,9,21,16,40,976
2021,9,21,16,50,1010
2021,9,21,17,0,833
2021,9,21,17,10,991
2021,9,21,17,20,978
2021,9,21,17,30,963
2021,9,21,17,40,944
2021,9,21,17,50,925
2021,9,21,18,0,904
2021,9,21,18,10,881
2021,9,21,18,20,856
2021,9,21,18,30,828
2021,9,21,18,40,796
2021,9,21,18,50,765
2021,9,21,19,0,734
2021,9,21,19,10,701
2021,9,21,19,20,667
2021,9,21,19,30,631
2021,9,21,19,40,589
2021,9,21,19,50,551
2021,9,21,20,0,401
2021,9,21,20,10,401
2021,9,21,20,20,431
2021,9,21,20,30,389
2021,9,21,20,40,342
2021,9,21,20,50,300
2021,9,21,21,0,258
2021,9,21,21,10,95
2021,9,21,21,20,133
2021,9,21,21,30,69
2021,9,21,21,40,13
2021,9,21,21,50,11
2021,9,21,22,0,11
2021,9,21,22,10,4
2021,9,21,22,20,0
2021,9,21,22,30,0
2021,9,21,22,40,0
2021,9,21,22,50,0
2021,9,21,23,0,0
2021,9,21,23,10,0
2021,9,21,23,20,0
2021,9,21,23,30,0
2021,9,21,23,40,0
2021,9,21,23,50,0
2021,9,22,0,0,0
2021,9,22,0,10,0
2021,9,22,0,20,0
2021,9,22,0,30,0
2021,9,22,0,40,0
2021,9,22,0,50,0
2021,9,22,1,0,0
2021,9,22,1,10,0
2021,9,22,1,20,0
2021,9,22,1,30,0
2021,9,22,1,40,0
2021,9,22,1,50,0
2021,9,22,2,0,0
2021,9,22,2,10,0
2021,9,22,2,20,0
2021,9,22,2,30,0
2021,9,22,2,40,0
2021,9,22,2,50,0
2021,9,22,3,0,0
2021,9,22,3,10,0
2021,9,22,3,20,0
2021,9,22,3,30,0
2021,9,22,3,40,0
2021,9,22,3,50,0
2021,9,22,4,0,0
2021,9,22,4,10,0
2021,9,22,4,20,0
2021,9,22,4,30,0
2021,9,22,4,40,0
2021,9,22,4,50,0
2021,9,22,5,0,0
2021,9,22,5,10,0
2021,9,22,5,20,0
2021,9,22,5,30,0
2021,9,22,5,40,0
2021,9,22,5,50,0
2021,9,22,6,0,0
2021,9,22,6,10,0
2021,9,22,6,20,0
2021,9,22,6,30,0
2021,9,22,6,40,0
2021,9,22,6,50,0
2021,9,22,7,0,0
2021,9,22,7,10,0
2021,9,22,7,20,0
2021,9,22,7,30,0
2021,9,22,7,40,0
2021,9,22,7,50,0
2021,9,22,8,0,0
2021,9,22,8,10,0
2021,9,22,8,20,0
2021,9,22,8,30,0
2021,9,22,8,40,0
2021,9,22,8,50,0
2021,9,22,9,0,0
2021,9,22,9,10,0
2021,9,22,9,20,0
2021,9,22,9,30,0
2021,9,22,9,40,0
2021,9,22,9,50,0
2021,9,22,10,0,0
2021,9,22,10,10,0
2021,9,22,10,20,8
2021,9,22,10,30,28
2021,9,22,10,40,32
2021,9,22,10,50,44
2021,9,22,11,0,118
2021,9,22,11,10,81
2021,9,22,11,20,180
2021,9,22,11,30,183
2021,9,22,11,40,204
2021,9,22,11,50,210
2021,9,22,12,0,268
2021,9,22,12,10,227
2021,9,22,12,20,284
2021,9,22,12,30,308
2021,9,22,12,40,438
2021,9,22,12,50,481
2021,9,22,13,0,485
2021,9,22,13,10,467
2021,9,22,13,20,519
2021,9,22,13,30,601
2021,9,22,13,40,632
2021,9,22,13,50,647
2021,9,22,14,0,680
2021,9,22,14,10,746
2021,9,22,14,20,771
2021,9,22,14,30,797
2021,9,22,14,40,807
2021,9,22,14,50,820
2021,9,22,15,0,814
2021,9,22,15,10,854
2021,9,22,15,20,877
2021,9,22,15,30,855
2021,9,22,15,40,903
2021,9,22,15,50,880
2021,9,22,16,0,891
2021,9,22,16,10,1047
2021,9,22,16,20,919
2021,9,22,16,30,897
2021,9,22,16,40,812
2021,9,22,16,50,842
2021,9,22,17,0,1025
2021,9,22,17,10,1014
2021,9,22,17,20,1001
2021,9,22,17,30,985
2021,9,22,17,40,967
2021,9,22,17,50,890
2021,9,22,18,0,925
2021,9,22,18,10,901
2021,9,22,18,20,816
2021,9,22,18,30,581
2021,9,22,18,40,661
2021,9,22,18,50,618
2021,9,22,19,0,473
2021,9,22,19,10,398
2021,9,22,19,20,515
2021,9,22,19,30,513
2021,9,22,19,40,465
2021,9,22,19,50,464
2021,9,22,20,0,476
2021,9,22,20,10,444
2021,9,22,20,20,360
2021,9,22,20,30,320
2021,9,22,20,40,291
2021,9,22,20,50,157
2021,9,22,21,0,160
2021,9,22,21,10,206
2021,9,22,21,20,109
2021,9,22,21,30,104
2021,9,22,21,40,73
2021,9,22,21,50,46
2021,9,22,22,0,29
2021,9,22,22,10,9
2021,9,22,22,20,0
2021,9,22,22,30,0
2021,9,22,22,40,0
2021,9,22,22,50,0
2021,9,22,23,0,0
2021,9,22,23,10,0
2021,9,22,23,20,0
2021,9,22,23,30,0
2021,9,22,23,40,0
2021,9,22,23,50,0
2021,9,23,0,0,0
2021,9,23,0,10,0
2021,9,23,0,20,0
2021,9,23,0,30,0
2021,9,23,0,40,0
2021,9,23,0,50,0
2021,9,23,1,0,0
2021,9,23,1,10,0
2021,9,23,1,20,0
2021,9,23,1,30,0
2021,9,23,1,40,0
2021,9,23,1,50,0
2021,9,23,2,0,0
2021,9,23,2,10,0
2021,9,23,2,20,0
2021,9,23,2,30,0
2021,9,23,2,40,0
2021,9,23,2,50,0
2021,9,23,3,0,0
2021,9,23,3,10,0
2021,9,23,3,20,0
2021,9,23,3,30,0
2021,9,23,3,40,0
2021,9,23,3,50,0
2021,9,23,4,0,0
2021,9,23,4,10,0
2021,9,23,4,20,0
2021,9,23,4,30,0
2021,9,23,4,40,0
2021,9,23,4,50,0
2021,9,23,5,0,0
2021,9,23,5,10,0
2021,9,23,5,20,0
2021,9,23,5,30,0
2021,9,23,5,40,0
2021,9,23,5,50,0
2021,9,23,6,0,0
2021,9,23,6,10,0
2021,9,23,6,20,0
2021,9,23,6,30,0
2021,9,23,6,40,0
2021,9,23,6,50,0
2021,9,23,7,0,0
2021,9,23,7,10,0
2021,9,23,7,20,0
2021,9,23,7,30,0
2021,9,23,7,40,0
2021,9,23,7,50,0
2021,9,23,8,0,0
2021,9,23,8,10,0
2021,9,23,8,20,0
2021,9,23,8,30,0
2021,9,23,8,40,0
2021,9,23,8,50,0
2021,9,23,9,0,0
2021,9,23,9,10,0
2021,9,23,9,20,0
2021,9,23,9,30,0
2021,9,23,9,40,0
2021,9,23,9,50,0
2021,9,23,10,0,0
2021,9,23,10,10,0
2021,9,23,10,20,10
2021,9,23,10,30,22
2021,9,23,10,40,37
2021,9,23,10,50,66
2021,9,23,11,0,86
2021,9,23,11,10,91
2021,9,23,11,20,121
2021,9,23,11,30,179
2021,9,23,11,40,211
2021,9,23,11,50,231
2021,9,23,12,0,200
2021,9,23,12,10,314
2021,9,23,12,20,271
2021,9,23,12,30,424
2021,9,23,12,40,523
2021,9,23,12,50,609
2021,9,23,13,0,381
2021,9,23,13,10,514
2021,9,23,13,20,400
2021,9,23,13,30,752
2021,9,23,13,40,608
2021,9,23,13,50,629
2021,9,23,14,0,666
2021,9,23,14,10,735
2021,9,23,14,20,825
2021,9,23,14,30,808
2021,9,23,14,40,942
2021,9,23,14,50,805
2021,9,23,15,0,742
2021,9,23,15,10,932
2021,9,23,15,20,1007
2021,9,23,15,30,1018
2021,9,23,15,40,884
2021,9,23,15,50,1032
2021,9,23,16,0,1036
2021,9,23,16,10,1038
2021,9,23,16,20,1038
2021,9,23,16,30,1036
2021,9,23,16,40,1032
2021,9,23,16,50,1025
2021,9,23,17,0,774
2021,9,23,17,10,1005
2021,9,23,17,20,992
2021,9,23,17,30,977
2021,9,23,17,40,800
2021,9,23,17,50,850
2021,9,23,18,0,666
2021,9,23,18,10,174
2021,9,23,18,20,644
2021,9,23,18,30,363
2021,9,23,18,40,472
2021,9,23,18,50,422
2021,9,23,19,0,59
2021,9,23,19,10,184
2021,9,23,19,20,176
2021,9,23,19,30,345
2021,9,23,19,40,13
2021,9,23,19,50,12
2021,9,23,20,0,19
2021,9,23,20,10,36
2021,9,23,20,20,204
2021,9,23,20,30,245
2021,9,23,20,40,37
2021,9,23,20,50,231
2021,9,23,21,0,207
2021,9,23,21,10,191
2021,9,23,21,20,4
2021,9,23,21,30,118
2021,9,23,21,40,82
2021,9,23,21,50,53
2021,9,23,22,0,32
2021,9,23,22,10,10
2021,9,23,22,20,0
2021,9,23,22,30,0
2021,9,23,22,40,0
2021,9,23,22,50,0
2021,9,23,23,0,0
2021,9,23,23,10,0
2021,9,23,23,20,0
2021,9,23,23,30,0
2021,9,23,23,40,0
2021,9,23,23,50,0
2021,9,24,0,0,0
2021,9,24,0,10,0
2021,9,24,0,20,0
2021,9,24,0,30,0
2021,9,24,0,40,0
2021,9,24,0,50,0
2021,9,24,1,0,0
2021,9,24,1,10,0
2021,9,24,1,20,0
2021,9,24,1,30,0
2021,9,24,1,40,0
2021,9,24,1,50,0
2021,9,24,2,0,0
2021,9,24,2,10,0
2021,9,24,2,20,0
2021,9,24,2,30,0
2021,9,24,2,40,0
2021,9,24,2,50,0
2021,9,24,3,0,0
2021,9,24,3,10,0
2021,9,24,3,20,0
2021,9,24,3,30,0
2021,9,24,3,40,0
2021,9,24,3,50,0
2021,9,24,4,0,0
2021,9,24,4,10,0
2021,9,24,4,20,0
2021,9,24,4,30,0
2021,9,24,4,40,0
2021,9,24,4,50,0
2021,9,24,5,0,0
2021,9,24,5,10,0
2021,9,24,5,20,0
2021,9,24,5,30,0
2021,9,24,5,40,0
2021,9,24,5,50,0
2021,9,24,6,0,0
2021,9,24,6,10,0
2021,9,24,6,20,0
2021,9,24,6,30,0
2021,9,24,6,40,0
2021,9,24,6,50,0
2021,9,24,7,0,0
2021,9,24,7,10,0
2021,9,24,7,20,0
2021,9,24,7,30,0
2021,9,24,7,40,0
2021,9,24,7,50,0
2021,9,24,8,0,0
2021,9,24,8,10,0
2021,9,24,8,20,0
2021,9,24,8,30,0
2021,9,24,8,40,0
2021,9,24,8,50,0
2021,9,24,9,0,0
2021,9,24,9,10,0
2021,9,24,9,20,0
2021,9,24,9,30,0
2021,9,24,9,40,0
2021,9,24,9,50,0
2021,9,24,10,0,0
2021,9,24,10,10,0
2021,9,24,10,20,19
2021,9,24,10,30,44
2021,9,24,10,40,78
2021,9,24,10,50,116
2021,9,24,11,0,156
2021,9,24,11,10,197
2021,9,24,11,20,240
2021,9,24,11,30,284
2021,9,24,11,40,330
2021,9,24,11,50,376
2021,9,24,12,0,419
2021,9,24,12,10,462
2021,9,24,12,20,504
2021,9,24,12,30,545
2021,9,24,12,40,588
2021,9,24,12,50,627
2021,9,24,13,0,665
2021,9,24,13,10,702
2021,9,24,13,20,737
2021,9,24,13,30,771
2021,9,24,13,40,805
2021,9,24,13,50,836
2021,9,24,14,0,864
2021,9,24,14,10,891
2021,9,24,14,20,917
2021,9,24,14,30,940
2021,9,24,14,40,963
2021,9,24,14,50,983
2021,9,24,15,0,1000
2021,9,24,15,10,1015
2021,9,24,15,20,1024
2021,9,24,15,30,1035
2021,9,24,15,40,1042
2021,9,24,15,50,1048
2021,9,24,16,0,1053
2021,9,24,16,10,1055
2021,9,24,16,20,1055
2021,9,24,16,30,1053
2021,9,24,16,40,1045
2021,9,24,16,50,1034
2021,9,24,17,0,1025
2021,9,24,17,10,1014
2021,9,24,17,20,1001
2021,9,24,17,30,986
2021,9,24,17,40,970
2021,9,24,17,50,950
2021,9,24,18,0,929
2021,9,24,18,10,902
2021,9,24,18,20,877
2021,9,24,18,30,850
2021,9,24,18,40,817
2021,9,24,18,50,787
2021,9,24,19,0,755
2021,9,24,19,10,721
2021,9,24,19,20,685
2021,9,24,19,30,649
2021,9,24,19,40,606
2021,9,24,19,50,567
2021,9,24,20,0,527
2021,9,24,20,10,486
2021,9,24,20,20,445
2021,9,24,20,30,402
2021,9,24,20,40,359
2021,9,24,20,50,316
2021,9,24,21,0,273
2021,9,24,21,10,229
2021,9,24,21,20,187
2021,9,24,21,30,147
2021,9,24,21,40,109
2021,9,24,21,50,73
2021,9,24,22,0,27
2021,9,24,22,10,10
2021,9,24,22,20,0
2021,9,24,22,30,0
2021,9,24,22,40,0
2021,9,24,22,50,0
2021,9,24,23,0,0
2021,9,24,23,10,0
2021,9,24,23,20,0
2021,9,24,23,30,0
2021,9,24,23,40,0
2021,9,24,23,50,0
2021,9,25,0,0,0
2021,9,25,0,10,0
2021,9,25,0,20,0
2021,9,25,0,30,0
2021,9,25,0,40,0
2021,9,25,0,50,0
2021,9,25,1,0,0
2021,9,25,1,10,0
2021,9,25,1,20,0
2021,9,25,1,30,0
2021,9,25,1,40,0
2021,9,25,1,50,0
2021,9,25,2,0,0
2021,9,25,2,10,0
2021,9,25,2,20,0
2021,9,25,2,30,0
2021,9,25,2,40,0
2021,9,25,2,50,0
2021,9,25,3,0,0
2021,9,25,3,10,0
2021,9,25,3,20,0
2021,9,25,3,30,0
2021,9,25,3,40,0
2021,9,25,3,50,0
2021,9,25,4,0,0
2021,9,25,4,10,0
2021,9,25,4,20,0
2021,9,25,4,30,0
2021,9,25,4,40,0
2021,9,25,4,50,0
2021,9,25,5,0,0
2021,9,25,5,10,0
2021,9,25,5,20,0
2021,9,25,5,30,0
2021,9,25,5,40,0
2021,9,25,5,50,0
2021,9,25,6,0,0
2021,9,25,6,10,0
2021,9,25,6,20,0
2021,9,25,6,30,0
2021,9,25,6,40,0
2021,9,25,6,50,0
2021,9,25,7,0,0
2021,9,25,7,10,0
2021,9,25,7,20,0
2021,9,25,7,30,0
2021,9,25,7,40,0
2021,9,25,7,50,0
2021,9,25,8,0,0
2021,9,25,8,10,0
2021,9,25,8,20,0
2021,9,25,8,30,0
2021,9,25,8,40,0
2021,9,25,8,50,0
2021,9,25,9,0,0
2021,9,25,9,10,0
2021,9,25,9,20,0
2021,9,25,9,30,0
2021,9,25,9,40,0
2021,9,25,9,50,0
2021,9,25,10,0,0
2021,9,25,10,10,0
2021,9,25,10,20,26
2021,9,25,10,30,58
2021,9,25,10,40,99
2021,9,25,10,50,142
2021,9,25,11,0,186
2021,9,25,11,10,231
2021,9,25,11,20,277
2021,9,25,11,30,323
2021,9,25,11,40,370
2021,9,25,11,50,415
2021,9,25,12,0,460
2021,9,25,12,10,505
2021,9,25,12,20,549
2021,9,25,12,30,591
2021,9,25,12,40,633
2021,9,25,12,50,673
2021,9,25,13,0,712
2021,9,25,13,10,750
2021,9,25,13,20,786
2021,9,25,13,30,821
2021,9,25,13,40,854
2021,9,25,13,50,886
2021,9,25,14,0,915
2021,9,25,14,10,943
2021,9,25,14,20,969
2021,9,25,14,30,993
2021,9,25,14,40,1015
2021,9,25,14,50,1034
2021,9,25,15,0,1052
2021,9,25,15,10,1068
2021,9,25,15,20,1081
2021,9,25,15,30,1092
2021,9,25,15,40,1101
2021,9,25,15,50,1108
2021,9,25,16,0,1112
2021,9,25,16,10,1114
2021,9,25,16,20,1114
2021,9,25,16,30,1112
2021,9,25,16,40,1094
2021,9,25,16,50,1087
2021,9,25,17,0,1078
2021,9,25,17,10,1066
2021,9,25,17,20,1053
2021,9,25,17,30,1037
2021,9,25,17,40,1019
2021,9,25,17,50,999
2021,9,25,18,0,977
2021,9,25,18,10,953
2021,9,25,18,20,927
2021,9,25,18,30,899
2021,9,25,18,40,869
2021,9,25,18,50,829
2021,9,25,19,0,796
2021,9,25,19,10,762
2021,9,25,19,20,726
2021,9,25,19,30,688
2021,9,25,19,40,644
2021,9,25,19,50,604
2021,9,25,20,0,563
2021,9,25,20,10,521
2021,9,25,20,20,475
2021,9,25,20,30,431
2021,9,25,20,40,386
2021,9,25,20,50,341
2021,9,25,21,0,294
2021,9,25,21,10,250
2021,9,25,21,20,206
2021,9,25,21,30,162
2021,9,25,21,40,119
2021,9,25,21,50,80
2021,9,25,22,0,45
2021,9,25,22,10,18
2021,9,25,22,20,0
2021,9,25,22,30,0
2021,9,25,22,40,0
2021,9,25,22,50,0
2021,9,25,23,0,0
2021,9,25,23,10,0
2021,9,25,23,20,0
2021,9,25,23,30,0
2021,9,25,23,40,0
2021,9,25,23,50,0
2021,9,26,0,0,0
2021,9,26,0,10,0
2021,9,26,0,20,0
2021,9,26,0,30,0
2021,9,26,0,40,0
2021,9,26,0,50,0
2021,9,26,1,0,0
2021,9,26,1,10,0
2021,9,26,1,20,0
2021,9,26,1,30,0
2021,9,26,1,40,0
2021,9,26,1,50,0
2021,9,26,2,0,0
2021,9,26,2,10,0
2021,9,26,2,20,0
2021,9,26,2,30,0
2021,9,26,2,40,0
2021,9,26,2,50,0
2021,9,26,3,0,0
2021,9,26,3,10,0
2021,9,26,3,20,0
2021,9,26,3,30,0
2021,9,26,3,40,0
2021,9,26,3,50,0
2021,9,26,4,0,0
2021,9,26,4,10,0
2021,9,26,4,20,0
2021,9,26,4,30,0
2021,9,26,4,40,0
2021,9,26,4,50,0
2021,9,26,5,0,0
2021,9,26,5,10,0
2021,9,26,5,20,0
2021,9,26,5,30,0
2021,9,26,5,40,0
2021,9,26,5,50,0
2021,9,26,6,0,0
2021,9,26,6,10,0
2021,9,26,6,20,0
2021,9,26,6,30,0
2021,9,26,6,40,0
2021,9,26,6,50,0
2021,9,26,7,0,0
2021,9,26,7,10,0
2021,9,26,7,20,0
2021,9,26,7,30,0
2021,9,26,7,40,0
2021,9,26,7,50,0
2021,9,26,8,0,0
2021,9,26,8,10,0
2021,9,26,8,20,0
2021,9,26,8,30,0
2021,9,26,8,40,0
2021,9,26,8,50,0
2021,9,26,9,0,0
2021,9,26,9,10,0
2021,9,26,9,20,0
2021,9,26,9,30,0
2021,9,26,9,40,0
2021,9,26,9,50,0
2021,9,26,10,0,0
2021,9,26,10,10,0
2021,9,26,10,20,18
2021,9,26,10,30,64
2021,9,26,10,40,103
2021,9,26,10,50,146
2021,9,26,11,0,101
2021,9,26,11,10,236
2021,9,26,11,20,282
2021,9,26,11,30,328
2021,9,26,11,40,374
2021,9,26,11,50,420
2021,9,26,12,0,465
2021,9,26,12,10,510
2021,9,26,12,20,553
2021,9,26,12,30,596
2021,9,26,12,40,638
2021,9,26,12,50,678
2021,9,26,13,0,717
2021,9,26,13,10,755
2021,9,26,13,20,791
2021,9,26,13,30,826
2021,9,26,13,40,859
2021,9,26,13,50,890
2021,9,26,14,0,920
2021,9,26,14,10,948
2021,9,26,14,20,974
2021,9,26,14,30,997
2021,9,26,14,40,1019
2021,9,26,14,50,1038
2021,9,26,15,0,1044
2021,9,26,15,10,1059
2021,9,26,15,20,1072
2021,9,26,15,30,1083
2021,9,26,15,40,1092
2021,9,26,15,50,1098
2021,9,26,16,0,1103
2021,9,26,16,10,1105
2021,9,26,16,20,1105
2021,9,26,16,30,1102
2021,9,26,16,40,1087
2021,9,26,16,50,1080
2021,9,26,17,0,1071
2021,9,26,17,10,1060
2021,9,26,17,20,1046
2021,9,26,17,30,1030
2021,9,26,17,40,1012
2021,9,26,17,50,985
2021,9,26,18,0,963
2021,9,26,18,10,940
2021,9,26,18,20,914
2021,9,26,18,30,886
2021,9,26,18,40,850
2021,9,26,18,50,818
2021,9,26,19,0,786
2021,9,26,19,10,752
2021,9,26,19,20,716
2021,9,26,19,30,675
2021,9,26,19,40,635
2021,9,26,19,50,595
2021,9,26,20,0,555
2021,9,26,20,10,513
2021,9,26,20,20,467
2021,9,26,20,30,424
2021,9,26,20,40,379
2021,9,26,20,50,335
2021,9,26,21,0,291
2021,9,26,21,10,246
2021,9,26,21,20,202
2021,9,26,21,30,160
2021,9,26,21,40,118
2021,9,26,21,50,79
2021,9,26,22,0,45
2021,9,26,22,10,19
2021,9,26,22,20,0
2021,9,26,22,30,0
2021,9,26,22,40,0
2021,9,26,22,50,0
2021,9,26,23,0,0
2021,9,26,23,10,0
2021,9,26,23,20,0
2021,9,26,23,30,0
2021,9,26,23,40,0
2021,9,26,23,50,0
2021,9,27,0,0,0
2021,9,27,0,10,0
2021,9,27,0,20,0
2021,9,27,0,30,0
2021,9,27,0,40,0
2021,9,27,0,50,0
2021,9,27,1,0,0
2021,9,27,1,10,0
2021,9,27,1,20,0
2021,9,27,1,30,0
2021,9,27,1,40,0
2021,9,27,1,50,0
2021,9,27,2,0,0
2021,9,27,2,10,0
2021,9,27,2,20,0
2021,9,27,2,30,0
2021,9,27,2,40,0
2021,9,27,2,50,0
2021,9,27,3,0,0
2021,9,27,3,10,0
2021,9,27,3,20,0
2021,9,27,3,30,0
2021,9,27,3,40,0
2021,9,27,3,50,0
2021,9,27,4,0,0
2021,9,27,4,10,0
2021,9,27,4,20,0
2021,9,27,4,30,0
2021,9,27,4,40,0
2021,9,27,4,50,0
2021,9,27,5,0,0
2021,9,27,5,10,0
2021,9,27,5,20,0
2021,9,27,5,30,0
2021,9,27,5,40,0
2021,9,27,5,50,0
2021,9,27,6,0,0
2021,9,27,6,10,0
2021,9,27,6,20,0
2021,9,27,6,30,0
2021,9,27,6,40,0
2021,9,27,6,50,0
2021,9,27,7,0,0
2021,9,27,7,10,0
2021,9,27,7,20,0
2021,9,27,7,30,0
2021,9,27,7,40,0
2021,9,27,7,50,0
2021,9,27,8,0,0
2021,9,27,8,10,0
2021,9,27,8,20,0
2021,9,27,8,30,0
2021,9,27,8,40,0
2021,9,27,8,50,0
2021,9,27,9,0,0
2021,9,27,9,10,0
2021,9,27,9,20,0
2021,9,27,9,30,0
2021,9,27,9,40,0
2021,9,27,9,50,0
2021,9,27,10,0,0
2021,9,27,10,10,0
2021,9,27,10,20,28
2021,9,27,10,30,58
2021,9,27,10,40,96
2021,9,27,10,50,136
2021,9,27,11,0,178
2021,9,27,11,10,222
2021,9,27,11,20,266
2021,9,27,11,30,311
2021,9,27,11,40,357
2021,9,27,11,50,401
2021,9,27,12,0,445
2021,9,27,12,10,488
2021,9,27,12,20,531
2021,9,27,12,30,572
2021,9,27,12,40,613
2021,9,27,12,50,653
2021,9,27,13,0,691
2021,9,27,13,10,728
2021,9,27,13,20,763
2021,9,27,13,30,797
2021,9,27,13,40,830
2021,9,27,13,50,860
2021,9,27,14,0,889
2021,9,27,14,10,916
2021,9,27,14,20,941
2021,9,27,14,30,965
2021,9,27,14,40,988
2021,9,27,14,50,1007
2021,9,27,15,0,1024
2021,9,27,15,10,1039
2021,9,27,15,20,1052
2021,9,27,15,30,1063
2021,9,27,15,40,1071
2021,9,27,15,50,1077
2021,9,27,16,0,1081
2021,9,27,16,10,1083
2021,9,27,16,20,1083
2021,9,27,16,30,1080
2021,9,27,16,40,1075
2021,9,27,16,50,1068
2021,9,27,17,0,1059
2021,9,27,17,10,1047
2021,9,27,17,20,1034
2021,9,27,17,30,1018
2021,9,27,17,40,993
2021,9,27,17,50,973
2021,9,27,18,0,951
2021,9,27,18,10,927
2021,9,27,18,20,902
2021,9,27,18,30,874
2021,9,27,18,40,843
2021,9,27,18,50,808
2021,9,27,19,0,776
2021,9,27,19,10,742
2021,9,27,19,20,706
2021,9,27,19,30,669
2021,9,27,19,40,626
2021,9,27,19,50,586
2021,9,27,20,0,546
2021,9,27,20,10,504
2021,9,27,20,20,460
2021,9,27,20,30,417
2021,9,27,20,40,370
2021,9,27,20,50,326
2021,9,27,21,0,281
2021,9,27,21,10,238
2021,9,27,21,20,196
2021,9,27,21,30,154
2021,9,27,21,40,110
2021,9,27,21,50,74
2021,9,27,22,0,42
2021,9,27,22,10,18
2021,9,27,22,20,0
2021,9,27,22,30,0
2021,9,27,22,40,0
2021,9,27,22,50,0
2021,9,27,23,0,0
2021,9,27,23,10,0
2021,9,27,23,20,0
2021,9,27,23,30,0
2021,9,27,23,40,0
2021,9,27,23,50,0
2021,9,28,0,0,0
2021,9,28,0,10,0
2021,9,28,0,20,0
2021,9,28,0,30,0
2021,9,28,0,40,0
2021,9,28,0,50,0
2021,9,28,1,0,0
2021,9,28,1,10,0
2021,9,28,1,20,0
2021,9,28,1,30,0
2021,9,28,1,40,0
2021,9,28,1,50,0
2021,9,28,2,0,0
2021,9,28,2,10,0
2021,9,28,2,20,0
2021,9,28,2,30,0
2021,9,28,2,40,0
2021,9,28,2,50,0
2021,9,28,3,0,0
2021,9,28,3,10,0
2021,9,28,3,20,0
2021,9,28,3,30,0
2021,9,28,3,40,0
2021,9,28,3,50,0
2021,9,28,4,0,0
2021,9,28,4,10,0
2021,9,28,4,20,0
2021,9,28,4,30,0
2021,9,28,4,40,0
2021,9,28,4,50,0
2021,9,28,5,0,0
2021,9,28,5,10,0
2021,9,28,5,20,0
2021,9,28,5,30,0
2021,9,28,5,40,0
2021,9,28,5,50,0
2021,9,28,6,0,0
2021,9,28,6,10,0
2021,9,28,6,20,0
2021,9,28,6,30,0
2021,9,28,6,40,0
2021,9,28,6,50,0
2021,9,28,7,0,0
2021,9,28,7,10,0
2021,9,28,7,20,0
2021,9,28,7,30,0
2021,9,28,7,40,0
2021,9,28,7,50,0
2021,9,28,8,0,0
2021,9,28,8,10,0
2021,9,28,8,20,0
2021,9,28,8,30,0
2021,9,28,8,40,0
2021,9,28,8,50,0
2021,9,28,9,0,0
2021,9,28,9,10,0
2021,9,28,9,20,0
2021,9,28,9,30,0
2021,9,28,9,40,0
2021,9,28,9,50,0
2021,9,28,10,0,0
2021,9,28,10,10,0
2021,9,28,10,20,17
2021,9,28,10,30,31
2021,9,28,10,40,88
2021,9,28,10,50,125
2021,9,28,11,0,165
2021,9,28,11,10,66
2021,9,28,11,20,147
2021,9,28,11,30,152
2021,9,28,11,40,335
2021,9,28,11,50,191
2021,9,28,12,0,85
2021,9,28,12,10,463
2021,9,28,12,20,507
2021,9,28,12,30,478
2021,9,28,12,40,519
2021,9,28,12,50,543
2021,9,28,13,0,629
2021,9,28,13,10,615
2021,9,28,13,20,736
2021,9,28,13,30,770
2021,9,28,13,40,803
2021,9,28,13,50,833
2021,9,28,14,0,862
2021,9,28,14,10,889
2021,9,28,14,20,914
2021,9,28,14,30,937
2021,9,28,14,40,959
2021,9,28,14,50,978
2021,9,28,15,0,995
2021,9,28,15,10,1010
2021,9,28,15,20,1019
2021,9,28,15,30,1029
2021,9,28,15,40,1035
2021,9,28,15,50,1041
2021,9,28,16,0,1045
2021,9,28,16,10,1047
2021,9,28,16,20,1046
2021,9,28,16,30,1044
2021,9,28,16,40,1035
2021,9,28,16,50,1028
2021,9,28,17,0,1015
2021,9,28,17,10,1004
2021,9,28,17,20,990
2021,9,28,17,30,974
2021,9,28,17,40,951
2021,9,28,17,50,931
2021,9,28,18,0,909
2021,9,28,18,10,883
2021,9,28,18,20,857
2021,9,28,18,30,830
2021,9,28,18,40,797
2021,9,28,18,50,766
2021,9,28,19,0,734
2021,9,28,19,10,698
2021,9,28,19,20,662
2021,9,28,19,30,627
2021,9,28,19,40,582
2021,9,28,19,50,543
2021,9,28,20,0,504
2021,9,28,20,10,462
2021,9,28,20,20,421
2021,9,28,20,30,380
2021,9,28,20,40,330
2021,9,28,20,50,289
2021,9,28,21,0,248
2021,9,28,21,10,208
2021,9,28,21,20,169
2021,9,28,21,30,131
2021,9,28,21,40,89
2021,9,28,21,50,56
2021,9,28,22,0,29
2021,9,28,22,10,9
2021,9,28,22,20,0
2021,9,28,22,30,0
2021,9,28,22,40,0
2021,9,28,22,50,0
2021,9,28,23,0,0
2021,9,28,23,10,0
2021,9,28,23,20,0
2021,9,28,23,30,0
2021,9,28,23,40,0
2021,9,28,23,50,0
2021,9,29,0,0,0
2021,9,29,0,10,0
2021,9,29,0,20,0
2021,9,29,0,30,0
2021,9,29,0,40,0
2021,9,29,0,50,0
2021,9,29,1,0,0
2021,9,29,1,10,0
2021,9,29,1,20,0
2021,9,29,1,30,0
2021,9,29,1,40,0
2021,9,29,1,50,0
2021,9,29,2,0,0
2021,9,29,2,10,0
2021,9,29,2,20,0
2021,9,29,2,30,0
2021,9,29,2,40,0
2021,9,29,2,50,0
2021,9,29,3,0,0
2021,9,29,3,10,0
2021,9,29,3,20,0
2021,9,29,3,30,0
2021,9,29,3,40,0
2021,9,29,3,50,0
2021,9,29,4,0,0
2021,9,29,4,10,0
2021,9,29,4,20,0
2021,9,29,4,30,0
2021,9,29,4,40,0
2021,9,29,4,50,0
2021,9,29,5,0,0
2021,9,29,5,10,0
2021,9,29,5,20,0
2021,9,29,5,30,0
2021,9,29,5,40,0
2021,9,29,5,50,0
2021,9,29,6,0,0
2021,9,29,6,10,0
2021,9,29,6,20,0
2021,9,29,6,30,0
2021,9,29,6,40,0
2021,9,29,6,50,0
2021,9,29,7,0,0
2021,9,29,7,10,0
2021,9,29,7,20,0
2021,9,29,7,30,0
2021,9,29,7,40,0
2021,9,29,7,50,0
2021,9,29,8,0,0
2021,9,29,8,10,0
2021,9,29,8,20,0
2021,9,29,8,30,0
2021,9,29,8,40,0
2021,9,29,8,50,0
2021,9,29,9,0,0
2021,9,29,9,10,0
2021,9,29,9,20,0
2021,9,29,9,30,0
2021,9,29,9,40,0
2021,9,29,9,50,0
2021,9,29,10,0,0
2021,9,29,10,10,0
2021,9,29,10,20,13
2021,9,29,10,30,30
2021,9,29,10,40,70
2021,9,29,10,50,68
2021,9,29,11,0,55
2021,9,29,11,10,82
2021,9,29,11,20,97
2021,9,29,11,30,126
2021,9,29,11,40,138
2021,9,29,11,50,135
2021,9,29,12,0,155
2021,9,29,12,10,127
2021,9,29,12,20,75
2021,9,29,12,30,272
2021,9,29,12,40,304
2021,9,29,12,50,457
2021,9,29,13,0,633
2021,9,29,13,10,666
2021,9,29,13,20,701
2021,9,29,13,30,734
2021,9,29,13,40,779
2021,9,29,13,50,809
2021,9,29,14,0,835
2021,9,29,14,10,862
2021,9,29,14,20,887
2021,9,29,14,30,908
2021,9,29,14,40,962
2021,9,29,14,50,984
2021,9,29,15,0,1001
2021,9,29,15,10,1015
2021,9,29,15,20,1028
2021,9,29,15,30,1038
2021,9,29,15,40,1050
2021,9,29,15,50,1056
2021,9,29,16,0,1060
2021,9,29,16,10,1061
2021,9,29,16,20,1057
2021,9,29,16,30,1054
2021,9,29,16,40,1050
2021,9,29,16,50,1043
2021,9,29,17,0,1033
2021,9,29,17,10,1022
2021,9,29,17,20,1008
2021,9,29,17,30,992
2021,9,29,17,40,970
2021,9,29,17,50,950
2021,9,29,18,0,925
2021,9,29,18,10,902
2021,9,29,18,20,876
2021,9,29,18,30,776
2021,9,29,18,40,238
2021,9,29,18,50,22
2021,9,29,19,0,32
2021,9,29,19,10,81
2021,9,29,19,20,17
2021,9,29,19,30,71
2021,9,29,19,40,507
2021,9,29,19,50,347
2021,9,29,20,0,33
2021,9,29,20,10,10
2021,9,29,20,20,272
2021,9,29,20,30,9
2021,9,29,20,40,249
2021,9,29,20,50,12
2021,9,29,21,0,255
2021,9,29,21,10,164
2021,9,29,21,20,80
2021,9,29,21,30,84
2021,9,29,21,40,50
2021,9,29,21,50,36
2021,9,29,22,0,23
2021,9,29,22,10,11
2021,9,29,22,20,0
2021,9,29,22,30,0
2021,9,29,22,40,0
2021,9,29,22,50,0
2021,9,29,23,0,0
2021,9,29,23,10,0
2021,9,29,23,20,0
2021,9,29,23,30,0
2021,9,29,23,40,0
2021,9,29,23,50,0
2021,9,30,0,0,0
2021,9,30,0,10,0
2021,9,30,0,20,0
2021,9,30,0,30,0
2021,9,30,0,40,0
2021,9,30,0,50,0
2021,9,30,1,0,0
2021,9,30,1,10,0
2021,9,30,1,20,0
2021,9,30,1,30,0
2021,9,30,1,40,0
2021,9,30,1,50,0
2021,9,30,2,0,0
2021,9,30,2,10,0
2021,9,30,2,20,0
2021,9,30,2,30,0
2021,9,30,2,40,0
2021,9,30,2,50,0
2021,9,30,3,0,0
2021,9,30,3,10,0
2021,9,30,3,20,0
2021,9,30,3,30,0
2021,9,30,3,40,0
2021,9,30,3,50,0
2021,9,30,4,0,0
2021,9,30,4,10,0
2021,9,30,4,20,0
2021,9,30,4,30,0
2021,9,30,4,40,0
2021,9,30,4,50,0
2021,9,30,5,0,0
2021,9,30,5,10,0
2021,9,30,5,20,0
2021,9,30,5,30,0
2021,9,30,5,40,0
2021,9,30,5,50,0
2021,9,30,6,0,0
2021,9,30,6,10,0
2021,9,30,6,20,0
2021,9,30,6,30,0
2021,9,30,6,40,0
2021,9,30,6,50,0
2021,9,30,7,0,0
2021,9,30,7,10,0
2021,9,30,7,20,0
2021,9,30,7,30,0
2021,9,30,7,40,0
2021,9,30,7,50,0
2021,9,30,8,0,0
2021,9,30,8,10,0
2021,9,30,8,20,0
2021,9,30,8,30,0
2021,9,30,8,40,0
2021,9,30,8,50,0
2021,9,30,9,0,0
2021,9,30,9,10,0
2021,9,30,9,20,0
2021,9,30,9,30,0
2021,9,30,9,40,0
2021,9,30,9,50,0
2021,9,30,10,0,0
2021,9,30,10,10,0
2021,9,30,10,20,35
2021,9,30,10,30,67
2021,9,30,10,40,105
2021,9,30,10,50,146
2021,9,30,11,0,189
2021,9,30,11,10,236
2021,9,30,11,20,281
2021,9,30,11,30,326
2021,9,30,11,40,372
2021,9,30,11,50,417
2021,9,30,12,0,462
2021,9,30,12,10,506
2021,9,30,12,20,549
2021,9,30,12,30,591
2021,9,30,12,40,631
2021,9,30,12,50,671
2021,9,30,13,0,710
2021,9,30,13,10,747
2021,9,30,13,20,783
2021,9,30,13,30,817
2021,9,30,13,40,849
2021,9,30,13,50,880
2021,9,30,14,0,909
2021,9,30,14,10,936
2021,9,30,14,20,962
2021,9,30,14,30,986
2021,9,30,14,40,1007
2021,9,30,14,50,1027
2021,9,30,15,0,1044
2021,9,30,15,10,1059
2021,9,30,15,20,1072
2021,9,30,15,30,1083
2021,9,30,15,40,1088
2021,9,30,15,50,1094
2021,9,30,16,0,1098
2021,9,30,16,10,1101
2021,9,30,16,20,1092
2021,9,30,16,30,1089
2021,9,30,16,40,1081
2021,9,30,16,50,1073
2021,9,30,17,0,1064
2021,9,30,17,10,1052
2021,9,30,17,20,1038
2021,9,30,17,30,1022
2021,9,30,17,40,1002
2021,9,30,17,50,981
2021,9,30,18,0,959
2021,9,30,18,10,934
2021,9,30,18,20,902
2021,9,30,18,30,874
2021,9,30,18,40,709
2021,9,30,18,50,812
2021,9,30,19,0,467
2021,9,30,19,10,298
2021,9,30,19,20,516
2021,9,30,19,30,526
2021,9,30,19,40,470
2021,9,30,19,50,272
2021,9,30,20,0,194
2021,9,30,20,10,50
2021,9,30,20,20,114
2021,9,30,20,30,272
2021,9,30,20,40,23
2021,9,30,20,50,95
2021,9,30,21,0,271
2021,9,30,21,10,237
2021,9,30,21,20,194
2021,9,30,21,30,152
2021,9,30,21,40,110
2021,9,30,21,50,74
2021,9,30,22,0,42
2021,9,30,22,10,18
2021,9,30,22,20,0
2021,9,30,22,30,0
2021,9,30,22,40,0
2021,9,30,22,50,0
2021,9,30,23,0,0
2021,9,30,23,10,0
2021,9,30,23,20,0
2021,9,30,23,30,0
2021,9,30,23,40,0
2021,9,30,23,50,0
2021,10,1,0,0,0
2021,10,1,0,10,0
2021,10,1,0,20,0
2021,10,1,0,30,0
2021,10,1,0,40,0
2021,10,1,0,50,0
2021,10,1,1,0,0
2021,10,1,1,10,0
2021,10,1,1,20,0
2021,10,1,1,30,0
2021,10,1,1,40,0
2021,10,1,1,50,0
2021,10,1,2,0,0
2021,10,1,2,10,0
2021,10,1,2,20,0
2021,10,1,2,30,0
2021,10,1,2,40,0
2021,10,1,2,50,0
2021,10,1,3,0,0
2021,10,1,3,10,0
2021,10,1,3,20,0
2021,10,1,3,30,0
2021,10,1,3,40,0
2021,10,1,3,50,0
2021,10,1,4,0,0
2021,10,1,4,10,0
2021,10,1,4,20,0
2021,10,1,4,30,0
2021,10,1,4,40,0
2021,10,1,4,50,0
2021,10,1,5,0,0
2021,10,1,5,10,0
2021,10,1,5,20,0
2021,10,1,5,30,0
2021,10,1,5,40,0
2021,10,1,5,50,0
2021,10,1,6,0,0
2021,10,1,6,10,0
2021,10,1,6,20,0
2021,10,1,6,30,0
2021,10,1,6,40,0
2021,10,1,6,50,0
2021,10,1,7,0,0
2021,10,1,7,10,0
2021,10,1,7,20,0
2021,10,1,7,30,0
2021,10,1,7,40,0
2021,10,1,7,50,0
2021,10,1,8,0,0
2021,10,1,8,10,0
2021,10,1,8,20,0
2021,10,1,8,30,0
2021,10,1,8,40,0
2021,10,1,8,50,0
2021,10,1,9,0,0
2021,10,1,9,10,0
2021,10,1,9,20,0
2021,10,1,9,30,0
2021,10,1,9,40,0
2021,10,1,9,50,0
2021,10,1,10,0,0
2021,10,1,10,10,12
2021,10,1,10,20,21
2021,10,1,10,30,63
2021,10,1,10,40,49
2021,10,1,10,50,136
2021,10,1,11,0,177
2021,10,1,11,10,219
2021,10,1,11,20,261
2021,10,1,11,30,305
2021,10,1,11,40,348
2021,10,1,11,50,391
2021,10,1,12,0,434
2021,10,1,12,10,476
2021,10,1,12,20,518
2021,10,1,12,30,558
2021,10,1,12,40,599
2021,10,1,12,50,638
2021,10,1,13,0,676
2021,10,1,13,10,712
2021,10,1,13,20,747
2021,10,1,13,30,780
2021,10,1,13,40,810
2021,10,1,13,50,837
2021,10,1,14,0,866
2021,10,1,14,10,892
2021,10,1,14,20,917
2021,10,1,14,30,940
2021,10,1,14,40,967
2021,10,1,14,50,986
2021,10,1,15,0,1003
2021,10,1,15,10,1018
2021,10,1,15,20,1030
2021,10,1,15,30,932
2021,10,1,15,40,1011
2021,10,1,15,50,1049
2021,10,1,16,0,577
2021,10,1,16,10,821
2021,10,1,16,20,1053
2021,10,1,16,30,1017
2021,10,1,16,40,877
2021,10,1,16,50,625
2021,10,1,17,0,619
2021,10,1,17,10,561
2021,10,1,17,20,540
2021,10,1,17,30,662
2021,10,1,17,40,652
2021,10,1,17,50,406
2021,10,1,18,0,182
2021,10,1,18,10,257
2021,10,1,18,20,444
2021,10,1,18,30,665
2021,10,1,18,40,639
2021,10,1,18,50,108
2021,10,1,19,0,618
2021,10,1,19,10,605
2021,10,1,19,20,676
2021,10,1,19,30,556
2021,10,1,19,40,219
2021,10,1,19,50,106
2021,10,1,20,0,382
2021,10,1,20,10,197
2021,10,1,20,20,256
2021,10,1,20,30,180
2021,10,1,20,40,141
2021,10,1,20,50,184
2021,10,1,21,0,153
2021,10,1,21,10,172
2021,10,1,21,20,94
2021,10,1,21,30,89
2021,10,1,21,40,48
2021,10,1,21,50,46
2021,10,1,22,0,31
2021,10,1,22,10,11
2021,10,1,22,20,0
2021,10,1,22,30,0
2021,10,1,22,40,0
2021,10,1,22,50,0
2021,10,1,23,0,0
2021,10,1,23,10,0
2021,10,1,23,20,0
2021,10,1,23,30,0
2021,10,1,23,40,0
2021,10,1,23,50,0
2021,10,2,0,0,0
2021,10,2,0,10,0
2021,10,2,0,20,0
2021,10,2,0,30,0
2021,10,2,0,40,0
2021,10,2,0,50,0
2021,10,2,1,0,0
2021,10,2,1,10,0
2021,10,2,1,20,0
2021,10,2,1,30,0
2021,10,2,1,40,0
2021,10,2,1,50,0
2021,10,2,2,0,0
2021,10,2,2,10,0
2021,10,2,2,20,0
2021,10,2,2,30,0
2021,10,2,2,40,0
2021,10,2,2,50,0
2021,10,2,3,0,0
2021,10,2,3,10,0
2021,10,2,3,20,0
2021,10,2,3,30,0
2021,10,2,3,40,0
2021,10,2,3,50,0
2021,10,2,4,0,0
2021,10,2,4,10,0
2021,10,2,4,20,0
2021,10,2,4,30,0
2021,10,2,4,40,0
2021,10,2,4,50,0
2021,10,2,5,0,0
2021,10,2,5,10,0
2021,10,2,5,20,0
2021,10,2,5,30,0
2021,10,2,5,40,0
2021,10,2,5,50,0
2021,10,2,6,0,0
2021,10,2,6,10,0
2021,10,2,6,20,0
2021,10,2,6,30,0
2021,10,2,6,40,0
2021,10,2,6,50,0
2021,10,2,7,0,0
2021,10,2,7,10,0
2021,10,2,7,20,0
2021,10,2,7,30,0
2021,10,2,7,40,0
2021,10,2,7,50,0
2021,10,2,8,0,0
2021,10,2,8,10,0
2021,10,2,8,20,0
2021,10,2,8,30,0
2021,10,2,8,40,0
2021,10,2,8,50,0
2021,10,2,9,0,0
2021,10,2,9,10,0
2021,10,2,9,20,0
2021,10,2,9,30,0
2021,10,2,9,40,0
2021,10,2,9,50,0
2021,10,2,10,0,0
2021,10,2,10,10,17
2021,10,2,10,20,32
2021,10,2,10,30,63
2021,10,2,10,40,101
2021,10,2,10,50,171
2021,10,2,11,0,216
2021,10,2,11,10,262
2021,10,2,11,20,309
2021,10,2,11,30,355
2021,10,2,11,40,402
2021,10,2,11,50,448
2021,10,2,12,0,493
2021,10,2,12,10,538
2021,10,2,12,20,581
2021,10,2,12,30,637
2021,10,2,12,40,679
2021,10,2,12,50,720
2021,10,2,13,0,760
2021,10,2,13,10,798
2021,10,2,13,20,835
2021,10,2,13,30,870
2021,10,2,13,40,903
2021,10,2,13,50,935
2021,10,2,14,0,964
2021,10,2,14,10,992
2021,10,2,14,20,1018
2021,10,2,14,30,1042
2021,10,2,14,40,1063
2021,10,2,14,50,1083
2021,10,2,15,0,1100
2021,10,2,15,10,1116
2021,10,2,15,20,1129
2021,10,2,15,30,1139
2021,10,2,15,40,1148
2021,10,2,15,50,1154
2021,10,2,16,0,1158
2021,10,2,16,10,1160
2021,10,2,16,20,1159
2021,10,2,16,30,1156
2021,10,2,16,40,1150
2021,10,2,16,50,1143
2021,10,2,17,0,1133
2021,10,2,17,10,1120
2021,10,2,17,20,1106
2021,10,2,17,30,1089
2021,10,2,17,40,1070
2021,10,2,17,50,1049
2021,10,2,18,0,1026
2021,10,2,18,10,1001
2021,10,2,18,20,974
2021,10,2,18,30,945
2021,10,2,18,40,914
2021,10,2,18,50,881
2021,10,2,19,0,847
2021,10,2,19,10,811
2021,10,2,19,20,773
2021,10,2,19,30,734
2021,10,2,19,40,693
2021,10,2,19,50,652
2021,10,2,20,0,609
2021,10,2,20,10,553
2021,10,2,20,20,509
2021,10,2,20,30,464
2021,10,2,20,40,418
2021,10,2,20,50,372
2021,10,2,21,0,325
2021,10,2,21,10,279
2021,10,2,21,20,233
2021,10,2,21,30,187
2021,10,2,21,40,141
2021,10,2,21,50,97
2021,10,2,22,0,58
2021,10,2,22,10,26
2021,10,2,22,20,0
2021,10,2,22,30,0
2021,10,2,22,40,0
2021,10,2,22,50,0
2021,10,2,23,0,0
2021,10,2,23,10,0
2021,10,2,23,20,0
2021,10,2,23,30,0
2021,10,2,23,40,0
2021,10,2,23,50,0
2021,10,3,0,0,0
2021,10,3,0,10,0
2021,10,3,0,20,0
2021,10,3,0,30,0
2021,10,3,0,40,0
2021,10,3,0,50,0
2021,10,3,1,0,0
2021,10,3,1,10,0
2021,10,3,1,20,0
2021,10,3,1,30,0
2021,10,3,1,40,0
2021,10,3,1,50,0
2021,10,3,2,0,0
2021,10,3,2,10,0
2021,10,3,2,20,0
2021,10,3,2,30,0
2021,10,3,2,40,0
2021,10,3,2,50,0
2021,10,3,3,0,0
2021,10,3,3,10,0
2021,10,3,3,20,0
2021,10,3,3,30,0
2021,10,3,3,40,0
2021,10,3,3,50,0
2021,10,3,4,0,0
2021,10,3,4,10,0
2021,10,3,4,20,0
2021,10,3,4,30,0
2021,10,3,4,40,0
2021,10,3,4,50,0
2021,10,3,5,0,0
2021,10,3,5,10,0
2021,10,3,5,20,0
2021,10,3,5,30,0
2021,10,3,5,40,0
2021,10,3,5,50,0
2021,10,3,6,0,0
2021,10,3,6,10,0
2021,10,3,6,20,0
2021,10,3,6,30,0
2021,10,3,6,40,0
2021,10,3,6,50,0
2021,10,3,7,0,0
2021,10,3,7,10,0
2021,10,3,7,20,0
2021,10,3,7,30,0
2021,10,3,7,40,0
2021,10,3,7,50,0
2021,10,3,8,0,0
2021,10,3,8,10,0
2021,10,3,8,20,0
2021,10,3,8,30,0
2021,10,3,8,40,0
2021,10,3,8,50,0
2021,10,3,9,0,0
2021,10,3,9,10,0
2021,10,3,9,20,0
2021,10,3,9,30,0
2021,10,3,9,40,0
2021,10,3,9,50,0
2021,10,3,10,0,0
2021,10,3,10,10,22
2021,10,3,10,20,41
2021,10,3,10,30,93
2021,10,3,10,40,136
2021,10,3,10,50,181
2021,10,3,11,0,227
2021,10,3,11,10,274
2021,10,3,11,20,322
2021,10,3,11,30,369
2021,10,3,11,40,416
2021,10,3,11,50,463
2021,10,3,12,0,508
2021,10,3,12,10,554
2021,10,3,12,20,598
2021,10,3,12,30,628
2021,10,3,12,40,670
2021,10,3,12,50,710
2021,10,3,13,0,749
2021,10,3,13,10,786
2021,10,3,13,20,822
2021,10,3,13,30,857
2021,10,3,13,40,890
2021,10,3,13,50,921
2021,10,3,14,0,950
2021,10,3,14,10,977
2021,10,3,14,20,1002
2021,10,3,14,30,1026
2021,10,3,14,40,1047
2021,10,3,14,50,1067
2021,10,3,15,0,1084
2021,10,3,15,10,1099
2021,10,3,15,20,1111
2021,10,3,15,30,1122
2021,10,3,15,40,1130
2021,10,3,15,50,1136
2021,10,3,16,0,1140
2021,10,3,16,10,1141
2021,10,3,16,20,1140
2021,10,3,16,30,1137
2021,10,3,16,40,1131
2021,10,3,16,50,1124
2021,10,3,17,0,1114
2021,10,3,17,10,1121
2021,10,3,17,20,1107
2021,10,3,17,30,1090
2021,10,3,17,40,1072
2021,10,3,17,50,1051
2021,10,3,18,0,1028
2021,10,3,18,10,1002
2021,10,3,18,20,975
2021,10,3,18,30,946
2021,10,3,18,40,915
2021,10,3,18,50,882
2021,10,3,19,0,848
2021,10,3,19,10,812
2021,10,3,19,20,774
2021,10,3,19,30,735
2021,10,3,19,40,695
2021,10,3,19,50,653
2021,10,3,20,0,610
2021,10,3,20,10,555
2021,10,3,20,20,511
2021,10,3,20,30,466
2021,10,3,20,40,420
2021,10,3,20,50,374
2021,10,3,21,0,328
2021,10,3,21,10,281
2021,10,3,21,20,235
2021,10,3,21,30,189
2021,10,3,21,40,145
2021,10,3,21,50,102
2021,10,3,22,0,62
2021,10,3,22,10,29
2021,10,3,22,20,0
2021,10,3,22,30,0
2021,10,3,22,40,0
2021,10,3,22,50,0
2021,10,3,23,0,0
2021,10,3,23,10,0
2021,10,3,23,20,0
2021,10,3,23,30,0
2021,10,3,23,40,0
2021,10,3,23,50,0
2021,10,4,0,0,0
2021,10,4,0,10,0
2021,10,4,0,20,0
2021,10,4,0,30,0
2021,10,4,0,40,0
2021,10,4,0,50,0
2021,10,4,1,0,0
2021,10,4,1,10,0
2021,10,4,1,20,0
2021,10,4,1,30,0
2021,10,4,1,40,0
2021,10,4,1,50,0
2021,10,4,2,0,0
2021,10,4,2,10,0
2021,10,4,2,20,0
2021,10,4,2,30,0
2021,10,4,2,40,0
2021,10,4,2,50,0
2021,10,4,3,0,0
2021,10,4,3,10,0
2021,10,4,3,20,0
2021,10,4,3,30,0
2021,10,4,3,40,0
2021,10,4,3,50,0
2021,10,4,4,0,0
2021,10,4,4,10,0
2021,10,4,4,20,0
2021,10,4,4,30,0
2021,10,4,4,40,0
2021,10,4,4,50,0
2021,10,4,5,0,0
2021,10,4,5,10,0
2021,10,4,5,20,0
2021,10,4,5,30,0
2021,10,4,5,40,0
2021,10,4,5,50,0
2021,10,4,6,0,0
2021,10,4,6,10,0
2021,10,4,6,20,0
2021,10,4,6,30,0
2021,10,4,6,40,0
2021,10,4,6,50,0
2021,10,4,7,0,0
2021,10,4,7,10,0
2021,10,4,7,20,0
2021,10,4,7,30,0
2021,10,4,7,40,0
2021,10,4,7,50,0
2021,10,4,8,0,0
2021,10,4,8,10,0
2021,10,4,8,20,0
2021,10,4,8,30,0
2021,10,4,8,40,0
2021,10,4,8,50,0
2021,10,4,9,0,0
2021,10,4,9,10,0
2021,10,4,9,20,0
2021,10,4,9,30,0
2021,10,4,9,40,0
2021,10,4,9,50,0
2021,10,4,10,0,0
2021,10,4,10,10,12
2021,10,4,10,20,38
2021,10,4,10,30,74
2021,10,4,10,40,140
2021,10,4,10,50,148
2021,10,4,11,0,130
2021,10,4,11,10,172
2021,10,4,11,20,326
2021,10,4,11,30,252
2021,10,4,11,40,420
2021,10,4,11,50,467
2021,10,4,12,0,513
2021,10,4,12,10,558
2021,10,4,12,20,602
2021,10,4,12,30,645
2021,10,4,12,40,688
2021,10,4,12,50,728
2021,10,4,13,0,768
2021,10,4,13,10,806
2021,10,4,13,20,842
2021,10,4,13,30,877
2021,10,4,13,40,911
2021,10,4,13,50,925
2021,10,4,14,0,954
2021,10,4,14,10,981
2021,10,4,14,20,1007
2021,10,4,14,30,1030
2021,10,4,14,40,1051
2021,10,4,14,50,1071
2021,10,4,15,0,1088
2021,10,4,15,10,1103
2021,10,4,15,20,1115
2021,10,4,15,30,1126
2021,10,4,15,40,1121
2021,10,4,15,50,1127
2021,10,4,16,0,1131
2021,10,4,16,10,1132
2021,10,4,16,20,1131
2021,10,4,16,30,1128
2021,10,4,16,40,1123
2021,10,4,16,50,1115
2021,10,4,17,0,1105
2021,10,4,17,10,1093
2021,10,4,17,20,1079
2021,10,4,17,30,1063
2021,10,4,17,40,1044
2021,10,4,17,50,1023
2021,10,4,18,0,1000
2021,10,4,18,10,976
2021,10,4,18,20,949
2021,10,4,18,30,921
2021,10,4,18,40,891
2021,10,4,18,50,858
2021,10,4,19,0,825
2021,10,4,19,10,789
2021,10,4,19,20,753
2021,10,4,19,30,714
2021,10,4,19,40,675
2021,10,4,19,50,634
2021,10,4,20,0,592
2021,10,4,20,10,549
2021,10,4,20,20,505
2021,10,4,20,30,461
2021,10,4,20,40,410
2021,10,4,20,50,365
2021,10,4,21,0,319
2021,10,4,21,10,274
2021,10,4,21,20,228
2021,10,4,21,30,183
2021,10,4,21,40,139
2021,10,4,21,50,97
2021,10,4,22,0,60
2021,10,4,22,10,27
2021,10,4,22,20,0
2021,10,4,22,30,0
2021,10,4,22,40,0
2021,10,4,22,50,0
2021,10,4,23,0,0
2021,10,4,23,10,0
2021,10,4,23,20,0
2021,10,4,23,30,0
2021,10,4,23,40,0
2021,10,4,23,50,0
2021,10,5,0,0,0
2021,10,5,0,10,0
2021,10,5,0,20,0
2021,10,5,0,30,0
2021,10,5,0,40,0
2021,10,5,0,50,0
2021,10,5,1,0,0
2021,10,5,1,10,0
2021,10,5,1,20,0
2021,10,5,1,30,0
2021,10,5,1,40,0
2021,10,5,1,50,0
2021,10,5,2,0,0
2021,10,5,2,10,0
2021,10,5,2,20,0
2021,10,5,2,30,0
2021,10,5,2,40,0
2021,10,5,2,50,0
2021,10,5,3,0,0
2021,10,5,3,10,0
2021,10,5,3,20,0
2021,10,5,3,30,0
2021,10,5,3,40,0
2021,10,5,3,50,0
2021,10,5,4,0,0
2021,10,5,4,10,0
2021,10,5,4,20,0
2021,10,5,4,30,0
2021,10,5,4,40,0
2021,10,5,4,50,0
2021,10,5,5,0,0
2021,10,5,5,10,0
2021,10,5,5,20,0
2021,10,5,5,30,0
2021,10,5,5,40,0
2021,10,5,5,50,0
2021,10,5,6,0,0
2021,10,5,6,10,0
2021,10,5,6,20,0
2021,10,5,6,30,0
2021,10,5,6,40,0
2021,10,5,6,50,0
2021,10,5,7,0,0
2021,10,5,7,10,0
2021,10,5,7,20,0
2021,10,5,7,30,0
2021,10,5,7,40,0
2021,10,5,7,50,0
2021,10,5,8,0,0
2021,10,5,8,10,0
2021,10,5,8,20,0
2021,10,5,8,30,0
2021,10,5,8,40,0
2021,10,5,8,50,0
2021,10,5,9,0,0
2021,10,5,9,10,0
2021,10,5,9,20,0
2021,10,5,9,30,0
2021,10,5,9,40,0
2021,10,5,9,50,0
2021,10,5,10,0,0
2021,10,5,10,10,15
2021,10,5,10,20,37
2021,10,5,10,30,65
2021,10,5,10,40,97
2021,10,5,10,50,134
2021,10,5,11,0,171
2021,10,5,11,10,202
2021,10,5,11,20,257
2021,10,5,11,30,290
2021,10,5,11,40,246
2021,10,5,11,50,383
2021,10,5,12,0,433
2021,10,5,12,10,549
2021,10,5,12,20,593
2021,10,5,12,30,523
2021,10,5,12,40,677
2021,10,5,12,50,614
2021,10,5,13,0,756
2021,10,5,13,10,794
2021,10,5,13,20,830
2021,10,5,13,30,865
2021,10,5,13,40,897
2021,10,5,13,50,928
2021,10,5,14,0,946
2021,10,5,14,10,973
2021,10,5,14,20,998
2021,10,5,14,30,1021
2021,10,5,14,40,1039
2021,10,5,14,50,1057
2021,10,5,15,0,1074
2021,10,5,15,10,1089
2021,10,5,15,20,1102
2021,10,5,15,30,1112
2021,10,5,15,40,1118
2021,10,5,15,50,1124
2021,10,5,16,0,1128
2021,10,5,16,10,1037
2021,10,5,16,20,1119
2021,10,5,16,30,1115
2021,10,5,16,40,1107
2021,10,5,16,50,1099
2021,10,5,17,0,1089
2021,10,5,17,10,1077
2021,10,5,17,20,1063
2021,10,5,17,30,1046
2021,10,5,17,40,1027
2021,10,5,17,50,1006
2021,10,5,18,0,983
2021,10,5,18,10,959
2021,10,5,18,20,932
2021,10,5,18,30,897
2021,10,5,18,40,866
2021,10,5,18,50,834
2021,10,5,19,0,800
2021,10,5,19,10,765
2021,10,5,19,20,604
2021,10,5,19,30,581
2021,10,5,19,40,488
2021,10,5,19,50,610
2021,10,5,20,0,457
2021,10,5,20,10,521
2021,10,5,20,20,478
2021,10,5,20,30,434
2021,10,5,20,40,391
2021,10,5,20,50,341
2021,10,5,21,0,255
2021,10,5,21,10,221
2021,10,5,21,20,173
2021,10,5,21,30,68
2021,10,5,21,40,108
2021,10,5,21,50,87
2021,10,5,22,0,52
2021,10,5,22,10,17
2021,10,5,22,20,0
2021,10,5,22,30,0
2021,10,5,22,40,0
2021,10,5,22,50,0
2021,10,5,23,0,0
2021,10,5,23,10,0
2021,10,5,23,20,0
2021,10,5,23,30,0
2021,10,5,23,40,0
2021,10,5,23,50,0
2021,10,6,0,0,0
2021,10,6,0,10,0
2021,10,6,0,20,0
2021,10,6,0,30,0
2021,10,6,0,40,0
2021,10,6,0,50,0
2021,10,6,1,0,0
2021,10,6,1,10,0
2021,10,6,1,20,0
2021,10,6,1,30,0
2021,10,6,1,40,0
2021,10,6,1,50,0
2021,10,6,2,0,0
2021,10,6,2,10,0
2021,10,6,2,20,0
2021,10,6,2,30,0
2021,10,6,2,40,0
2021,10,6,2,50,0
2021,10,6,3,0,0
2021,10,6,3,10,0
2021,10,6,3,20,0
2021,10,6,3,30,0
2021,10,6,3,40,0
2021,10,6,3,50,0
2021,10,6,4,0,0
2021,10,6,4,10,0
2021,10,6,4,20,0
2021,10,6,4,30,0
2021,10,6,4,40,0
2021,10,6,4,50,0
2021,10,6,5,0,0
2021,10,6,5,10,0
2021,10,6,5,20,0
2021,10,6,5,30,0
2021,10,6,5,40,0
2021,10,6,5,50,0
2021,10,6,6,0,0
2021,10,6,6,10,0
2021,10,6,6,20,0
2021,10,6,6,30,0
2021,10,6,6,40,0
2021,10,6,6,50,0
2021,10,6,7,0,0
2021,10,6,7,10,0
2021,10,6,7,20,0
2021,10,6,7,30,0
2021,10,6,7,40,0
2021,10,6,7,50,0
2021,10,6,8,0,0
2021,10,6,8,10,0
2021,10,6,8,20,0
2021,10,6,8,30,0
2021,10,6,8,40,0
2021,10,6,8,50,0
2021,10,6,9,0,0
2021,10,6,9,10,0
2021,10,6,9,20,0
2021,10,6,9,30,0
2021,10,6,9,40,0
2021,10,6,9,50,0
2021,10,6,10,0,0
2021,10,6,10,10,16
2021,10,6,10,20,37
2021,10,6,10,30,67
2021,10,6,10,40,108
2021,10,6,10,50,81
2021,10,6,11,0,107
2021,10,6,11,10,180
2021,10,6,11,20,123
2021,10,6,11,30,158
2021,10,6,11,40,210
2021,10,6,11,50,351
2021,10,6,12,0,393
2021,10,6,12,10,426
2021,10,6,12,20,473
2021,10,6,12,30,521
2021,10,6,12,40,635
2021,10,6,12,50,674
2021,10,6,13,0,631
2021,10,6,13,10,744
2021,10,6,13,20,779
2021,10,6,13,30,812
2021,10,6,13,40,723
2021,10,6,13,50,873
2021,10,6,14,0,901
2021,10,6,14,10,927
2021,10,6,14,20,952
2021,10,6,14,30,971
2021,10,6,14,40,993
2021,10,6,14,50,1011
2021,10,6,15,0,1028
2021,10,6,15,10,1042
2021,10,6,15,20,1054
2021,10,6,15,30,1061
2021,10,6,15,40,1068
2021,10,6,15,50,1033
2021,10,6,16,0,1033
2021,10,6,16,10,1005
2021,10,6,16,20,1002
2021,10,6,16,30,905
2021,10,6,16,40,1019
2021,10,6,16,50,990
2021,10,6,17,0,1007
2021,10,6,17,10,762
2021,10,6,17,20,981
2021,10,6,17,30,1003
2021,10,6,17,40,884
2021,10,6,17,50,830
2021,10,6,18,0,360
2021,10,6,18,10,663
2021,10,6,18,20,597
2021,10,6,18,30,576
2021,10,6,18,40,506
2021,10,6,18,50,380
2021,10,6,19,0,101
2021,10,6,19,10,232
2021,10,6,19,20,187
2021,10,6,19,30,159
2021,10,6,19,40,220
2021,10,6,19,50,92
2021,10,6,20,0,84
2021,10,6,20,10,175
2021,10,6,20,20,107
2021,10,6,20,30,116
2021,10,6,20,40,73
2021,10,6,20,50,131
2021,10,6,21,0,61
2021,10,6,21,10,12
2021,10,6,21,20,5
2021,10,6,21,30,46
2021,10,6,21,40,24
2021,10,6,21,50,26
2021,10,6,22,0,18
2021,10,6,22,10,12
2021,10,6,22,20,0
2021,10,6,22,30,0
2021,10,6,22,40,0
2021,10,6,22,50,0
2021,10,6,23,0,0
2021,10,6,23,10,0
2021,10,6,23,20,0
2021,10,6,23,30,0
2021,10,6,23,40,0
2021,10,6,23,50,0
2021,10,7,0,0,0
2021,10,7,0,10,0
2021,10,7,0,20,0
2021,10,7,0,30,0
2021,10,7,0,40,0
2021,10,7,0,50,0
2021,10,7,1,0,0
2021,10,7,1,10,0
2021,10,7,1,20,0
2021,10,7,1,30,0
2021,10,7,1,40,0
2021,10,7,1,50,0
2021,10,7,2,0,0
2021,10,7,2,10,0
2021,10,7,2,20,0
2021,10,7,2,30,0
2021,10,7,2,40,0
2021,10,7,2,50,0
2021,10,7,3,0,0
2021,10,7,3,10,0
2021,10,7,3,20,0
2021,10,7,3,30,0
2021,10,7,3,40,0
2021,10,7,3,50,0
2021,10,7,4,0,0
2021,10,7,4,10,0
2021,10,7,4,20,0
2021,10,7,4,30,0
2021,10,7,4,40,0
2021,10,7,4,50,0
2021,10,7,5,0,0
2021,10,7,5,10,0
2021,10,7,5,20,0
2021,10,7,5,30,0
2021,10,7,5,40,0
2021,10,7,5,50,0
2021,10,7,6,0,0
2021,10,7,6,10,0
2021,10,7,6,20,0
2021,10,7,6,30,0
2021,10,7,6,40,0
2021,10,7,6,50,0
2021,10,7,7,0,0
2021,10,7,7,10,0
2021,10,7,7,20,0
2021,10,7,7,30,0
2021,10,7,7,40,0
2021,10,7,7,50,0
2021,10,7,8,0,0
2021,10,7,8,10,0
2021,10,7,8,20,0
2021,10,7,8,30,0
2021,10,7,8,40,0
2021,10,7,8,50,0
2021,10,7,9,0,0
2021,10,7,9,10,0
2021,10,7,9,20,0
2021,10,7,9,30,0
2021,10,7,9,40,0
2021,10,7,9,50,0
2021,10,7,10,0,0
2021,10,7,10,10,21
2021,10,7,10,20,46
2021,10,7,10,30,78
2021,10,7,10,40,117
2021,10,7,10,50,155
2021,10,7,11,0,139
2021,10,7,11,10,237
2021,10,7,11,20,280
2021,10,7,11,30,324
2021,10,7,11,40,373
2021,10,7,11,50,416
2021,10,7,12,0,458
2021,10,7,12,10,500
2021,10,7,12,20,542
2021,10,7,12,30,582
2021,10,7,12,40,626
2021,10,7,12,50,663
2021,10,7,13,0,703
2021,10,7,13,10,739
2021,10,7,13,20,773
2021,10,7,13,30,806
2021,10,7,13,40,839
2021,10,7,13,50,869
2021,10,7,14,0,898
2021,10,7,14,10,924
2021,10,7,14,20,948
2021,10,7,14,30,970
2021,10,7,14,40,990
2021,10,7,14,50,1008
2021,10,7,15,0,1025
2021,10,7,15,10,1039
2021,10,7,15,20,1051
2021,10,7,15,30,1061
2021,10,7,15,40,1067
2021,10,7,15,50,1073
2021,10,7,16,0,1076
2021,10,7,16,10,1078
2021,10,7,16,20,625
2021,10,7,16,30,888
2021,10,7,16,40,929
2021,10,7,16,50,838
2021,10,7,17,0,853
2021,10,7,17,10,842
2021,10,7,17,20,550
2021,10,7,17,30,420
2021,10,7,17,40,212
2021,10,7,17,50,779
2021,10,7,18,0,772
2021,10,7,18,10,716
2021,10,7,18,20,242
2021,10,7,18,30,425
2021,10,7,18,40,442
2021,10,7,18,50,99
2021,10,7,19,0,318
2021,10,7,19,10,355
2021,10,7,19,20,268
2021,10,7,19,30,72
2021,10,7,19,40,115
2021,10,7,19,50,288
2021,10,7,20,0,187
2021,10,7,20,10,404
2021,10,7,20,20,11
2021,10,7,20,30,227
2021,10,7,20,40,71
2021,10,7,20,50,129
2021,10,7,21,0,63
2021,10,7,21,10,8
2021,10,7,21,20,4
2021,10,7,21,30,4
2021,10,7,21,40,35
2021,10,7,21,50,30
2021,10,7,22,0,28
2021,10,7,22,10,18
2021,10,7,22,20,0
2021,10,7,22,30,0
2021,10,7,22,40,0
2021,10,7,22,50,0
2021,10,7,23,0,0
2021,10,7,23,10,0
2021,10,7,23,20,0
2021,10,7,23,30,0
2021,10,7,23,40,0
2021,10,7,23,50,0
2021,10,8,0,0,0
2021,10,8,0,10,0
2021,10,8,0,20,0
2021,10,8,0,30,0
2021,10,8,0,40,0
2021,10,8,0,50,0
2021,10,8,1,0,0
2021,10,8,1,10,0
2021,10,8,1,20,0
2021,10,8,1,30,0
2021,10,8,1,40,0
2021,10,8,1,50,0
2021,10,8,2,0,0
2021,10,8,2,10,0
2021,10,8,2,20,0
2021,10,8,2,30,0
2021,10,8,2,40,0
2021,10,8,2,50,0
2021,10,8,3,0,0
2021,10,8,3,10,0
2021,10,8,3,20,0
2021,10,8,3,30,0
2021,10,8,3,40,0
2021,10,8,3,50,0
2021,10,8,4,0,0
2021,10,8,4,10,0
2021,10,8,4,20,0
2021,10,8,4,30,0
2021,10,8,4,40,0
2021,10,8,4,50,0
2021,10,8,5,0,0
2021,10,8,5,10,0
2021,10,8,5,20,0
2021,10,8,5,30,0
2021,10,8,5,40,0
2021,10,8,5,50,0
2021,10,8,6,0,0
2021,10,8,6,10,0
2021,10,8,6,20,0
2021,10,8,6,30,0
2021,10,8,6,40,0
2021,10,8,6,50,0
2021,10,8,7,0,0
2021,10,8,7,10,0
2021,10,8,7,20,0
2021,10,8,7,30,0
2021,10,8,7,40,0
2021,10,8,7,50,0
2021,10,8,8,0,0
2021,10,8,8,10,0
2021,10,8,8,20,0
2021,10,8,8,30,0
2021,10,8,8,40,0
2021,10,8,8,50,0
2021,10,8,9,0,0
2021,10,8,9,10,0
2021,10,8,9,20,0
2021,10,8,9,30,0
2021,10,8,9,40,0
2021,10,8,9,50,0
2021,10,8,10,0,0
2021,10,8,10,10,15
2021,10,8,10,20,44
2021,10,8,10,30,71
2021,10,8,10,40,72
2021,10,8,10,50,89
2021,10,8,11,0,121
2021,10,8,11,10,150
2021,10,8,11,20,248
2021,10,8,11,30,294
2021,10,8,11,40,371
2021,10,8,11,50,363
2021,10,8,12,0,414
2021,10,8,12,10,442
2021,10,8,12,20,532
2021,10,8,12,30,611
2021,10,8,12,40,650
2021,10,8,12,50,689
2021,10,8,13,0,726
2021,10,8,13,10,762
2021,10,8,13,20,797
2021,10,8,13,30,830
2021,10,8,13,40,861
2021,10,8,13,50,890
2021,10,8,14,0,918
2021,10,8,14,10,945
2021,10,8,14,20,969
2021,10,8,14,30,992
2021,10,8,14,40,1013
2021,10,8,14,50,1031
2021,10,8,15,0,1048
2021,10,8,15,10,1058
2021,10,8,15,20,1070
2021,10,8,15,30,1080
2021,10,8,15,40,1087
2021,10,8,15,50,945
2021,10,8,16,0,1096
2021,10,8,16,10,1097
2021,10,8,16,20,1096
2021,10,8,16,30,1040
2021,10,8,16,40,944
2021,10,8,16,50,93
2021,10,8,17,0,809
2021,10,8,17,10,921
2021,10,8,17,20,857
2021,10,8,17,30,865
2021,10,8,17,40,1009
2021,10,8,17,50,720
2021,10,8,18,0,745
2021,10,8,18,10,425
2021,10,8,18,20,862
2021,10,8,18,30,32
2021,10,8,18,40,523
2021,10,8,18,50,607
2021,10,8,19,0,476
2021,10,8,19,10,651
2021,10,8,19,20,486
2021,10,8,19,30,91
2021,10,8,19,40,15
2021,10,8,19,50,345
2021,10,8,20,0,504
2021,10,8,20,10,437
2021,10,8,20,20,348
2021,10,8,20,30,331
2021,10,8,20,40,393
2021,10,8,20,50,349
2021,10,8,21,0,112
2021,10,8,21,10,104
2021,10,8,21,20,160
2021,10,8,21,30,162
2021,10,8,21,40,120
2021,10,8,21,50,70
2021,10,8,22,0,42
2021,10,8,22,10,19
2021,10,8,22,20,0
2021,10,8,22,30,0
2021,10,8,22,40,0
2021,10,8,22,50,0
2021,10,8,23,0,0
2021,10,8,23,10,0
2021,10,8,23,20,0
2021,10,8,23,30,0
2021,10,8,23,40,0
2021,10,8,23,50,0
2021,10,9,0,0,0
2021,10,9,0,10,0
2021,10,9,0,20,0
2021,10,9,0,30,0
2021,10,9,0,40,0
2021,10,9,0,50,0
2021,10,9,1,0,0
2021,10,9,1,10,0
2021,10,9,1,20,0
2021,10,9,1,30,0
2021,10,9,1,40,0
2021,10,9,1,50,0
2021,10,9,2,0,0
2021,10,9,2,10,0
2021,10,9,2,20,0
2021,10,9,2,30,0
2021,10,9,2,40,0
2021,10,9,2,50,0
2021,10,9,3,0,0
2021,10,9,3,10,0
2021,10,9,3,20,0
2021,10,9,3,30,0
2021,10,9,3,40,0
2021,10,9,3,50,0
2021,10,9,4,0,0
2021,10,9,4,10,0
2021,10,9,4,20,0
2021,10,9,4,30,0
2021,10,9,4,40,0
2021,10,9,4,50,0
2021,10,9,5,0,0
2021,10,9,5,10,0
2021,10,9,5,20,0
2021,10,9,5,30,0
2021,10,9,5,40,0
2021,10,9,5,50,0
2021,10,9,6,0,0
2021,10,9,6,10,0
2021,10,9,6,20,0
2021,10,9,6,30,0
2021,10,9,6,40,0
2021,10,9,6,50,0
2021,10,9,7,0,0
2021,10,9,7,10,0
2021,10,9,7,20,0
2021,10,9,7,30,0
2021,10,9,7,40,0
2021,10,9,7,50,0
2021,10,9,8,0,0
2021,10,9,8,10,0
2021,10,9,8,20,0
2021,10,9,8,30,0
2021,10,9,8,40,0
2021,10,9,8,50,0
2021,10,9,9,0,0
2021,10,9,9,10,0
2021,10,9,9,20,0
2021,10,9,9,30,0
2021,10,9,9,40,0
2021,10,9,9,50,0
2021,10,9,10,0,0
2021,10,9,10,10,21
2021,10,9,10,20,42
2021,10,9,10,30,89
2021,10,9,10,40,120
2021,10,9,10,50,156
2021,10,9,11,0,195
2021,10,9,11,10,270
2021,10,9,11,20,280
2021,10,9,11,30,277
2021,10,9,11,40,404
2021,10,9,11,50,448
2021,10,9,12,0,492
2021,10,9,12,10,534
2021,10,9,12,20,577
2021,10,9,12,30,617
2021,10,9,12,40,658
2021,10,9,12,50,696
2021,10,9,13,0,734
2021,10,9,13,10,770
2021,10,9,13,20,805
2021,10,9,13,30,838
2021,10,9,13,40,869
2021,10,9,13,50,899
2021,10,9,14,0,927
2021,10,9,14,10,953
2021,10,9,14,20,978
2021,10,9,14,30,1000
2021,10,9,14,40,1018
2021,10,9,14,50,1036
2021,10,9,15,0,988
2021,10,9,15,10,976
2021,10,9,15,20,1001
2021,10,9,15,30,913
2021,10,9,15,40,1050
2021,10,9,15,50,839
2021,10,9,16,0,766
2021,10,9,16,10,1048
2021,10,9,16,20,950
2021,10,9,16,30,876
2021,10,9,16,40,1024
2021,10,9,16,50,1089
2021,10,9,17,0,1079
2021,10,9,17,10,987
2021,10,9,17,20,1014
2021,10,9,17,30,1040
2021,10,9,17,40,1022
2021,10,9,17,50,1001
2021,10,9,18,0,978
2021,10,9,18,10,811
2021,10,9,18,20,722
2021,10,9,18,30,899
2021,10,9,18,40,870
2021,10,9,18,50,663
2021,10,9,19,0,804
2021,10,9,19,10,658
2021,10,9,19,20,733
2021,10,9,19,30,696
2021,10,9,19,40,656
2021,10,9,19,50,616
2021,10,9,20,0,575
2021,10,9,20,10,532
2021,10,9,20,20,490
2021,10,9,20,30,446
2021,10,9,20,40,399
2021,10,9,20,50,171
2021,10,9,21,0,216
2021,10,9,21,10,265
2021,10,9,21,20,169
2021,10,9,21,30,178
2021,10,9,21,40,133
2021,10,9,21,50,93
2021,10,9,22,0,46
2021,10,9,22,10,17
2021,10,9,22,20,0
2021,10,9,22,30,0
2021,10,9,22,40,0
2021,10,9,22,50,0
2021,10,9,23,0,0
2021,10,9,23,10,0
2021,10,9,23,20,0
2021,10,9,23,30,0
2021,10,9,23,40,0
2021,10,9,23,50,0
2021,10,10,0,0,0
2021,10,10,0,10,0
2021,10,10,0,20,0
2021,10,10,0,30,0
2021,10,10,0,40,0
2021,10,10,0,50,0
2021,10,10,1,0,0
2021,10,10,1,10,0
2021,10,10,1,20,0
2021,10,10,1,30,0
2021,10,10,1,40,0
2021,10,10,1,50,0
2021,10,10,2,0,0
2021,10,10,2,10,0
2021,10,10,2,20,0
2021,10,10,2,30,0
2021,10,10,2,40,0
2021,10,10,2,50,0
2021,10,10,3,0,0
2021,10,10,3,10,0
2021,10,10,3,20,0
2021,10,10,3,30,0
2021,10,10,3,40,0
2021,10,10,3,50,0
2021,10,10,4,0,0
2021,10,10,4,10,0
2021,10,10,4,20,0
2021,10,10,4,30,0
2021,10,10,4,40,0
2021,10,10,4,50,0
2021,10,10,5,0,0
2021,10,10,5,10,0
2021,10,10,5,20,0
2021,10,10,5,30,0
2021,10,10,5,40,0
2021,10,10,5,50,0
2021,10,10,6,0,0
2021,10,10,6,10,0
2021,10,10,6,20,0
2021,10,10,6,30,0
2021,10,10,6,40,0
2021,10,10,6,50,0
2021,10,10,7,0,0
2021,10,10,7,10,0
2021,10,10,7,20,0
2021,10,10,7,30,0
2021,10,10,7,40,0
2021,10,10,7,50,0
2021,10,10,8,0,0
2021,10,10,8,10,0
2021,10,10,8,20,0
2021,10,10,8,30,0
2021,10,10,8,40,0
2021,10,10,8,50,0
2021,10,10,9,0,0
2021,10,10,9,10,0
2021,10,10,9,20,0
2021,10,10,9,30,0
2021,10,10,9,40,0
2021,10,10,9,50,0
2021,10,10,10,0,0
2021,10,10,10,10,39
2021,10,10,10,20,74
2021,10,10,10,30,115
2021,10,10,10,40,158
2021,10,10,10,50,206
2021,10,10,11,0,252
2021,10,10,11,10,299
2021,10,10,11,20,346
2021,10,10,11,30,392
2021,10,10,11,40,438
2021,10,10,11,50,484
2021,10,10,12,0,529
2021,10,10,12,10,573
2021,10,10,12,20,617
2021,10,10,12,30,659
2021,10,10,12,40,700
2021,10,10,12,50,740
2021,10,10,13,0,778
2021,10,10,13,10,815
2021,10,10,13,20,851
2021,10,10,13,30,885
2021,10,10,13,40,917
2021,10,10,13,50,947
2021,10,10,14,0,976
2021,10,10,14,10,1003
2021,10,10,14,20,1028
2021,10,10,14,30,1051
2021,10,10,14,40,1074
2021,10,10,14,50,1092
2021,10,10,15,0,1109
2021,10,10,15,10,1124
2021,10,10,15,20,1136
2021,10,10,15,30,1146
2021,10,10,15,40,1154
2021,10,10,15,50,1160
2021,10,10,16,0,1163
2021,10,10,16,10,1164
2021,10,10,16,20,1163
2021,10,10,16,30,1159
2021,10,10,16,40,1153
2021,10,10,16,50,1145
2021,10,10,17,0,1135
2021,10,10,17,10,1122
2021,10,10,17,20,1107
2021,10,10,17,30,1090
2021,10,10,17,40,1071
2021,10,10,17,50,1050
2021,10,10,18,0,1027
2021,10,10,18,10,990
2021,10,10,18,20,963
2021,10,10,18,30,934
2021,10,10,18,40,904
2021,10,10,18,50,872
2021,10,10,19,0,838
2021,10,10,19,10,802
2021,10,10,19,20,765
2021,10,10,19,30,727
2021,10,10,19,40,687
2021,10,10,19,50,639
2021,10,10,20,0,597
2021,10,10,20,10,555
2021,10,10,20,20,511
2021,10,10,20,30,467
2021,10,10,20,40,421
2021,10,10,20,50,375
2021,10,10,21,0,326
2021,10,10,21,10,281
2021,10,10,21,20,236
2021,10,10,21,30,191
2021,10,10,21,40,146
2021,10,10,21,50,104
2021,10,10,22,0,65
2021,10,10,22,10,32
2021,10,10,22,20,0
2021,10,10,22,30,0
2021,10,10,22,40,0
2021,10,10,22,50,0
2021,10,10,23,0,0
2021,10,10,23,10,0
2021,10,10,23,20,0
2021,10,10,23,30,0
2021,10,10,23,40,0
2021,10,10,23,50,0
2021,10,11,0,0,0
2021,10,11,0,10,0
2021,10,11,0,20,0
2021,10,11,0,30,0
2021,10,11,0,40,0
2021,10,11,0,50,0
2021,10,11,1,0,0
2021,10,11,1,10,0
2021,10,11,1,20,0
2021,10,11,1,30,0
2021,10,11,1,40,0
2021,10,11,1,50,0
2021,10,11,2,0,0
2021,10,11,2,10,0
2021,10,11,2,20,0
2021,10,11,2,30,0
2021,10,11,2,40,0
2021,10,11,2,50,0
2021,10,11,3,0,0
2021,10,11,3,10,0
2021,10,11,3,20,0
2021,10,11,3,30,0
2021,10,11,3,40,0
2021,10,11,3,50,0
2021,10,11,4,0,0
2021,10,11,4,10,0
2021,10,11,4,20,0
2021,10,11,4,30,0
2021,10,11,4,40,0
2021,10,11,4,50,0
2021,10,11,5,0,0
2021,10,11,5,10,0
2021,10,11,5,20,0
2021,10,11,5,30,0
2021,10,11,5,40,0
2021,10,11,5,50,0
2021,10,11,6,0,0
2021,10,11,6,10,0
2021,10,11,6,20,0
2021,10,11,6,30,0
2021,10,11,6,40,0
2021,10,11,6,50,0
2021,10,11,7,0,0
2021,10,11,7,10,0
2021,10,11,7,20,0
2021,10,11,7,30,0
2021,10,11,7,40,0
2021,10,11,7,50,0
2021,10,11,8,0,0
2021,10,11,8,10,0
2021,10,11,8,20,0
2021,10,11,8,30,0
2021,10,11,8,40,0
2021,10,11,8,50,0
2021,10,11,9,0,0
2021,10,11,9,10,0
2021,10,11,9,20,0
2021,10,11,9,30,0
2021,10,11,9,40,0
2021,10,11,9,50,0
2021,10,11,10,0,0
2021,10,11,10,10,38
2021,10,11,10,20,35
2021,10,11,10,30,109
2021,10,11,10,40,151
2021,10,11,10,50,130
2021,10,11,11,0,129
2021,10,11,11,10,188
2021,10,11,11,20,328
2021,10,11,11,30,372
2021,10,11,11,40,418
2021,10,11,11,50,462
2021,10,11,12,0,505
2021,10,11,12,10,548
2021,10,11,12,20,590
2021,10,11,12,30,631
2021,10,11,12,40,668
2021,10,11,12,50,706
2021,10,11,13,0,743
2021,10,11,13,10,779
2021,10,11,13,20,814
2021,10,11,13,30,846
2021,10,11,13,40,878
2021,10,11,13,50,907
2021,10,11,14,0,935
2021,10,11,14,10,961
2021,10,11,14,20,985
2021,10,11,14,30,1007
2021,10,11,14,40,1027
2021,10,11,14,50,1046
2021,10,11,15,0,1062
2021,10,11,15,10,1076
2021,10,11,15,20,1088
2021,10,11,15,30,1097
2021,10,11,15,40,1105
2021,10,11,15,50,1106
2021,10,11,16,0,1109
2021,10,11,16,10,1114
2021,10,11,16,20,1113
2021,10,11,16,30,1110
2021,10,11,16,40,1104
2021,10,11,16,50,1096
2021,10,11,17,0,1086
2021,10,11,17,10,1073
2021,10,11,17,20,1059
2021,10,11,17,30,1043
2021,10,11,17,40,1024
2021,10,11,17,50,1003
2021,10,11,18,0,981
2021,10,11,18,10,956
2021,10,11,18,20,930
2021,10,11,18,30,902
2021,10,11,18,40,872
2021,10,11,18,50,840
2021,10,11,19,0,807
2021,10,11,19,10,772
2021,10,11,19,20,736
2021,10,11,19,30,698
2021,10,11,19,40,659
2021,10,11,19,50,619
2021,10,11,20,0,578
2021,10,11,20,10,536
2021,10,11,20,20,491
2021,10,11,20,30,448
2021,10,11,20,40,398
2021,10,11,20,50,352
2021,10,11,21,0,308
2021,10,11,21,10,264
2021,10,11,21,20,219
2021,10,11,21,30,176
2021,10,11,21,40,131
2021,10,11,21,50,92
2021,10,11,22,0,57
2021,10,11,22,10,28
2021,10,11,22,20,0
2021,10,11,22,30,0
2021,10,11,22,40,0
2021,10,11,22,50,0
2021,10,11,23,0,0
2021,10,11,23,10,0
2021,10,11,23,20,0
2021,10,11,23,30,0
2021,10,11,23,40,0
2021,10,11,23,50,0
2021,10,12,0,0,0
2021,10,12,0,10,0
2021,10,12,0,20,0
2021,10,12,0,30,0
2021,10,12,0,40,0
2021,10,12,0,50,0
2021,10,12,1,0,0
2021,10,12,1,10,0
2021,10,12,1,20,0
2021,10,12,1,30,0
2021,10,12,1,40,0
2021,10,12,1,50,0
2021,10,12,2,0,0
2021,10,12,2,10,0
2021,10,12,2,20,0
2021,10,12,2,30,0
2021,10,12,2,40,0
2021,10,12,2,50,0
2021,10,12,3,0,0
2021,10,12,3,10,0
2021,10,12,3,20,0
2021,10,12,3,30,0
2021,10,12,3,40,0
2021,10,12,3,50,0
2021,10,12,4,0,0
2021,10,12,4,10,0
2021,10,12,4,20,0
2021,10,12,4,30,0
2021,10,12,4,40,0
2021,10,12,4,50,0
2021,10,12,5,0,0
2021,10,12,5,10,0
2021,10,12,5,20,0
2021,10,12,5,30,0
2021,10,12,5,40,0
2021,10,12,5,50,0
2021,10,12,6,0,0
2021,10,12,6,10,0
2021,10,12,6,20,0
2021,10,12,6,30,0
2021,10,12,6,40,0
2021,10,12,6,50,0
2021,10,12,7,0,0
2021,10,12,7,10,0
2021,10,12,7,20,0
2021,10,12,7,30,0
2021,10,12,7,40,0
2021,10,12,7,50,0
2021,10,12,8,0,0
2021,10,12,8,10,0
2021,10,12,8,20,0
2021,10,12,8,30,0
2021,10,12,8,40,0
2021,10,12,8,50,0
2021,10,12,9,0,0
2021,10,12,9,10,0
2021,10,12,9,20,0
2021,10,12,9,30,0
2021,10,12,9,40,0
2021,10,12,9,50,0
2021,10,12,10,0,15
2021,10,12,10,10,41
2021,10,12,10,20,75
2021,10,12,10,30,114
2021,10,12,10,40,158
2021,10,12,10,50,201
2021,10,12,11,0,246
2021,10,12,11,10,294
2021,10,12,11,20,339
2021,10,12,11,30,385
2021,10,12,11,40,431
2021,10,12,11,50,475
2021,10,12,12,0,519
2021,10,12,12,10,563
2021,10,12,12,20,605
2021,10,12,12,30,647
2021,10,12,12,40,687
2021,10,12,12,50,726
2021,10,12,13,0,764
2021,10,12,13,10,800
2021,10,12,13,20,835
2021,10,12,13,30,868
2021,10,12,13,40,900
2021,10,12,13,50,930
2021,10,12,14,0,958
2021,10,12,14,10,984
2021,10,12,14,20,1009
2021,10,12,14,30,1031
2021,10,12,14,40,1052
2021,10,12,14,50,1070
2021,10,12,15,0,1087
2021,10,12,15,10,1101
2021,10,12,15,20,1113
2021,10,12,15,30,1122
2021,10,12,15,40,1130
2021,10,12,15,50,1129
2021,10,12,16,0,1132
2021,10,12,16,10,1133
2021,10,12,16,20,1131
2021,10,12,16,30,1128
2021,10,12,16,40,1122
2021,10,12,16,50,1114
2021,10,12,17,0,1104
2021,10,12,17,10,1091
2021,10,12,17,20,1076
2021,10,12,17,30,1060
2021,10,12,17,40,1041
2021,10,12,17,50,1020
2021,10,12,18,0,997
2021,10,12,18,10,972
2021,10,12,18,20,946
2021,10,12,18,30,917
2021,10,12,18,40,886
2021,10,12,18,50,854
2021,10,12,19,0,821
2021,10,12,19,10,786
2021,10,12,19,20,749
2021,10,12,19,30,711
2021,10,12,19,40,672
2021,10,12,19,50,631
2021,10,12,20,0,586
2021,10,12,20,10,543
2021,10,12,20,20,500
2021,10,12,20,30,456
2021,10,12,20,40,412
2021,10,12,20,50,367
2021,10,12,21,0,322
2021,10,12,21,10,275
2021,10,12,21,20,230
2021,10,12,21,30,186
2021,10,12,21,40,142
2021,10,12,21,50,102
2021,10,12,22,0,48
2021,10,12,22,10,24
2021,10,12,22,20,0
2021,10,12,22,30,0
2021,10,12,22,40,0
2021,10,12,22,50,0
2021,10,12,23,0,0
2021,10,12,23,10,0
2021,10,12,23,20,0
2021,10,12,23,30,0
2021,10,12,23,40,0
2021,10,12,23,50,0
2021,10,13,0,0,0
2021,10,13,0,10,0
2021,10,13,0,20,0
2021,10,13,0,30,0
2021,10,13,0,40,0
2021,10,13,0,50,0
2021,10,13,1,0,0
2021,10,13,1,10,0
2021,10,13,1,20,0
2021,10,13,1,30,0
2021,10,13,1,40,0
2021,10,13,1,50,0
2021,10,13,2,0,0
2021,10,13,2,10,0
2021,10,13,2,20,0
2021,10,13,2,30,0
2021,10,13,2,40,0
2021,10,13,2,50,0
2021,10,13,3,0,0
2021,10,13,3,10,0
2021,10,13,3,20,0
2021,10,13,3,30,0
2021,10,13,3,40,0
2021,10,13,3,50,0
2021,10,13,4,0,0
2021,10,13,4,10,0
2021,10,13,4,20,0
2021,10,13,4,30,0
2021,10,13,4,40,0
2021,10,13,4,50,0
2021,10,13,5,0,0
2021,10,13,5,10,0
2021,10,13,5,20,0
2021,10,13,5,30,0
2021,10,13,5,40,0
2021,10,13,5,50,0
2021,10,13,6,0,0
2021,10,13,6,10,0
2021,10,13,6,20,0
2021,10,13,6,30,0
2021,10,13,6,40,0
2021,10,13,6,50,0
2021,10,13,7,0,0
2021,10,13,7,10,0
2021,10,13,7,20,0
2021,10,13,7,30,0
2021,10,13,7,40,0
2021,10,13,7,50,0
2021,10,13,8,0,0
2021,10,13,8,10,0
2021,10,13,8,20,0
2021,10,13,8,30,0
2021,10,13,8,40,0
2021,10,13,8,50,0
2021,10,13,9,0,0
2021,10,13,9,10,0
2021,10,13,9,20,0
2021,10,13,9,30,0
2021,10,13,9,40,0
2021,10,13,9,50,0
2021,10,13,10,0,8
2021,10,13,10,10,33
2021,10,13,10,20,61
2021,10,13,10,30,55
2021,10,13,10,40,86
2021,10,13,10,50,208
2021,10,13,11,0,234
2021,10,13,11,10,272
2021,10,13,11,20,302
2021,10,13,11,30,388
2021,10,13,11,40,432
2021,10,13,11,50,396
2021,10,13,12,0,450
2021,10,13,12,10,565
2021,10,13,12,20,537
2021,10,13,12,30,649
2021,10,13,12,40,688
2021,10,13,12,50,727
2021,10,13,13,0,760
2021,10,13,13,10,796
2021,10,13,13,20,831
2021,10,13,13,30,865
2021,10,13,13,40,896
2021,10,13,13,50,926
2021,10,13,14,0,954
2021,10,13,14,10,980
2021,10,13,14,20,1005
2021,10,13,14,30,1027
2021,10,13,14,40,1049
2021,10,13,14,50,1067
2021,10,13,15,0,1084
2021,10,13,15,10,1097
2021,10,13,15,20,1109
2021,10,13,15,30,1119
2021,10,13,15,40,1127
2021,10,13,15,50,1132
2021,10,13,16,0,1135
2021,10,13,16,10,1136
2021,10,13,16,20,1135
2021,10,13,16,30,1131
2021,10,13,16,40,1124
2021,10,13,16,50,1116
2021,10,13,17,0,1106
2021,10,13,17,10,1093
2021,10,13,17,20,943
2021,10,13,17,30,1062
2021,10,13,17,40,1041
2021,10,13,17,50,838
2021,10,13,18,0,838
2021,10,13,18,10,778
2021,10,13,18,20,817
2021,10,13,18,30,738
2021,10,13,18,40,881
2021,10,13,18,50,849
2021,10,13,19,0,816
2021,10,13,19,10,738
2021,10,13,19,20,744
2021,10,13,19,30,706
2021,10,13,19,40,531
2021,10,13,19,50,535
2021,10,13,20,0,582
2021,10,13,20,10,539
2021,10,13,20,20,496
2021,10,13,20,30,452
2021,10,13,20,40,408
2021,10,13,20,50,171
2021,10,13,21,0,319
2021,10,13,21,10,215
2021,10,13,21,20,230
2021,10,13,21,30,114
2021,10,13,21,40,143
2021,10,13,21,50,102
2021,10,13,22,0,65
2021,10,13,22,10,33
2021,10,13,22,20,0
2021,10,13,22,30,0
2021,10,13,22,40,0
2021,10,13,22,50,0
2021,10,13,23,0,0
2021,10,13,23,10,0
2021,10,13,23,20,0
2021,10,13,23,30,0
2021,10,13,23,40,0
2021,10,13,23,50,0
2021,10,14,0,0,0
2021,10,14,0,10,0
2021,10,14,0,20,0
2021,10,14,0,30,0
2021,10,14,0,40,0
2021,10,14,0,50,0
2021,10,14,1,0,0
2021,10,14,1,10,0
2021,10,14,1,20,0
2021,10,14,1,30,0
2021,10,14,1,40,0
2021,10,14,1,50,0
2021,10,14,2,0,0
2021,10,14,2,10,0
2021,10,14,2,20,0
2021,10,14,2,30,0
2021,10,14,2,40,0
2021,10,14,2,50,0
2021,10,14,3,0,0
2021,10,14,3,10,0
2021,10,14,3,20,0
2021,10,14,3,30,0
2021,10,14,3,40,0
2021,10,14,3,50,0
2021,10,14,4,0,0
2021,10,14,4,10,0
2021,10,14,4,20,0
2021,10,14,4,30,0
2021,10,14,4,40,0
2021,10,14,4,50,0
2021,10,14,5,0,0
2021,10,14,5,10,0
2021,10,14,5,20,0
2021,10,14,5,30,0
2021,10,14,5,40,0
2021,10,14,5,50,0
2021,10,14,6,0,0
2021,10,14,6,10,0
2021,10,14,6,20,0
2021,10,14,6,30,0
2021,10,14,6,40,0
2021,10,14,6,50,0
2021,10,14,7,0,0
2021,10,14,7,10,0
2021,10,14,7,20,0
2021,10,14,7,30,0
2021,10,14,7,40,0
2021,10,14,7,50,0
2021,10,14,8,0,0
2021,10,14,8,10,0
2021,10,14,8,20,0
2021,10,14,8,30,0
2021,10,14,8,40,0
2021,10,14,8,50,0
2021,10,14,9,0,0
2021,10,14,9,10,0
2021,10,14,9,20,0
2021,10,14,9,30,0
2021,10,14,9,40,0
2021,10,14,9,50,0
2021,10,14,10,0,21
2021,10,14,10,10,52
2021,10,14,10,20,90
2021,10,14,10,30,131
2021,10,14,10,40,176
2021,10,14,10,50,221
2021,10,14,11,0,268
2021,10,14,11,10,314
2021,10,14,11,20,361
2021,10,14,11,30,417
2021,10,14,11,40,464
2021,10,14,11,50,511
2021,10,14,12,0,556
2021,10,14,12,10,601
2021,10,14,12,20,645
2021,10,14,12,30,689
2021,10,14,12,40,730
2021,10,14,12,50,771
2021,10,14,13,0,810
2021,10,14,13,10,848
2021,10,14,13,20,884
2021,10,14,13,30,918
2021,10,14,13,40,950
2021,10,14,13,50,981
2021,10,14,14,0,1010
2021,10,14,14,10,1037
2021,10,14,14,20,1063
2021,10,14,14,30,1086
2021,10,14,14,40,1107
2021,10,14,14,50,1125
2021,10,14,15,0,1142
2021,10,14,15,10,1157
2021,10,14,15,20,1169
2021,10,14,15,30,1179
2021,10,14,15,40,1187
2021,10,14,15,50,1192
2021,10,14,16,0,1195
2021,10,14,16,10,1196
2021,10,14,16,20,1195
2021,10,14,16,30,1191
2021,10,14,16,40,1185
2021,10,14,16,50,1155
2021,10,14,17,0,1145
2021,10,14,17,10,1132
2021,10,14,17,20,1117
2021,10,14,17,30,1100
2021,10,14,17,40,1081
2021,10,14,17,50,1059
2021,10,14,18,0,1036
2021,10,14,18,10,1011
2021,10,14,18,20,983
2021,10,14,18,30,954
2021,10,14,18,40,923
2021,10,14,18,50,891
2021,10,14,19,0,856
2021,10,14,19,10,820
2021,10,14,19,20,783
2021,10,14,19,30,743
2021,10,14,19,40,703
2021,10,14,19,50,662
2021,10,14,20,0,619
2021,10,14,20,10,576
2021,10,14,20,20,531
2021,10,14,20,30,486
2021,10,14,20,40,439
2021,10,14,20,50,393
2021,10,14,21,0,346
2021,10,14,21,10,294
2021,10,14,21,20,248
2021,10,14,21,30,203
2021,10,14,21,40,157
2021,10,14,21,50,114
2021,10,14,22,0,74
2021,10,14,22,10,39
2021,10,14,22,20,0
2021,10,14,22,30,0
2021,10,14,22,40,0
2021,10,14,22,50,0
2021,10,14,23,0,0
2021,10,14,23,10,0
2021,10,14,23,20,0
2021,10,14,23,30,0
2021,10,14,23,40,0
2021,10,14,23,50,0
2021,10,15,0,0,0
2021,10,15,0,10,0
2021,10,15,0,20,0
2021,10,15,0,30,0
2021,10,15,0,40,0
2021,10,15,0,50,0
2021,10,15,1,0,0
2021,10,15,1,10,0
2021,10,15,1,20,0
2021,10,15,1,30,0
2021,10,15,1,40,0
2021,10,15,1,50,0
2021,10,15,2,0,0
2021,10,15,2,10,0
2021,10,15,2,20,0
2021,10,15,2,30,0
2021,10,15,2,40,0
2021,10,15,2,50,0
2021,10,15,3,0,0
2021,10,15,3,10,0
2021,10,15,3,20,0
2021,10,15,3,30,0
2021,10,15,3,40,0
2021,10,15,3,50,0
2021,10,15,4,0,0
2021,10,15,4,10,0
2021,10,15,4,20,0
2021,10,15,4,30,0
2021,10,15,4,40,0
2021,10,15,4,50,0
2021,10,15,5,0,0
2021,10,15,5,10,0
2021,10,15,5,20,0
2021,10,15,5,30,0
2021,10,15,5,40,0
2021,10,15,5,50,0
2021,10,15,6,0,0
2021,10,15,6,10,0
2021,10,15,6,20,0
2021,10,15,6,30,0
2021,10,15,6,40,0
2021,10,15,6,50,0
2021,10,15,7,0,0
2021,10,15,7,10,0
2021,10,15,7,20,0
2021,10,15,7,30,0
2021,10,15,7,40,0
2021,10,15,7,50,0
2021,10,15,8,0,0
2021,10,15,8,10,0
2021,10,15,8,20,0
2021,10,15,8,30,0
2021,10,15,8,40,0
2021,10,15,8,50,0
2021,10,15,9,0,0
2021,10,15,9,10,0
2021,10,15,9,20,0
2021,10,15,9,30,0
2021,10,15,9,40,0
2021,10,15,9,50,0
2021,10,15,10,0,24
2021,10,15,10,10,56
2021,10,15,10,20,68
2021,10,15,10,30,67
2021,10,15,10,40,96
2021,10,15,10,50,231
2021,10,15,11,0,278
2021,10,15,11,10,326
2021,10,15,11,20,374
2021,10,15,11,30,421
2021,10,15,11,40,468
2021,10,15,11,50,515
2021,10,15,12,0,560
2021,10,15,12,10,605
2021,10,15,12,20,649
2021,10,15,12,30,692
2021,10,15,12,40,734
2021,10,15,12,50,774
2021,10,15,13,0,813
2021,10,15,13,10,851
2021,10,15,13,20,887
2021,10,15,13,30,921
2021,10,15,13,40,953
2021,10,15,13,50,984
2021,10,15,14,0,1013
2021,10,15,14,10,1040
2021,10,15,14,20,1065
2021,10,15,14,30,1088
2021,10,15,14,40,1109
2021,10,15,14,50,1128
2021,10,15,15,0,1145
2021,10,15,15,10,1159
2021,10,15,15,20,1171
2021,10,15,15,30,1181
2021,10,15,15,40,1189
2021,10,15,15,50,1194
2021,10,15,16,0,1197
2021,10,15,16,10,1198
2021,10,15,16,20,1196
2021,10,15,16,30,1192
2021,10,15,16,40,1186
2021,10,15,16,50,1178
2021,10,15,17,0,1167
2021,10,15,17,10,1154
2021,10,15,17,20,1139
2021,10,15,17,30,1121
2021,10,15,17,40,1102
2021,10,15,17,50,1081
2021,10,15,18,0,1057
2021,10,15,18,10,1031
2021,10,15,18,20,1003
2021,10,15,18,30,974
2021,10,15,18,40,942
2021,10,15,18,50,909
2021,10,15,19,0,874
2021,10,15,19,10,837
2021,10,15,19,20,799
2021,10,15,19,30,760
2021,10,15,19,40,719
2021,10,15,19,50,677
2021,10,15,20,0,633
2021,10,15,20,10,589
2021,10,15,20,20,544
2021,10,15,20,30,498
2021,10,15,20,40,451
2021,10,15,20,50,395
2021,10,15,21,0,348
2021,10,15,21,10,302
2021,10,15,21,20,255
2021,10,15,21,30,209
2021,10,15,21,40,163
2021,10,15,21,50,119
2021,10,15,22,0,78
2021,10,15,22,10,42
2021,10,15,22,20,0
2021,10,15,22,30,0
2021,10,15,22,40,0
2021,10,15,22,50,0
2021,10,15,23,0,0
2021,10,15,23,10,0
2021,10,15,23,20,0
2021,10,15,23,30,0
2021,10,15,23,40,0
2021,10,15,23,50,0
2021,10,16,0,0,0
2021,10,16,0,10,0
2021,10,16,0,20,0
2021,10,16,0,30,0
2021,10,16,0,40,0
2021,10,16,0,50,0
2021,10,16,1,0,0
2021,10,16,1,10,0
2021,10,16,1,20,0
2021,10,16,1,30,0
2021,10,16,1,40,0
2021,10,16,1,50,0
2021,10,16,2,0,0
2021,10,16,2,10,0
2021,10,16,2,20,0
2021,10,16,2,30,0
2021,10,16,2,40,0
2021,10,16,2,50,0
2021,10,16,3,0,0
2021,10,16,3,10,0
2021,10,16,3,20,0
2021,10,16,3,30,0
2021,10,16,3,40,0
2021,10,16,3,50,0
2021,10,16,4,0,0
2021,10,16,4,10,0
2021,10,16,4,20,0
2021,10,16,4,30,0
2021,10,16,4,40,0
2021,10,16,4,50,0
2021,10,16,5,0,0
2021,10,16,5,10,0
2021,10,16,5,20,0
2021,10,16,5,30,0
2021,10,16,5,40,0
2021,10,16,5,50,0
2021,10,16,6,0,0
2021,10,16,6,10,0
2021,10,16,6,20,0
2021,10,16,6,30,0
2021,10,16,6,40,0
2021,10,16,6,50,0
2021,10,16,7,0,0
2021,10,16,7,10,0
2021,10,16,7,20,0
2021,10,16,7,30,0
2021,10,16,7,40,0
2021,10,16,7,50,0
2021,10,16,8,0,0
2021,10,16,8,10,0
2021,10,16,8,20,0
2021,10,16,8,30,0
2021,10,16,8,40,0
2021,10,16,8,50,0
2021,10,16,9,0,0
2021,10,16,9,10,0
2021,10,16,9,20,0
2021,10,16,9,30,0
2021,10,16,9,40,0
2021,10,16,9,50,0
2021,10,16,10,0,12
2021,10,16,10,10,38
2021,10,16,10,20,65
2021,10,16,10,30,60
2021,10,16,10,40,79
2021,10,16,10,50,116
2021,10,16,11,0,142
2021,10,16,11,10,330
2021,10,16,11,20,377
2021,10,16,11,30,425
2021,10,16,11,40,472
2021,10,16,11,50,518
2021,10,16,12,0,564
2021,10,16,12,10,609
2021,10,16,12,20,653
2021,10,16,12,30,696
2021,10,16,12,40,737
2021,10,16,12,50,777
2021,10,16,13,0,816
2021,10,16,13,10,854
2021,10,16,13,20,890
2021,10,16,13,30,924
2021,10,16,13,40,956
2021,10,16,13,50,987
2021,10,16,14,0,1016
2021,10,16,14,10,1043
2021,10,16,14,20,1068
2021,10,16,14,30,1091
2021,10,16,14,40,1112
2021,10,16,14,50,1131
2021,10,16,15,0,1148
2021,10,16,15,10,1162
2021,10,16,15,20,1174
2021,10,16,15,30,1184
2021,10,16,15,40,1192
2021,10,16,15,50,1197
2021,10,16,16,0,1200
2021,10,16,16,10,1201
2021,10,16,16,20,1199
2021,10,16,16,30,1195
2021,10,16,16,40,1189
2021,10,16,16,50,1181
2021,10,16,17,0,1170
2021,10,16,17,10,1136
2021,10,16,17,20,1121
2021,10,16,17,30,1104
2021,10,16,17,40,1085
2021,10,16,17,50,1064
2021,10,16,18,0,1041
2021,10,16,18,10,1015
2021,10,16,18,20,988
2021,10,16,18,30,958
2021,10,16,18,40,927
2021,10,16,18,50,894
2021,10,16,19,0,860
2021,10,16,19,10,824
2021,10,16,19,20,786
2021,10,16,19,30,747
2021,10,16,19,40,707
2021,10,16,19,50,665
2021,10,16,20,0,622
2021,10,16,20,10,579
2021,10,16,20,20,526
2021,10,16,20,30,482
2021,10,16,20,40,436
2021,10,16,20,50,390
2021,10,16,21,0,343
2021,10,16,21,10,297
2021,10,16,21,20,251
2021,10,16,21,30,205
2021,10,16,21,40,160
2021,10,16,21,50,117
2021,10,16,22,0,77
2021,10,16,22,10,41
2021,10,16,22,20,0
2021,10,16,22,30,0
2021,10,16,22,40,0
2021,10,16,22,50,0
2021,10,16,23,0,0
2021,10,16,23,10,0
2021,10,16,23,20,0
2021,10,16,23,30,0
2021,10,16,23,40,0
2021,10,16,23,50,0
2021,10,17,0,0,0
2021,10,17,0,10,0
2021,10,17,0,20,0
2021,10,17,0,30,0
2021,10,17,0,40,0
2021,10,17,0,50,0
2021,10,17,1,0,0
2021,10,17,1,10,0
2021,10,17,1,20,0
2021,10,17,1,30,0
2021,10,17,1,40,0
2021,10,17,1,50,0
2021,10,17,2,0,0
2021,10,17,2,10,0
2021,10,17,2,20,0
2021,10,17,2,30,0
2021,10,17,2,40,0
2021,10,17,2,50,0
2021,10,17,3,0,0
2021,10,17,3,10,0
2021,10,17,3,20,0
2021,10,17,3,30,0
2021,10,17,3,40,0
2021,10,17,3,50,0
2021,10,17,4,0,0
2021,10,17,4,10,0
2021,10,17,4,20,0
2021,10,17,4,30,0
2021,10,17,4,40,0
2021,10,17,4,50,0
2021,10,17,5,0,0
2021,10,17,5,10,0
2021,10,17,5,20,0
2021,10,17,5,30,0
2021,10,17,5,40,0
2021,10,17,5,50,0
2021,10,17,6,0,0
2021,10,17,6,10,0
2021,10,17,6,20,0
2021,10,17,6,30,0
2021,10,17,6,40,0
2021,10,17,6,50,0
2021,10,17,7,0,0
2021,10,17,7,10,0
2021,10,17,7,20,0
2021,10,17,7,30,0
2021,10,17,7,40,0
2021,10,17,7,50,0
2021,10,17,8,0,0
2021,10,17,8,10,0
2021,10,17,8,20,0
2021,10,17,8,30,0
2021,10,17,8,40,0
2021,10,17,8,50,0
2021,10,17,9,0,0
2021,10,17,9,10,0
2021,10,17,9,20,0
2021,10,17,9,30,0
2021,10,17,9,40,0
2021,10,17,9,50,0
2021,10,17,10,0,29
2021,10,17,10,10,41
2021,10,17,10,20,103
2021,10,17,10,30,146
2021,10,17,10,40,103
2021,10,17,10,50,239
2021,10,17,11,0,286
2021,10,17,11,10,334
2021,10,17,11,20,381
2021,10,17,11,30,429
2021,10,17,11,40,476
2021,10,17,11,50,522
2021,10,17,12,0,568
2021,10,17,12,10,613
2021,10,17,12,20,657
2021,10,17,12,30,700
2021,10,17,12,40,742
2021,10,17,12,50,782
2021,10,17,13,0,821
2021,10,17,13,10,858
2021,10,17,13,20,894
2021,10,17,13,30,813
2021,10,17,13,40,848
2021,10,17,13,50,871
2021,10,17,14,0,892
2021,10,17,14,10,1048
2021,10,17,14,20,970
2021,10,17,14,30,1096
2021,10,17,14,40,937
2021,10,17,14,50,1136
2021,10,17,15,0,1153
2021,10,17,15,10,990
2021,10,17,15,20,1180
2021,10,17,15,30,1088
2021,10,17,15,40,1017
2021,10,17,15,50,967
2021,10,17,16,0,965
2021,10,17,16,10,809
2021,10,17,16,20,916
2021,10,17,16,30,937
2021,10,17,16,40,981
2021,10,17,16,50,1062
2021,10,17,17,0,1016
2021,10,17,17,10,1039
2021,10,17,17,20,1065
2021,10,17,17,30,1092
2021,10,17,17,40,1109
2021,10,17,17,50,1087
2021,10,17,18,0,1063
2021,10,17,18,10,1037
2021,10,17,18,20,1009
2021,10,17,18,30,979
2021,10,17,18,40,948
2021,10,17,18,50,915
2021,10,17,19,0,879
2021,10,17,19,10,827
2021,10,17,19,20,789
2021,10,17,19,30,750
2021,10,17,19,40,710
2021,10,17,19,50,668
2021,10,17,20,0,626
2021,10,17,20,10,581
2021,10,17,20,20,537
2021,10,17,20,30,491
2021,10,17,20,40,445
2021,10,17,20,50,399
2021,10,17,21,0,352
2021,10,17,21,10,305
2021,10,17,21,20,254
2021,10,17,21,30,208
2021,10,17,21,40,163
2021,10,17,21,50,119
2021,10,17,22,0,79
2021,10,17,22,10,43
2021,10,17,22,20,15
2021,10,17,22,30,0
2021,10,17,22,40,0
2021,10,17,22,50,0
2021,10,17,23,0,0
2021,10,17,23,10,0
2021,10,17,23,20,0
2021,10,17,23,30,0
2021,10,17,23,40,0
2021,10,17,23,50,0
2021,10,18,0,0,0
2021,10,18,0,10,0
2021,10,18,0,20,0
2021,10,18,0,30,0
2021,10,18,0,40,0
2021,10,18,0,50,0
2021,10,18,1,0,0
2021,10,18,1,10,0
2021,10,18,1,20,0
2021,10,18,1,30,0
2021,10,18,1,40,0
2021,10,18,1,50,0
2021,10,18,2,0,0
2021,10,18,2,10,0
2021,10,18,2,20,0
2021,10,18,2,30,0
2021,10,18,2,40,0
2021,10,18,2,50,0
2021,10,18,3,0,0
2021,10,18,3,10,0
2021,10,18,3,20,0
2021,10,18,3,30,0
2021,10,18,3,40,0
2021,10,18,3,50,0
2021,10,18,4,0,0
2021,10,18,4,10,0
2021,10,18,4,20,0
2021,10,18,4,30,0
2021,10,18,4,40,0
2021,10,18,4,50,0
2021,10,18,5,0,0
2021,10,18,5,10,0
2021,10,18,5,20,0
2021,10,18,5,30,0
2021,10,18,5,40,0
2021,10,18,5,50,0
2021,10,18,6,0,0
2021,10,18,6,10,0
2021,10,18,6,20,0
2021,10,18,6,30,0
2021,10,18,6,40,0
2021,10,18,6,50,0
2021,10,18,7,0,0
2021,10,18,7,10,0
2021,10,18,7,20,0
2021,10,18,7,30,0
2021,10,18,7,40,0
2021,10,18,7,50,0
2021,10,18,8,0,0
2021,10,18,8,10,0
2021,10,18,8,20,0
2021,10,18,8,30,0
2021,10,18,8,40,0
2021,10,18,8,50,0
2021,10,18,9,0,0
2021,10,18,9,10,0
2021,10,18,9,20,0
2021,10,18,9,30,0
2021,10,18,9,40,0
2021,10,18,9,50,0
2021,10,18,10,0,17
2021,10,18,10,10,36
2021,10,18,10,20,57
2021,10,18,10,30,78
2021,10,18,10,40,136
2021,10,18,10,50,173
2021,10,18,11,0,171
2021,10,18,11,10,224
2021,10,18,11,20,301
2021,10,18,11,30,328
2021,10,18,11,40,372
2021,10,18,11,50,398
2021,10,18,12,0,452
2021,10,18,12,10,478
2021,10,18,12,20,507
2021,10,18,12,30,553
2021,10,18,12,40,556
2021,10,18,12,50,617
2021,10,18,13,0,669
2021,10,18,13,10,679
2021,10,18,13,20,715
2021,10,18,13,30,732
2021,10,18,13,40,768
2021,10,18,13,50,813
2021,10,18,14,0,842
2021,10,18,14,10,1002
2021,10,18,14,20,1026
2021,10,18,14,30,1048
2021,10,18,14,40,1070
2021,10,18,14,50,1096
2021,10,18,15,0,1112
2021,10,18,15,10,1126
2021,10,18,15,20,1137
2021,10,18,15,30,1147
2021,10,18,15,40,1154
2021,10,18,15,50,1159
2021,10,18,16,0,1162
2021,10,18,16,10,1163
2021,10,18,16,20,1171
2021,10,18,16,30,1167
2021,10,18,16,40,1161
2021,10,18,16,50,1153
2021,10,18,17,0,1142
2021,10,18,17,10,1129
2021,10,18,17,20,1114
2021,10,18,17,30,1097
2021,10,18,17,40,1077
2021,10,18,17,50,1056
2021,10,18,18,0,1032
2021,10,18,18,10,1007
2021,10,18,18,20,980
2021,10,18,18,30,950
2021,10,18,18,40,920
2021,10,18,18,50,887
2021,10,18,19,0,853
2021,10,18,19,10,817
2021,10,18,19,20,779
2021,10,18,19,30,651
2021,10,18,19,40,620
2021,10,18,19,50,565
2021,10,18,20,0,453
2021,10,18,20,10,574
2021,10,18,20,20,422
2021,10,18,20,30,479
2021,10,18,20,40,434
2021,10,18,20,50,388
2021,10,18,21,0,302
2021,10,18,21,10,208
2021,10,18,21,20,111
2021,10,18,21,30,68
2021,10,18,21,40,82
2021,10,18,21,50,93
2021,10,18,22,0,55
2021,10,18,22,10,30
2021,10,18,22,20,7
2021,10,18,22,30,0
2021,10,18,22,40,0
2021,10,18,22,50,0
2021,10,18,23,0,0
2021,10,18,23,10,0
2021,10,18,23,20,0
2021,10,18,23,30,0
2021,10,18,23,40,0
2021,10,18,23,50,0
2021,10,19,0,0,0
2021,10,19,0,10,0
2021,10,19,0,20,0
2021,10,19,0,30,0
2021,10,19,0,40,0
2021,10,19,0,50,0
2021,10,19,1,0,0
2021,10,19,1,10,0
2021,10,19,1,20,0
2021,10,19,1,30,0
2021,10,19,1,40,0
2021,10,19,1,50,0
2021,10,19,2,0,0
2021,10,19,2,10,0
2021,10,19,2,20,0
2021,10,19,2,30,0
2021,10,19,2,40,0
2021,10,19,2,50,0
2021,10,19,3,0,0
2021,10,19,3,10,0
2021,10,19,3,20,0
2021,10,19,3,30,0
2021,10,19,3,40,0
2021,10,19,3,50,0
2021,10,19,4,0,0
2021,10,19,4,10,0
2021,10,19,4,20,0
2021,10,19,4,30,0
2021,10,19,4,40,0
2021,10,19,4,50,0
2021,10,19,5,0,0
2021,10,19,5,10,0
2021,10,19,5,20,0
2021,10,19,5,30,0
2021,10,19,5,40,0
2021,10,19,5,50,0
2021,10,19,6,0,0
2021,10,19,6,10,0
2021,10,19,6,20,0
2021,10,19,6,30,0
2021,10,19,6,40,0
2021,10,19,6,50,0
2021,10,19,7,0,0
2021,10,19,7,10,0
2021,10,19,7,20,0
2021,10,19,7,30,0
2021,10,19,7,40,0
2021,10,19,7,50,0
2021,10,19,8,0,0
2021,10,19,8,10,0
2021,10,19,8,20,0
2021,10,19,8,30,0
2021,10,19,8,40,0
2021,10,19,8,50,0
2021,10,19,9,0,0
2021,10,19,9,10,0
2021,10,19,9,20,0
2021,10,19,9,30,0
2021,10,19,9,40,0
2021,10,19,9,50,0
2021,10,19,10,0,14
2021,10,19,10,10,29
2021,10,19,10,20,50
2021,10,19,10,30,48
2021,10,19,10,40,67
2021,10,19,10,50,99
2021,10,19,11,0,136
2021,10,19,11,10,203
2021,10,19,11,20,263
2021,10,19,11,30,275
2021,10,19,11,40,460
2021,10,19,11,50,505
2021,10,19,12,0,549
2021,10,19,12,10,592
2021,10,19,12,20,635
2021,10,19,12,30,676
2021,10,19,12,40,724
2021,10,19,12,50,763
2021,10,19,13,0,801
2021,10,19,13,10,838
2021,10,19,13,20,873
2021,10,19,13,30,906
2021,10,19,13,40,938
2021,10,19,13,50,968
2021,10,19,14,0,996
2021,10,19,14,10,1023
2021,10,19,14,20,1047
2021,10,19,14,30,1069
2021,10,19,14,40,1089
2021,10,19,14,50,1108
2021,10,19,15,0,1124
2021,10,19,15,10,1138
2021,10,19,15,20,1150
2021,10,19,15,30,1159
2021,10,19,15,40,1166
2021,10,19,15,50,1171
2021,10,19,16,0,1174
2021,10,19,16,10,1175
2021,10,19,16,20,1173
2021,10,19,16,30,1169
2021,10,19,16,40,1163
2021,10,19,16,50,1154
2021,10,19,17,0,1144
2021,10,19,17,10,1131
2021,10,19,17,20,1116
2021,10,19,17,30,1098
2021,10,19,17,40,1079
2021,10,19,17,50,1058
2021,10,19,18,0,1034
2021,10,19,18,10,1000
2021,10,19,18,20,973
2021,10,19,18,30,944
2021,10,19,18,40,913
2021,10,19,18,50,881
2021,10,19,19,0,846
2021,10,19,19,10,805
2021,10,19,19,20,768
2021,10,19,19,30,730
2021,10,19,19,40,689
2021,10,19,19,50,648
2021,10,19,20,0,602
2021,10,19,20,10,559
2021,10,19,20,20,516
2021,10,19,20,30,472
2021,10,19,20,40,421
2021,10,19,20,50,376
2021,10,19,21,0,331
2021,10,19,21,10,286
2021,10,19,21,20,240
2021,10,19,21,30,196
2021,10,19,21,40,152
2021,10,19,21,50,111
2021,10,19,22,0,73
2021,10,19,22,10,40
2021,10,19,22,20,15
2021,10,19,22,30,0
2021,10,19,22,40,0
2021,10,19,22,50,0
2021,10,19,23,0,0
2021,10,19,23,10,0
2021,10,19,23,20,0
2021,10,19,23,30,0
2021,10,19,23,40,0
2021,10,19,23,50,0
2021,10,20,0,0,0
2021,10,20,0,10,0
2021,10,20,0,20,0
2021,10,20,0,30,0
2021,10,20,0,40,0
2021,10,20,0,50,0
2021,10,20,1,0,0
2021,10,20,1,10,0
2021,10,20,1,20,0
2021,10,20,1,30,0
2021,10,20,1,40,0
2021,10,20,1,50,0
2021,10,20,2,0,0
2021,10,20,2,10,0
2021,10,20,2,20,0
2021,10,20,2,30,0
2021,10,20,2,40,0
2021,10,20,2,50,0
2021,10,20,3,0,0
2021,10,20,3,10,0
2021,10,20,3,20,0
2021,10,20,3,30,0
2021,10,20,3,40,0
2021,10,20,3,50,0
2021,10,20,4,0,0
2021,10,20,4,10,0
2021,10,20,4,20,0
2021,10,20,4,30,0
2021,10,20,4,40,0
2021,10,20,4,50,0
2021,10,20,5,0,0
2021,10,20,5,10,0
2021,10,20,5,20,0
2021,10,20,5,30,0
2021,10,20,5,40,0
2021,10,20,5,50,0
2021,10,20,6,0,0
2021,10,20,6,10,0
2021,10,20,6,20,0
2021,10,20,6,30,0
2021,10,20,6,40,0
2021,10,20,6,50,0
2021,10,20,7,0,0
2021,10,20,7,10,0
2021,10,20,7,20,0
2021,10,20,7,30,0
2021,10,20,7,40,0
2021,10,20,7,50,0
2021,10,20,8,0,0
2021,10,20,8,10,0
2021,10,20,8,20,0
2021,10,20,8,30,0
2021,10,20,8,40,0
2021,10,20,8,50,0
2021,10,20,9,0,0
2021,10,20,9,10,0
2021,10,20,9,20,0
2021,10,20,9,30,0
2021,10,20,9,40,0
2021,10,20,9,50,0
2021,10,20,10,0,34
2021,10,20,10,10,69
2021,10,20,10,20,109
2021,10,20,10,30,152
2021,10,20,10,40,105
2021,10,20,10,50,243
2021,10,20,11,0,290
2021,10,20,11,10,337
2021,10,20,11,20,383
2021,10,20,11,30,430
2021,10,20,11,40,476
2021,10,20,11,50,522
2021,10,20,12,0,567
2021,10,20,12,10,611
2021,10,20,12,20,654
2021,10,20,12,30,696
2021,10,20,12,40,737
2021,10,20,12,50,777
2021,10,20,13,0,815
2021,10,20,13,10,852
2021,10,20,13,20,887
2021,10,20,13,30,921
2021,10,20,13,40,953
2021,10,20,13,50,983
2021,10,20,14,0,1011
2021,10,20,14,10,1038
2021,10,20,14,20,1062
2021,10,20,14,30,1085
2021,10,20,14,40,1106
2021,10,20,14,50,1124
2021,10,20,15,0,1140
2021,10,20,15,10,1154
2021,10,20,15,20,1166
2021,10,20,15,30,1176
2021,10,20,15,40,1183
2021,10,20,15,50,1188
2021,10,20,16,0,1191
2021,10,20,16,10,1191
2021,10,20,16,20,1189
2021,10,20,16,30,1185
2021,10,20,16,40,1179
2021,10,20,16,50,1171
2021,10,20,17,0,1160
2021,10,20,17,10,1147
2021,10,20,17,20,1131
2021,10,20,17,30,1114
2021,10,20,17,40,1094
2021,10,20,17,50,1073
2021,10,20,18,0,1049
2021,10,20,18,10,1024
2021,10,20,18,20,996
2021,10,20,18,30,955
2021,10,20,18,40,924
2021,10,20,18,50,891
2021,10,20,19,0,857
2021,10,20,19,10,821
2021,10,20,19,20,783
2021,10,20,19,30,737
2021,10,20,19,40,698
2021,10,20,19,50,657
2021,10,20,20,0,615
2021,10,20,20,10,572
2021,10,20,20,20,528
2021,10,20,20,30,483
2021,10,20,20,40,433
2021,10,20,20,50,388
2021,10,20,21,0,342
2021,10,20,21,10,297
2021,10,20,21,20,251
2021,10,20,21,30,206
2021,10,20,21,40,163
2021,10,20,21,50,120
2021,10,20,22,0,80
2021,10,20,22,10,45
2021,10,20,22,20,17
2021,10,20,22,30,0
2021,10,20,22,40,0
2021,10,20,22,50,0
2021,10,20,23,0,0
2021,10,20,23,10,0
2021,10,20,23,20,0
2021,10,20,23,30,0
2021,10,20,23,40,0
2021,10,20,23,50,0
2021,10,21,0,0,0
2021,10,21,0,10,0
2021,10,21,0,20,0
2021,10,21,0,30,0
2021,10,21,0,40,0
2021,10,21,0,50,0
2021,10,21,1,0,0
2021,10,21,1,10,0
2021,10,21,1,20,0
2021,10,21,1,30,0
2021,10,21,1,40,0
2021,10,21,1,50,0
2021,10,21,2,0,0
2021,10,21,2,10,0
2021,10,21,2,20,0
2021,10,21,2,30,0
2021,10,21,2,40,0
2021,10,21,2,50,0
2021,10,21,3,0,0
2021,10,21,3,10,0
2021,10,21,3,20,0
2021,10,21,3,30,0
2021,10,21,3,40,0
2021,10,21,3,50,0
2021,10,21,4,0,0
2021,10,21,4,10,0
2021,10,21,4,20,0
2021,10,21,4,30,0
2021,10,21,4,40,0
2021,10,21,4,50,0
2021,10,21,5,0,0
2021,10,21,5,10,0
2021,10,21,5,20,0
2021,10,21,5,30,0
2021,10,21,5,40,0
2021,10,21,5,50,0
2021,10,21,6,0,0
2021,10,21,6,10,0
2021,10,21,6,20,0
2021,10,21,6,30,0
2021,10,21,6,40,0
2021,10,21,6,50,0
2021,10,21,7,0,0
2021,10,21,7,10,0
2021,10,21,7,20,0
2021,10,21,7,30,0
2021,10,21,7,40,0
2021,10,21,7,50,0
2021,10,21,8,0,0
2021,10,21,8,10,0
2021,10,21,8,20,0
2021,10,21,8,30,0
2021,10,21,8,40,0
2021,10,21,8,50,0
2021,10,21,9,0,0
2021,10,21,9,10,0
2021,10,21,9,20,0
2021,10,21,9,30,0
2021,10,21,9,40,0
2021,10,21,9,50,0
2021,10,21,10,0,37
2021,10,21,10,10,59
2021,10,21,10,20,86
2021,10,21,10,30,74
2021,10,21,10,40,200
2021,10,21,10,50,246
2021,10,21,11,0,293
2021,10,21,11,10,340
2021,10,21,11,20,387
2021,10,21,11,30,433
2021,10,21,11,40,479
2021,10,21,11,50,525
2021,10,21,12,0,570
2021,10,21,12,10,614
2021,10,21,12,20,657
2021,10,21,12,30,699
2021,10,21,12,40,740
2021,10,21,12,50,780
2021,10,21,13,0,818
2021,10,21,13,10,855
2021,10,21,13,20,890
2021,10,21,13,30,924
2021,10,21,13,40,956
2021,10,21,13,50,986
2021,10,21,14,0,1014
2021,10,21,14,10,1041
2021,10,21,14,20,1065
2021,10,21,14,30,1088
2021,10,21,14,40,1107
2021,10,21,14,50,1126
2021,10,21,15,0,1142
2021,10,21,15,10,1156
2021,10,21,15,20,1168
2021,10,21,15,30,1177
2021,10,21,15,40,1184
2021,10,21,15,50,1189
2021,10,21,16,0,1192
2021,10,21,16,10,1192
2021,10,21,16,20,1191
2021,10,21,16,30,1186
2021,10,21,16,40,1180
2021,10,21,16,50,1171
2021,10,21,17,0,1160
2021,10,21,17,10,1147
2021,10,21,17,20,1119
2021,10,21,17,30,1102
2021,10,21,17,40,1083
2021,10,21,17,50,1061
2021,10,21,18,0,1038
2021,10,21,18,10,1013
2021,10,21,18,20,985
2021,10,21,18,30,948
2021,10,21,18,40,917
2021,10,21,18,50,885
2021,10,21,19,0,850
2021,10,21,19,10,815
2021,10,21,19,20,772
2021,10,21,19,30,691
2021,10,21,19,40,632
2021,10,21,19,50,603
2021,10,21,20,0,560
2021,10,21,20,10,504
2021,10,21,20,20,440
2021,10,21,20,30,476
2021,10,21,20,40,431
2021,10,21,20,50,385
2021,10,21,21,0,305
2021,10,21,21,10,246
2021,10,21,21,20,182
2021,10,21,21,30,156
2021,10,21,21,40,113
2021,10,21,21,50,96
2021,10,21,22,0,58
2021,10,21,22,10,44
2021,10,21,22,20,10
2021,10,21,22,30,0
2021,10,21,22,40,0
2021,10,21,22,50,0
2021,10,21,23,0,0
2021,10,21,23,10,0
2021,10,21,23,20,0
2021,10,21,23,30,0
2021,10,21,23,40,0
2021,10,21,23,50,0
2021,10,22,0,0,0
2021,10,22,0,10,0
2021,10,22,0,20,0
2021,10,22,0,30,0
2021,10,22,0,40,0
2021,10,22,0,50,0
2021,10,22,1,0,0
2021,10,22,1,10,0
2021,10,22,1,20,0
2021,10,22,1,30,0
2021,10,22,1,40,0
2021,10,22,1,50,0
2021,10,22,2,0,0
2021,10,22,2,10,0
2021,10,22,2,20,0
2021,10,22,2,30,0
2021,10,22,2,40,0
2021,10,22,2,50,0
2021,10,22,3,0,0
2021,10,22,3,10,0
2021,10,22,3,20,0
2021,10,22,3,30,0
2021,10,22,3,40,0
2021,10,22,3,50,0
2021,10,22,4,0,0
2021,10,22,4,10,0
2021,10,22,4,20,0
2021,10,22,4,30,0
2021,10,22,4,40,0
2021,10,22,4,50,0
2021,10,22,5,0,0
2021,10,22,5,10,0
2021,10,22,5,20,0
2021,10,22,5,30,0
2021,10,22,5,40,0
2021,10,22,5,50,0
2021,10,22,6,0,0
2021,10,22,6,10,0
2021,10,22,6,20,0
2021,10,22,6,30,0
2021,10,22,6,40,0
2021,10,22,6,50,0
2021,10,22,7,0,0
2021,10,22,7,10,0
2021,10,22,7,20,0
2021,10,22,7,30,0
2021,10,22,7,40,0
2021,10,22,7,50,0
2021,10,22,8,0,0
2021,10,22,8,10,0
2021,10,22,8,20,0
2021,10,22,8,30,0
2021,10,22,8,40,0
2021,10,22,8,50,0
2021,10,22,9,0,0
2021,10,22,9,10,0
2021,10,22,9,20,0
2021,10,22,9,30,0
2021,10,22,9,40,0
2021,10,22,9,50,0
2021,10,22,10,0,39
2021,10,22,10,10,75
2021,10,22,10,20,55
2021,10,22,10,30,159
2021,10,22,10,40,204
2021,10,22,10,50,250
2021,10,22,11,0,297
2021,10,22,11,10,344
2021,10,22,11,20,390
2021,10,22,11,30,437
2021,10,22,11,40,483
2021,10,22,11,50,529
2021,10,22,12,0,574
2021,10,22,12,10,618
2021,10,22,12,20,661
2021,10,22,12,30,703
2021,10,22,12,40,734
2021,10,22,12,50,773
2021,10,22,13,0,811
2021,10,22,13,10,848
2021,10,22,13,20,882
2021,10,22,13,30,916
2021,10,22,13,40,947
2021,10,22,13,50,977
2021,10,22,14,0,1005
2021,10,22,14,10,1031
2021,10,22,14,20,1055
2021,10,22,14,30,1077
2021,10,22,14,40,1098
2021,10,22,14,50,1116
2021,10,22,15,0,1132
2021,10,22,15,10,1146
2021,10,22,15,20,1157
2021,10,22,15,30,1167
2021,10,22,15,40,1174
2021,10,22,15,50,1179
2021,10,22,16,0,1181
2021,10,22,16,10,1182
2021,10,22,16,20,1180
2021,10,22,16,30,1166
2021,10,22,16,40,1160
2021,10,22,16,50,1151
2021,10,22,17,0,1140
2021,10,22,17,10,1128
2021,10,22,17,20,1112
2021,10,22,17,30,1095
2021,10,22,17,40,1075
2021,10,22,17,50,1053
2021,10,22,18,0,876
2021,10,22,18,10,726
2021,10,22,18,20,819
2021,10,22,18,30,676
2021,10,22,18,40,596
2021,10,22,18,50,234
2021,10,22,19,0,271
2021,10,22,19,10,41
2021,10,22,19,20,430
2021,10,22,19,30,51
2021,10,22,19,40,537
2021,10,22,19,50,366
2021,10,22,20,0,245
2021,10,22,20,10,481
2021,10,22,20,20,138
2021,10,22,20,30,73
2021,10,22,20,40,66
2021,10,22,20,50,249
2021,10,22,21,0,282
2021,10,22,21,10,243
2021,10,22,21,20,249
2021,10,22,21,30,205
2021,10,22,21,40,161
2021,10,22,21,50,119
2021,10,22,22,0,80
2021,10,22,22,10,45
2021,10,22,22,20,18
2021,10,22,22,30,0
2021,10,22,22,40,0
2021,10,22,22,50,0
2021,10,22,23,0,0
2021,10,22,23,10,0
2021,10,22,23,20,0
2021,10,22,23,30,0
2021,10,22,23,40,0
2021,10,22,23,50,0
2021,10,23,0,0,0
2021,10,23,0,10,0
2021,10,23,0,20,0
2021,10,23,0,30,0
2021,10,23,0,40,0
2021,10,23,0,50,0
2021,10,23,1,0,0
2021,10,23,1,10,0
2021,10,23,1,20,0
2021,10,23,1,30,0
2021,10,23,1,40,0
2021,10,23,1,50,0
2021,10,23,2,0,0
2021,10,23,2,10,0
2021,10,23,2,20,0
2021,10,23,2,30,0
2021,10,23,2,40,0
2021,10,23,2,50,0
2021,10,23,3,0,0
2021,10,23,3,10,0
2021,10,23,3,20,0
2021,10,23,3,30,0
2021,10,23,3,40,0
2021,10,23,3,50,0
2021,10,23,4,0,0
2021,10,23,4,10,0
2021,10,23,4,20,0
2021,10,23,4,30,0
2021,10,23,4,40,0
2021,10,23,4,50,0
2021,10,23,5,0,0
2021,10,23,5,10,0
2021,10,23,5,20,0
2021,10,23,5,30,0
2021,10,23,5,40,0
2021,10,23,5,50,0
2021,10,23,6,0,0
2021,10,23,6,10,0
2021,10,23,6,20,0
2021,10,23,6,30,0
2021,10,23,6,40,0
2021,10,23,6,50,0
2021,10,23,7,0,0
2021,10,23,7,10,0
2021,10,23,7,20,0
2021,10,23,7,30,0
2021,10,23,7,40,0
2021,10,23,7,50,0
2021,10,23,8,0,0
2021,10,23,8,10,0
2021,10,23,8,20,0
2021,10,23,8,30,0
2021,10,23,8,40,0
2021,10,23,8,50,0
2021,10,23,9,0,0
2021,10,23,9,10,0
2021,10,23,9,20,0
2021,10,23,9,30,0
2021,10,23,9,40,0
2021,10,23,9,50,0
2021,10,23,10,0,40
2021,10,23,10,10,76
2021,10,23,10,20,116
2021,10,23,10,30,159
2021,10,23,10,40,103
2021,10,23,10,50,249
2021,10,23,11,0,295
2021,10,23,11,10,341
2021,10,23,11,20,388
2021,10,23,11,30,434
2021,10,23,11,40,479
2021,10,23,11,50,524
2021,10,23,12,0,569
2021,10,23,12,10,613
2021,10,23,12,20,655
2021,10,23,12,30,697
2021,10,23,12,40,737
2021,10,23,12,50,776
2021,10,23,13,0,814
2021,10,23,13,10,851
2021,10,23,13,20,877
2021,10,23,13,30,910
2021,10,23,13,40,942
2021,10,23,13,50,971
2021,10,23,14,0,999
2021,10,23,14,10,1025
2021,10,23,14,20,1049
2021,10,23,14,30,1071
2021,10,23,14,40,1092
2021,10,23,14,50,1110
2021,10,23,15,0,1125
2021,10,23,15,10,1139
2021,10,23,15,20,1151
2021,10,23,15,30,1160
2021,10,23,15,40,1167
2021,10,23,15,50,1172
2021,10,23,16,0,1174
2021,10,23,16,10,1175
2021,10,23,16,20,1173
2021,10,23,16,30,1169
2021,10,23,16,40,1162
2021,10,23,16,50,1154
2021,10,23,17,0,1143
2021,10,23,17,10,1130
2021,10,23,17,20,1044
2021,10,23,17,30,1097
2021,10,23,17,40,1077
2021,10,23,17,50,940
2021,10,23,18,0,1032
2021,10,23,18,10,1007
2021,10,23,18,20,980
2021,10,23,18,30,951
2021,10,23,18,40,920
2021,10,23,18,50,887
2021,10,23,19,0,853
2021,10,23,19,10,817
2021,10,23,19,20,780
2021,10,23,19,30,742
2021,10,23,19,40,701
2021,10,23,19,50,660
2021,10,23,20,0,618
2021,10,23,20,10,575
2021,10,23,20,20,531
2021,10,23,20,30,486
2021,10,23,20,40,440
2021,10,23,20,50,394
2021,10,23,21,0,348
2021,10,23,21,10,302
2021,10,23,21,20,256
2021,10,23,21,30,211
2021,10,23,21,40,163
2021,10,23,21,50,121
2021,10,23,22,0,82
2021,10,23,22,10,47
2021,10,23,22,20,19
2021,10,23,22,30,0
2021,10,23,22,40,0
2021,10,23,22,50,0
2021,10,23,23,0,0
2021,10,23,23,10,0
2021,10,23,23,20,0
2021,10,23,23,30,0
2021,10,23,23,40,0
2021,10,23,23,50,0
2021,10,24,0,0,0
2021,10,24,0,10,0
2021,10,24,0,20,0
2021,10,24,0,30,0
2021,10,24,0,40,0
2021,10,24,0,50,0
2021,10,24,1,0,0
2021,10,24,1,10,0
2021,10,24,1,20,0
2021,10,24,1,30,0
2021,10,24,1,40,0
2021,10,24,1,50,0
2021,10,24,2,0,0
2021,10,24,2,10,0
2021,10,24,2,20,0
2021,10,24,2,30,0
2021,10,24,2,40,0
2021,10,24,2,50,0
2021,10,24,3,0,0
2021,10,24,3,10,0
2021,10,24,3,20,0
2021,10,24,3,30,0
2021,10,24,3,40,0
2021,10,24,3,50,0
2021,10,24,4,0,0
2021,10,24,4,10,0
2021,10,24,4,20,0
2021,10,24,4,30,0
2021,10,24,4,40,0
2021,10,24,4,50,0
2021,10,24,5,0,0
2021,10,24,5,10,0
2021,10,24,5,20,0
2021,10,24,5,30,0
2021,10,24,5,40,0
2021,10,24,5,50,0
2021,10,24,6,0,0
2021,10,24,6,10,0
2021,10,24,6,20,0
2021,10,24,6,30,0
2021,10,24,6,40,0
2021,10,24,6,50,0
2021,10,24,7,0,0
2021,10,24,7,10,0
2021,10,24,7,20,0
2021,10,24,7,30,0
2021,10,24,7,40,0
2021,10,24,7,50,0
2021,10,24,8,0,0
2021,10,24,8,10,0
2021,10,24,8,20,0
2021,10,24,8,30,0
2021,10,24,8,40,0
2021,10,24,8,50,0
2021,10,24,9,0,0
2021,10,24,9,10,0
2021,10,24,9,20,0
2021,10,24,9,30,0
2021,10,24,9,40,0
2021,10,24,9,50,0
2021,10,24,10,0,34
2021,10,24,10,10,64
2021,10,24,10,20,100
2021,10,24,10,30,139
2021,10,24,10,40,181
2021,10,24,10,50,222
2021,10,24,11,0,266
2021,10,24,11,10,311
2021,10,24,11,20,356
2021,10,24,11,30,400
2021,10,24,11,40,446
2021,10,24,11,50,489
2021,10,24,12,0,533
2021,10,24,12,10,576
2021,10,24,12,20,618
2021,10,24,12,30,659
2021,10,24,12,40,699
2021,10,24,12,50,734
2021,10,24,13,0,771
2021,10,24,13,10,807
2021,10,24,13,20,841
2021,10,24,13,30,874
2021,10,24,13,40,907
2021,10,24,13,50,937
2021,10,24,14,0,965
2021,10,24,14,10,990
2021,10,24,14,20,1013
2021,10,24,14,30,1041
2021,10,24,14,40,1066
2021,10,24,14,50,1084
2021,10,24,15,0,1100
2021,10,24,15,10,1113
2021,10,24,15,20,1125
2021,10,24,15,30,1128
2021,10,24,15,40,1134
2021,10,24,15,50,1139
2021,10,24,16,0,1142
2021,10,24,16,10,1142
2021,10,24,16,20,1140
2021,10,24,16,30,1136
2021,10,24,16,40,1127
2021,10,24,16,50,1119
2021,10,24,17,0,1109
2021,10,24,17,10,1096
2021,10,24,17,20,1081
2021,10,24,17,30,1064
2021,10,24,17,40,1048
2021,10,24,17,50,1022
2021,10,24,18,0,998
2021,10,24,18,10,973
2021,10,24,18,20,946
2021,10,24,18,30,918
2021,10,24,18,40,881
2021,10,24,18,50,849
2021,10,24,19,0,815
2021,10,24,19,10,780
2021,10,24,19,20,743
2021,10,24,19,30,703
2021,10,24,19,40,662
2021,10,24,19,50,622
2021,10,24,20,0,580
2021,10,24,20,10,539
2021,10,24,20,20,496
2021,10,24,20,30,453
2021,10,24,20,40,407
2021,10,24,20,50,363
2021,10,24,21,0,319
2021,10,24,21,10,275
2021,10,24,21,20,231
2021,10,24,21,30,189
2021,10,24,21,40,149
2021,10,24,21,50,110
2021,10,24,22,0,73
2021,10,24,22,10,42
2021,10,24,22,20,18
2021,10,24,22,30,0
2021,10,24,22,40,0
2021,10,24,22,50,0
2021,10,24,23,0,0
2021,10,24,23,10,0
2021,10,24,23,20,0
2021,10,24,23,30,0
2021,10,24,23,40,0
2021,10,24,23,50,0
2021,10,25,0,0,0
2021,10,25,0,10,0
2021,10,25,0,20,0
2021,10,25,0,30,0
2021,10,25,0,40,0
2021,10,25,0,50,0
2021,10,25,1,0,0
2021,10,25,1,10,0
2021,10,25,1,20,0
2021,10,25,1,30,0
2021,10,25,1,40,0
2021,10,25,1,50,0
2021,10,25,2,0,0
2021,10,25,2,10,0
2021,10,25,2,20,0
2021,10,25,2,30,0
2021,10,25,2,40,0
2021,10,25,2,50,0
2021,10,25,3,0,0
2021,10,25,3,10,0
2021,10,25,3,20,0
2021,10,25,3,30,0
2021,10,25,3,40,0
2021,10,25,3,50,0
2021,10,25,4,0,0
2021,10,25,4,10,0
2021,10,25,4,20,0
2021,10,25,4,30,0
2021,10,25,4,40,0
2021,10,25,4,50,0
2021,10,25,5,0,0
2021,10,25,5,10,0
2021,10,25,5,20,0
2021,10,25,5,30,0
2021,10,25,5,40,0
2021,10,25,5,50,0
2021,10,25,6,0,0
2021,10,25,6,10,0
2021,10,25,6,20,0
2021,10,25,6,30,0
2021,10,25,6,40,0
2021,10,25,6,50,0
2021,10,25,7,0,0
2021,10,25,7,10,0
2021,10,25,7,20,0
2021,10,25,7,30,0
2021,10,25,7,40,0
2021,10,25,7,50,0
2021,10,25,8,0,0
2021,10,25,8,10,0
2021,10,25,8,20,0
2021,10,25,8,30,0
2021,10,25,8,40,0
2021,10,25,8,50,0
2021,10,25,9,0,0
2021,10,25,9,10,0
2021,10,25,9,20,0
2021,10,25,9,30,0
2021,10,25,9,40,0
2021,10,25,9,50,15
2021,10,25,10,0,40
2021,10,25,10,10,73
2021,10,25,10,20,111
2021,10,25,10,30,152
2021,10,25,10,40,196
2021,10,25,10,50,240
2021,10,25,11,0,285
2021,10,25,11,10,330
2021,10,25,11,20,376
2021,10,25,11,30,420
2021,10,25,11,40,466
2021,10,25,11,50,510
2021,10,25,12,0,554
2021,10,25,12,10,597
2021,10,25,12,20,639
2021,10,25,12,30,680
2021,10,25,12,40,720
2021,10,25,12,50,759
2021,10,25,13,0,796
2021,10,25,13,10,832
2021,10,25,13,20,866
2021,10,25,13,30,899
2021,10,25,13,40,931
2021,10,25,13,50,966
2021,10,25,14,0,994
2021,10,25,14,10,1019
2021,10,25,14,20,1043
2021,10,25,14,30,1065
2021,10,25,14,40,1086
2021,10,25,14,50,1104
2021,10,25,15,0,1120
2021,10,25,15,10,1133
2021,10,25,15,20,1145
2021,10,25,15,30,1154
2021,10,25,15,40,1161
2021,10,25,15,50,1166
2021,10,25,16,0,1168
2021,10,25,16,10,1169
2021,10,25,16,20,1167
2021,10,25,16,30,1163
2021,10,25,16,40,1156
2021,10,25,16,50,1147
2021,10,25,17,0,1137
2021,10,25,17,10,1124
2021,10,25,17,20,1109
2021,10,25,17,30,1091
2021,10,25,17,40,1072
2021,10,25,17,50,1051
2021,10,25,18,0,1027
2021,10,25,18,10,1002
2021,10,25,18,20,975
2021,10,25,18,30,946
2021,10,25,18,40,915
2021,10,25,18,50,883
2021,10,25,19,0,849
2021,10,25,19,10,813
2021,10,25,19,20,776
2021,10,25,19,30,602
2021,10,25,19,40,698
2021,10,25,19,50,657
2021,10,25,20,0,616
2021,10,25,20,10,573
2021,10,25,20,20,529
2021,10,25,20,30,485
2021,10,25,20,40,439
2021,10,25,20,50,390
2021,10,25,21,0,345
2021,10,25,21,10,300
2021,10,25,21,20,255
2021,10,25,21,30,210
2021,10,25,21,40,166
2021,10,25,21,50,124
2021,10,25,22,0,84
2021,10,25,22,10,49
2021,10,25,22,20,21
2021,10,25,22,30,0
2021,10,25,22,40,0
2021,10,25,22,50,0
2021,10,25,23,0,0
2021,10,25,23,10,0
2021,10,25,23,20,0
2021,10,25,23,30,0
2021,10,25,23,40,0
2021,10,25,23,50,0
2021,10,26,0,0,0
2021,10,26,0,10,0
2021,10,26,0,20,0
2021,10,26,0,30,0
2021,10,26,0,40,0
2021,10,26,0,50,0
2021,10,26,1,0,0
2021,10,26,1,10,0
2021,10,26,1,20,0
2021,10,26,1,30,0
2021,10,26,1,40,0
2021,10,26,1,50,0
2021,10,26,2,0,0
2021,10,26,2,10,0
2021,10,26,2,20,0
2021,10,26,2,30,0
2021,10,26,2,40,0
2021,10,26,2,50,0
2021,10,26,3,0,0
2021,10,26,3,10,0
2021,10,26,3,20,0
2021,10,26,3,30,0
2021,10,26,3,40,0
2021,10,26,3,50,0
2021,10,26,4,0,0
2021,10,26,4,10,0
2021,10,26,4,20,0
2021,10,26,4,30,0
2021,10,26,4,40,0
2021,10,26,4,50,0
2021,10,26,5,0,0
2021,10,26,5,10,0
2021,10,26,5,20,0
2021,10,26,5,30,0
2021,10,26,5,40,0
2021,10,26,5,50,0
2021,10,26,6,0,0
2021,10,26,6,10,0
2021,10,26,6,20,0
2021,10,26,6,30,0
2021,10,26,6,40,0
2021,10,26,6,50,0
2021,10,26,7,0,0
2021,10,26,7,10,0
2021,10,26,7,20,0
2021,10,26,7,30,0
2021,10,26,7,40,0
2021,10,26,7,50,0
2021,10,26,8,0,0
2021,10,26,8,10,0
2021,10,26,8,20,0
2021,10,26,8,30,0
2021,10,26,8,40,0
2021,10,26,8,50,0
2021,10,26,9,0,0
2021,10,26,9,10,0
2021,10,26,9,20,0
2021,10,26,9,30,0
2021,10,26,9,40,0
2021,10,26,9,50,17
2021,10,26,10,0,45
2021,10,26,10,10,81
2021,10,26,10,20,121
2021,10,26,10,30,91
2021,10,26,10,40,129
2021,10,26,10,50,255
2021,10,26,11,0,301
2021,10,26,11,10,347
2021,10,26,11,20,393
2021,10,26,11,30,439
2021,10,26,11,40,486
2021,10,26,11,50,531
2021,10,26,12,0,575
2021,10,26,12,10,619
2021,10,26,12,20,661
2021,10,26,12,30,703
2021,10,26,12,40,743
2021,10,26,12,50,782
2021,10,26,13,0,820
2021,10,26,13,10,856
2021,10,26,13,20,891
2021,10,26,13,30,924
2021,10,26,13,40,956
2021,10,26,13,50,985
2021,10,26,14,0,1013
2021,10,26,14,10,1039
2021,10,26,14,20,1063
2021,10,26,14,30,1085
2021,10,26,14,40,1105
2021,10,26,14,50,1123
2021,10,26,15,0,1139
2021,10,26,15,10,1153
2021,10,26,15,20,1164
2021,10,26,15,30,1173
2021,10,26,15,40,1181
2021,10,26,15,50,1185
2021,10,26,16,0,1188
2021,10,26,16,10,1188
2021,10,26,16,20,1186
2021,10,26,16,30,1182
2021,10,26,16,40,1176
2021,10,26,16,50,1167
2021,10,26,17,0,1156
2021,10,26,17,10,1143
2021,10,26,17,20,1128
2021,10,26,17,30,1110
2021,10,26,17,40,1081
2021,10,26,17,50,1059
2021,10,26,18,0,1036
2021,10,26,18,10,1010
2021,10,26,18,20,983
2021,10,26,18,30,954
2021,10,26,18,40,922
2021,10,26,18,50,890
2021,10,26,19,0,855
2021,10,26,19,10,820
2021,10,26,19,20,783
2021,10,26,19,30,744
2021,10,26,19,40,697
2021,10,26,19,50,656
2021,10,26,20,0,615
2021,10,26,20,10,572
2021,10,26,20,20,528
2021,10,26,20,30,484
2021,10,26,20,40,437
2021,10,26,20,50,392
2021,10,26,21,0,347
2021,10,26,21,10,301
2021,10,26,21,20,228
2021,10,26,21,30,209
2021,10,26,21,40,147
2021,10,26,21,50,123
2021,10,26,22,0,84
2021,10,26,22,10,49
2021,10,26,22,20,14
2021,10,26,22,30,0
2021,10,26,22,40,0
2021,10,26,22,50,0
2021,10,26,23,0,0
2021,10,26,23,10,0
2021,10,26,23,20,0
2021,10,26,23,30,0
2021,10,26,23,40,0
2021,10,26,23,50,0
2021,10,27,0,0,0
2021,10,27,0,10,0
2021,10,27,0,20,0
2021,10,27,0,30,0
2021,10,27,0,40,0
2021,10,27,0,50,0
2021,10,27,1,0,0
2021,10,27,1,10,0
2021,10,27,1,20,0
2021,10,27,1,30,0
2021,10,27,1,40,0
2021,10,27,1,50,0
2021,10,27,2,0,0
2021,10,27,2,10,0
2021,10,27,2,20,0
2021,10,27,2,30,0
2021,10,27,2,40,0
2021,10,27,2,50,0
2021,10,27,3,0,0
2021,10,27,3,10,0
2021,10,27,3,20,0
2021,10,27,3,30,0
2021,10,27,3,40,0
2021,10,27,3,50,0
2021,10,27,4,0,0
2021,10,27,4,10,0
2021,10,27,4,20,0
2021,10,27,4,30,0
2021,10,27,4,40,0
2021,10,27,4,50,0
2021,10,27,5,0,0
2021,10,27,5,10,0
2021,10,27,5,20,0
2021,10,27,5,30,0
2021,10,27,5,40,0
2021,10,27,5,50,0
2021,10,27,6,0,0
2021,10,27,6,10,0
2021,10,27,6,20,0
2021,10,27,6,30,0
2021,10,27,6,40,0
2021,10,27,6,50,0
2021,10,27,7,0,0
2021,10,27,7,10,0
2021,10,27,7,20,0
2021,10,27,7,30,0
2021,10,27,7,40,0
2021,10,27,7,50,0
2021,10,27,8,0,0
2021,10,27,8,10,0
2021,10,27,8,20,0
2021,10,27,8,30,0
2021,10,27,8,40,0
2021,10,27,8,50,0
2021,10,27,9,0,0
2021,10,27,9,10,0
2021,10,27,9,20,0
2021,10,27,9,30,0
2021,10,27,9,40,0
2021,10,27,9,50,16
2021,10,27,10,0,40
2021,10,27,10,10,72
2021,10,27,10,20,108
2021,10,27,10,30,148
2021,10,27,10,40,193
2021,10,27,10,50,237
2021,10,27,11,0,281
2021,10,27,11,10,326
2021,10,27,11,20,371
2021,10,27,11,30,415
2021,10,27,11,40,465
2021,10,27,11,50,508
2021,10,27,12,0,552
2021,10,27,12,10,594
2021,10,27,12,20,636
2021,10,27,12,30,677
2021,10,27,12,40,718
2021,10,27,12,50,756
2021,10,27,13,0,793
2021,10,27,13,10,829
2021,10,27,13,20,863
2021,10,27,13,30,895
2021,10,27,13,40,926
2021,10,27,13,50,956
2021,10,27,14,0,983
2021,10,27,14,10,1009
2021,10,27,14,20,1032
2021,10,27,14,30,1054
2021,10,27,14,40,1072
2021,10,27,14,50,1090
2021,10,27,15,0,1106
2021,10,27,15,10,1119
2021,10,27,15,20,1131
2021,10,27,15,30,1140
2021,10,27,15,40,1143
2021,10,27,15,50,1148
2021,10,27,16,0,1151
2021,10,27,16,10,1151
2021,10,27,16,20,1144
2021,10,27,16,30,1141
2021,10,27,16,40,1089
2021,10,27,16,50,841
2021,10,27,17,0,337
2021,10,27,17,10,286
2021,10,27,17,20,190
2021,10,27,17,30,89
2021,10,27,17,40,421
2021,10,27,17,50,110
2021,10,27,18,0,194
2021,10,27,18,10,244
2021,10,27,18,20,505
2021,10,27,18,30,483
2021,10,27,18,40,887
2021,10,27,18,50,855
2021,10,27,19,0,663
2021,10,27,19,10,663
2021,10,27,19,20,363
2021,10,27,19,30,514
2021,10,27,19,40,580
2021,10,27,19,50,629
2021,10,27,20,0,588
2021,10,27,20,10,546
2021,10,27,20,20,503
2021,10,27,20,30,460
2021,10,27,20,40,420
2021,10,27,20,50,376
2021,10,27,21,0,331
2021,10,27,21,10,287
2021,10,27,21,20,243
2021,10,27,21,30,200
2021,10,27,21,40,159
2021,10,27,21,50,119
2021,10,27,22,0,81
2021,10,27,22,10,47
2021,10,27,22,20,21
2021,10,27,22,30,0
2021,10,27,22,40,0
2021,10,27,22,50,0
2021,10,27,23,0,0
2021,10,27,23,10,0
2021,10,27,23,20,0
2021,10,27,23,30,0
2021,10,27,23,40,0
2021,10,27,23,50,0
2021,10,28,0,0,0
2021,10,28,0,10,0
2021,10,28,0,20,0
2021,10,28,0,30,0
2021,10,28,0,40,0
2021,10,28,0,50,0
2021,10,28,1,0,0
2021,10,28,1,10,0
2021,10,28,1,20,0
2021,10,28,1,30,0
2021,10,28,1,40,0
2021,10,28,1,50,0
2021,10,28,2,0,0
2021,10,28,2,10,0
2021,10,28,2,20,0
2021,10,28,2,30,0
2021,10,28,2,40,0
2021,10,28,2,50,0
2021,10,28,3,0,0
2021,10,28,3,10,0
2021,10,28,3,20,0
2021,10,28,3,30,0
2021,10,28,3,40,0
2021,10,28,3,50,0
2021,10,28,4,0,0
2021,10,28,4,10,0
2021,10,28,4,20,0
2021,10,28,4,30,0
2021,10,28,4,40,0
2021,10,28,4,50,0
2021,10,28,5,0,0
2021,10,28,5,10,0
2021,10,28,5,20,0
2021,10,28,5,30,0
2021,10,28,5,40,0
2021,10,28,5,50,0
2021,10,28,6,0,0
2021,10,28,6,10,0
2021,10,28,6,20,0
2021,10,28,6,30,0
2021,10,28,6,40,0
2021,10,28,6,50,0
2021,10,28,7,0,0
2021,10,28,7,10,0
2021,10,28,7,20,0
2021,10,28,7,30,0
2021,10,28,7,40,0
2021,10,28,7,50,0
2021,10,28,8,0,0
2021,10,28,8,10,0
2021,10,28,8,20,0
2021,10,28,8,30,0
2021,10,28,8,40,0
2021,10,28,8,50,0
2021,10,28,9,0,0
2021,10,28,9,10,0
2021,10,28,9,20,0
2021,10,28,9,30,0
2021,10,28,9,40,0
2021,10,28,9,50,16
2021,10,28,10,0,40
2021,10,28,10,10,50
2021,10,28,10,20,107
2021,10,28,10,30,82
2021,10,28,10,40,115
2021,10,28,10,50,233
2021,10,28,11,0,277
2021,10,28,11,10,321
2021,10,28,11,20,365
2021,10,28,11,30,410
2021,10,28,11,40,458
2021,10,28,11,50,501
2021,10,28,12,0,544
2021,10,28,12,10,586
2021,10,28,12,20,628
2021,10,28,12,30,668
2021,10,28,12,40,711
2021,10,28,12,50,749
2021,10,28,13,0,786
2021,10,28,13,10,822
2021,10,28,13,20,856
2021,10,28,13,30,888
2021,10,28,13,40,919
2021,10,28,13,50,948
2021,10,28,14,0,976
2021,10,28,14,10,1001
2021,10,28,14,20,1025
2021,10,28,14,30,1046
2021,10,28,14,40,1059
2021,10,28,14,50,1077
2021,10,28,15,0,1093
2021,10,28,15,10,1106
2021,10,28,15,20,1117
2021,10,28,15,30,1126
2021,10,28,15,40,1131
2021,10,28,15,50,1135
2021,10,28,16,0,1138
2021,10,28,16,10,1084
2021,10,28,16,20,1133
2021,10,28,16,30,1080
2021,10,28,16,40,1120
2021,10,28,16,50,1111
2021,10,28,17,0,1100
2021,10,28,17,10,1084
2021,10,28,17,20,1032
2021,10,28,17,30,1052
2021,10,28,17,40,804
2021,10,28,17,50,846
2021,10,28,18,0,807
2021,10,28,18,10,679
2021,10,28,18,20,733
2021,10,28,18,30,593
2021,10,28,18,40,758
2021,10,28,18,50,285
2021,10,28,19,0,620
2021,10,28,19,10,632
2021,10,28,19,20,592
2021,10,28,19,30,607
2021,10,28,19,40,578
2021,10,28,19,50,574
2021,10,28,20,0,501
2021,10,28,20,10,379
2021,10,28,20,20,331
2021,10,28,20,30,96
2021,10,28,20,40,40
2021,10,28,20,50,8
2021,10,28,21,0,7
2021,10,28,21,10,6
2021,10,28,21,20,11
2021,10,28,21,30,110
2021,10,28,21,40,71
2021,10,28,21,50,40
2021,10,28,22,0,50
2021,10,28,22,10,32
2021,10,28,22,20,15
2021,10,28,22,30,0
2021,10,28,22,40,0
2021,10,28,22,50,0
2021,10,28,23,0,0
2021,10,28,23,10,0
2021,10,28,23,20,0
2021,10,28,23,30,0
2021,10,28,23,40,0
2021,10,28,23,50,0
2021,10,29,0,0,0
2021,10,29,0,10,0
2021,10,29,0,20,0
2021,10,29,0,30,0
2021,10,29,0,40,0
2021,10,29,0,50,0
2021,10,29,1,0,0
2021,10,29,1,10,0
2021,10,29,1,20,0
2021,10,29,1,30,0
2021,10,29,1,40,0
2021,10,29,1,50,0
2021,10,29,2,0,0
2021,10,29,2,10,0
2021,10,29,2,20,0
2021,10,29,2,30,0
2021,10,29,2,40,0
2021,10,29,2,50,0
2021,10,29,3,0,0
2021,10,29,3,10,0
2021,10,29,3,20,0
2021,10,29,3,30,0
2021,10,29,3,40,0
2021,10,29,3,50,0
2021,10,29,4,0,0
2021,10,29,4,10,0
2021,10,29,4,20,0
2021,10,29,4,30,0
2021,10,29,4,40,0
2021,10,29,4,50,0
2021,10,29,5,0,0
2021,10,29,5,10,0
2021,10,29,5,20,0
2021,10,29,5,30,0
2021,10,29,5,40,0
2021,10,29,5,50,0
2021,10,29,6,0,0
2021,10,29,6,10,0
2021,10,29,6,20,0
2021,10,29,6,30,0
2021,10,29,6,40,0
2021,10,29,6,50,0
2021,10,29,7,0,0
2021,10,29,7,10,0
2021,10,29,7,20,0
2021,10,29,7,30,0
2021,10,29,7,40,0
2021,10,29,7,50,0
2021,10,29,8,0,0
2021,10,29,8,10,0
2021,10,29,8,20,0
2021,10,29,8,30,0
2021,10,29,8,40,0
2021,10,29,8,50,0
2021,10,29,9,0,0
2021,10,29,9,10,0
2021,10,29,9,20,0
2021,10,29,9,30,0
2021,10,29,9,40,0
2021,10,29,9,50,17
2021,10,29,10,0,41
2021,10,29,10,10,72
2021,10,29,10,20,108
2021,10,29,10,30,86
2021,10,29,10,40,121
2021,10,29,10,50,231
2021,10,29,11,0,274
2021,10,29,11,10,233
2021,10,29,11,20,258
2021,10,29,11,30,312
2021,10,29,11,40,450
2021,10,29,11,50,493
2021,10,29,12,0,535
2021,10,29,12,10,577
2021,10,29,12,20,618
2021,10,29,12,30,479
2021,10,29,12,40,507
2021,10,29,12,50,529
2021,10,29,13,0,547
2021,10,29,13,10,706
2021,10,29,13,20,842
2021,10,29,13,30,874
2021,10,29,13,40,907
2021,10,29,13,50,935
2021,10,29,14,0,962
2021,10,29,14,10,987
2021,10,29,14,20,903
2021,10,29,14,30,1032
2021,10,29,14,40,1052
2021,10,29,14,50,1028
2021,10,29,15,0,987
2021,10,29,15,10,964
2021,10,29,15,20,1106
2021,10,29,15,30,1063
2021,10,29,15,40,1122
2021,10,29,15,50,1062
2021,10,29,16,0,1011
2021,10,29,16,10,1129
2021,10,29,16,20,1127
2021,10,29,16,30,1120
2021,10,29,16,40,974
2021,10,29,16,50,1105
2021,10,29,17,0,762
2021,10,29,17,10,921
2021,10,29,17,20,955
2021,10,29,17,30,875
2021,10,29,17,40,808
2021,10,29,17,50,996
2021,10,29,18,0,973
2021,10,29,18,10,849
2021,10,29,18,20,700
2021,10,29,18,30,377
2021,10,29,18,40,742
2021,10,29,18,50,712
2021,10,29,19,0,569
2021,10,29,19,10,243
2021,10,29,19,20,571
2021,10,29,19,30,593
2021,10,29,19,40,593
2021,10,29,19,50,143
2021,10,29,20,0,15
2021,10,29,20,10,144
2021,10,29,20,20,182
2021,10,29,20,30,43
2021,10,29,20,40,9
2021,10,29,20,50,8
2021,10,29,21,0,7
2021,10,29,21,10,6
2021,10,29,21,20,162
2021,10,29,21,30,163
2021,10,29,21,40,109
2021,10,29,21,50,53
2021,10,29,22,0,45
2021,10,29,22,10,22
2021,10,29,22,20,12
2021,10,29,22,30,0
2021,10,29,22,40,0
2021,10,29,22,50,0
2021,10,29,23,0,0
2021,10,29,23,10,0
2021,10,29,23,20,0
2021,10,29,23,30,0
2021,10,29,23,40,0
2021,10,29,23,50,0
2021,10,30,0,0,0
2021,10,30,0,10,0
2021,10,30,0,20,0
2021,10,30,0,30,0
2021,10,30,0,40,0
2021,10,30,0,50,0
2021,10,30,1,0,0
2021,10,30,1,10,0
2021,10,30,1,20,0
2021,10,30,1,30,0
2021,10,30,1,40,0
2021,10,30,1,50,0
2021,10,30,2,0,0
2021,10,30,2,10,0
2021,10,30,2,20,0
2021,10,30,2,30,0
2021,10,30,2,40,0
2021,10,30,2,50,0
2021,10,30,3,0,0
2021,10,30,3,10,0
2021,10,30,3,20,0
2021,10,30,3,30,0
2021,10,30,3,40,0
2021,10,30,3,50,0
2021,10,30,4,0,0
2021,10,30,4,10,0
2021,10,30,4,20,0
2021,10,30,4,30,0
2021,10,30,4,40,0
2021,10,30,4,50,0
2021,10,30,5,0,0
2021,10,30,5,10,0
2021,10,30,5,20,0
2021,10,30,5,30,0
2021,10,30,5,40,0
2021,10,30,5,50,0
2021,10,30,6,0,0
2021,10,30,6,10,0
2021,10,30,6,20,0
2021,10,30,6,30,0
2021,10,30,6,40,0
2021,10,30,6,50,0
2021,10,30,7,0,0
2021,10,30,7,10,0
2021,10,30,7,20,0
2021,10,30,7,30,0
2021,10,30,7,40,0
2021,10,30,7,50,0
2021,10,30,8,0,0
2021,10,30,8,10,0
2021,10,30,8,20,0
2021,10,30,8,30,0
2021,10,30,8,40,0
2021,10,30,8,50,0
2021,10,30,9,0,0
2021,10,30,9,10,0
2021,10,30,9,20,0
2021,10,30,9,30,0
2021,10,30,9,40,0
2021,10,30,9,50,21
2021,10,30,10,0,49
2021,10,30,10,10,83
2021,10,30,10,20,121
2021,10,30,10,30,163
2021,10,30,10,40,211
2021,10,30,10,50,255
2021,10,30,11,0,300
2021,10,30,11,10,345
2021,10,30,11,20,391
2021,10,30,11,30,436
2021,10,30,11,40,482
2021,10,30,11,50,526
2021,10,30,12,0,570
2021,10,30,12,10,612
2021,10,30,12,20,659
2021,10,30,12,30,699
2021,10,30,12,40,740
2021,10,30,12,50,778
2021,10,30,13,0,815
2021,10,30,13,10,851
2021,10,30,13,20,885
2021,10,30,13,30,918
2021,10,30,13,40,949
2021,10,30,13,50,978
2021,10,30,14,0,1006
2021,10,30,14,10,1031
2021,10,30,14,20,1055
2021,10,30,14,30,1077
2021,10,30,14,40,1097
2021,10,30,14,50,1114
2021,10,30,15,0,1130
2021,10,30,15,10,1151
2021,10,30,15,20,1163
2021,10,30,15,30,1172
2021,10,30,15,40,1179
2021,10,30,15,50,1183
2021,10,30,16,0,1186
2021,10,30,16,10,1186
2021,10,30,16,20,1184
2021,10,30,16,30,1180
2021,10,30,16,40,1165
2021,10,30,16,50,1156
2021,10,30,17,0,1145
2021,10,30,17,10,1132
2021,10,30,17,20,1117
2021,10,30,17,30,1100
2021,10,30,17,40,1079
2021,10,30,17,50,1058
2021,10,30,18,0,1034
2021,10,30,18,10,1009
2021,10,30,18,20,982
2021,10,30,18,30,953
2021,10,30,18,40,915
2021,10,30,18,50,883
2021,10,30,19,0,849
2021,10,30,19,10,814
2021,10,30,19,20,777
2021,10,30,19,30,735
2021,10,30,19,40,693
2021,10,30,19,50,652
2021,10,30,20,0,611
2021,10,30,20,10,566
2021,10,30,20,20,523
2021,10,30,20,30,479
2021,10,30,20,40,426
2021,10,30,20,50,382
2021,10,30,21,0,338
2021,10,30,21,10,292
2021,10,30,21,20,248
2021,10,30,21,30,205
2021,10,30,21,40,158
2021,10,30,21,50,119
2021,10,30,22,0,82
2021,10,30,22,10,49
2021,10,30,22,20,18
2021,10,30,22,30,0
2021,10,30,22,40,0
2021,10,30,22,50,0
2021,10,30,23,0,0
2021,10,30,23,10,0
2021,10,30,23,20,0
2021,10,30,23,30,0
2021,10,30,23,40,0
2021,10,30,23,50,0
2021,10,31,0,0,0
2021,10,31,0,10,0
2021,10,31,0,20,0
2021,10,31,0,30,0
2021,10,31,0,40,0
2021,10,31,0,50,0
2021,10,31,1,0,0
2021,10,31,1,10,0
2021,10,31,1,20,0
2021,10,31,1,30,0
2021,10,31,1,40,0
2021,10,31,1,50,0
2021,10,31,2,0,0
2021,10,31,2,10,0
2021,10,31,2,20,0
2021,10,31,2,30,0
2021,10,31,2,40,0
2021,10,31,2,50,0
2021,10,31,3,0,0
2021,10,31,3,10,0
2021,10,31,3,20,0
2021,10,31,3,30,0
2021,10,31,3,40,0
2021,10,31,3,50,0
2021,10,31,4,0,0
2021,10,31,4,10,0
2021,10,31,4,20,0
2021,10,31,4,30,0
2021,10,31,4,40,0
2021,10,31,4,50,0
2021,10,31,5,0,0
2021,10,31,5,10,0
2021,10,31,5,20,0
2021,10,31,5,30,0
2021,10,31,5,40,0
2021,10,31,5,50,0
2021,10,31,6,0,0
2021,10,31,6,10,0
2021,10,31,6,20,0
2021,10,31,6,30,0
2021,10,31,6,40,0
2021,10,31,6,50,0
2021,10,31,7,0,0
2021,10,31,7,10,0
2021,10,31,7,20,0
2021,10,31,7,30,0
2021,10,31,7,40,0
2021,10,31,7,50,0
2021,10,31,8,0,0
2021,10,31,8,10,0
2021,10,31,8,20,0
2021,10,31,8,30,0
2021,10,31,8,40,0
2021,10,31,8,50,0
2021,10,31,9,0,0
2021,10,31,9,10,0
2021,10,31,9,20,0
2021,10,31,9,30,0
2021,10,31,9,40,0
2021,10,31,9,50,16
2021,10,31,10,0,39
2021,10,31,10,10,69
2021,10,31,10,20,102
2021,10,31,10,30,95
2021,10,31,10,40,131
2021,10,31,10,50,220
2021,10,31,11,0,262
2021,10,31,11,10,304
2021,10,31,11,20,347
2021,10,31,11,30,390
2021,10,31,11,40,433
2021,10,31,11,50,476
2021,10,31,12,0,518
2021,10,31,12,10,559
2021,10,31,12,20,600
2021,10,31,12,30,638
2021,10,31,12,40,684
2021,10,31,12,50,721
2021,10,31,13,0,758
2021,10,31,13,10,793
2021,10,31,13,20,826
2021,10,31,13,30,857
2021,10,31,13,40,894
2021,10,31,13,50,922
2021,10,31,14,0,949
2021,10,31,14,10,975
2021,10,31,14,20,998
2021,10,31,14,30,1019
2021,10,31,14,40,1038
2021,10,31,14,50,1056
2021,10,31,15,0,1071
2021,10,31,15,10,1084
2021,10,31,15,20,1095
2021,10,31,15,30,1062
2021,10,31,15,40,948
2021,10,31,15,50,1118
2021,10,31,16,0,1120
2021,10,31,16,10,1121
2021,10,31,16,20,1119
2021,10,31,16,30,1114
2021,10,31,16,40,1075
2021,10,31,16,50,1015
2021,10,31,17,0,1054
2021,10,31,17,10,291
2021,10,31,17,20,156
2021,10,31,17,30,532
2021,10,31,17,40,926
2021,10,31,17,50,878
2021,10,31,18,0,37
2021,10,31,18,10,159
2021,10,31,18,20,726
2021,10,31,18,30,204
2021,10,31,18,40,713
2021,10,31,18,50,839
2021,10,31,19,0,805
2021,10,31,19,10,771
2021,10,31,19,20,735
2021,10,31,19,30,695
2021,10,31,19,40,655
2021,10,31,19,50,615
2021,10,31,20,0,575
2021,10,31,20,10,534
2021,10,31,20,20,492
2021,10,31,20,30,449
2021,10,31,20,40,404
2021,10,31,20,50,361
2021,10,31,21,0,318
2021,10,31,21,10,275
2021,10,31,21,20,233
2021,10,31,21,30,191
2021,10,31,21,40,151
2021,10,31,21,50,113
2021,10,31,22,0,78
2021,10,31,22,10,47
2021,10,31,22,20,22
2021,10,31,22,30,0
2021,10,31,22,40,0
2021,10,31,22,50,0
2021,10,31,23,0,0
2021,10,31,23,10,0
2021,10,31,23,20,0
2021,10,31,23,30,0
2021,10,31,23,40,0
2021,10,31,23,50,0
2021,11,1,0,0,0
2021,11,1,0,10,0
2021,11,1,0,20,0
2021,11,1,0,30,0
2021,11,1,0,40,0
2021,11,1,0,50,0
2021,11,1,1,0,0
2021,11,1,1,10,0
2021,11,1,1,20,0
2021,11,1,1,30,0
2021,11,1,1,40,0
2021,11,1,1,50,0
2021,11,1,2,0,0
2021,11,1,2,10,0
2021,11,1,2,20,0
2021,11,1,2,30,0
2021,11,1,2,40,0
2021,11,1,2,50,0
2021,11,1,3,0,0
2021,11,1,3,10,0
2021,11,1,3,20,0
2021,11,1,3,30,0
2021,11,1,3,40,0
2021,11,1,3,50,0
2021,11,1,4,0,0
2021,11,1,4,10,0
2021,11,1,4,20,0
2021,11,1,4,30,0
2021,11,1,4,40,0
2021,11,1,4,50,0
2021,11,1,5,0,0
2021,11,1,5,10,0
2021,11,1,5,20,0
2021,11,1,5,30,0
2021,11,1,5,40,0
2021,11,1,5,50,0
2021,11,1,6,0,0
2021,11,1,6,10,0
2021,11,1,6,20,0
2021,11,1,6,30,0
2021,11,1,6,40,0
2021,11,1,6,50,0
2021,11,1,7,0,0
2021,11,1,7,10,0
2021,11,1,7,20,0
2021,11,1,7,30,0
2021,11,1,7,40,0
2021,11,1,7,50,0
2021,11,1,8,0,0
2021,11,1,8,10,0
2021,11,1,8,20,0
2021,11,1,8,30,0
2021,11,1,8,40,0
2021,11,1,8,50,0
2021,11,1,9,0,0
2021,11,1,9,10,0
2021,11,1,9,20,0
2021,11,1,9,30,0
2021,11,1,9,40,0
2021,11,1,9,50,12
2021,11,1,10,0,24
2021,11,1,10,10,46
2021,11,1,10,20,44
2021,11,1,10,30,82
2021,11,1,10,40,111
2021,11,1,10,50,33
2021,11,1,11,0,184
2021,11,1,11,10,90
2021,11,1,11,20,156
2021,11,1,11,30,335
2021,11,1,11,40,397
2021,11,1,11,50,516
2021,11,1,12,0,390
2021,11,1,12,10,601
2021,11,1,12,20,641
2021,11,1,12,30,681
2021,11,1,12,40,721
2021,11,1,12,50,759
2021,11,1,13,0,684
2021,11,1,13,10,830
2021,11,1,13,20,863
2021,11,1,13,30,895
2021,11,1,13,40,929
2021,11,1,13,50,958
2021,11,1,14,0,985
2021,11,1,14,10,1010
2021,11,1,14,20,1033
2021,11,1,14,30,1054
2021,11,1,14,40,1073
2021,11,1,14,50,1090
2021,11,1,15,0,1106
2021,11,1,15,10,1119
2021,11,1,15,20,1126
2021,11,1,15,30,1135
2021,11,1,15,40,1142
2021,11,1,15,50,1146
2021,11,1,16,0,1149
2021,11,1,16,10,1149
2021,11,1,16,20,1147
2021,11,1,16,30,1143
2021,11,1,16,40,1136
2021,11,1,16,50,1127
2021,11,1,17,0,1117
2021,11,1,17,10,1104
2021,11,1,17,20,1089
2021,11,1,17,30,1073
2021,11,1,17,40,1052
2021,11,1,17,50,1031
2021,11,1,18,0,1009
2021,11,1,18,10,984
2021,11,1,18,20,958
2021,11,1,18,30,926
2021,11,1,18,40,893
2021,11,1,18,50,783
2021,11,1,19,0,828
2021,11,1,19,10,794
2021,11,1,19,20,581
2021,11,1,19,30,533
2021,11,1,19,40,437
2021,11,1,19,50,518
2021,11,1,20,0,482
2021,11,1,20,10,171
2021,11,1,20,20,453
2021,11,1,20,30,468
2021,11,1,20,40,418
2021,11,1,20,50,343
2021,11,1,21,0,274
2021,11,1,21,10,241
2021,11,1,21,20,247
2021,11,1,21,30,196
2021,11,1,21,40,159
2021,11,1,21,50,97
2021,11,1,22,0,65
2021,11,1,22,10,43
2021,11,1,22,20,20
2021,11,1,22,30,0
2021,11,1,22,40,0
2021,11,1,22,50,0
2021,11,1,23,0,0
2021,11,1,23,10,0
2021,11,1,23,20,0
2021,11,1,23,30,0
2021,11,1,23,40,0
2021,11,1,23,50,0
2021,11,2,0,0,0
2021,11,2,0,10,0
2021,11,2,0,20,0
2021,11,2,0,30,0
2021,11,2,0,40,0
2021,11,2,0,50,0
2021,11,2,1,0,0
2021,11,2,1,10,0
2021,11,2,1,20,0
2021,11,2,1,30,0
2021,11,2,1,40,0
2021,11,2,1,50,0
2021,11,2,2,0,0
2021,11,2,2,10,0
2021,11,2,2,20,0
2021,11,2,2,30,0
2021,11,2,2,40,0
2021,11,2,2,50,0
2021,11,2,3,0,0
2021,11,2,3,10,0
2021,11,2,3,20,0
2021,11,2,3,30,0
2021,11,2,3,40,0
2021,11,2,3,50,0
2021,11,2,4,0,0
2021,11,2,4,10,0
2021,11,2,4,20,0
2021,11,2,4,30,0
2021,11,2,4,40,0
2021,11,2,4,50,0
2021,11,2,5,0,0
2021,11,2,5,10,0
2021,11,2,5,20,0
2021,11,2,5,30,0
2021,11,2,5,40,0
2021,11,2,5,50,0
2021,11,2,6,0,0
2021,11,2,6,10,0
2021,11,2,6,20,0
2021,11,2,6,30,0
2021,11,2,6,40,0
2021,11,2,6,50,0
2021,11,2,7,0,0
2021,11,2,7,10,0
2021,11,2,7,20,0
2021,11,2,7,30,0
2021,11,2,7,40,0
2021,11,2,7,50,0
2021,11,2,8,0,0
2021,11,2,8,10,0
2021,11,2,8,20,0
2021,11,2,8,30,0
2021,11,2,8,40,0
2021,11,2,8,50,0
2021,11,2,9,0,0
2021,11,2,9,10,0
2021,11,2,9,20,0
2021,11,2,9,30,0
2021,11,2,9,40,0
2021,11,2,9,50,13
2021,11,2,10,0,33
2021,11,2,10,10,52
2021,11,2,10,20,16
2021,11,2,10,30,48
2021,11,2,10,40,156
2021,11,2,10,50,15
2021,11,2,11,0,178
2021,11,2,11,10,242
2021,11,2,11,20,267
2021,11,2,11,30,183
2021,11,2,11,40,239
2021,11,2,11,50,256
2021,11,2,12,0,180
2021,11,2,12,10,403
2021,11,2,12,20,477
2021,11,2,12,30,688
2021,11,2,12,40,435
2021,11,2,12,50,558
2021,11,2,13,0,802
2021,11,2,13,10,837
2021,11,2,13,20,871
2021,11,2,13,30,903
2021,11,2,13,40,934
2021,11,2,13,50,963
2021,11,2,14,0,990
2021,11,2,14,10,1015
2021,11,2,14,20,1039
2021,11,2,14,30,855
2021,11,2,14,40,669
2021,11,2,14,50,1040
2021,11,2,15,0,1112
2021,11,2,15,10,1037
2021,11,2,15,20,1087
2021,11,2,15,30,1054
2021,11,2,15,40,1149
2021,11,2,15,50,1153
2021,11,2,16,0,1156
2021,11,2,16,10,1104
2021,11,2,16,20,1100
2021,11,2,16,30,1098
2021,11,2,16,40,1144
2021,11,2,16,50,1135
2021,11,2,17,0,1124
2021,11,2,17,10,1112
2021,11,2,17,20,1097
2021,11,2,17,30,754
2021,11,2,17,40,114
2021,11,2,17,50,658
2021,11,2,18,0,540
2021,11,2,18,10,356
2021,11,2,18,20,104
2021,11,2,18,30,517
2021,11,2,18,40,116
2021,11,2,18,50,519
2021,11,2,19,0,842
2021,11,2,19,10,807
2021,11,2,19,20,768
2021,11,2,19,30,553
2021,11,2,19,40,691
2021,11,2,19,50,652
2021,11,2,20,0,611
2021,11,2,20,10,569
2021,11,2,20,20,415
2021,11,2,20,30,349
2021,11,2,20,40,437
2021,11,2,20,50,393
2021,11,2,21,0,349
2021,11,2,21,10,272
2021,11,2,21,20,151
2021,11,2,21,30,185
2021,11,2,21,40,53
2021,11,2,21,50,92
2021,11,2,22,0,73
2021,11,2,22,10,44
2021,11,2,22,20,21
2021,11,2,22,30,0
2021,11,2,22,40,0
2021,11,2,22,50,0
2021,11,2,23,0,0
2021,11,2,23,10,0
2021,11,2,23,20,0
2021,11,2,23,30,0
2021,11,2,23,40,0
2021,11,2,23,50,0
2021,11,3,0,0,0
2021,11,3,0,10,0
2021,11,3,0,20,0
2021,11,3,0,30,0
2021,11,3,0,40,0
2021,11,3,0,50,0
2021,11,3,1,0,0
2021,11,3,1,10,0
2021,11,3,1,20,0
2021,11,3,1,30,0
2021,11,3,1,40,0
2021,11,3,1,50,0
2021,11,3,2,0,0
2021,11,3,2,10,0
2021,11,3,2,20,0
2021,11,3,2,30,0
2021,11,3,2,40,0
2021,11,3,2,50,0
2021,11,3,3,0,0
2021,11,3,3,10,0
2021,11,3,3,20,0
2021,11,3,3,30,0
2021,11,3,3,40,0
2021,11,3,3,50,0
2021,11,3,4,0,0
2021,11,3,4,10,0
2021,11,3,4,20,0
2021,11,3,4,30,0
2021,11,3,4,40,0
2021,11,3,4,50,0
2021,11,3,5,0,0
2021,11,3,5,10,0
2021,11,3,5,20,0
2021,11,3,5,30,0
2021,11,3,5,40,0
2021,11,3,5,50,0
2021,11,3,6,0,0
2021,11,3,6,10,0
2021,11,3,6,20,0
2021,11,3,6,30,0
2021,11,3,6,40,0
2021,11,3,6,50,0
2021,11,3,7,0,0
2021,11,3,7,10,0
2021,11,3,7,20,0
2021,11,3,7,30,0
2021,11,3,7,40,0
2021,11,3,7,50,0
2021,11,3,8,0,0
2021,11,3,8,10,0
2021,11,3,8,20,0
2021,11,3,8,30,0
2021,11,3,8,40,0
2021,11,3,8,50,0
2021,11,3,9,0,0
2021,11,3,9,10,0
2021,11,3,9,20,0
2021,11,3,9,30,0
2021,11,3,9,40,0
2021,11,3,9,50,15
2021,11,3,10,0,55
2021,11,3,10,10,49
2021,11,3,10,20,49
2021,11,3,10,30,45
2021,11,3,10,40,65
2021,11,3,10,50,33
2021,11,3,11,0,216
2021,11,3,11,10,217
2021,11,3,11,20,276
2021,11,3,11,30,311
2021,11,3,11,40,351
2021,11,3,11,50,372
2021,11,3,12,0,246
2021,11,3,12,10,606
2021,11,3,12,20,478
2021,11,3,12,30,496
2021,11,3,12,40,726
2021,11,3,12,50,763
2021,11,3,13,0,799
2021,11,3,13,10,834
2021,11,3,13,20,867
2021,11,3,13,30,899
2021,11,3,13,40,930
2021,11,3,13,50,958
2021,11,3,14,0,985
2021,11,3,14,10,1010
2021,11,3,14,20,1033
2021,11,3,14,30,1054
2021,11,3,14,40,1073
2021,11,3,14,50,1091
2021,11,3,15,0,1106
2021,11,3,15,10,1119
2021,11,3,15,20,1130
2021,11,3,15,30,1139
2021,11,3,15,40,1146
2021,11,3,15,50,1151
2021,11,3,16,0,1153
2021,11,3,16,10,1153
2021,11,3,16,20,1151
2021,11,3,16,30,1147
2021,11,3,16,40,1141
2021,11,3,16,50,1132
2021,11,3,17,0,1122
2021,11,3,17,10,1109
2021,11,3,17,20,1094
2021,11,3,17,30,1077
2021,11,3,17,40,1058
2021,11,3,17,50,1037
2021,11,3,18,0,1015
2021,11,3,18,10,990
2021,11,3,18,20,964
2021,11,3,18,30,936
2021,11,3,18,40,905
2021,11,3,18,50,873
2021,11,3,19,0,840
2021,11,3,19,10,806
2021,11,3,19,20,767
2021,11,3,19,30,730
2021,11,3,19,40,690
2021,11,3,19,50,651
2021,11,3,20,0,610
2021,11,3,20,10,567
2021,11,3,20,20,524
2021,11,3,20,30,354
2021,11,3,20,40,437
2021,11,3,20,50,323
2021,11,3,21,0,291
2021,11,3,21,10,244
2021,11,3,21,20,261
2021,11,3,21,30,217
2021,11,3,21,40,172
2021,11,3,21,50,132
2021,11,3,22,0,93
2021,11,3,22,10,59
2021,11,3,22,20,30
2021,11,3,22,30,0
2021,11,3,22,40,0
2021,11,3,22,50,0
2021,11,3,23,0,0
2021,11,3,23,10,0
2021,11,3,23,20,0
2021,11,3,23,30,0
2021,11,3,23,40,0
2021,11,3,23,50,0
2021,11,4,0,0,0
2021,11,4,0,10,0
2021,11,4,0,20,0
2021,11,4,0,30,0
2021,11,4,0,40,0
2021,11,4,0,50,0
2021,11,4,1,0,0
2021,11,4,1,10,0
2021,11,4,1,20,0
2021,11,4,1,30,0
2021,11,4,1,40,0
2021,11,4,1,50,0
2021,11,4,2,0,0
2021,11,4,2,10,0
2021,11,4,2,20,0
2021,11,4,2,30,0
2021,11,4,2,40,0
2021,11,4,2,50,0
2021,11,4,3,0,0
2021,11,4,3,10,0
2021,11,4,3,20,0
2021,11,4,3,30,0
2021,11,4,3,40,0
2021,11,4,3,50,0
2021,11,4,4,0,0
2021,11,4,4,10,0
2021,11,4,4,20,0
2021,11,4,4,30,0
2021,11,4,4,40,0
2021,11,4,4,50,0
2021,11,4,5,0,0
2021,11,4,5,10,0
2021,11,4,5,20,0
2021,11,4,5,30,0
2021,11,4,5,40,0
2021,11,4,5,50,0
2021,11,4,6,0,0
2021,11,4,6,10,0
2021,11,4,6,20,0
2021,11,4,6,30,0
2021,11,4,6,40,0
2021,11,4,6,50,0
2021,11,4,7,0,0
2021,11,4,7,10,0
2021,11,4,7,20,0
2021,11,4,7,30,0
2021,11,4,7,40,0
2021,11,4,7,50,0
2021,11,4,8,0,0
2021,11,4,8,10,0
2021,11,4,8,20,0
2021,11,4,8,30,0
2021,11,4,8,40,0
2021,11,4,8,50,0
2021,11,4,9,0,0
2021,11,4,9,10,0
2021,11,4,9,20,0
2021,11,4,9,30,0
2021,11,4,9,40,0
2021,11,4,9,50,28
2021,11,4,10,0,58
2021,11,4,10,10,72
2021,11,4,10,20,74
2021,11,4,10,30,106
2021,11,4,10,40,219
2021,11,4,10,50,263
2021,11,4,11,0,307
2021,11,4,11,10,352
2021,11,4,11,20,397
2021,11,4,11,30,444
2021,11,4,11,40,490
2021,11,4,11,50,534
2021,11,4,12,0,577
2021,11,4,12,10,619
2021,11,4,12,20,660
2021,11,4,12,30,700
2021,11,4,12,40,740
2021,11,4,12,50,778
2021,11,4,13,0,815
2021,11,4,13,10,850
2021,11,4,13,20,884
2021,11,4,13,30,916
2021,11,4,13,40,947
2021,11,4,13,50,976
2021,11,4,14,0,1003
2021,11,4,14,10,1028
2021,11,4,14,20,1052
2021,11,4,14,30,1073
2021,11,4,14,40,1092
2021,11,4,14,50,1110
2021,11,4,15,0,1125
2021,11,4,15,10,1138
2021,11,4,15,20,1155
2021,11,4,15,30,1164
2021,11,4,15,40,1171
2021,11,4,15,50,1175
2021,11,4,16,0,1178
2021,11,4,16,10,1178
2021,11,4,16,20,1176
2021,11,4,16,30,1172
2021,11,4,16,40,1165
2021,11,4,16,50,1156
2021,11,4,17,0,1146
2021,11,4,17,10,1133
2021,11,4,17,20,1118
2021,11,4,17,30,1101
2021,11,4,17,40,1087
2021,11,4,17,50,773
2021,11,4,18,0,1043
2021,11,4,18,10,764
2021,11,4,18,20,538
2021,11,4,18,30,555
2021,11,4,18,40,589
2021,11,4,18,50,899
2021,11,4,19,0,865
2021,11,4,19,10,830
2021,11,4,19,20,788
2021,11,4,19,30,750
2021,11,4,19,40,712
2021,11,4,19,50,671
2021,11,4,20,0,630
2021,11,4,20,10,587
2021,11,4,20,20,541
2021,11,4,20,30,497
2021,11,4,20,40,450
2021,11,4,20,50,403
2021,11,4,21,0,359
2021,11,4,21,10,314
2021,11,4,21,20,268
2021,11,4,21,30,224
2021,11,4,21,40,177
2021,11,4,21,50,136
2021,11,4,22,0,97
2021,11,4,22,10,61
2021,11,4,22,20,32
2021,11,4,22,30,0
2021,11,4,22,40,0
2021,11,4,22,50,0
2021,11,4,23,0,0
2021,11,4,23,10,0
2021,11,4,23,20,0
2021,11,4,23,30,0
2021,11,4,23,40,0
2021,11,4,23,50,0
2021,11,5,0,0,0
2021,11,5,0,10,0
2021,11,5,0,20,0
2021,11,5,0,30,0
2021,11,5,0,40,0
2021,11,5,0,50,0
2021,11,5,1,0,0
2021,11,5,1,10,0
2021,11,5,1,20,0
2021,11,5,1,30,0
2021,11,5,1,40,0
2021,11,5,1,50,0
2021,11,5,2,0,0
2021,11,5,2,10,0
2021,11,5,2,20,0
2021,11,5,2,30,0
2021,11,5,2,40,0
2021,11,5,2,50,0
2021,11,5,3,0,0
2021,11,5,3,10,0
2021,11,5,3,20,0
2021,11,5,3,30,0
2021,11,5,3,40,0
2021,11,5,3,50,0
2021,11,5,4,0,0
2021,11,5,4,10,0
2021,11,5,4,20,0
2021,11,5,4,30,0
2021,11,5,4,40,0
2021,11,5,4,50,0
2021,11,5,5,0,0
2021,11,5,5,10,0
2021,11,5,5,20,0
2021,11,5,5,30,0
2021,11,5,5,40,0
2021,11,5,5,50,0
2021,11,5,6,0,0
2021,11,5,6,10,0
2021,11,5,6,20,0
2021,11,5,6,30,0
2021,11,5,6,40,0
2021,11,5,6,50,0
2021,11,5,7,0,0
2021,11,5,7,10,0
2021,11,5,7,20,0
2021,11,5,7,30,0
2021,11,5,7,40,0
2021,11,5,7,50,0
2021,11,5,8,0,0
2021,11,5,8,10,0
2021,11,5,8,20,0
2021,11,5,8,30,0
2021,11,5,8,40,0
2021,11,5,8,50,0
2021,11,5,9,0,0
2021,11,5,9,10,0
2021,11,5,9,20,0
2021,11,5,9,30,0
2021,11,5,9,40,0
2021,11,5,9,50,30
2021,11,5,10,0,59
2021,11,5,10,10,95
2021,11,5,10,20,134
2021,11,5,10,30,174
2021,11,5,10,40,216
2021,11,5,10,50,260
2021,11,5,11,0,304
2021,11,5,11,10,347
2021,11,5,11,20,391
2021,11,5,11,30,436
2021,11,5,11,40,479
2021,11,5,11,50,520
2021,11,5,12,0,563
2021,11,5,12,10,604
2021,11,5,12,20,645
2021,11,5,12,30,685
2021,11,5,12,40,725
2021,11,5,12,50,762
2021,11,5,13,0,799
2021,11,5,13,10,831
2021,11,5,13,20,864
2021,11,5,13,30,896
2021,11,5,13,40,928
2021,11,5,13,50,956
2021,11,5,14,0,983
2021,11,5,14,10,1008
2021,11,5,14,20,1031
2021,11,5,14,30,841
2021,11,5,14,40,1015
2021,11,5,14,50,1085
2021,11,5,15,0,1100
2021,11,5,15,10,1004
2021,11,5,15,20,1121
2021,11,5,15,30,1130
2021,11,5,15,40,1136
2021,11,5,15,50,1140
2021,11,5,16,0,952
2021,11,5,16,10,1143
2021,11,5,16,20,376
2021,11,5,16,30,1059
2021,11,5,16,40,953
2021,11,5,16,50,1001
2021,11,5,17,0,822
2021,11,5,17,10,1092
2021,11,5,17,20,942
2021,11,5,17,30,1061
2021,11,5,17,40,1042
2021,11,5,17,50,1022
2021,11,5,18,0,834
2021,11,5,18,10,975
2021,11,5,18,20,949
2021,11,5,18,30,921
2021,11,5,18,40,744
2021,11,5,18,50,696
2021,11,5,19,0,653
2021,11,5,19,10,525
2021,11,5,19,20,669
2021,11,5,19,30,459
2021,11,5,19,40,485
2021,11,5,19,50,647
2021,11,5,20,0,607
2021,11,5,20,10,568
2021,11,5,20,20,526
2021,11,5,20,30,483
2021,11,5,20,40,317
2021,11,5,20,50,212
2021,11,5,21,0,352
2021,11,5,21,10,308
2021,11,5,21,20,265
2021,11,5,21,30,222
2021,11,5,21,40,179
2021,11,5,21,50,138
2021,11,5,22,0,100
2021,11,5,22,10,64
2021,11,5,22,20,34
2021,11,5,22,30,0
2021,11,5,22,40,0
2021,11,5,22,50,0
2021,11,5,23,0,0
2021,11,5,23,10,0
2021,11,5,23,20,0
2021,11,5,23,30,0
2021,11,5,23,40,0
2021,11,5,23,50,0
2021,11,6,0,0,0
2021,11,6,0,10,0
2021,11,6,0,20,0
2021,11,6,0,30,0
2021,11,6,0,40,0
2021,11,6,0,50,0
2021,11,6,1,0,0
2021,11,6,1,10,0
2021,11,6,1,20,0
2021,11,6,1,30,0
2021,11,6,1,40,0
2021,11,6,1,50,0
2021,11,6,2,0,0
2021,11,6,2,10,0
2021,11,6,2,20,0
2021,11,6,2,30,0
2021,11,6,2,40,0
2021,11,6,2,50,0
2021,11,6,3,0,0
2021,11,6,3,10,0
2021,11,6,3,20,0
2021,11,6,3,30,0
2021,11,6,3,40,0
2021,11,6,3,50,0
2021,11,6,4,0,0
2021,11,6,4,10,0
2021,11,6,4,20,0
2021,11,6,4,30,0
2021,11,6,4,40,0
2021,11,6,4,50,0
2021,11,6,5,0,0
2021,11,6,5,10,0
2021,11,6,5,20,0
2021,11,6,5,30,0
2021,11,6,5,40,0
2021,11,6,5,50,0
2021,11,6,6,0,0
2021,11,6,6,10,0
2021,11,6,6,20,0
2021,11,6,6,30,0
2021,11,6,6,40,0
2021,11,6,6,50,0
2021,11,6,7,0,0
2021,11,6,7,10,0
2021,11,6,7,20,0
2021,11,6,7,30,0
2021,11,6,7,40,0
2021,11,6,7,50,0
2021,11,6,8,0,0
2021,11,6,8,10,0
2021,11,6,8,20,0
2021,11,6,8,30,0
2021,11,6,8,40,0
2021,11,6,8,50,0
2021,11,6,9,0,0
2021,11,6,9,10,0
2021,11,6,9,20,0
2021,11,6,9,30,0
2021,11,6,9,40,0
2021,11,6,9,50,16
2021,11,6,10,0,40
2021,11,6,10,10,77
2021,11,6,10,20,79
2021,11,6,10,30,105
2021,11,6,10,40,146
2021,11,6,10,50,185
2021,11,6,11,0,220
2021,11,6,11,10,337
2021,11,6,11,20,401
2021,11,6,11,30,264
2021,11,6,11,40,398
2021,11,6,11,50,536
2021,11,6,12,0,579
2021,11,6,12,10,621
2021,11,6,12,20,663
2021,11,6,12,30,703
2021,11,6,12,40,742
2021,11,6,12,50,780
2021,11,6,13,0,817
2021,11,6,13,10,852
2021,11,6,13,20,886
2021,11,6,13,30,918
2021,11,6,13,40,948
2021,11,6,13,50,977
2021,11,6,14,0,1004
2021,11,6,14,10,1030
2021,11,6,14,20,1053
2021,11,6,14,30,1074
2021,11,6,14,40,1094
2021,11,6,14,50,1111
2021,11,6,15,0,1122
2021,11,6,15,10,1135
2021,11,6,15,20,1146
2021,11,6,15,30,1155
2021,11,6,15,40,1162
2021,11,6,15,50,1166
2021,11,6,16,0,1169
2021,11,6,16,10,1169
2021,11,6,16,20,1167
2021,11,6,16,30,1163
2021,11,6,16,40,1157
2021,11,6,16,50,1143
2021,11,6,17,0,1133
2021,11,6,17,10,1120
2021,11,6,17,20,1105
2021,11,6,17,30,1088
2021,11,6,17,40,1069
2021,11,6,17,50,1048
2021,11,6,18,0,1025
2021,11,6,18,10,1001
2021,11,6,18,20,974
2021,11,6,18,30,946
2021,11,6,18,40,916
2021,11,6,18,50,884
2021,11,6,19,0,851
2021,11,6,19,10,816
2021,11,6,19,20,780
2021,11,6,19,30,743
2021,11,6,19,40,704
2021,11,6,19,50,664
2021,11,6,20,0,623
2021,11,6,20,10,581
2021,11,6,20,20,539
2021,11,6,20,30,496
2021,11,6,20,40,452
2021,11,6,20,50,405
2021,11,6,21,0,361
2021,11,6,21,10,317
2021,11,6,21,20,272
2021,11,6,21,30,229
2021,11,6,21,40,186
2021,11,6,21,50,144
2021,11,6,22,0,104
2021,11,6,22,10,68
2021,11,6,22,20,36
2021,11,6,22,30,0
2021,11,6,22,40,0
2021,11,6,22,50,0
2021,11,6,23,0,0
2021,11,6,23,10,0
2021,11,6,23,20,0
2021,11,6,23,30,0
2021,11,6,23,40,0
2021,11,6,23,50,0
2021,11,7,0,0,0
2021,11,7,0,10,0
2021,11,7,0,20,0
2021,11,7,0,30,0
2021,11,7,0,40,0
2021,11,7,0,50,0
2021,11,7,1,0,0
2021,11,7,1,10,0
2021,11,7,1,20,0
2021,11,7,1,30,0
2021,11,7,1,40,0
2021,11,7,1,50,0
2021,11,7,2,0,0
2021,11,7,2,10,0
2021,11,7,2,20,0
2021,11,7,2,30,0
2021,11,7,2,40,0
2021,11,7,2,50,0
2021,11,7,3,0,0
2021,11,7,3,10,0
2021,11,7,3,20,0
2021,11,7,3,30,0
2021,11,7,3,40,0
2021,11,7,3,50,0
2021,11,7,4,0,0
2021,11,7,4,10,0
2021,11,7,4,20,0
2021,11,7,4,30,0
2021,11,7,4,40,0
2021,11,7,4,50,0
2021,11,7,5,0,0
2021,11,7,5,10,0
2021,11,7,5,20,0
2021,11,7,5,30,0
2021,11,7,5,40,0
2021,11,7,5,50,0
2021,11,7,6,0,0
2021,11,7,6,10,0
2021,11,7,6,20,0
2021,11,7,6,30,0
2021,11,7,6,40,0
2021,11,7,6,50,0
2021,11,7,7,0,0
2021,11,7,7,10,0
2021,11,7,7,20,0
2021,11,7,7,30,0
2021,11,7,7,40,0
2021,11,7,7,50,0
2021,11,7,8,0,0
2021,11,7,8,10,0
2021,11,7,8,20,0
2021,11,7,8,30,0
2021,11,7,8,40,0
2021,11,7,8,50,0
2021,11,7,9,0,0
2021,11,7,9,10,0
2021,11,7,9,20,0
2021,11,7,9,30,0
2021,11,7,9,40,0
2021,11,7,9,50,18
2021,11,7,10,0,36
2021,11,7,10,10,72
2021,11,7,10,20,90
2021,11,7,10,30,187
2021,11,7,10,40,120
2021,11,7,10,50,156
2021,11,7,11,0,324
2021,11,7,11,10,369
2021,11,7,11,20,283
2021,11,7,11,30,459
2021,11,7,11,40,504
2021,11,7,11,50,548
2021,11,7,12,0,592
2021,11,7,12,10,634
2021,11,7,12,20,682
2021,11,7,12,30,722
2021,11,7,12,40,762
2021,11,7,12,50,800
2021,11,7,13,0,837
2021,11,7,13,10,873
2021,11,7,13,20,907
2021,11,7,13,30,940
2021,11,7,13,40,970
2021,11,7,13,50,999
2021,11,7,14,0,1027
2021,11,7,14,10,1052
2021,11,7,14,20,1076
2021,11,7,14,30,1098
2021,11,7,14,40,1116
2021,11,7,14,50,1134
2021,11,7,15,0,1150
2021,11,7,15,10,1163
2021,11,7,15,20,1174
2021,11,7,15,30,1183
2021,11,7,15,40,1191
2021,11,7,15,50,1196
2021,11,7,16,0,1198
2021,11,7,16,10,1198
2021,11,7,16,20,1196
2021,11,7,16,30,1192
2021,11,7,16,40,1186
2021,11,7,16,50,1177
2021,11,7,17,0,1166
2021,11,7,17,10,1145
2021,11,7,17,20,1130
2021,11,7,17,30,1113
2021,11,7,17,40,1093
2021,11,7,17,50,1072
2021,11,7,18,0,1049
2021,11,7,18,10,1024
2021,11,7,18,20,803
2021,11,7,18,30,969
2021,11,7,18,40,937
2021,11,7,18,50,905
2021,11,7,19,0,866
2021,11,7,19,10,785
2021,11,7,19,20,794
2021,11,7,19,30,632
2021,11,7,19,40,590
2021,11,7,19,50,522
2021,11,7,20,0,389
2021,11,7,20,10,458
2021,11,7,20,20,419
2021,11,7,20,30,433
2021,11,7,20,40,341
2021,11,7,20,50,335
2021,11,7,21,0,268
2021,11,7,21,10,254
2021,11,7,21,20,183
2021,11,7,21,30,187
2021,11,7,21,40,140
2021,11,7,21,50,79
2021,11,7,22,0,90
2021,11,7,22,10,59
2021,11,7,22,20,30
2021,11,7,22,30,7
2021,11,7,22,40,0
2021,11,7,22,50,0
2021,11,7,23,0,0
2021,11,7,23,10,0
2021,11,7,23,20,0
2021,11,7,23,30,0
2021,11,7,23,40,0
2021,11,7,23,50,0
2021,11,8,0,0,0
2021,11,8,0,10,0
2021,11,8,0,20,0
2021,11,8,0,30,0
2021,11,8,0,40,0
2021,11,8,0,50,0
2021,11,8,1,0,0
2021,11,8,1,10,0
2021,11,8,1,20,0
2021,11,8,1,30,0
2021,11,8,1,40,0
2021,11,8,1,50,0
2021,11,8,2,0,0
2021,11,8,2,10,0
2021,11,8,2,20,0
2021,11,8,2,30,0
2021,11,8,2,40,0
2021,11,8,2,50,0
2021,11,8,3,0,0
2021,11,8,3,10,0
2021,11,8,3,20,0
2021,11,8,3,30,0
2021,11,8,3,40,0
2021,11,8,3,50,0
2021,11,8,4,0,0
2021,11,8,4,10,0
2021,11,8,4,20,0
2021,11,8,4,30,0
2021,11,8,4,40,0
2021,11,8,4,50,0
2021,11,8,5,0,0
2021,11,8,5,10,0
2021,11,8,5,20,0
2021,11,8,5,30,0
2021,11,8,5,40,0
2021,11,8,5,50,0
2021,11,8,6,0,0
2021,11,8,6,10,0
2021,11,8,6,20,0
2021,11,8,6,30,0
2021,11,8,6,40,0
2021,11,8,6,50,0
2021,11,8,7,0,0
2021,11,8,7,10,0
2021,11,8,7,20,0
2021,11,8,7,30,0
2021,11,8,7,40,0
2021,11,8,7,50,0
2021,11,8,8,0,0
2021,11,8,8,10,0
2021,11,8,8,20,0
2021,11,8,8,30,0
2021,11,8,8,40,0
2021,11,8,8,50,0
2021,11,8,9,0,0
2021,11,8,9,10,0
2021,11,8,9,20,0
2021,11,8,9,30,0
2021,11,8,9,40,0
2021,11,8,9,50,34
2021,11,8,10,0,48
2021,11,8,10,10,84
2021,11,8,10,20,120
2021,11,8,10,30,104
2021,11,8,10,40,144
2021,11,8,10,50,273
2021,11,8,11,0,321
2021,11,8,11,10,367
2021,11,8,11,20,412
2021,11,8,11,30,457
2021,11,8,11,40,503
2021,11,8,11,50,548
2021,11,8,12,0,591
2021,11,8,12,10,634
2021,11,8,12,20,675
2021,11,8,12,30,716
2021,11,8,12,40,755
2021,11,8,12,50,794
2021,11,8,13,0,831
2021,11,8,13,10,866
2021,11,8,13,20,900
2021,11,8,13,30,933
2021,11,8,13,40,963
2021,11,8,13,50,992
2021,11,8,14,0,1019
2021,11,8,14,10,1045
2021,11,8,14,20,1068
2021,11,8,14,30,1083
2021,11,8,14,40,1103
2021,11,8,14,50,1121
2021,11,8,15,0,1136
2021,11,8,15,10,1149
2021,11,8,15,20,1160
2021,11,8,15,30,1169
2021,11,8,15,40,1177
2021,11,8,15,50,1182
2021,11,8,16,0,1184
2021,11,8,16,10,1184
2021,11,8,16,20,1182
2021,11,8,16,30,1178
2021,11,8,16,40,1171
2021,11,8,16,50,1157
2021,11,8,17,0,1146
2021,11,8,17,10,1134
2021,11,8,17,20,1119
2021,11,8,17,30,1102
2021,11,8,17,40,1082
2021,11,8,17,50,1056
2021,11,8,18,0,1034
2021,11,8,18,10,1009
2021,11,8,18,20,983
2021,11,8,18,30,635
2021,11,8,18,40,823
2021,11,8,18,50,710
2021,11,8,19,0,572
2021,11,8,19,10,299
2021,11,8,19,20,600
2021,11,8,19,30,694
2021,11,8,19,40,701
2021,11,8,19,50,490
2021,11,8,20,0,339
2021,11,8,20,10,513
2021,11,8,20,20,296
2021,11,8,20,30,410
2021,11,8,20,40,272
2021,11,8,20,50,229
2021,11,8,21,0,263
2021,11,8,21,10,127
2021,11,8,21,20,209
2021,11,8,21,30,123
2021,11,8,21,40,154
2021,11,8,21,50,111
2021,11,8,22,0,103
2021,11,8,22,10,51
2021,11,8,22,20,30
2021,11,8,22,30,8
2021,11,8,22,40,0
2021,11,8,22,50,0
2021,11,8,23,0,0
2021,11,8,23,10,0
2021,11,8,23,20,0
2021,11,8,23,30,0
2021,11,8,23,40,0
2021,11,8,23,50,0
2021,11,9,0,0,0
2021,11,9,0,10,0
2021,11,9,0,20,0
2021,11,9,0,30,0
2021,11,9,0,40,0
2021,11,9,0,50,0
2021,11,9,1,0,0
2021,11,9,1,10,0
2021,11,9,1,20,0
2021,11,9,1,30,0
2021,11,9,1,40,0
2021,11,9,1,50,0
2021,11,9,2,0,0
2021,11,9,2,10,0
2021,11,9,2,20,0
2021,11,9,2,30,0
2021,11,9,2,40,0
2021,11,9,2,50,0
2021,11,9,3,0,0
2021,11,9,3,10,0
2021,11,9,3,20,0
2021,11,9,3,30,0
2021,11,9,3,40,0
2021,11,9,3,50,0
2021,11,9,4,0,0
2021,11,9,4,10,0
2021,11,9,4,20,0
2021,11,9,4,30,0
2021,11,9,4,40,0
2021,11,9,4,50,0
2021,11,9,5,0,0
2021,11,9,5,10,0
2021,11,9,5,20,0
2021,11,9,5,30,0
2021,11,9,5,40,0
2021,11,9,5,50,0
2021,11,9,6,0,0
2021,11,9,6,10,0
2021,11,9,6,20,0
2021,11,9,6,30,0
2021,11,9,6,40,0
2021,11,9,6,50,0
2021,11,9,7,0,0
2021,11,9,7,10,0
2021,11,9,7,20,0
2021,11,9,7,30,0
2021,11,9,7,40,0
2021,11,9,7,50,0
2021,11,9,8,0,0
2021,11,9,8,10,0
2021,11,9,8,20,0
2021,11,9,8,30,0
2021,11,9,8,40,0
2021,11,9,8,50,0
2021,11,9,9,0,0
2021,11,9,9,10,0
2021,11,9,9,20,0
2021,11,9,9,30,0
2021,11,9,9,40,0
2021,11,9,9,50,18
2021,11,9,10,0,43
2021,11,9,10,10,43
2021,11,9,10,20,65
2021,11,9,10,30,95
2021,11,9,10,40,135
2021,11,9,10,50,181
2021,11,9,11,0,156
2021,11,9,11,10,242
2021,11,9,11,20,325
2021,11,9,11,30,340
2021,11,9,11,40,401
2021,11,9,11,50,529
2021,11,9,12,0,572
2021,11,9,12,10,613
2021,11,9,12,20,654
2021,11,9,12,30,694
2021,11,9,12,40,733
2021,11,9,12,50,770
2021,11,9,13,0,807
2021,11,9,13,10,841
2021,11,9,13,20,875
2021,11,9,13,30,907
2021,11,9,13,40,937
2021,11,9,13,50,965
2021,11,9,14,0,992
2021,11,9,14,10,1017
2021,11,9,14,20,1040
2021,11,9,14,30,1058
2021,11,9,14,40,1033
2021,11,9,14,50,1092
2021,11,9,15,0,1107
2021,11,9,15,10,1120
2021,11,9,15,20,1131
2021,11,9,15,30,1140
2021,11,9,15,40,1146
2021,11,9,15,50,998
2021,11,9,16,0,636
2021,11,9,16,10,1017
2021,11,9,16,20,1103
2021,11,9,16,30,1148
2021,11,9,16,40,1140
2021,11,9,16,50,1132
2021,11,9,17,0,1121
2021,11,9,17,10,907
2021,11,9,17,20,841
2021,11,9,17,30,608
2021,11,9,17,40,591
2021,11,9,17,50,693
2021,11,9,18,0,792
2021,11,9,18,10,797
2021,11,9,18,20,707
2021,11,9,18,30,580
2021,11,9,18,40,613
2021,11,9,18,50,414
2021,11,9,19,0,667
2021,11,9,19,10,396
2021,11,9,19,20,618
2021,11,9,19,30,571
2021,11,9,19,40,411
2021,11,9,19,50,511
2021,11,9,20,0,369
2021,11,9,20,10,380
2021,11,9,20,20,120
2021,11,9,20,30,266
2021,11,9,20,40,269
2021,11,9,20,50,238
2021,11,9,21,0,193
2021,11,9,21,10,190
2021,11,9,21,20,39
2021,11,9,21,30,143
2021,11,9,21,40,109
2021,11,9,21,50,71
2021,11,9,22,0,61
2021,11,9,22,10,42
2021,11,9,22,20,21
2021,11,9,22,30,9
2021,11,9,22,40,0
2021,11,9,22,50,0
2021,11,9,23,0,0
2021,11,9,23,10,0
2021,11,9,23,20,0
2021,11,9,23,30,0
2021,11,9,23,40,0
2021,11,9,23,50,0
2021,11,10,0,0,0
2021,11,10,0,10,0
2021,11,10,0,20,0
2021,11,10,0,30,0
2021,11,10,0,40,0
2021,11,10,0,50,0
2021,11,10,1,0,0
2021,11,10,1,10,0
2021,11,10,1,20,0
2021,11,10,1,30,0
2021,11,10,1,40,0
2021,11,10,1,50,0
2021,11,10,2,0,0
2021,11,10,2,10,0
2021,11,10,2,20,0
2021,11,10,2,30,0
2021,11,10,2,40,0
2021,11,10,2,50,0
2021,11,10,3,0,0
2021,11,10,3,10,0
2021,11,10,3,20,0
2021,11,10,3,30,0
2021,11,10,3,40,0
2021,11,10,3,50,0
2021,11,10,4,0,0
2021,11,10,4,10,0
2021,11,10,4,20,0
2021,11,10,4,30,0
2021,11,10,4,40,0
2021,11,10,4,50,0
2021,11,10,5,0,0
2021,11,10,5,10,0
2021,11,10,5,20,0
2021,11,10,5,30,0
2021,11,10,5,40,0
2021,11,10,5,50,0
2021,11,10,6,0,0
2021,11,10,6,10,0
2021,11,10,6,20,0
2021,11,10,6,30,0
2021,11,10,6,40,0
2021,11,10,6,50,0
2021,11,10,7,0,0
2021,11,10,7,10,0
2021,11,10,7,20,0
2021,11,10,7,30,0
2021,11,10,7,40,0
2021,11,10,7,50,0
2021,11,10,8,0,0
2021,11,10,8,10,0
2021,11,10,8,20,0
2021,11,10,8,30,0
2021,11,10,8,40,0
2021,11,10,8,50,0
2021,11,10,9,0,0
2021,11,10,9,10,0
2021,11,10,9,20,0
2021,11,10,9,30,0
2021,11,10,9,40,0
2021,11,10,9,50,19
2021,11,10,10,0,45
2021,11,10,10,10,84
2021,11,10,10,20,64
2021,11,10,10,30,146
2021,11,10,10,40,173
2021,11,10,10,50,240
2021,11,10,11,0,206
2021,11,10,11,10,330
2021,11,10,11,20,295
2021,11,10,11,30,194
2021,11,10,11,40,295
2021,11,10,11,50,162
2021,11,10,12,0,570
2021,11,10,12,10,612
2021,11,10,12,20,396
2021,11,10,12,30,453
2021,11,10,12,40,369
2021,11,10,12,50,524
2021,11,10,13,0,684
2021,11,10,13,10,630
2021,11,10,13,20,483
2021,11,10,13,30,761
2021,11,10,13,40,701
2021,11,10,13,50,969
2021,11,10,14,0,837
2021,11,10,14,10,812
2021,11,10,14,20,887
2021,11,10,14,30,925
2021,11,10,14,40,589
2021,11,10,14,50,971
2021,11,10,15,0,1074
2021,11,10,15,10,1086
2021,11,10,15,20,940
2021,11,10,15,30,962
2021,11,10,15,40,882
2021,11,10,15,50,1005
2021,11,10,16,0,916
2021,11,10,16,10,1027
2021,11,10,16,20,1167
2021,11,10,16,30,1018
2021,11,10,16,40,784
2021,11,10,16,50,961
2021,11,10,17,0,811
2021,11,10,17,10,931
2021,11,10,17,20,900
2021,11,10,17,30,965
2021,11,10,17,40,987
2021,11,10,17,50,1058
2021,11,10,18,0,1035
2021,11,10,18,10,913
2021,11,10,18,20,983
2021,11,10,18,30,955
2021,11,10,18,40,925
2021,11,10,18,50,893
2021,11,10,19,0,860
2021,11,10,19,10,826
2021,11,10,19,20,650
2021,11,10,19,30,752
2021,11,10,19,40,562
2021,11,10,19,50,667
2021,11,10,20,0,471
2021,11,10,20,10,472
2021,11,10,20,20,456
2021,11,10,20,30,469
2021,11,10,20,40,269
2021,11,10,20,50,319
2021,11,10,21,0,324
2021,11,10,21,10,270
2021,11,10,21,20,204
2021,11,10,21,30,177
2021,11,10,21,40,186
2021,11,10,21,50,145
2021,11,10,22,0,106
2021,11,10,22,10,70
2021,11,10,22,20,31
2021,11,10,22,30,11
2021,11,10,22,40,0
2021,11,10,22,50,0
2021,11,10,23,0,0
2021,11,10,23,10,0
2021,11,10,23,20,0
2021,11,10,23,30,0
2021,11,10,23,40,0
2021,11,10,23,50,0
2021,11,11,0,0,0
2021,11,11,0,10,0
2021,11,11,0,20,0
2021,11,11,0,30,0
2021,11,11,0,40,0
2021,11,11,0,50,0
2021,11,11,1,0,0
2021,11,11,1,10,0
2021,11,11,1,20,0
2021,11,11,1,30,0
2021,11,11,1,40,0
2021,11,11,1,50,0
2021,11,11,2,0,0
2021,11,11,2,10,0
2021,11,11,2,20,0
2021,11,11,2,30,0
2021,11,11,2,40,0
2021,11,11,2,50,0
2021,11,11,3,0,0
2021,11,11,3,10,0
2021,11,11,3,20,0
2021,11,11,3,30,0
2021,11,11,3,40,0
2021,11,11,3,50,0
2021,11,11,4,0,0
2021,11,11,4,10,0
2021,11,11,4,20,0
2021,11,11,4,30,0
2021,11,11,4,40,0
2021,11,11,4,50,0
2021,11,11,5,0,0
2021,11,11,5,10,0
2021,11,11,5,20,0
2021,11,11,5,30,0
2021,11,11,5,40,0
2021,11,11,5,50,0
2021,11,11,6,0,0
2021,11,11,6,10,0
2021,11,11,6,20,0
2021,11,11,6,30,0
2021,11,11,6,40,0
2021,11,11,6,50,0
2021,11,11,7,0,0
2021,11,11,7,10,0
2021,11,11,7,20,0
2021,11,11,7,30,0
2021,11,11,7,40,0
2021,11,11,7,50,0
2021,11,11,8,0,0
2021,11,11,8,10,0
2021,11,11,8,20,0
2021,11,11,8,30,0
2021,11,11,8,40,0
2021,11,11,8,50,0
2021,11,11,9,0,0
2021,11,11,9,10,0
2021,11,11,9,20,0
2021,11,11,9,30,0
2021,11,11,9,40,0
2021,11,11,9,50,21
2021,11,11,10,0,34
2021,11,11,10,10,33
2021,11,11,10,20,49
2021,11,11,10,30,46
2021,11,11,10,40,224
2021,11,11,10,50,129
2021,11,11,11,0,185
2021,11,11,11,10,14
2021,11,11,11,20,137
2021,11,11,11,30,310
2021,11,11,11,40,355
2021,11,11,11,50,344
2021,11,11,12,0,477
2021,11,11,12,10,612
2021,11,11,12,20,652
2021,11,11,12,30,527
2021,11,11,12,40,730
2021,11,11,12,50,767
2021,11,11,13,0,803
2021,11,11,13,10,838
2021,11,11,13,20,871
2021,11,11,13,30,803
2021,11,11,13,40,870
2021,11,11,13,50,961
2021,11,11,14,0,550
2021,11,11,14,10,992
2021,11,11,14,20,1035
2021,11,11,14,30,1057
2021,11,11,14,40,886
2021,11,11,14,50,1041
2021,11,11,15,0,1055
2021,11,11,15,10,1040
2021,11,11,15,20,1127
2021,11,11,15,30,1136
2021,11,11,15,40,1047
2021,11,11,15,50,1146
2021,11,11,16,0,1149
2021,11,11,16,10,1149
2021,11,11,16,20,1008
2021,11,11,16,30,1143
2021,11,11,16,40,1089
2021,11,11,16,50,1128
2021,11,11,17,0,1118
2021,11,11,17,10,1050
2021,11,11,17,20,1091
2021,11,11,17,30,1031
2021,11,11,17,40,1014
2021,11,11,17,50,1031
2021,11,11,18,0,1009
2021,11,11,18,10,984
2021,11,11,18,20,653
2021,11,11,18,30,755
2021,11,11,18,40,825
2021,11,11,18,50,765
2021,11,11,19,0,435
2021,11,11,19,10,648
2021,11,11,19,20,767
2021,11,11,19,30,642
2021,11,11,19,40,651
2021,11,11,19,50,617
2021,11,11,20,0,551
2021,11,11,20,10,520
2021,11,11,20,20,487
2021,11,11,20,30,490
2021,11,11,20,40,447
2021,11,11,20,50,404
2021,11,11,21,0,360
2021,11,11,21,10,317
2021,11,11,21,20,274
2021,11,11,21,30,231
2021,11,11,21,40,189
2021,11,11,21,50,148
2021,11,11,22,0,109
2021,11,11,22,10,73
2021,11,11,22,20,42
2021,11,11,22,30,18
2021,11,11,22,40,0
2021,11,11,22,50,0
2021,11,11,23,0,0
2021,11,11,23,10,0
2021,11,11,23,20,0
2021,11,11,23,30,0
2021,11,11,23,40,0
2021,11,11,23,50,0
2021,11,12,0,0,0
2021,11,12,0,10,0
2021,11,12,0,20,0
2021,11,12,0,30,0
2021,11,12,0,40,0
2021,11,12,0,50,0
2021,11,12,1,0,0
2021,11,12,1,10,0
2021,11,12,1,20,0
2021,11,12,1,30,0
2021,11,12,1,40,0
2021,11,12,1,50,0
2021,11,12,2,0,0
2021,11,12,2,10,0
2021,11,12,2,20,0
2021,11,12,2,30,0
2021,11,12,2,40,0
2021,11,12,2,50,0
2021,11,12,3,0,0
2021,11,12,3,10,0
2021,11,12,3,20,0
2021,11,12,3,30,0
2021,11,12,3,40,0
2021,11,12,3,50,0
2021,11,12,4,0,0
2021,11,12,4,10,0
2021,11,12,4,20,0
2021,11,12,4,30,0
2021,11,12,4,40,0
2021,11,12,4,50,0
2021,11,12,5,0,0
2021,11,12,5,10,0
2021,11,12,5,20,0
2021,11,12,5,30,0
2021,11,12,5,40,0
2021,11,12,5,50,0
2021,11,12,6,0,0
2021,11,12,6,10,0
2021,11,12,6,20,0
2021,11,12,6,30,0
2021,11,12,6,40,0
2021,11,12,6,50,0
2021,11,12,7,0,0
2021,11,12,7,10,0
2021,11,12,7,20,0
2021,11,12,7,30,0
2021,11,12,7,40,0
2021,11,12,7,50,0
2021,11,12,8,0,0
2021,11,12,8,10,0
2021,11,12,8,20,0
2021,11,12,8,30,0
2021,11,12,8,40,0
2021,11,12,8,50,0
2021,11,12,9,0,0
2021,11,12,9,10,0
2021,11,12,9,20,0
2021,11,12,9,30,0
2021,11,12,9,40,5
2021,11,12,9,50,21
2021,11,12,10,0,48
2021,11,12,10,10,42
2021,11,12,10,20,65
2021,11,12,10,30,124
2021,11,12,10,40,29
2021,11,12,10,50,163
2021,11,12,11,0,201
2021,11,12,11,10,141
2021,11,12,11,20,312
2021,11,12,11,30,347
2021,11,12,11,40,388
2021,11,12,11,50,456
2021,11,12,12,0,532
2021,11,12,12,10,574
2021,11,12,12,20,623
2021,11,12,12,30,663
2021,11,12,12,40,639
2021,11,12,12,50,782
2021,11,12,13,0,746
2021,11,12,13,10,853
2021,11,12,13,20,886
2021,11,12,13,30,787
2021,11,12,13,40,778
2021,11,12,13,50,788
2021,11,12,14,0,918
2021,11,12,14,10,830
2021,11,12,14,20,883
2021,11,12,14,30,893
2021,11,12,14,40,894
2021,11,12,14,50,979
2021,11,12,15,0,1121
2021,11,12,15,10,1005
2021,11,12,15,20,975
2021,11,12,15,30,996
2021,11,12,15,40,1013
2021,11,12,15,50,952
2021,11,12,16,0,975
2021,11,12,16,10,787
2021,11,12,16,20,879
2021,11,12,16,30,858
2021,11,12,16,40,905
2021,11,12,16,50,935
2021,11,12,17,0,904
2021,11,12,17,10,918
2021,11,12,17,20,922
2021,11,12,17,30,915
2021,11,12,17,40,829
2021,11,12,17,50,763
2021,11,12,18,0,817
2021,11,12,18,10,682
2021,11,12,18,20,766
2021,11,12,18,30,740
2021,11,12,18,40,729
2021,11,12,18,50,802
2021,11,12,19,0,702
2021,11,12,19,10,650
2021,11,12,19,20,768
2021,11,12,19,30,579
2021,11,12,19,40,407
2021,11,12,19,50,298
2021,11,12,20,0,476
2021,11,12,20,10,283
2021,11,12,20,20,205
2021,11,12,20,30,199
2021,11,12,20,40,273
2021,11,12,20,50,291
2021,11,12,21,0,108
2021,11,12,21,10,151
2021,11,12,21,20,222
2021,11,12,21,30,66
2021,11,12,21,40,132
2021,11,12,21,50,114
2021,11,12,22,0,86
2021,11,12,22,10,55
2021,11,12,22,20,42
2021,11,12,22,30,18
2021,11,12,22,40,0
2021,11,12,22,50,0
2021,11,12,23,0,0
2021,11,12,23,10,0
2021,11,12,23,20,0
2021,11,12,23,30,0
2021,11,12,23,40,0
2021,11,12,23,50,0
2021,11,13,0,0,0
2021,11,13,0,10,0
2021,11,13,0,20,0
2021,11,13,0,30,0
2021,11,13,0,40,0
2021,11,13,0,50,0
2021,11,13,1,0,0
2021,11,13,1,10,0
2021,11,13,1,20,0
2021,11,13,1,30,0
2021,11,13,1,40,0
2021,11,13,1,50,0
2021,11,13,2,0,0
2021,11,13,2,10,0
2021,11,13,2,20,0
2021,11,13,2,30,0
2021,11,13,2,40,0
2021,11,13,2,50,0
2021,11,13,3,0,0
2021,11,13,3,10,0
2021,11,13,3,20,0
2021,11,13,3,30,0
2021,11,13,3,40,0
2021,11,13,3,50,0
2021,11,13,4,0,0
2021,11,13,4,10,0
2021,11,13,4,20,0
2021,11,13,4,30,0
2021,11,13,4,40,0
2021,11,13,4,50,0
2021,11,13,5,0,0
2021,11,13,5,10,0
2021,11,13,5,20,0
2021,11,13,5,30,0
2021,11,13,5,40,0
2021,11,13,5,50,0
2021,11,13,6,0,0
2021,11,13,6,10,0
2021,11,13,6,20,0
2021,11,13,6,30,0
2021,11,13,6,40,0
2021,11,13,6,50,0
2021,11,13,7,0,0
2021,11,13,7,10,0
2021,11,13,7,20,0
2021,11,13,7,30,0
2021,11,13,7,40,0
2021,11,13,7,50,0
2021,11,13,8,0,0
2021,11,13,8,10,0
2021,11,13,8,20,0
2021,11,13,8,30,0
2021,11,13,8,40,0
2021,11,13,8,50,0
2021,11,13,9,0,0
2021,11,13,9,10,0
2021,11,13,9,20,0
2021,11,13,9,30,0
2021,11,13,9,40,5
2021,11,13,9,50,35
2021,11,13,10,0,41
2021,11,13,10,10,82
2021,11,13,10,20,128
2021,11,13,10,30,176
2021,11,13,10,40,222
2021,11,13,10,50,148
2021,11,13,11,0,185
2021,11,13,11,10,242
2021,11,13,11,20,287
2021,11,13,11,30,380
2021,11,13,11,40,429
2021,11,13,11,50,419
2021,11,13,12,0,507
2021,11,13,12,10,613
2021,11,13,12,20,514
2021,11,13,12,30,693
2021,11,13,12,40,603
2021,11,13,12,50,662
2021,11,13,13,0,806
2021,11,13,13,10,841
2021,11,13,13,20,874
2021,11,13,13,30,906
2021,11,13,13,40,936
2021,11,13,13,50,965
2021,11,13,14,0,919
2021,11,13,14,10,918
2021,11,13,14,20,887
2021,11,13,14,30,945
2021,11,13,14,40,1003
2021,11,13,14,50,1001
2021,11,13,15,0,940
2021,11,13,15,10,1001
2021,11,13,15,20,1019
2021,11,13,15,30,1015
2021,11,13,15,40,1150
2021,11,13,15,50,1154
2021,11,13,16,0,1047
2021,11,13,16,10,1093
2021,11,13,16,20,873
2021,11,13,16,30,949
2021,11,13,16,40,420
2021,11,13,16,50,838
2021,11,13,17,0,825
2021,11,13,17,10,1113
2021,11,13,17,20,1098
2021,11,13,17,30,979
2021,11,13,17,40,567
2021,11,13,17,50,1039
2021,11,13,18,0,797
2021,11,13,18,10,993
2021,11,13,18,20,966
2021,11,13,18,30,939
2021,11,13,18,40,749
2021,11,13,18,50,878
2021,11,13,19,0,845
2021,11,13,19,10,811
2021,11,13,19,20,775
2021,11,13,19,30,738
2021,11,13,19,40,698
2021,11,13,19,50,659
2021,11,13,20,0,619
2021,11,13,20,10,578
2021,11,13,20,20,536
2021,11,13,20,30,494
2021,11,13,20,40,449
2021,11,13,20,50,406
2021,11,13,21,0,362
2021,11,13,21,10,319
2021,11,13,21,20,275
2021,11,13,21,30,232
2021,11,13,21,40,189
2021,11,13,21,50,131
2021,11,13,22,0,85
2021,11,13,22,10,55
2021,11,13,22,20,34
2021,11,13,22,30,14
2021,11,13,22,40,0
2021,11,13,22,50,0
2021,11,13,23,0,0
2021,11,13,23,10,0
2021,11,13,23,20,0
2021,11,13,23,30,0
2021,11,13,23,40,0
2021,11,13,23,50,0
2021,11,14,0,0,0
2021,11,14,0,10,0
2021,11,14,0,20,0
2021,11,14,0,30,0
2021,11,14,0,40,0
2021,11,14,0,50,0
2021,11,14,1,0,0
2021,11,14,1,10,0
2021,11,14,1,20,0
2021,11,14,1,30,0
2021,11,14,1,40,0
2021,11,14,1,50,0
2021,11,14,2,0,0
2021,11,14,2,10,0
2021,11,14,2,20,0
2021,11,14,2,30,0
2021,11,14,2,40,0
2021,11,14,2,50,0
2021,11,14,3,0,0
2021,11,14,3,10,0
2021,11,14,3,20,0
2021,11,14,3,30,0
2021,11,14,3,40,0
2021,11,14,3,50,0
2021,11,14,4,0,0
2021,11,14,4,10,0
2021,11,14,4,20,0
2021,11,14,4,30,0
2021,11,14,4,40,0
2021,11,14,4,50,0
2021,11,14,5,0,0
2021,11,14,5,10,0
2021,11,14,5,20,0
2021,11,14,5,30,0
2021,11,14,5,40,0
2021,11,14,5,50,0
2021,11,14,6,0,0
2021,11,14,6,10,0
2021,11,14,6,20,0
2021,11,14,6,30,0
2021,11,14,6,40,0
2021,11,14,6,50,0
2021,11,14,7,0,0
2021,11,14,7,10,0
2021,11,14,7,20,0
2021,11,14,7,30,0
2021,11,14,7,40,0
2021,11,14,7,50,0
2021,11,14,8,0,0
2021,11,14,8,10,0
2021,11,14,8,20,0
2021,11,14,8,30,0
2021,11,14,8,40,0
2021,11,14,8,50,0
2021,11,14,9,0,0
2021,11,14,9,10,0
2021,11,14,9,20,0
2021,11,14,9,30,0
2021,11,14,9,40,17
2021,11,14,9,50,45
2021,11,14,10,0,79
2021,11,14,10,10,119
2021,11,14,10,20,87
2021,11,14,10,30,205
2021,11,14,10,40,155
2021,11,14,10,50,295
2021,11,14,11,0,341
2021,11,14,11,10,387
2021,11,14,11,20,433
2021,11,14,11,30,479
2021,11,14,11,40,524
2021,11,14,11,50,568
2021,11,14,12,0,612
2021,11,14,12,10,648
2021,11,14,12,20,690
2021,11,14,12,30,612
2021,11,14,12,40,642
2021,11,14,12,50,678
2021,11,14,13,0,731
2021,11,14,13,10,746
2021,11,14,13,20,815
2021,11,14,13,30,948
2021,11,14,13,40,978
2021,11,14,13,50,1000
2021,11,14,14,0,872
2021,11,14,14,10,930
2021,11,14,14,20,929
2021,11,14,14,30,1098
2021,11,14,14,40,1002
2021,11,14,14,50,1128
2021,11,14,15,0,1143
2021,11,14,15,10,1156
2021,11,14,15,20,1168
2021,11,14,15,30,1177
2021,11,14,15,40,1177
2021,11,14,15,50,1182
2021,11,14,16,0,1185
2021,11,14,16,10,1180
2021,11,14,16,20,1178
2021,11,14,16,30,1119
2021,11,14,16,40,1167
2021,11,14,16,50,1035
2021,11,14,17,0,1093
2021,11,14,17,10,456
2021,11,14,17,20,895
2021,11,14,17,30,1096
2021,11,14,17,40,1071
2021,11,14,17,50,1006
2021,11,14,18,0,175
2021,11,14,18,10,769
2021,11,14,18,20,818
2021,11,14,18,30,944
2021,11,14,18,40,912
2021,11,14,18,50,881
2021,11,14,19,0,845
2021,11,14,19,10,811
2021,11,14,19,20,774
2021,11,14,19,30,737
2021,11,14,19,40,696
2021,11,14,19,50,656
2021,11,14,20,0,616
2021,11,14,20,10,576
2021,11,14,20,20,532
2021,11,14,20,30,490
2021,11,14,20,40,442
2021,11,14,20,50,399
2021,11,14,21,0,355
2021,11,14,21,10,312
2021,11,14,21,20,270
2021,11,14,21,30,228
2021,11,14,21,40,187
2021,11,14,21,50,147
2021,11,14,22,0,109
2021,11,14,22,10,74
2021,11,14,22,20,44
2021,11,14,22,30,20
2021,11,14,22,40,0
2021,11,14,22,50,0
2021,11,14,23,0,0
2021,11,14,23,10,0
2021,11,14,23,20,0
2021,11,14,23,30,0
2021,11,14,23,40,0
2021,11,14,23,50,0
2021,11,15,0,0,0
2021,11,15,0,10,0
2021,11,15,0,20,0
2021,11,15,0,30,0
2021,11,15,0,40,0
2021,11,15,0,50,0
2021,11,15,1,0,0
2021,11,15,1,10,0
2021,11,15,1,20,0
2021,11,15,1,30,0
2021,11,15,1,40,0
2021,11,15,1,50,0
2021,11,15,2,0,0
2021,11,15,2,10,0
2021,11,15,2,20,0
2021,11,15,2,30,0
2021,11,15,2,40,0
2021,11,15,2,50,0
2021,11,15,3,0,0
2021,11,15,3,10,0
2021,11,15,3,20,0
2021,11,15,3,30,0
2021,11,15,3,40,0
2021,11,15,3,50,0
2021,11,15,4,0,0
2021,11,15,4,10,0
2021,11,15,4,20,0
2021,11,15,4,30,0
2021,11,15,4,40,0
2021,11,15,4,50,0
2021,11,15,5,0,0
2021,11,15,5,10,0
2021,11,15,5,20,0
2021,11,15,5,30,0
2021,11,15,5,40,0
2021,11,15,5,50,0
2021,11,15,6,0,0
2021,11,15,6,10,0
2021,11,15,6,20,0
2021,11,15,6,30,0
2021,11,15,6,40,0
2021,11,15,6,50,0
2021,11,15,7,0,0
2021,11,15,7,10,0
2021,11,15,7,20,0
2021,11,15,7,30,0
2021,11,15,7,40,0
2021,11,15,7,50,0
2021,11,15,8,0,0
2021,11,15,8,10,0
2021,11,15,8,20,0
2021,11,15,8,30,0
2021,11,15,8,40,0
2021,11,15,8,50,0
2021,11,15,9,0,0
2021,11,15,9,10,0
2021,11,15,9,20,0
2021,11,15,9,30,0
2021,11,15,9,40,5
2021,11,15,9,50,17
2021,11,15,10,0,31
2021,11,15,10,10,41
2021,11,15,10,20,76
2021,11,15,10,30,63
2021,11,15,10,40,158
2021,11,15,10,50,233
2021,11,15,11,0,257
2021,11,15,11,10,255
2021,11,15,11,20,336
2021,11,15,11,30,365
2021,11,15,11,40,395
2021,11,15,11,50,440
2021,11,15,12,0,484
2021,11,15,12,10,514
2021,11,15,12,20,562
2021,11,15,12,30,606
2021,11,15,12,40,639
2021,11,15,12,50,683
2021,11,15,13,0,709
2021,11,15,13,10,844
2021,11,15,13,20,878
2021,11,15,13,30,910
2021,11,15,13,40,939
2021,11,15,13,50,968
2021,11,15,14,0,994
2021,11,15,14,10,914
2021,11,15,14,20,948
2021,11,15,14,30,971
2021,11,15,14,40,979
2021,11,15,14,50,1104
2021,11,15,15,0,1119
2021,11,15,15,10,1133
2021,11,15,15,20,1019
2021,11,15,15,30,1149
2021,11,15,15,40,1155
2021,11,15,15,50,1160
2021,11,15,16,0,1163
2021,11,15,16,10,1163
2021,11,15,16,20,1161
2021,11,15,16,30,1157
2021,11,15,16,40,1028
2021,11,15,16,50,1143
2021,11,15,17,0,1132
2021,11,15,17,10,965
2021,11,15,17,20,961
2021,11,15,17,30,1086
2021,11,15,17,40,971
2021,11,15,17,50,1046
2021,11,15,18,0,1024
2021,11,15,18,10,999
2021,11,15,18,20,973
2021,11,15,18,30,943
2021,11,15,18,40,911
2021,11,15,18,50,879
2021,11,15,19,0,847
2021,11,15,19,10,810
2021,11,15,19,20,775
2021,11,15,19,30,687
2021,11,15,19,40,561
2021,11,15,19,50,472
2021,11,15,20,0,456
2021,11,15,20,10,415
2021,11,15,20,20,382
2021,11,15,20,30,433
2021,11,15,20,40,444
2021,11,15,20,50,371
2021,11,15,21,0,358
2021,11,15,21,10,186
2021,11,15,21,20,199
2021,11,15,21,30,180
2021,11,15,21,40,189
2021,11,15,21,50,149
2021,11,15,22,0,95
2021,11,15,22,10,58
2021,11,15,22,20,38
2021,11,15,22,30,16
2021,11,15,22,40,0
2021,11,15,22,50,0
2021,11,15,23,0,0
2021,11,15,23,10,0
2021,11,15,23,20,0
2021,11,15,23,30,0
2021,11,15,23,40,0
2021,11,15,23,50,0
2021,11,16,0,0,0
2021,11,16,0,10,0
2021,11,16,0,20,0
2021,11,16,0,30,0
2021,11,16,0,40,0
2021,11,16,0,50,0
2021,11,16,1,0,0
2021,11,16,1,10,0
2021,11,16,1,20,0
2021,11,16,1,30,0
2021,11,16,1,40,0
2021,11,16,1,50,0
2021,11,16,2,0,0
2021,11,16,2,10,0
2021,11,16,2,20,0
2021,11,16,2,30,0
2021,11,16,2,40,0
2021,11,16,2,50,0
2021,11,16,3,0,0
2021,11,16,3,10,0
2021,11,16,3,20,0
2021,11,16,3,30,0
2021,11,16,3,40,0
2021,11,16,3,50,0
2021,11,16,4,0,0
2021,11,16,4,10,0
2021,11,16,4,20,0
2021,11,16,4,30,0
2021,11,16,4,40,0
2021,11,16,4,50,0
2021,11,16,5,0,0
2021,11,16,5,10,0
2021,11,16,5,20,0
2021,11,16,5,30,0
2021,11,16,5,40,0
2021,11,16,5,50,0
2021,11,16,6,0,0
2021,11,16,6,10,0
2021,11,16,6,20,0
2021,11,16,6,30,0
2021,11,16,6,40,0
2021,11,16,6,50,0
2021,11,16,7,0,0
2021,11,16,7,10,0
2021,11,16,7,20,0
2021,11,16,7,30,0
2021,11,16,7,40,0
2021,11,16,7,50,0
2021,11,16,8,0,0
2021,11,16,8,10,0
2021,11,16,8,20,0
2021,11,16,8,30,0
2021,11,16,8,40,0
2021,11,16,8,50,0
2021,11,16,9,0,0
2021,11,16,9,10,0
2021,11,16,9,20,0
2021,11,16,9,30,0
2021,11,16,9,40,16
2021,11,16,9,50,40
2021,11,16,10,0,53
2021,11,16,10,10,53
2021,11,16,10,20,147
2021,11,16,10,30,189
2021,11,16,10,40,232
2021,11,16,10,50,275
2021,11,16,11,0,319
2021,11,16,11,10,363
2021,11,16,11,20,407
2021,11,16,11,30,450
2021,11,16,11,40,493
2021,11,16,11,50,536
2021,11,16,12,0,578
2021,11,16,12,10,620
2021,11,16,12,20,661
2021,11,16,12,30,700
2021,11,16,12,40,738
2021,11,16,12,50,776
2021,11,16,13,0,809
2021,11,16,13,10,844
2021,11,16,13,20,877
2021,11,16,13,30,908
2021,11,16,13,40,938
2021,11,16,13,50,966
2021,11,16,14,0,993
2021,11,16,14,10,1018
2021,11,16,14,20,1041
2021,11,16,14,30,1060
2021,11,16,14,40,1078
2021,11,16,14,50,1095
2021,11,16,15,0,1111
2021,11,16,15,10,1124
2021,11,16,15,20,1135
2021,11,16,15,30,1144
2021,11,16,15,40,1146
2021,11,16,15,50,1151
2021,11,16,16,0,1154
2021,11,16,16,10,948
2021,11,16,16,20,751
2021,11,16,16,30,651
2021,11,16,16,40,729
2021,11,16,16,50,587
2021,11,16,17,0,341
2021,11,16,17,10,236
2021,11,16,17,20,358
2021,11,16,17,30,167
2021,11,16,17,40,111
2021,11,16,17,50,104
2021,11,16,18,0,87
2021,11,16,18,10,43
2021,11,16,18,20,164
2021,11,16,18,30,169
2021,11,16,18,40,678
2021,11,16,18,50,199
2021,11,16,19,0,414
2021,11,16,19,10,658
2021,11,16,19,20,681
2021,11,16,19,30,732
2021,11,16,19,40,694
2021,11,16,19,50,655
2021,11,16,20,0,616
2021,11,16,20,10,575
2021,11,16,20,20,532
2021,11,16,20,30,491
2021,11,16,20,40,447
2021,11,16,20,50,404
2021,11,16,21,0,298
2021,11,16,21,10,240
2021,11,16,21,20,201
2021,11,16,21,30,234
2021,11,16,21,40,193
2021,11,16,21,50,153
2021,11,16,22,0,115
2021,11,16,22,10,79
2021,11,16,22,20,48
2021,11,16,22,30,23
2021,11,16,22,40,0
2021,11,16,22,50,0
2021,11,16,23,0,0
2021,11,16,23,10,0
2021,11,16,23,20,0
2021,11,16,23,30,0
2021,11,16,23,40,0
2021,11,16,23,50,0
2021,11,17,0,0,0
2021,11,17,0,10,0
2021,11,17,0,20,0
2021,11,17,0,30,0
2021,11,17,0,40,0
2021,11,17,0,50,0
2021,11,17,1,0,0
2021,11,17,1,10,0
2021,11,17,1,20,0
2021,11,17,1,30,0
2021,11,17,1,40,0
2021,11,17,1,50,0
2021,11,17,2,0,0
2021,11,17,2,10,0
2021,11,17,2,20,0
2021,11,17,2,30,0
2021,11,17,2,40,0
2021,11,17,2,50,0
2021,11,17,3,0,0
2021,11,17,3,10,0
2021,11,17,3,20,0
2021,11,17,3,30,0
2021,11,17,3,40,0
2021,11,17,3,50,0
2021,11,17,4,0,0
2021,11,17,4,10,0
2021,11,17,4,20,0
2021,11,17,4,30,0
2021,11,17,4,40,0
2021,11,17,4,50,0
2021,11,17,5,0,0
2021,11,17,5,10,0
2021,11,17,5,20,0
2021,11,17,5,30,0
2021,11,17,5,40,0
2021,11,17,5,50,0
2021,11,17,6,0,0
2021,11,17,6,10,0
2021,11,17,6,20,0
2021,11,17,6,30,0
2021,11,17,6,40,0
2021,11,17,6,50,0
2021,11,17,7,0,0
2021,11,17,7,10,0
2021,11,17,7,20,0
2021,11,17,7,30,0
2021,11,17,7,40,0
2021,11,17,7,50,0
2021,11,17,8,0,0
2021,11,17,8,10,0
2021,11,17,8,20,0
2021,11,17,8,30,0
2021,11,17,8,40,0
2021,11,17,8,50,0
2021,11,17,9,0,0
2021,11,17,9,10,0
2021,11,17,9,20,0
2021,11,17,9,30,0
2021,11,17,9,40,17
2021,11,17,9,50,22
2021,11,17,10,0,38
2021,11,17,10,10,111
2021,11,17,10,20,150
2021,11,17,10,30,68
2021,11,17,10,40,83
2021,11,17,10,50,114
2021,11,17,11,0,230
2021,11,17,11,10,110
2021,11,17,11,20,220
2021,11,17,11,30,309
2021,11,17,11,40,346
2021,11,17,11,50,426
2021,11,17,12,0,480
2021,11,17,12,10,446
2021,11,17,12,20,661
2021,11,17,12,30,700
2021,11,17,12,40,738
2021,11,17,12,50,775
2021,11,17,13,0,811
2021,11,17,13,10,848
2021,11,17,13,20,881
2021,11,17,13,30,913
2021,11,17,13,40,943
2021,11,17,13,50,972
2021,11,17,14,0,866
2021,11,17,14,10,730
2021,11,17,14,20,1046
2021,11,17,14,30,1067
2021,11,17,14,40,1086
2021,11,17,14,50,1104
2021,11,17,15,0,1119
2021,11,17,15,10,1132
2021,11,17,15,20,1087
2021,11,17,15,30,912
2021,11,17,15,40,1163
2021,11,17,15,50,1167
2021,11,17,16,0,1009
2021,11,17,16,10,1171
2021,11,17,16,20,1169
2021,11,17,16,30,1165
2021,11,17,16,40,622
2021,11,17,16,50,1151
2021,11,17,17,0,1141
2021,11,17,17,10,1129
2021,11,17,17,20,1114
2021,11,17,17,30,1098
2021,11,17,17,40,1034
2021,11,17,17,50,1059
2021,11,17,18,0,1037
2021,11,17,18,10,1013
2021,11,17,18,20,987
2021,11,17,18,30,959
2021,11,17,18,40,930
2021,11,17,18,50,899
2021,11,17,19,0,641
2021,11,17,19,10,832
2021,11,17,19,20,797
2021,11,17,19,30,660
2021,11,17,19,40,627
2021,11,17,19,50,686
2021,11,17,20,0,603
2021,11,17,20,10,519
2021,11,17,20,20,375
2021,11,17,20,30,520
2021,11,17,20,40,477
2021,11,17,20,50,433
2021,11,17,21,0,389
2021,11,17,21,10,345
2021,11,17,21,20,299
2021,11,17,21,30,255
2021,11,17,21,40,213
2021,11,17,21,50,171
2021,11,17,22,0,130
2021,11,17,22,10,60
2021,11,17,22,20,41
2021,11,17,22,30,28
2021,11,17,22,40,0
2021,11,17,22,50,0
2021,11,17,23,0,0
2021,11,17,23,10,0
2021,11,17,23,20,0
2021,11,17,23,30,0
2021,11,17,23,40,0
2021,11,17,23,50,0
2021,11,18,0,0,0
2021,11,18,0,10,0
2021,11,18,0,20,0
2021,11,18,0,30,0
2021,11,18,0,40,0
2021,11,18,0,50,0
2021,11,18,1,0,0
2021,11,18,1,10,0
2021,11,18,1,20,0
2021,11,18,1,30,0
2021,11,18,1,40,0
2021,11,18,1,50,0
2021,11,18,2,0,0
2021,11,18,2,10,0
2021,11,18,2,20,0
2021,11,18,2,30,0
2021,11,18,2,40,0
2021,11,18,2,50,0
2021,11,18,3,0,0
2021,11,18,3,10,0
2021,11,18,3,20,0
2021,11,18,3,30,0
2021,11,18,3,40,0
2021,11,18,3,50,0
2021,11,18,4,0,0
2021,11,18,4,10,0
2021,11,18,4,20,0
2021,11,18,4,30,0
2021,11,18,4,40,0
2021,11,18,4,50,0
2021,11,18,5,0,0
2021,11,18,5,10,0
2021,11,18,5,20,0
2021,11,18,5,30,0
2021,11,18,5,40,0
2021,11,18,5,50,0
2021,11,18,6,0,0
2021,11,18,6,10,0
2021,11,18,6,20,0
2021,11,18,6,30,0
2021,11,18,6,40,0
2021,11,18,6,50,0
2021,11,18,7,0,0
2021,11,18,7,10,0
2021,11,18,7,20,0
2021,11,18,7,30,0
2021,11,18,7,40,0
2021,11,18,7,50,0
2021,11,18,8,0,0
2021,11,18,8,10,0
2021,11,18,8,20,0
2021,11,18,8,30,0
2021,11,18,8,40,0
2021,11,18,8,50,0
2021,11,18,9,0,0
2021,11,18,9,10,0
2021,11,18,9,20,0
2021,11,18,9,30,0
2021,11,18,9,40,9
2021,11,18,9,50,33
2021,11,18,10,0,84
2021,11,18,10,10,124
2021,11,18,10,20,85
2021,11,18,10,30,210
2021,11,18,10,40,157
2021,11,18,10,50,195
2021,11,18,11,0,346
2021,11,18,11,10,392
2021,11,18,11,20,438
2021,11,18,11,30,483
2021,11,18,11,40,528
2021,11,18,11,50,572
2021,11,18,12,0,616
2021,11,18,12,10,659
2021,11,18,12,20,701
2021,11,18,12,30,741
2021,11,18,12,40,781
2021,11,18,12,50,819
2021,11,18,13,0,856
2021,11,18,13,10,892
2021,11,18,13,20,926
2021,11,18,13,30,958
2021,11,18,13,40,989
2021,11,18,13,50,1018
2021,11,18,14,0,1046
2021,11,18,14,10,1071
2021,11,18,14,20,1095
2021,11,18,14,30,1117
2021,11,18,14,40,1137
2021,11,18,14,50,1155
2021,11,18,15,0,1171
2021,11,18,15,10,1184
2021,11,18,15,20,1196
2021,11,18,15,30,1205
2021,11,18,15,40,1212
2021,11,18,15,50,1207
2021,11,18,16,0,1210
2021,11,18,16,10,1210
2021,11,18,16,20,1209
2021,11,18,16,30,1205
2021,11,18,16,40,1199
2021,11,18,16,50,1191
2021,11,18,17,0,1181
2021,11,18,17,10,1160
2021,11,18,17,20,1146
2021,11,18,17,30,1129
2021,11,18,17,40,1111
2021,11,18,17,50,1084
2021,11,18,18,0,1062
2021,11,18,18,10,1037
2021,11,18,18,20,1011
2021,11,18,18,30,978
2021,11,18,18,40,947
2021,11,18,18,50,916
2021,11,18,19,0,884
2021,11,18,19,10,845
2021,11,18,19,20,810
2021,11,18,19,30,773
2021,11,18,19,40,732
2021,11,18,19,50,689
2021,11,18,20,0,649
2021,11,18,20,10,608
2021,11,18,20,20,566
2021,11,18,20,30,521
2021,11,18,20,40,476
2021,11,18,20,50,432
2021,11,18,21,0,388
2021,11,18,21,10,344
2021,11,18,21,20,300
2021,11,18,21,30,255
2021,11,18,21,40,210
2021,11,18,21,50,168
2021,11,18,22,0,128
2021,11,18,22,10,91
2021,11,18,22,20,57
2021,11,18,22,30,28
2021,11,18,22,40,0
2021,11,18,22,50,0
2021,11,18,23,0,0
2021,11,18,23,10,0
2021,11,18,23,20,0
2021,11,18,23,30,0
2021,11,18,23,40,0
2021,11,18,23,50,0
2021,11,19,0,0,0
2021,11,19,0,10,0
2021,11,19,0,20,0
2021,11,19,0,30,0
2021,11,19,0,40,0
2021,11,19,0,50,0
2021,11,19,1,0,0
2021,11,19,1,10,0
2021,11,19,1,20,0
2021,11,19,1,30,0
2021,11,19,1,40,0
2021,11,19,1,50,0
2021,11,19,2,0,0
2021,11,19,2,10,0
2021,11,19,2,20,0
2021,11,19,2,30,0
2021,11,19,2,40,0
2021,11,19,2,50,0
2021,11,19,3,0,0
2021,11,19,3,10,0
2021,11,19,3,20,0
2021,11,19,3,30,0
2021,11,19,3,40,0
2021,11,19,3,50,0
2021,11,19,4,0,0
2021,11,19,4,10,0
2021,11,19,4,20,0
2021,11,19,4,30,0
2021,11,19,4,40,0
2021,11,19,4,50,0
2021,11,19,5,0,0
2021,11,19,5,10,0
2021,11,19,5,20,0
2021,11,19,5,30,0
2021,11,19,5,40,0
2021,11,19,5,50,0
2021,11,19,6,0,0
2021,11,19,6,10,0
2021,11,19,6,20,0
2021,11,19,6,30,0
2021,11,19,6,40,0
2021,11,19,6,50,0
2021,11,19,7,0,0
2021,11,19,7,10,0
2021,11,19,7,20,0
2021,11,19,7,30,0
2021,11,19,7,40,0
2021,11,19,7,50,0
2021,11,19,8,0,0
2021,11,19,8,10,0
2021,11,19,8,20,0
2021,11,19,8,30,0
2021,11,19,8,40,0
2021,11,19,8,50,0
2021,11,19,9,0,0
2021,11,19,9,10,0
2021,11,19,9,20,0
2021,11,19,9,30,0
2021,11,19,9,40,9
2021,11,19,9,50,24
2021,11,19,10,0,55
2021,11,19,10,10,88
2021,11,19,10,20,127
2021,11,19,10,30,157
2021,11,19,10,40,187
2021,11,19,10,50,254
2021,11,19,11,0,221
2021,11,19,11,10,263
2021,11,19,11,20,262
2021,11,19,11,30,357
2021,11,19,11,40,489
2021,11,19,11,50,397
2021,11,19,12,0,442
2021,11,19,12,10,616
2021,11,19,12,20,657
2021,11,19,12,30,697
2021,11,19,12,40,735
2021,11,19,12,50,773
2021,11,19,13,0,809
2021,11,19,13,10,844
2021,11,19,13,20,877
2021,11,19,13,30,910
2021,11,19,13,40,939
2021,11,19,13,50,967
2021,11,19,14,0,995
2021,11,19,14,10,1020
2021,11,19,14,20,1043
2021,11,19,14,30,1065
2021,11,19,14,40,1091
2021,11,19,14,50,1104
2021,11,19,15,0,1119
2021,11,19,15,10,1133
2021,11,19,15,20,1144
2021,11,19,15,30,1153
2021,11,19,15,40,1156
2021,11,19,15,50,1161
2021,11,19,16,0,1164
2021,11,19,16,10,1161
2021,11,19,16,20,1159
2021,11,19,16,30,1155
2021,11,19,16,40,1148
2021,11,19,16,50,1140
2021,11,19,17,0,1130
2021,11,19,17,10,1118
2021,11,19,17,20,1100
2021,11,19,17,30,1084
2021,11,19,17,40,1066
2021,11,19,17,50,1046
2021,11,19,18,0,1024
2021,11,19,18,10,1000
2021,11,19,18,20,974
2021,11,19,18,30,943
2021,11,19,18,40,917
2021,11,19,18,50,886
2021,11,19,19,0,853
2021,11,19,19,10,819
2021,11,19,19,20,784
2021,11,19,19,30,748
2021,11,19,19,40,713
2021,11,19,19,50,674
2021,11,19,20,0,634
2021,11,19,20,10,593
2021,11,19,20,20,552
2021,11,19,20,30,509
2021,11,19,20,40,467
2021,11,19,20,50,424
2021,11,19,21,0,380
2021,11,19,21,10,337
2021,11,19,21,20,294
2021,11,19,21,30,251
2021,11,19,21,40,209
2021,11,19,21,50,168
2021,11,19,22,0,128
2021,11,19,22,10,91
2021,11,19,22,20,57
2021,11,19,22,30,29
2021,11,19,22,40,0
2021,11,19,22,50,0
2021,11,19,23,0,0
2021,11,19,23,10,0
2021,11,19,23,20,0
2021,11,19,23,30,0
2021,11,19,23,40,0
2021,11,19,23,50,0
2021,11,20,0,0,0
2021,11,20,0,10,0
2021,11,20,0,20,0
2021,11,20,0,30,0
2021,11,20,0,40,0
2021,11,20,0,50,0
2021,11,20,1,0,0
2021,11,20,1,10,0
2021,11,20,1,20,0
2021,11,20,1,30,0
2021,11,20,1,40,0
2021,11,20,1,50,0
2021,11,20,2,0,0
2021,11,20,2,10,0
2021,11,20,2,20,0
2021,11,20,2,30,0
2021,11,20,2,40,0
2021,11,20,2,50,0
2021,11,20,3,0,0
2021,11,20,3,10,0
2021,11,20,3,20,0
2021,11,20,3,30,0
2021,11,20,3,40,0
2021,11,20,3,50,0
2021,11,20,4,0,0
2021,11,20,4,10,0
2021,11,20,4,20,0
2021,11,20,4,30,0
2021,11,20,4,40,0
2021,11,20,4,50,0
2021,11,20,5,0,0
2021,11,20,5,10,0
2021,11,20,5,20,0
2021,11,20,5,30,0
2021,11,20,5,40,0
2021,11,20,5,50,0
2021,11,20,6,0,0
2021,11,20,6,10,0
2021,11,20,6,20,0
2021,11,20,6,30,0
2021,11,20,6,40,0
2021,11,20,6,50,0
2021,11,20,7,0,0
2021,11,20,7,10,0
2021,11,20,7,20,0
2021,11,20,7,30,0
2021,11,20,7,40,0
2021,11,20,7,50,0
2021,11,20,8,0,0
2021,11,20,8,10,0
2021,11,20,8,20,0
2021,11,20,8,30,0
2021,11,20,8,40,0
2021,11,20,8,50,0
2021,11,20,9,0,0
2021,11,20,9,10,0
2021,11,20,9,20,0
2021,11,20,9,30,0
2021,11,20,9,40,11
2021,11,20,9,50,44
2021,11,20,10,0,49
2021,11,20,10,10,105
2021,11,20,10,20,141
2021,11,20,10,30,172
2021,11,20,10,40,188
2021,11,20,10,50,247
2021,11,20,11,0,188
2021,11,20,11,10,303
2021,11,20,11,20,266
2021,11,20,11,30,375
2021,11,20,11,40,432
2021,11,20,11,50,440
2021,11,20,12,0,575
2021,11,20,12,10,632
2021,11,20,12,20,404
2021,11,20,12,30,615
2021,11,20,12,40,636
2021,11,20,12,50,408
2021,11,20,13,0,826
2021,11,20,13,10,861
2021,11,20,13,20,895
2021,11,20,13,30,927
2021,11,20,13,40,957
2021,11,20,13,50,986
2021,11,20,14,0,1013
2021,11,20,14,10,1038
2021,11,20,14,20,1061
2021,11,20,14,30,1083
2021,11,20,14,40,1102
2021,11,20,14,50,1115
2021,11,20,15,0,1130
2021,11,20,15,10,1144
2021,11,20,15,20,1155
2021,11,20,15,30,1164
2021,11,20,15,40,1171
2021,11,20,15,50,1176
2021,11,20,16,0,1174
2021,11,20,16,10,1175
2021,11,20,16,20,1174
2021,11,20,16,30,1170
2021,11,20,16,40,1163
2021,11,20,16,50,1151
2021,11,20,17,0,1141
2021,11,20,17,10,1129
2021,11,20,17,20,1018
2021,11,20,17,30,985
2021,11,20,17,40,988
2021,11,20,17,50,1056
2021,11,20,18,0,926
2021,11,20,18,10,910
2021,11,20,18,20,890
2021,11,20,18,30,784
2021,11,20,18,40,832
2021,11,20,18,50,770
2021,11,20,19,0,772
2021,11,20,19,10,671
2021,11,20,19,20,571
2021,11,20,19,30,538
2021,11,20,19,40,715
2021,11,20,19,50,676
2021,11,20,20,0,507
2021,11,20,20,10,423
2021,11,20,20,20,552
2021,11,20,20,30,511
2021,11,20,20,40,467
2021,11,20,20,50,424
2021,11,20,21,0,381
2021,11,20,21,10,338
2021,11,20,21,20,295
2021,11,20,21,30,252
2021,11,20,21,40,209
2021,11,20,21,50,168
2021,11,20,22,0,129
2021,11,20,22,10,71
2021,11,20,22,20,48
2021,11,20,22,30,30
2021,11,20,22,40,0
2021,11,20,22,50,0
2021,11,20,23,0,0
2021,11,20,23,10,0
2021,11,20,23,20,0
2021,11,20,23,30,0
2021,11,20,23,40,0
2021,11,20,23,50,0
2021,11,21,0,0,0
2021,11,21,0,10,0
2021,11,21,0,20,0
2021,11,21,0,30,0
2021,11,21,0,40,0
2021,11,21,0,50,0
2021,11,21,1,0,0
2021,11,21,1,10,0
2021,11,21,1,20,0
2021,11,21,1,30,0
2021,11,21,1,40,0
2021,11,21,1,50,0
2021,11,21,2,0,0
2021,11,21,2,10,0
2021,11,21,2,20,0
2021,11,21,2,30,0
2021,11,21,2,40,0
2021,11,21,2,50,0
2021,11,21,3,0,0
2021,11,21,3,10,0
2021,11,21,3,20,0
2021,11,21,3,30,0
2021,11,21,3,40,0
2021,11,21,3,50,0
2021,11,21,4,0,0
2021,11,21,4,10,0
2021,11,21,4,20,0
2021,11,21,4,30,0
2021,11,21,4,40,0
2021,11,21,4,50,0
2021,11,21,5,0,0
2021,11,21,5,10,0
2021,11,21,5,20,0
2021,11,21,5,30,0
2021,11,21,5,40,0
2021,11,21,5,50,0
2021,11,21,6,0,0
2021,11,21,6,10,0
2021,11,21,6,20,0
2021,11,21,6,30,0
2021,11,21,6,40,0
2021,11,21,6,50,0
2021,11,21,7,0,0
2021,11,21,7,10,0
2021,11,21,7,20,0
2021,11,21,7,30,0
2021,11,21,7,40,0
2021,11,21,7,50,0
2021,11,21,8,0,0
2021,11,21,8,10,0
2021,11,21,8,20,0
2021,11,21,8,30,0
2021,11,21,8,40,0
2021,11,21,8,50,0
2021,11,21,9,0,0
2021,11,21,9,10,0
2021,11,21,9,20,0
2021,11,21,9,30,0
2021,11,21,9,40,17
2021,11,21,9,50,41
2021,11,21,10,0,71
2021,11,21,10,10,106
2021,11,21,10,20,145
2021,11,21,10,30,185
2021,11,21,10,40,227
2021,11,21,10,50,270
2021,11,21,11,0,313
2021,11,21,11,10,260
2021,11,21,11,20,400
2021,11,21,11,30,444
2021,11,21,11,40,487
2021,11,21,11,50,530
2021,11,21,12,0,572
2021,11,21,12,10,613
2021,11,21,12,20,654
2021,11,21,12,30,693
2021,11,21,12,40,732
2021,11,21,12,50,770
2021,11,21,13,0,806
2021,11,21,13,10,840
2021,11,21,13,20,873
2021,11,21,13,30,905
2021,11,21,13,40,936
2021,11,21,13,50,965
2021,11,21,14,0,991
2021,11,21,14,10,1017
2021,11,21,14,20,1040
2021,11,21,14,30,1061
2021,11,21,14,40,1082
2021,11,21,14,50,1100
2021,11,21,15,0,1115
2021,11,21,15,10,1128
2021,11,21,15,20,1140
2021,11,21,15,30,1149
2021,11,21,15,40,1157
2021,11,21,15,50,1162
2021,11,21,16,0,1164
2021,11,21,16,10,1165
2021,11,21,16,20,1164
2021,11,21,16,30,1160
2021,11,21,16,40,1153
2021,11,21,16,50,1145
2021,11,21,17,0,1088
2021,11,21,17,10,1043
2021,11,21,17,20,1058
2021,11,21,17,30,826
2021,11,21,17,40,468
2021,11,21,17,50,477
2021,11,21,18,0,275
2021,11,21,18,10,863
2021,11,21,18,20,979
2021,11,21,18,30,951
2021,11,21,18,40,803
2021,11,21,18,50,618
2021,11,21,19,0,858
2021,11,21,19,10,824
2021,11,21,19,20,708
2021,11,21,19,30,753
2021,11,21,19,40,675
2021,11,21,19,50,337
2021,11,21,20,0,348
2021,11,21,20,10,425
2021,11,21,20,20,285
2021,11,21,20,30,277
2021,11,21,20,40,118
2021,11,21,20,50,42
2021,11,21,21,0,14
2021,11,21,21,10,7
2021,11,21,21,20,6
2021,11,21,21,30,167
2021,11,21,21,40,178
2021,11,21,21,50,134
2021,11,21,22,0,107
2021,11,21,22,10,67
2021,11,21,22,20,41
2021,11,21,22,30,31
2021,11,21,22,40,0
2021,11,21,22,50,0
2021,11,21,23,0,0
2021,11,21,23,10,0
2021,11,21,23,20,0
2021,11,21,23,30,0
2021,11,21,23,40,0
2021,11,21,23,50,0
2021,11,22,0,0,0
2021,11,22,0,10,0
2021,11,22,0,20,0
2021,11,22,0,30,0
2021,11,22,0,40,0
2021,11,22,0,50,0
2021,11,22,1,0,0
2021,11,22,1,10,0
2021,11,22,1,20,0
2021,11,22,1,30,0
2021,11,22,1,40,0
2021,11,22,1,50,0
2021,11,22,2,0,0
2021,11,22,2,10,0
2021,11,22,2,20,0
2021,11,22,2,30,0
2021,11,22,2,40,0
2021,11,22,2,50,0
2021,11,22,3,0,0
2021,11,22,3,10,0
2021,11,22,3,20,0
2021,11,22,3,30,0
2021,11,22,3,40,0
2021,11,22,3,50,0
2021,11,22,4,0,0
2021,11,22,4,10,0
2021,11,22,4,20,0
2021,11,22,4,30,0
2021,11,22,4,40,0
2021,11,22,4,50,0
2021,11,22,5,0,0
2021,11,22,5,10,0
2021,11,22,5,20,0
2021,11,22,5,30,0
2021,11,22,5,40,0
2021,11,22,5,50,0
2021,11,22,6,0,0
2021,11,22,6,10,0
2021,11,22,6,20,0
2021,11,22,6,30,0
2021,11,22,6,40,0
2021,11,22,6,50,0
2021,11,22,7,0,0
2021,11,22,7,10,0
2021,11,22,7,20,0
2021,11,22,7,30,0
2021,11,22,7,40,0
2021,11,22,7,50,0
2021,11,22,8,0,0
2021,11,22,8,10,0
2021,11,22,8,20,0
2021,11,22,8,30,0
2021,11,22,8,40,0
2021,11,22,8,50,0
2021,11,22,9,0,0
2021,11,22,9,10,0
2021,11,22,9,20,0
2021,11,22,9,30,0
2021,11,22,9,40,10
2021,11,22,9,50,26
2021,11,22,10,0,40
2021,11,22,10,10,91
2021,11,22,10,20,121
2021,11,22,10,30,126
2021,11,22,10,40,131
2021,11,22,10,50,208
2021,11,22,11,0,316
2021,11,22,11,10,360
2021,11,22,11,20,283
2021,11,22,11,30,325
2021,11,22,11,40,367
2021,11,22,11,50,532
2021,11,22,12,0,574
2021,11,22,12,10,615
2021,11,22,12,20,655
2021,11,22,12,30,695
2021,11,22,12,40,732
2021,11,22,12,50,769
2021,11,22,13,0,805
2021,11,22,13,10,840
2021,11,22,13,20,873
2021,11,22,13,30,904
2021,11,22,13,40,933
2021,11,22,13,50,961
2021,11,22,14,0,836
2021,11,22,14,10,1010
2021,11,22,14,20,1033
2021,11,22,14,30,1055
2021,11,22,14,40,1072
2021,11,22,14,50,1007
2021,11,22,15,0,955
2021,11,22,15,10,1118
2021,11,22,15,20,1126
2021,11,22,15,30,1136
2021,11,22,15,40,674
2021,11,22,15,50,625
2021,11,22,16,0,705
2021,11,22,16,10,172
2021,11,22,16,20,89
2021,11,22,16,30,164
2021,11,22,16,40,64
2021,11,22,16,50,75
2021,11,22,17,0,110
2021,11,22,17,10,148
2021,11,22,17,20,322
2021,11,22,17,30,548
2021,11,22,17,40,488
2021,11,22,17,50,389
2021,11,22,18,0,278
2021,11,22,18,10,214
2021,11,22,18,20,370
2021,11,22,18,30,39
2021,11,22,18,40,120
2021,11,22,18,50,617
2021,11,22,19,0,155
2021,11,22,19,10,96
2021,11,22,19,20,262
2021,11,22,19,30,130
2021,11,22,19,40,64
2021,11,22,19,50,23
2021,11,22,20,0,72
2021,11,22,20,10,15
2021,11,22,20,20,27
2021,11,22,20,30,94
2021,11,22,20,40,22
2021,11,22,20,50,9
2021,11,22,21,0,8
2021,11,22,21,10,7
2021,11,22,21,20,13
2021,11,22,21,30,28
2021,11,22,21,40,100
2021,11,22,21,50,65
2021,11,22,22,0,25
2021,11,22,22,10,30
2021,11,22,22,20,14
2021,11,22,22,30,11
2021,11,22,22,40,0
2021,11,22,22,50,0
2021,11,22,23,0,0
2021,11,22,23,10,0
2021,11,22,23,20,0
2021,11,22,23,30,0
2021,11,22,23,40,0
2021,11,22,23,50,0
2021,11,23,0,0,0
2021,11,23,0,10,0
2021,11,23,0,20,0
2021,11,23,0,30,0
2021,11,23,0,40,0
2021,11,23,0,50,0
2021,11,23,1,0,0
2021,11,23,1,10,0
2021,11,23,1,20,0
2021,11,23,1,30,0
2021,11,23,1,40,0
2021,11,23,1,50,0
2021,11,23,2,0,0
2021,11,23,2,10,0
2021,11,23,2,20,0
2021,11,23,2,30,0
2021,11,23,2,40,0
2021,11,23,2,50,0
2021,11,23,3,0,0
2021,11,23,3,10,0
2021,11,23,3,20,0
2021,11,23,3,30,0
2021,11,23,3,40,0
2021,11,23,3,50,0
2021,11,23,4,0,0
2021,11,23,4,10,0
2021,11,23,4,20,0
2021,11,23,4,30,0
2021,11,23,4,40,0
2021,11,23,4,50,0
2021,11,23,5,0,0
2021,11,23,5,10,0
2021,11,23,5,20,0
2021,11,23,5,30,0
2021,11,23,5,40,0
2021,11,23,5,50,0
2021,11,23,6,0,0
2021,11,23,6,10,0
2021,11,23,6,20,0
2021,11,23,6,30,0
2021,11,23,6,40,0
2021,11,23,6,50,0
2021,11,23,7,0,0
2021,11,23,7,10,0
2021,11,23,7,20,0
2021,11,23,7,30,0
2021,11,23,7,40,0
2021,11,23,7,50,0
2021,11,23,8,0,0
2021,11,23,8,10,0
2021,11,23,8,20,0
2021,11,23,8,30,0
2021,11,23,8,40,0
2021,11,23,8,50,0
2021,11,23,9,0,0
2021,11,23,9,10,0
2021,11,23,9,20,0
2021,11,23,9,30,0
2021,11,23,9,40,9
2021,11,23,9,50,41
2021,11,23,10,0,51
2021,11,23,10,10,106
2021,11,23,10,20,97
2021,11,23,10,30,132
2021,11,23,10,40,169
2021,11,23,10,50,271
2021,11,23,11,0,314
2021,11,23,11,10,357
2021,11,23,11,20,341
2021,11,23,11,30,360
2021,11,23,11,40,394
2021,11,23,11,50,531
2021,11,23,12,0,575
2021,11,23,12,10,489
2021,11,23,12,20,545
2021,11,23,12,30,696
2021,11,23,12,40,734
2021,11,23,12,50,772
2021,11,23,13,0,807
2021,11,23,13,10,842
2021,11,23,13,20,876
2021,11,23,13,30,907
2021,11,23,13,40,937
2021,11,23,13,50,966
2021,11,23,14,0,993
2021,11,23,14,10,1018
2021,11,23,14,20,1041
2021,11,23,14,30,1063
2021,11,23,14,40,1081
2021,11,23,14,50,1099
2021,11,23,15,0,1115
2021,11,23,15,10,1128
2021,11,23,15,20,1140
2021,11,23,15,30,1149
2021,11,23,15,40,1152
2021,11,23,15,50,1157
2021,11,23,16,0,1160
2021,11,23,16,10,1161
2021,11,23,16,20,1159
2021,11,23,16,30,1156
2021,11,23,16,40,1150
2021,11,23,16,50,1029
2021,11,23,17,0,985
2021,11,23,17,10,794
2021,11,23,17,20,729
2021,11,23,17,30,572
2021,11,23,17,40,460
2021,11,23,17,50,403
2021,11,23,18,0,490
2021,11,23,18,10,673
2021,11,23,18,20,771
2021,11,23,18,30,602
2021,11,23,18,40,556
2021,11,23,18,50,430
2021,11,23,19,0,262
2021,11,23,19,10,188
2021,11,23,19,20,200
2021,11,23,19,30,219
2021,11,23,19,40,144
2021,11,23,19,50,138
2021,11,23,20,0,228
2021,11,23,20,10,212
2021,11,23,20,20,172
2021,11,23,20,30,263
2021,11,23,20,40,312
2021,11,23,20,50,284
2021,11,23,21,0,185
2021,11,23,21,10,102
2021,11,23,21,20,40
2021,11,23,21,30,70
2021,11,23,21,40,27
2021,11,23,21,50,32
2021,11,23,22,0,3
2021,11,23,22,10,37
2021,11,23,22,20,31
2021,11,23,22,30,14
2021,11,23,22,40,4
2021,11,23,22,50,0
2021,11,23,23,0,0
2021,11,23,23,10,0
2021,11,23,23,20,0
2021,11,23,23,30,0
2021,11,23,23,40,0
2021,11,23,23,50,0
2021,11,24,0,0,0
2021,11,24,0,10,0
2021,11,24,0,20,0
2021,11,24,0,30,0
2021,11,24,0,40,0
2021,11,24,0,50,0
2021,11,24,1,0,0
2021,11,24,1,10,0
2021,11,24,1,20,0
2021,11,24,1,30,0
2021,11,24,1,40,0
2021,11,24,1,50,0
2021,11,24,2,0,0
2021,11,24,2,10,0
2021,11,24,2,20,0
2021,11,24,2,30,0
2021,11,24,2,40,0
2021,11,24,2,50,0
2021,11,24,3,0,0
2021,11,24,3,10,0
2021,11,24,3,20,0
2021,11,24,3,30,0
2021,11,24,3,40,0
2021,11,24,3,50,0
2021,11,24,4,0,0
2021,11,24,4,10,0
2021,11,24,4,20,0
2021,11,24,4,30,0
2021,11,24,4,40,0
2021,11,24,4,50,0
2021,11,24,5,0,0
2021,11,24,5,10,0
2021,11,24,5,20,0
2021,11,24,5,30,0
2021,11,24,5,40,0
2021,11,24,5,50,0
2021,11,24,6,0,0
2021,11,24,6,10,0
2021,11,24,6,20,0
2021,11,24,6,30,0
2021,11,24,6,40,0
2021,11,24,6,50,0
2021,11,24,7,0,0
2021,11,24,7,10,0
2021,11,24,7,20,0
2021,11,24,7,30,0
2021,11,24,7,40,0
2021,11,24,7,50,0
2021,11,24,8,0,0
2021,11,24,8,10,0
2021,11,24,8,20,0
2021,11,24,8,30,0
2021,11,24,8,40,0
2021,11,24,8,50,0
2021,11,24,9,0,0
2021,11,24,9,10,0
2021,11,24,9,20,0
2021,11,24,9,30,0
2021,11,24,9,40,5
2021,11,24,9,50,16
2021,11,24,10,0,28
2021,11,24,10,10,14
2021,11,24,10,20,18
2021,11,24,10,30,116
2021,11,24,10,40,170
2021,11,24,10,50,237
2021,11,24,11,0,265
2021,11,24,11,10,299
2021,11,24,11,20,266
2021,11,24,11,30,347
2021,11,24,11,40,396
2021,11,24,11,50,495
2021,11,24,12,0,506
2021,11,24,12,10,614
2021,11,24,12,20,654
2021,11,24,12,30,693
2021,11,24,12,40,528
2021,11,24,12,50,540
2021,11,24,13,0,678
2021,11,24,13,10,814
2021,11,24,13,20,748
2021,11,24,13,30,664
2021,11,24,13,40,802
2021,11,24,13,50,863
2021,11,24,14,0,797
2021,11,24,14,10,846
2021,11,24,14,20,887
2021,11,24,14,30,876
2021,11,24,14,40,858
2021,11,24,14,50,935
2021,11,24,15,0,938
2021,11,24,15,10,1055
2021,11,24,15,20,992
2021,11,24,15,30,1041
2021,11,24,15,40,1035
2021,11,24,15,50,1163
2021,11,24,16,0,1166
2021,11,24,16,10,1167
2021,11,24,16,20,1166
2021,11,24,16,30,1163
2021,11,24,16,40,1157
2021,11,24,16,50,1149
2021,11,24,17,0,1139
2021,11,24,17,10,1127
2021,11,24,17,20,1113
2021,11,24,17,30,972
2021,11,24,17,40,1078
2021,11,24,17,50,909
2021,11,24,18,0,847
2021,11,24,18,10,1011
2021,11,24,18,20,985
2021,11,24,18,30,958
2021,11,24,18,40,926
2021,11,24,18,50,895
2021,11,24,19,0,864
2021,11,24,19,10,827
2021,11,24,19,20,630
2021,11,24,19,30,649
2021,11,24,19,40,712
2021,11,24,19,50,674
2021,11,24,20,0,632
2021,11,24,20,10,535
2021,11,24,20,20,373
2021,11,24,20,30,307
2021,11,24,20,40,64
2021,11,24,20,50,10
2021,11,24,21,0,8
2021,11,24,21,10,7
2021,11,24,21,20,48
2021,11,24,21,30,5
2021,11,24,21,40,29
2021,11,24,21,50,36
2021,11,24,22,0,4
2021,11,24,22,10,23
2021,11,24,22,20,30
2021,11,24,22,30,19
2021,11,24,22,40,6
2021,11,24,22,50,0
2021,11,24,23,0,0
2021,11,24,23,10,0
2021,11,24,23,20,0
2021,11,24,23,30,0
2021,11,24,23,40,0
2021,11,24,23,50,0
2021,11,25,0,0,0
2021,11,25,0,10,0
2021,11,25,0,20,0
2021,11,25,0,30,0
2021,11,25,0,40,0
2021,11,25,0,50,0
2021,11,25,1,0,0
2021,11,25,1,10,0
2021,11,25,1,20,0
2021,11,25,1,30,0
2021,11,25,1,40,0
2021,11,25,1,50,0
2021,11,25,2,0,0
2021,11,25,2,10,0
2021,11,25,2,20,0
2021,11,25,2,30,0
2021,11,25,2,40,0
2021,11,25,2,50,0
2021,11,25,3,0,0
2021,11,25,3,10,0
2021,11,25,3,20,0
2021,11,25,3,30,0
2021,11,25,3,40,0
2021,11,25,3,50,0
2021,11,25,4,0,0
2021,11,25,4,10,0
2021,11,25,4,20,0
2021,11,25,4,30,0
2021,11,25,4,40,0
2021,11,25,4,50,0
2021,11,25,5,0,0
2021,11,25,5,10,0
2021,11,25,5,20,0
2021,11,25,5,30,0
2021,11,25,5,40,0
2021,11,25,5,50,0
2021,11,25,6,0,0
2021,11,25,6,10,0
2021,11,25,6,20,0
2021,11,25,6,30,0
2021,11,25,6,40,0
2021,11,25,6,50,0
2021,11,25,7,0,0
2021,11,25,7,10,0
2021,11,25,7,20,0
2021,11,25,7,30,0
2021,11,25,7,40,0
2021,11,25,7,50,0
2021,11,25,8,0,0
2021,11,25,8,10,0
2021,11,25,8,20,0
2021,11,25,8,30,0
2021,11,25,8,40,0
2021,11,25,8,50,0
2021,11,25,9,0,0
2021,11,25,9,10,0
2021,11,25,9,20,0
2021,11,25,9,30,0
2021,11,25,9,40,21
2021,11,25,9,50,40
2021,11,25,10,0,84
2021,11,25,10,10,98
2021,11,25,10,20,85
2021,11,25,10,30,125
2021,11,25,10,40,135
2021,11,25,10,50,179
2021,11,25,11,0,284
2021,11,25,11,10,287
2021,11,25,11,20,300
2021,11,25,11,30,386
2021,11,25,11,40,367
2021,11,25,11,50,406
2021,11,25,12,0,608
2021,11,25,12,10,651
2021,11,25,12,20,693
2021,11,25,12,30,733
2021,11,25,12,40,773
2021,11,25,12,50,811
2021,11,25,13,0,848
2021,11,25,13,10,883
2021,11,25,13,20,917
2021,11,25,13,30,950
2021,11,25,13,40,981
2021,11,25,13,50,1003
2021,11,25,14,0,1030
2021,11,25,14,10,1055
2021,11,25,14,20,1079
2021,11,25,14,30,1101
2021,11,25,14,40,1121
2021,11,25,14,50,1139
2021,11,25,15,0,1148
2021,11,25,15,10,1162
2021,11,25,15,20,1173
2021,11,25,15,30,1183
2021,11,25,15,40,1190
2021,11,25,15,50,1196
2021,11,25,16,0,1192
2021,11,25,16,10,1193
2021,11,25,16,20,1192
2021,11,25,16,30,1189
2021,11,25,16,40,1178
2021,11,25,16,50,1170
2021,11,25,17,0,1160
2021,11,25,17,10,1148
2021,11,25,17,20,1130
2021,11,25,17,30,1114
2021,11,25,17,40,1095
2021,11,25,17,50,1071
2021,11,25,18,0,1050
2021,11,25,18,10,925
2021,11,25,18,20,997
2021,11,25,18,30,970
2021,11,25,18,40,872
2021,11,25,18,50,810
2021,11,25,19,0,875
2021,11,25,19,10,841
2021,11,25,19,20,807
2021,11,25,19,30,768
2021,11,25,19,40,656
2021,11,25,19,50,579
2021,11,25,20,0,14
2021,11,25,20,10,515
2021,11,25,20,20,383
2021,11,25,20,30,405
2021,11,25,20,40,423
2021,11,25,20,50,321
2021,11,25,21,0,396
2021,11,25,21,10,353
2021,11,25,21,20,308
2021,11,25,21,30,266
2021,11,25,21,40,224
2021,11,25,21,50,182
2021,11,25,22,0,142
2021,11,25,22,10,104
2021,11,25,22,20,69
2021,11,25,22,30,39
2021,11,25,22,40,16
2021,11,25,22,50,0
2021,11,25,23,0,0
2021,11,25,23,10,0
2021,11,25,23,20,0
2021,11,25,23,30,0
2021,11,25,23,40,0
2021,11,25,23,50,0
2021,11,26,0,0,0
2021,11,26,0,10,0
2021,11,26,0,20,0
2021,11,26,0,30,0
2021,11,26,0,40,0
2021,11,26,0,50,0
2021,11,26,1,0,0
2021,11,26,1,10,0
2021,11,26,1,20,0
2021,11,26,1,30,0
2021,11,26,1,40,0
2021,11,26,1,50,0
2021,11,26,2,0,0
2021,11,26,2,10,0
2021,11,26,2,20,0
2021,11,26,2,30,0
2021,11,26,2,40,0
2021,11,26,2,50,0
2021,11,26,3,0,0
2021,11,26,3,10,0
2021,11,26,3,20,0
2021,11,26,3,30,0
2021,11,26,3,40,0
2021,11,26,3,50,0
2021,11,26,4,0,0
2021,11,26,4,10,0
2021,11,26,4,20,0
2021,11,26,4,30,0
2021,11,26,4,40,0
2021,11,26,4,50,0
2021,11,26,5,0,0
2021,11,26,5,10,0
2021,11,26,5,20,0
2021,11,26,5,30,0
2021,11,26,5,40,0
2021,11,26,5,50,0
2021,11,26,6,0,0
2021,11,26,6,10,0
2021,11,26,6,20,0
2021,11,26,6,30,0
2021,11,26,6,40,0
2021,11,26,6,50,0
2021,11,26,7,0,0
2021,11,26,7,10,0
2021,11,26,7,20,0
2021,11,26,7,30,0
2021,11,26,7,40,0
2021,11,26,7,50,0
2021,11,26,8,0,0
2021,11,26,8,10,0
2021,11,26,8,20,0
2021,11,26,8,30,0
2021,11,26,8,40,0
2021,11,26,8,50,0
2021,11,26,9,0,0
2021,11,26,9,10,0
2021,11,26,9,20,0
2021,11,26,9,30,0
2021,11,26,9,40,11
2021,11,26,9,50,17
2021,11,26,10,0,27
2021,11,26,10,10,45
2021,11,26,10,20,51
2021,11,26,10,30,71
2021,11,26,10,40,86
2021,11,26,10,50,110
2021,11,26,11,0,177
2021,11,26,11,10,241
2021,11,26,11,20,286
2021,11,26,11,30,256
2021,11,26,11,40,178
2021,11,26,11,50,190
2021,11,26,12,0,107
2021,11,26,12,10,416
2021,11,26,12,20,499
2021,11,26,12,30,524
2021,11,26,12,40,594
2021,11,26,12,50,541
2021,11,26,13,0,636
2021,11,26,13,10,669
2021,11,26,13,20,884
2021,11,26,13,30,749
2021,11,26,13,40,785
2021,11,26,13,50,791
2021,11,26,14,0,821
2021,11,26,14,10,817
2021,11,26,14,20,824
2021,11,26,14,30,857
2021,11,26,14,40,1095
2021,11,26,14,50,872
2021,11,26,15,0,764
2021,11,26,15,10,1036
2021,11,26,15,20,861
2021,11,26,15,30,972
2021,11,26,15,40,994
2021,11,26,15,50,1027
2021,11,26,16,0,1175
2021,11,26,16,10,1062
2021,11,26,16,20,1171
2021,11,26,16,30,1071
2021,11,26,16,40,1162
2021,11,26,16,50,1155
2021,11,26,17,0,1004
2021,11,26,17,10,1130
2021,11,26,17,20,996
2021,11,26,17,30,917
2021,11,26,17,40,868
2021,11,26,17,50,852
2021,11,26,18,0,823
2021,11,26,18,10,854
2021,11,26,18,20,893
2021,11,26,18,30,871
2021,11,26,18,40,771
2021,11,26,18,50,726
2021,11,26,19,0,783
2021,11,26,19,10,653
2021,11,26,19,20,661
2021,11,26,19,30,711
2021,11,26,19,40,619
2021,11,26,19,50,479
2021,11,26,20,0,440
2021,11,26,20,10,513
2021,11,26,20,20,486
2021,11,26,20,30,533
2021,11,26,20,40,450
2021,11,26,20,50,363
2021,11,26,21,0,281
2021,11,26,21,10,300
2021,11,26,21,20,255
2021,11,26,21,30,233
2021,11,26,21,40,164
2021,11,26,21,50,87
2021,11,26,22,0,35
2021,11,26,22,10,36
2021,11,26,22,20,24
2021,11,26,22,30,16
2021,11,26,22,40,6
2021,11,26,22,50,0
2021,11,26,23,0,0
2021,11,26,23,10,0
2021,11,26,23,20,0
2021,11,26,23,30,0
2021,11,26,23,40,0
2021,11,26,23,50,0
2021,11,27,0,0,0
2021,11,27,0,10,0
2021,11,27,0,20,0
2021,11,27,0,30,0
2021,11,27,0,40,0
2021,11,27,0,50,0
2021,11,27,1,0,0
2021,11,27,1,10,0
2021,11,27,1,20,0
2021,11,27,1,30,0
2021,11,27,1,40,0
2021,11,27,1,50,0
2021,11,27,2,0,0
2021,11,27,2,10,0
2021,11,27,2,20,0
2021,11,27,2,30,0
2021,11,27,2,40,0
2021,11,27,2,50,0
2021,11,27,3,0,0
2021,11,27,3,10,0
2021,11,27,3,20,0
2021,11,27,3,30,0
2021,11,27,3,40,0
2021,11,27,3,50,0
2021,11,27,4,0,0
2021,11,27,4,10,0
2021,11,27,4,20,0
2021,11,27,4,30,0
2021,11,27,4,40,0
2021,11,27,4,50,0
2021,11,27,5,0,0
2021,11,27,5,10,0
2021,11,27,5,20,0
2021,11,27,5,30,0
2021,11,27,5,40,0
2021,11,27,5,50,0
2021,11,27,6,0,0
2021,11,27,6,10,0
2021,11,27,6,20,0
2021,11,27,6,30,0
2021,11,27,6,40,0
2021,11,27,6,50,0
2021,11,27,7,0,0
2021,11,27,7,10,0
2021,11,27,7,20,0
2021,11,27,7,30,0
2021,11,27,7,40,0
2021,11,27,7,50,0
2021,11,27,8,0,0
2021,11,27,8,10,0
2021,11,27,8,20,0
2021,11,27,8,30,0
2021,11,27,8,40,0
2021,11,27,8,50,0
2021,11,27,9,0,0
2021,11,27,9,10,0
2021,11,27,9,20,0
2021,11,27,9,30,0
2021,11,27,9,40,20
2021,11,27,9,50,46
2021,11,27,10,0,79
2021,11,27,10,10,117
2021,11,27,10,20,157
2021,11,27,10,30,198
2021,11,27,10,40,242
2021,11,27,10,50,286
2021,11,27,11,0,330
2021,11,27,11,10,374
2021,11,27,11,20,418
2021,11,27,11,30,462
2021,11,27,11,40,506
2021,11,27,11,50,549
2021,11,27,12,0,591
2021,11,27,12,10,633
2021,11,27,12,20,674
2021,11,27,12,30,710
2021,11,27,12,40,749
2021,11,27,12,50,786
2021,11,27,13,0,823
2021,11,27,13,10,858
2021,11,27,13,20,891
2021,11,27,13,30,923
2021,11,27,13,40,953
2021,11,27,13,50,982
2021,11,27,14,0,1009
2021,11,27,14,10,1034
2021,11,27,14,20,1058
2021,11,27,14,30,1075
2021,11,27,14,40,1094
2021,11,27,14,50,1112
2021,11,27,15,0,1128
2021,11,27,15,10,1142
2021,11,27,15,20,1153
2021,11,27,15,30,1163
2021,11,27,15,40,1166
2021,11,27,15,50,1171
2021,11,27,16,0,1174
2021,11,27,16,10,1175
2021,11,27,16,20,1174
2021,11,27,16,30,1171
2021,11,27,16,40,1165
2021,11,27,16,50,1154
2021,11,27,17,0,1144
2021,11,27,17,10,1133
2021,11,27,17,20,1119
2021,11,27,17,30,1103
2021,11,27,17,40,1084
2021,11,27,17,50,1064
2021,11,27,18,0,1043
2021,11,27,18,10,1016
2021,11,27,18,20,421
2021,11,27,18,30,706
2021,11,27,18,40,933
2021,11,27,18,50,903
2021,11,27,19,0,871
2021,11,27,19,10,835
2021,11,27,19,20,801
2021,11,27,19,30,542
2021,11,27,19,40,23
2021,11,27,19,50,494
2021,11,27,20,0,429
2021,11,27,20,10,254
2021,11,27,20,20,502
2021,11,27,20,30,372
2021,11,27,20,40,481
2021,11,27,20,50,359
2021,11,27,21,0,394
2021,11,27,21,10,352
2021,11,27,21,20,309
2021,11,27,21,30,266
2021,11,27,21,40,225
2021,11,27,21,50,184
2021,11,27,22,0,144
2021,11,27,22,10,106
2021,11,27,22,20,72
2021,11,27,22,30,41
2021,11,27,22,40,18
2021,11,27,22,50,0
2021,11,27,23,0,0
2021,11,27,23,10,0
2021,11,27,23,20,0
2021,11,27,23,30,0
2021,11,27,23,40,0
2021,11,27,23,50,0
2021,11,28,0,0,0
2021,11,28,0,10,0
2021,11,28,0,20,0
2021,11,28,0,30,0
2021,11,28,0,40,0
2021,11,28,0,50,0
2021,11,28,1,0,0
2021,11,28,1,10,0
2021,11,28,1,20,0
2021,11,28,1,30,0
2021,11,28,1,40,0
2021,11,28,1,50,0
2021,11,28,2,0,0
2021,11,28,2,10,0
2021,11,28,2,20,0
2021,11,28,2,30,0
2021,11,28,2,40,0
2021,11,28,2,50,0
2021,11,28,3,0,0
2021,11,28,3,10,0
2021,11,28,3,20,0
2021,11,28,3,30,0
2021,11,28,3,40,0
2021,11,28,3,50,0
2021,11,28,4,0,0
2021,11,28,4,10,0
2021,11,28,4,20,0
2021,11,28,4,30,0
2021,11,28,4,40,0
2021,11,28,4,50,0
2021,11,28,5,0,0
2021,11,28,5,10,0
2021,11,28,5,20,0
2021,11,28,5,30,0
2021,11,28,5,40,0
2021,11,28,5,50,0
2021,11,28,6,0,0
2021,11,28,6,10,0
2021,11,28,6,20,0
2021,11,28,6,30,0
2021,11,28,6,40,0
2021,11,28,6,50,0
2021,11,28,7,0,0
2021,11,28,7,10,0
2021,11,28,7,20,0
2021,11,28,7,30,0
2021,11,28,7,40,0
2021,11,28,7,50,0
2021,11,28,8,0,0
2021,11,28,8,10,0
2021,11,28,8,20,0
2021,11,28,8,30,0
2021,11,28,8,40,0
2021,11,28,8,50,0
2021,11,28,9,0,0
2021,11,28,9,10,0
2021,11,28,9,20,0
2021,11,28,9,30,0
2021,11,28,9,40,9
2021,11,28,9,50,44
2021,11,28,10,0,62
2021,11,28,10,10,113
2021,11,28,10,20,153
2021,11,28,10,30,194
2021,11,28,10,40,240
2021,11,28,10,50,283
2021,11,28,11,0,327
2021,11,28,11,10,372
2021,11,28,11,20,416
2021,11,28,11,30,460
2021,11,28,11,40,505
2021,11,28,11,50,548
2021,11,28,12,0,591
2021,11,28,12,10,633
2021,11,28,12,20,674
2021,11,28,12,30,714
2021,11,28,12,40,753
2021,11,28,12,50,791
2021,11,28,13,0,823
2021,11,28,13,10,858
2021,11,28,13,20,892
2021,11,28,13,30,924
2021,11,28,13,40,954
2021,11,28,13,50,983
2021,11,28,14,0,1011
2021,11,28,14,10,1036
2021,11,28,14,20,1060
2021,11,28,14,30,1077
2021,11,28,14,40,1096
2021,11,28,14,50,1114
2021,11,28,15,0,1130
2021,11,28,15,10,1143
2021,11,28,15,20,1155
2021,11,28,15,30,1161
2021,11,28,15,40,1167
2021,11,28,15,50,1173
2021,11,28,16,0,1176
2021,11,28,16,10,1173
2021,11,28,16,20,1172
2021,11,28,16,30,1169
2021,11,28,16,40,1162
2021,11,28,16,50,1151
2021,11,28,17,0,1142
2021,11,28,17,10,1131
2021,11,28,17,20,1114
2021,11,28,17,30,1098
2021,11,28,17,40,1037
2021,11,28,17,50,992
2021,11,28,18,0,963
2021,11,28,18,10,881
2021,11,28,18,20,838
2021,11,28,18,30,838
2021,11,28,18,40,653
2021,11,28,18,50,894
2021,11,28,19,0,860
2021,11,28,19,10,799
2021,11,28,19,20,748
2021,11,28,19,30,674
2021,11,28,19,40,117
2021,11,28,19,50,16
2021,11,28,20,0,19
2021,11,28,20,10,462
2021,11,28,20,20,475
2021,11,28,20,30,520
2021,11,28,20,40,476
2021,11,28,20,50,434
2021,11,28,21,0,391
2021,11,28,21,10,348
2021,11,28,21,20,208
2021,11,28,21,30,81
2021,11,28,21,40,4
2021,11,28,21,50,117
2021,11,28,22,0,129
2021,11,28,22,10,38
2021,11,28,22,20,27
2021,11,28,22,30,21
2021,11,28,22,40,13
2021,11,28,22,50,0
2021,11,28,23,0,0
2021,11,28,23,10,0
2021,11,28,23,20,0
2021,11,28,23,30,0
2021,11,28,23,40,0
2021,11,28,23,50,0
2021,11,29,0,0,0
2021,11,29,0,10,0
2021,11,29,0,20,0
2021,11,29,0,30,0
2021,11,29,0,40,0
2021,11,29,0,50,0
2021,11,29,1,0,0
2021,11,29,1,10,0
2021,11,29,1,20,0
2021,11,29,1,30,0
2021,11,29,1,40,0
2021,11,29,1,50,0
2021,11,29,2,0,0
2021,11,29,2,10,0
2021,11,29,2,20,0
2021,11,29,2,30,0
2021,11,29,2,40,0
2021,11,29,2,50,0
2021,11,29,3,0,0
2021,11,29,3,10,0
2021,11,29,3,20,0
2021,11,29,3,30,0
2021,11,29,3,40,0
2021,11,29,3,50,0
2021,11,29,4,0,0
2021,11,29,4,10,0
2021,11,29,4,20,0
2021,11,29,4,30,0
2021,11,29,4,40,0
2021,11,29,4,50,0
2021,11,29,5,0,0
2021,11,29,5,10,0
2021,11,29,5,20,0
2021,11,29,5,30,0
2021,11,29,5,40,0
2021,11,29,5,50,0
2021,11,29,6,0,0
2021,11,29,6,10,0
2021,11,29,6,20,0
2021,11,29,6,30,0
2021,11,29,6,40,0
2021,11,29,6,50,0
2021,11,29,7,0,0
2021,11,29,7,10,0
2021,11,29,7,20,0
2021,11,29,7,30,0
2021,11,29,7,40,0
2021,11,29,7,50,0
2021,11,29,8,0,0
2021,11,29,8,10,0
2021,11,29,8,20,0
2021,11,29,8,30,0
2021,11,29,8,40,0
2021,11,29,8,50,0
2021,11,29,9,0,0
2021,11,29,9,10,0
2021,11,29,9,20,0
2021,11,29,9,30,0
2021,11,29,9,40,10
2021,11,29,9,50,15
2021,11,29,10,0,40
2021,11,29,10,10,60
2021,11,29,10,20,122
2021,11,29,10,30,42
2021,11,29,10,40,8
2021,11,29,10,50,89
2021,11,29,11,0,160
2021,11,29,11,10,190
2021,11,29,11,20,274
2021,11,29,11,30,343
2021,11,29,11,40,359
2021,11,29,11,50,382
2021,11,29,12,0,422
2021,11,29,12,10,473
2021,11,29,12,20,529
2021,11,29,12,30,558
2021,11,29,12,40,591
2021,11,29,12,50,623
2021,11,29,13,0,682
2021,11,29,13,10,685
2021,11,29,13,20,707
2021,11,29,13,30,727
2021,11,29,13,40,735
2021,11,29,13,50,761
2021,11,29,14,0,799
2021,11,29,14,10,830
2021,11,29,14,20,800
2021,11,29,14,30,812
2021,11,29,14,40,835
2021,11,29,14,50,819
2021,11,29,15,0,885
2021,11,29,15,10,942
2021,11,29,15,20,913
2021,11,29,15,30,892
2021,11,29,15,40,832
2021,11,29,15,50,928
2021,11,29,16,0,862
2021,11,29,16,10,915
2021,11,29,16,20,928
2021,11,29,16,30,965
2021,11,29,16,40,953
2021,11,29,16,50,982
2021,11,29,17,0,933
2021,11,29,17,10,894
2021,11,29,17,20,923
2021,11,29,17,30,894
2021,11,29,17,40,904
2021,11,29,17,50,898
2021,11,29,18,0,893
2021,11,29,18,10,620
2021,11,29,18,20,791
2021,11,29,18,30,811
2021,11,29,18,40,737
2021,11,29,18,50,855
2021,11,29,19,0,728
2021,11,29,19,10,696
2021,11,29,19,20,804
2021,11,29,19,30,769
2021,11,29,19,40,732
2021,11,29,19,50,694
2021,11,29,20,0,656
2021,11,29,20,10,616
2021,11,29,20,20,575
2021,11,29,20,30,508
2021,11,29,20,40,423
2021,11,29,20,50,449
2021,11,29,21,0,408
2021,11,29,21,10,364
2021,11,29,21,20,321
2021,11,29,21,30,278
2021,11,29,21,40,236
2021,11,29,21,50,194
2021,11,29,22,0,153
2021,11,29,22,10,115
2021,11,29,22,20,79
2021,11,29,22,30,47
2021,11,29,22,40,22
2021,11,29,22,50,0
2021,11,29,23,0,0
2021,11,29,23,10,0
2021,11,29,23,20,0
2021,11,29,23,30,0
2021,11,29,23,40,0
2021,11,29,23,50,0
2021,11,30,0,0,0
2021,11,30,0,10,0
2021,11,30,0,20,0
2021,11,30,0,30,0
2021,11,30,0,40,0
2021,11,30,0,50,0
2021,11,30,1,0,0
2021,11,30,1,10,0
2021,11,30,1,20,0
2021,11,30,1,30,0
2021,11,30,1,40,0
2021,11,30,1,50,0
2021,11,30,2,0,0
2021,11,30,2,10,0
2021,11,30,2,20,0
2021,11,30,2,30,0
2021,11,30,2,40,0
2021,11,30,2,50,0
2021,11,30,3,0,0
2021,11,30,3,10,0
2021,11,30,3,20,0
2021,11,30,3,30,0
2021,11,30,3,40,0
2021,11,30,3,50,0
2021,11,30,4,0,0
2021,11,30,4,10,0
2021,11,30,4,20,0
2021,11,30,4,30,0
2021,11,30,4,40,0
2021,11,30,4,50,0
2021,11,30,5,0,0
2021,11,30,5,10,0
2021,11,30,5,20,0
2021,11,30,5,30,0
2021,11,30,5,40,0
2021,11,30,5,50,0
2021,11,30,6,0,0
2021,11,30,6,10,0
2021,11,30,6,20,0
2021,11,30,6,30,0
2021,11,30,6,40,0
2021,11,30,6,50,0
2021,11,30,7,0,0
2021,11,30,7,10,0
2021,11,30,7,20,0
2021,11,30,7,30,0
2021,11,30,7,40,0
2021,11,30,7,50,0
2021,11,30,8,0,0
2021,11,30,8,10,0
2021,11,30,8,20,0
2021,11,30,8,30,0
2021,11,30,8,40,0
2021,11,30,8,50,0
2021,11,30,9,0,0
2021,11,30,9,10,0
2021,11,30,9,20,0
2021,11,30,9,30,0
2021,11,30,9,40,9
2021,11,30,9,50,27
2021,11,30,10,0,55
2021,11,30,10,10,61
2021,11,30,10,20,71
2021,11,30,10,30,70
2021,11,30,10,40,159
2021,11,30,10,50,216
2021,11,30,11,0,221
2021,11,30,11,10,245
2021,11,30,11,20,287
2021,11,30,11,30,449
2021,11,30,11,40,494
2021,11,30,11,50,536
2021,11,30,12,0,431
2021,11,30,12,10,620
2021,11,30,12,20,661
2021,11,30,12,30,700
2021,11,30,12,40,740
2021,11,30,12,50,778
2021,11,30,13,0,814
2021,11,30,13,10,849
2021,11,30,13,20,879
2021,11,30,13,30,911
2021,11,30,13,40,942
2021,11,30,13,50,971
2021,11,30,14,0,998
2021,11,30,14,10,1023
2021,11,30,14,20,1047
2021,11,30,14,30,979
2021,11,30,14,40,914
2021,11,30,14,50,1023
2021,11,30,15,0,681
2021,11,30,15,10,1034
2021,11,30,15,20,1026
2021,11,30,15,30,1156
2021,11,30,15,40,1006
2021,11,30,15,50,1047
2021,11,30,16,0,1118
2021,11,30,16,10,1115
2021,11,30,16,20,1173
2021,11,30,16,30,1171
2021,11,30,16,40,1165
2021,11,30,16,50,1158
2021,11,30,17,0,1149
2021,11,30,17,10,1137
2021,11,30,17,20,1124
2021,11,30,17,30,1109
2021,11,30,17,40,1091
2021,11,30,17,50,1072
2021,11,30,18,0,1051
2021,11,30,18,10,1028
2021,11,30,18,20,1003
2021,11,30,18,30,976
2021,11,30,18,40,951
2021,11,30,18,50,921
2021,11,30,19,0,890
2021,11,30,19,10,857
2021,11,30,19,20,822
2021,11,30,19,30,787
2021,11,30,19,40,750
2021,11,30,19,50,712
2021,11,30,20,0,596
2021,11,30,20,10,583
2021,11,30,20,20,468
2021,11,30,20,30,435
2021,11,30,20,40,396
2021,11,30,20,50,464
2021,11,30,21,0,351
2021,11,30,21,10,377
2021,11,30,21,20,333
2021,11,30,21,30,288
2021,11,30,21,40,99
2021,11,30,21,50,203
2021,11,30,22,0,141
2021,11,30,22,10,122
2021,11,30,22,20,59
2021,11,30,22,30,39
2021,11,30,22,40,17
2021,11,30,22,50,0
2021,11,30,23,0,0
2021,11,30,23,10,0
2021,11,30,23,20,0
2021,11,30,23,30,0
2021,11,30,23,40,0
2021,11,30,23,50,0
2021,12,1,0,0,0
2021,12,1,0,10,0
2021,12,1,0,20,0
2021,12,1,0,30,0
2021,12,1,0,40,0
2021,12,1,0,50,0
2021,12,1,1,0,0
2021,12,1,1,10,0
2021,12,1,1,20,0
2021,12,1,1,30,0
2021,12,1,1,40,0
2021,12,1,1,50,0
2021,12,1,2,0,0
2021,12,1,2,10,0
2021,12,1,2,20,0
2021,12,1,2,30,0
2021,12,1,2,40,0
2021,12,1,2,50,0
2021,12,1,3,0,0
2021,12,1,3,10,0
2021,12,1,3,20,0
2021,12,1,3,30,0
2021,12,1,3,40,0
2021,12,1,3,50,0
2021,12,1,4,0,0
2021,12,1,4,10,0
2021,12,1,4,20,0
2021,12,1,4,30,0
2021,12,1,4,40,0
2021,12,1,4,50,0
2021,12,1,5,0,0
2021,12,1,5,10,0
2021,12,1,5,20,0
2021,12,1,5,30,0
2021,12,1,5,40,0
2021,12,1,5,50,0
2021,12,1,6,0,0
2021,12,1,6,10,0
2021,12,1,6,20,0
2021,12,1,6,30,0
2021,12,1,6,40,0
2021,12,1,6,50,0
2021,12,1,7,0,0
2021,12,1,7,10,0
2021,12,1,7,20,0
2021,12,1,7,30,0
2021,12,1,7,40,0
2021,12,1,7,50,0
2021,12,1,8,0,0
2021,12,1,8,10,0
2021,12,1,8,20,0
2021,12,1,8,30,0
2021,12,1,8,40,0
2021,12,1,8,50,0
2021,12,1,9,0,0
2021,12,1,9,10,0
2021,12,1,9,20,0
2021,12,1,9,30,0
2021,12,1,9,40,20
2021,12,1,9,50,48
2021,12,1,10,0,68
2021,12,1,10,10,50
2021,12,1,10,20,76
2021,12,1,10,30,203
2021,12,1,10,40,247
2021,12,1,10,50,291
2021,12,1,11,0,336
2021,12,1,11,10,381
2021,12,1,11,20,425
2021,12,1,11,30,330
2021,12,1,11,40,387
2021,12,1,11,50,558
2021,12,1,12,0,600
2021,12,1,12,10,642
2021,12,1,12,20,684
2021,12,1,12,30,724
2021,12,1,12,40,763
2021,12,1,12,50,801
2021,12,1,13,0,838
2021,12,1,13,10,874
2021,12,1,13,20,908
2021,12,1,13,30,940
2021,12,1,13,40,971
2021,12,1,13,50,1000
2021,12,1,14,0,1028
2021,12,1,14,10,1054
2021,12,1,14,20,1078
2021,12,1,14,30,1100
2021,12,1,14,40,1120
2021,12,1,14,50,1138
2021,12,1,15,0,1154
2021,12,1,15,10,1168
2021,12,1,15,20,1180
2021,12,1,15,30,1190
2021,12,1,15,40,1198
2021,12,1,15,50,1204
2021,12,1,16,0,1208
2021,12,1,16,10,1209
2021,12,1,16,20,1208
2021,12,1,16,30,1205
2021,12,1,16,40,1200
2021,12,1,16,50,1186
2021,12,1,17,0,1177
2021,12,1,17,10,1165
2021,12,1,17,20,1152
2021,12,1,17,30,1136
2021,12,1,17,40,1118
2021,12,1,17,50,1093
2021,12,1,18,0,1072
2021,12,1,18,10,1048
2021,12,1,18,20,1023
2021,12,1,18,30,997
2021,12,1,18,40,962
2021,12,1,18,50,932
2021,12,1,19,0,900
2021,12,1,19,10,867
2021,12,1,19,20,829
2021,12,1,19,30,793
2021,12,1,19,40,753
2021,12,1,19,50,712
2021,12,1,20,0,673
2021,12,1,20,10,633
2021,12,1,20,20,589
2021,12,1,20,30,547
2021,12,1,20,40,500
2021,12,1,20,50,455
2021,12,1,21,0,412
2021,12,1,21,10,369
2021,12,1,21,20,324
2021,12,1,21,30,281
2021,12,1,21,40,236
2021,12,1,21,50,194
2021,12,1,22,0,154
2021,12,1,22,10,115
2021,12,1,22,20,80
2021,12,1,22,30,37
2021,12,1,22,40,17
2021,12,1,22,50,0
2021,12,1,23,0,0
2021,12,1,23,10,0
2021,12,1,23,20,0
2021,12,1,23,30,0
2021,12,1,23,40,0
2021,12,1,23,50,0
2021,12,2,0,0,0
2021,12,2,0,10,0
2021,12,2,0,20,0
2021,12,2,0,30,0
2021,12,2,0,40,0
2021,12,2,0,50,0
2021,12,2,1,0,0
2021,12,2,1,10,0
2021,12,2,1,20,0
2021,12,2,1,30,0
2021,12,2,1,40,0
2021,12,2,1,50,0
2021,12,2,2,0,0
2021,12,2,2,10,0
2021,12,2,2,20,0
2021,12,2,2,30,0
2021,12,2,2,40,0
2021,12,2,2,50,0
2021,12,2,3,0,0
2021,12,2,3,10,0
2021,12,2,3,20,0
2021,12,2,3,30,0
2021,12,2,3,40,0
2021,12,2,3,50,0
2021,12,2,4,0,0
2021,12,2,4,10,0
2021,12,2,4,20,0
2021,12,2,4,30,0
2021,12,2,4,40,0
2021,12,2,4,50,0
2021,12,2,5,0,0
2021,12,2,5,10,0
2021,12,2,5,20,0
2021,12,2,5,30,0
2021,12,2,5,40,0
2021,12,2,5,50,0
2021,12,2,6,0,0
2021,12,2,6,10,0
2021,12,2,6,20,0
2021,12,2,6,30,0
2021,12,2,6,40,0
2021,12,2,6,50,0
2021,12,2,7,0,0
2021,12,2,7,10,0
2021,12,2,7,20,0
2021,12,2,7,30,0
2021,12,2,7,40,0
2021,12,2,7,50,0
2021,12,2,8,0,0
2021,12,2,8,10,0
2021,12,2,8,20,0
2021,12,2,8,30,0
2021,12,2,8,40,0
2021,12,2,8,50,0
2021,12,2,9,0,0
2021,12,2,9,10,0
2021,12,2,9,20,0
2021,12,2,9,30,0
2021,12,2,9,40,5
2021,12,2,9,50,20
2021,12,2,10,0,36
2021,12,2,10,10,38
2021,12,2,10,20,42
2021,12,2,10,30,58
2021,12,2,10,40,55
2021,12,2,10,50,101
2021,12,2,11,0,156
2021,12,2,11,10,98
2021,12,2,11,20,88
2021,12,2,11,30,121
2021,12,2,11,40,178
2021,12,2,11,50,169
2021,12,2,12,0,194
2021,12,2,12,10,330
2021,12,2,12,20,432
2021,12,2,12,30,348
2021,12,2,12,40,519
2021,12,2,12,50,567
2021,12,2,13,0,651
2021,12,2,13,10,674
2021,12,2,13,20,677
2021,12,2,13,30,747
2021,12,2,13,40,928
2021,12,2,13,50,957
2021,12,2,14,0,984
2021,12,2,14,10,1009
2021,12,2,14,20,1030
2021,12,2,14,30,1051
2021,12,2,14,40,1073
2021,12,2,14,50,1091
2021,12,2,15,0,1107
2021,12,2,15,10,1120
2021,12,2,15,20,1129
2021,12,2,15,30,1139
2021,12,2,15,40,1146
2021,12,2,15,50,1152
2021,12,2,16,0,1155
2021,12,2,16,10,1157
2021,12,2,16,20,1153
2021,12,2,16,30,1150
2021,12,2,16,40,1145
2021,12,2,16,50,1138
2021,12,2,17,0,1129
2021,12,2,17,10,1005
2021,12,2,17,20,934
2021,12,2,17,30,1087
2021,12,2,17,40,1070
2021,12,2,17,50,1051
2021,12,2,18,0,1027
2021,12,2,18,10,1004
2021,12,2,18,20,980
2021,12,2,18,30,954
2021,12,2,18,40,924
2021,12,2,18,50,894
2021,12,2,19,0,861
2021,12,2,19,10,828
2021,12,2,19,20,795
2021,12,2,19,30,759
2021,12,2,19,40,722
2021,12,2,19,50,556
2021,12,2,20,0,390
2021,12,2,20,10,378
2021,12,2,20,20,505
2021,12,2,20,30,444
2021,12,2,20,40,334
2021,12,2,20,50,360
2021,12,2,21,0,312
2021,12,2,21,10,133
2021,12,2,21,20,89
2021,12,2,21,30,272
2021,12,2,21,40,231
2021,12,2,21,50,188
2021,12,2,22,0,151
2021,12,2,22,10,114
2021,12,2,22,20,79
2021,12,2,22,30,49
2021,12,2,22,40,24
2021,12,2,22,50,0
2021,12,2,23,0,0
2021,12,2,23,10,0
2021,12,2,23,20,0
2021,12,2,23,30,0
2021,12,2,23,40,0
2021,12,2,23,50,0
2021,12,3,0,0,0
2021,12,3,0,10,0
2021,12,3,0,20,0
2021,12,3,0,30,0
2021,12,3,0,40,0
2021,12,3,0,50,0
2021,12,3,1,0,0
2021,12,3,1,10,0
2021,12,3,1,20,0
2021,12,3,1,30,0
2021,12,3,1,40,0
2021,12,3,1,50,0
2021,12,3,2,0,0
2021,12,3,2,10,0
2021,12,3,2,20,0
2021,12,3,2,30,0
2021,12,3,2,40,0
2021,12,3,2,50,0
2021,12,3,3,0,0
2021,12,3,3,10,0
2021,12,3,3,20,0
2021,12,3,3,30,0
2021,12,3,3,40,0
2021,12,3,3,50,0
2021,12,3,4,0,0
2021,12,3,4,10,0
2021,12,3,4,20,0
2021,12,3,4,30,0
2021,12,3,4,40,0
2021,12,3,4,50,0
2021,12,3,5,0,0
2021,12,3,5,10,0
2021,12,3,5,20,0
2021,12,3,5,30,0
2021,12,3,5,40,0
2021,12,3,5,50,0
2021,12,3,6,0,0
2021,12,3,6,10,0
2021,12,3,6,20,0
2021,12,3,6,30,0
2021,12,3,6,40,0
2021,12,3,6,50,0
2021,12,3,7,0,0
2021,12,3,7,10,0
2021,12,3,7,20,0
2021,12,3,7,30,0
2021,12,3,7,40,0
2021,12,3,7,50,0
2021,12,3,8,0,0
2021,12,3,8,10,0
2021,12,3,8,20,0
2021,12,3,8,30,0
2021,12,3,8,40,0
2021,12,3,8,50,0
2021,12,3,9,0,0
2021,12,3,9,10,0
2021,12,3,9,20,0
2021,12,3,9,30,0
2021,12,3,9,40,7
2021,12,3,9,50,25
2021,12,3,10,0,70
2021,12,3,10,10,105
2021,12,3,10,20,143
2021,12,3,10,30,182
2021,12,3,10,40,224
2021,12,3,10,50,266
2021,12,3,11,0,309
2021,12,3,11,10,352
2021,12,3,11,20,396
2021,12,3,11,30,439
2021,12,3,11,40,483
2021,12,3,11,50,525
2021,12,3,12,0,567
2021,12,3,12,10,608
2021,12,3,12,20,648
2021,12,3,12,30,530
2021,12,3,12,40,563
2021,12,3,12,50,657
2021,12,3,13,0,685
2021,12,3,13,10,834
2021,12,3,13,20,867
2021,12,3,13,30,899
2021,12,3,13,40,929
2021,12,3,13,50,958
2021,12,3,14,0,985
2021,12,3,14,10,840
2021,12,3,14,20,918
2021,12,3,14,30,1056
2021,12,3,14,40,1075
2021,12,3,14,50,1093
2021,12,3,15,0,1109
2021,12,3,15,10,973
2021,12,3,15,20,1135
2021,12,3,15,30,1142
2021,12,3,15,40,939
2021,12,3,15,50,1069
2021,12,3,16,0,1159
2021,12,3,16,10,1161
2021,12,3,16,20,1160
2021,12,3,16,30,1154
2021,12,3,16,40,1150
2021,12,3,16,50,1143
2021,12,3,17,0,1135
2021,12,3,17,10,1124
2021,12,3,17,20,1108
2021,12,3,17,30,1093
2021,12,3,17,40,1076
2021,12,3,17,50,1057
2021,12,3,18,0,1037
2021,12,3,18,10,447
2021,12,3,18,20,256
2021,12,3,18,30,95
2021,12,3,18,40,51
2021,12,3,18,50,246
2021,12,3,19,0,216
2021,12,3,19,10,30
2021,12,3,19,20,267
2021,12,3,19,30,136
2021,12,3,19,40,47
2021,12,3,19,50,31
2021,12,3,20,0,18
2021,12,3,20,10,20
2021,12,3,20,20,580
2021,12,3,20,30,510
2021,12,3,20,40,497
2021,12,3,20,50,394
2021,12,3,21,0,330
2021,12,3,21,10,268
2021,12,3,21,20,210
2021,12,3,21,30,45
2021,12,3,21,40,149
2021,12,3,21,50,178
2021,12,3,22,0,141
2021,12,3,22,10,122
2021,12,3,22,20,62
2021,12,3,22,30,38
2021,12,3,22,40,11
2021,12,3,22,50,0
2021,12,3,23,0,0
2021,12,3,23,10,0
2021,12,3,23,20,0
2021,12,3,23,30,0
2021,12,3,23,40,0
2021,12,3,23,50,0
2021,12,4,0,0,0
2021,12,4,0,10,0
2021,12,4,0,20,0
2021,12,4,0,30,0
2021,12,4,0,40,0
2021,12,4,0,50,0
2021,12,4,1,0,0
2021,12,4,1,10,0
2021,12,4,1,20,0
2021,12,4,1,30,0
2021,12,4,1,40,0
2021,12,4,1,50,0
2021,12,4,2,0,0
2021,12,4,2,10,0
2021,12,4,2,20,0
2021,12,4,2,30,0
2021,12,4,2,40,0
2021,12,4,2,50,0
2021,12,4,3,0,0
2021,12,4,3,10,0
2021,12,4,3,20,0
2021,12,4,3,30,0
2021,12,4,3,40,0
2021,12,4,3,50,0
2021,12,4,4,0,0
2021,12,4,4,10,0
2021,12,4,4,20,0
2021,12,4,4,30,0
2021,12,4,4,40,0
2021,12,4,4,50,0
2021,12,4,5,0,0
2021,12,4,5,10,0
2021,12,4,5,20,0
2021,12,4,5,30,0
2021,12,4,5,40,0
2021,12,4,5,50,0
2021,12,4,6,0,0
2021,12,4,6,10,0
2021,12,4,6,20,0
2021,12,4,6,30,0
2021,12,4,6,40,0
2021,12,4,6,50,0
2021,12,4,7,0,0
2021,12,4,7,10,0
2021,12,4,7,20,0
2021,12,4,7,30,0
2021,12,4,7,40,0
2021,12,4,7,50,0
2021,12,4,8,0,0
2021,12,4,8,10,0
2021,12,4,8,20,0
2021,12,4,8,30,0
2021,12,4,8,40,0
2021,12,4,8,50,0
2021,12,4,9,0,0
2021,12,4,9,10,0
2021,12,4,9,20,0
2021,12,4,9,30,0
2021,12,4,9,40,9
2021,12,4,9,50,23
2021,12,4,10,0,43
2021,12,4,10,10,60
2021,12,4,10,20,136
2021,12,4,10,30,174
2021,12,4,10,40,216
2021,12,4,10,50,257
2021,12,4,11,0,292
2021,12,4,11,10,168
2021,12,4,11,20,220
2021,12,4,11,30,215
2021,12,4,11,40,268
2021,12,4,11,50,340
2021,12,4,12,0,317
2021,12,4,12,10,386
2021,12,4,12,20,416
2021,12,4,12,30,476
2021,12,4,12,40,670
2021,12,4,12,50,693
2021,12,4,13,0,759
2021,12,4,13,10,816
2021,12,4,13,20,849
2021,12,4,13,30,881
2021,12,4,13,40,883
2021,12,4,13,50,941
2021,12,4,14,0,970
2021,12,4,14,10,996
2021,12,4,14,20,1019
2021,12,4,14,30,947
2021,12,4,14,40,1061
2021,12,4,14,50,1017
2021,12,4,15,0,810
2021,12,4,15,10,921
2021,12,4,15,20,812
2021,12,4,15,30,947
2021,12,4,15,40,836
2021,12,4,15,50,362
2021,12,4,16,0,435
2021,12,4,16,10,361
2021,12,4,16,20,672
2021,12,4,16,30,972
2021,12,4,16,40,953
2021,12,4,16,50,1135
2021,12,4,17,0,1126
2021,12,4,17,10,985
2021,12,4,17,20,529
2021,12,4,17,30,1021
2021,12,4,17,40,1066
2021,12,4,17,50,1047
2021,12,4,18,0,1026
2021,12,4,18,10,1004
2021,12,4,18,20,979
2021,12,4,18,30,951
2021,12,4,18,40,921
2021,12,4,18,50,872
2021,12,4,19,0,314
2021,12,4,19,10,29
2021,12,4,19,20,48
2021,12,4,19,30,133
2021,12,4,19,40,91
2021,12,4,19,50,277
2021,12,4,20,0,410
2021,12,4,20,10,517
2021,12,4,20,20,494
2021,12,4,20,30,453
2021,12,4,20,40,264
2021,12,4,20,50,213
2021,12,4,21,0,9
2021,12,4,21,10,105
2021,12,4,21,20,74
2021,12,4,21,30,51
2021,12,4,21,40,5
2021,12,4,21,50,85
2021,12,4,22,0,86
2021,12,4,22,10,53
2021,12,4,22,20,22
2021,12,4,22,30,24
2021,12,4,22,40,15
2021,12,4,22,50,0
2021,12,4,23,0,0
2021,12,4,23,10,0
2021,12,4,23,20,0
2021,12,4,23,30,0
2021,12,4,23,40,0
2021,12,4,23,50,0
2021,12,5,0,0,0
2021,12,5,0,10,0
2021,12,5,0,20,0
2021,12,5,0,30,0
2021,12,5,0,40,0
2021,12,5,0,50,0
2021,12,5,1,0,0
2021,12,5,1,10,0
2021,12,5,1,20,0
2021,12,5,1,30,0
2021,12,5,1,40,0
2021,12,5,1,50,0
2021,12,5,2,0,0
2021,12,5,2,10,0
2021,12,5,2,20,0
2021,12,5,2,30,0
2021,12,5,2,40,0
2021,12,5,2,50,0
2021,12,5,3,0,0
2021,12,5,3,10,0
2021,12,5,3,20,0
2021,12,5,3,30,0
2021,12,5,3,40,0
2021,12,5,3,50,0
2021,12,5,4,0,0
2021,12,5,4,10,0
2021,12,5,4,20,0
2021,12,5,4,30,0
2021,12,5,4,40,0
2021,12,5,4,50,0
2021,12,5,5,0,0
2021,12,5,5,10,0
2021,12,5,5,20,0
2021,12,5,5,30,0
2021,12,5,5,40,0
2021,12,5,5,50,0
2021,12,5,6,0,0
2021,12,5,6,10,0
2021,12,5,6,20,0
2021,12,5,6,30,0
2021,12,5,6,40,0
2021,12,5,6,50,0
2021,12,5,7,0,0
2021,12,5,7,10,0
2021,12,5,7,20,0
2021,12,5,7,30,0
2021,12,5,7,40,0
2021,12,5,7,50,0
2021,12,5,8,0,0
2021,12,5,8,10,0
2021,12,5,8,20,0
2021,12,5,8,30,0
2021,12,5,8,40,0
2021,12,5,8,50,0
2021,12,5,9,0,0
2021,12,5,9,10,0
2021,12,5,9,20,0
2021,12,5,9,30,0
2021,12,5,9,40,4
2021,12,5,9,50,10
2021,12,5,10,0,19
2021,12,5,10,10,23
2021,12,5,10,20,80
2021,12,5,10,30,105
2021,12,5,10,40,138
2021,12,5,10,50,161
2021,12,5,11,0,184
2021,12,5,11,10,216
2021,12,5,11,20,285
2021,12,5,11,30,328
2021,12,5,11,40,383
2021,12,5,11,50,424
2021,12,5,12,0,453
2021,12,5,12,10,470
2021,12,5,12,20,542
2021,12,5,12,30,515
2021,12,5,12,40,655
2021,12,5,12,50,626
2021,12,5,13,0,715
2021,12,5,13,10,731
2021,12,5,13,20,808
2021,12,5,13,30,723
2021,12,5,13,40,511
2021,12,5,13,50,725
2021,12,5,14,0,894
2021,12,5,14,10,916
2021,12,5,14,20,732
2021,12,5,14,30,823
2021,12,5,14,40,509
2021,12,5,14,50,638
2021,12,5,15,0,617
2021,12,5,15,10,745
2021,12,5,15,20,768
2021,12,5,15,30,809
2021,12,5,15,40,748
2021,12,5,15,50,783
2021,12,5,16,0,746
2021,12,5,16,10,708
2021,12,5,16,20,730
2021,12,5,16,30,759
2021,12,5,16,40,773
2021,12,5,16,50,682
2021,12,5,17,0,700
2021,12,5,17,10,760
2021,12,5,17,20,711
2021,12,5,17,30,661
2021,12,5,17,40,592
2021,12,5,17,50,632
2021,12,5,18,0,720
2021,12,5,18,10,646
2021,12,5,18,20,583
2021,12,5,18,30,195
2021,12,5,18,40,376
2021,12,5,18,50,439
2021,12,5,19,0,582
2021,12,5,19,10,706
2021,12,5,19,20,706
2021,12,5,19,30,715
2021,12,5,19,40,673
2021,12,5,19,50,633
2021,12,5,20,0,593
2021,12,5,20,10,547
2021,12,5,20,20,481
2021,12,5,20,30,425
2021,12,5,20,40,402
2021,12,5,20,50,292
2021,12,5,21,0,324
2021,12,5,21,10,301
2021,12,5,21,20,273
2021,12,5,21,30,126
2021,12,5,21,40,84
2021,12,5,21,50,10
2021,12,5,22,0,36
2021,12,5,22,10,80
2021,12,5,22,20,56
2021,12,5,22,30,37
2021,12,5,22,40,20
2021,12,5,22,50,0
2021,12,5,23,0,0
2021,12,5,23,10,0
2021,12,5,23,20,0
2021,12,5,23,30,0
2021,12,5,23,40,0
2021,12,5,23,50,0
2021,12,6,0,0,0
2021,12,6,0,10,0
2021,12,6,0,20,0
2021,12,6,0,30,0
2021,12,6,0,40,0
2021,12,6,0,50,0
2021,12,6,1,0,0
2021,12,6,1,10,0
2021,12,6,1,20,0
2021,12,6,1,30,0
2021,12,6,1,40,0
2021,12,6,1,50,0
2021,12,6,2,0,0
2021,12,6,2,10,0
2021,12,6,2,20,0
2021,12,6,2,30,0
2021,12,6,2,40,0
2021,12,6,2,50,0
2021,12,6,3,0,0
2021,12,6,3,10,0
2021,12,6,3,20,0
2021,12,6,3,30,0
2021,12,6,3,40,0
2021,12,6,3,50,0
2021,12,6,4,0,0
2021,12,6,4,10,0
2021,12,6,4,20,0
2021,12,6,4,30,0
2021,12,6,4,40,0
2021,12,6,4,50,0
2021,12,6,5,0,0
2021,12,6,5,10,0
2021,12,6,5,20,0
2021,12,6,5,30,0
2021,12,6,5,40,0
2021,12,6,5,50,0
2021,12,6,6,0,0
2021,12,6,6,10,0
2021,12,6,6,20,0
2021,12,6,6,30,0
2021,12,6,6,40,0
2021,12,6,6,50,0
2021,12,6,7,0,0
2021,12,6,7,10,0
2021,12,6,7,20,0
2021,12,6,7,30,0
2021,12,6,7,40,0
2021,12,6,7,50,0
2021,12,6,8,0,0
2021,12,6,8,10,0
2021,12,6,8,20,0
2021,12,6,8,30,0
2021,12,6,8,40,0
2021,12,6,8,50,0
2021,12,6,9,0,0
2021,12,6,9,10,0
2021,12,6,9,20,0
2021,12,6,9,30,0
2021,12,6,9,40,5
2021,12,6,9,50,12
2021,12,6,10,0,25
2021,12,6,10,10,35
2021,12,6,10,20,60
2021,12,6,10,30,58
2021,12,6,10,40,102
2021,12,6,10,50,270
2021,12,6,11,0,164
2021,12,6,11,10,195
2021,12,6,11,20,286
2021,12,6,11,30,192
2021,12,6,11,40,124
2021,12,6,11,50,396
2021,12,6,12,0,256
2021,12,6,12,10,435
2021,12,6,12,20,534
2021,12,6,12,30,530
2021,12,6,12,40,439
2021,12,6,12,50,555
2021,12,6,13,0,513
2021,12,6,13,10,667
2021,12,6,13,20,240
2021,12,6,13,30,754
2021,12,6,13,40,685
2021,12,6,13,50,400
2021,12,6,14,0,736
2021,12,6,14,10,343
2021,12,6,14,20,302
2021,12,6,14,30,315
2021,12,6,14,40,536
2021,12,6,14,50,345
2021,12,6,15,0,542
2021,12,6,15,10,536
2021,12,6,15,20,705
2021,12,6,15,30,496
2021,12,6,15,40,666
2021,12,6,15,50,722
2021,12,6,16,0,616
2021,12,6,16,10,927
2021,12,6,16,20,614
2021,12,6,16,30,675
2021,12,6,16,40,1027
2021,12,6,16,50,1146
2021,12,6,17,0,1137
2021,12,6,17,10,1127
2021,12,6,17,20,1114
2021,12,6,17,30,1100
2021,12,6,17,40,1082
2021,12,6,17,50,925
2021,12,6,18,0,1041
2021,12,6,18,10,1019
2021,12,6,18,20,995
2021,12,6,18,30,969
2021,12,6,18,40,941
2021,12,6,18,50,798
2021,12,6,19,0,695
2021,12,6,19,10,700
2021,12,6,19,20,664
2021,12,6,19,30,630
2021,12,6,19,40,449
2021,12,6,19,50,476
2021,12,6,20,0,428
2021,12,6,20,10,406
2021,12,6,20,20,347
2021,12,6,20,30,304
2021,12,6,20,40,227
2021,12,6,20,50,220
2021,12,6,21,0,176
2021,12,6,21,10,106
2021,12,6,21,20,123
2021,12,6,21,30,113
2021,12,6,21,40,103
2021,12,6,21,50,119
2021,12,6,22,0,90
2021,12,6,22,10,53
2021,12,6,22,20,49
2021,12,6,22,30,21
2021,12,6,22,40,16
2021,12,6,22,50,0
2021,12,6,23,0,0
2021,12,6,23,10,0
2021,12,6,23,20,0
2021,12,6,23,30,0
2021,12,6,23,40,0
2021,12,6,23,50,0
2021,12,7,0,0,0
2021,12,7,0,10,0
2021,12,7,0,20,0
2021,12,7,0,30,0
2021,12,7,0,40,0
2021,12,7,0,50,0
2021,12,7,1,0,0
2021,12,7,1,10,0
2021,12,7,1,20,0
2021,12,7,1,30,0
2021,12,7,1,40,0
2021,12,7,1,50,0
2021,12,7,2,0,0
2021,12,7,2,10,0
2021,12,7,2,20,0
2021,12,7,2,30,0
2021,12,7,2,40,0
2021,12,7,2,50,0
2021,12,7,3,0,0
2021,12,7,3,10,0
2021,12,7,3,20,0
2021,12,7,3,30,0
2021,12,7,3,40,0
2021,12,7,3,50,0
2021,12,7,4,0,0
2021,12,7,4,10,0
2021,12,7,4,20,0
2021,12,7,4,30,0
2021,12,7,4,40,0
2021,12,7,4,50,0
2021,12,7,5,0,0
2021,12,7,5,10,0
2021,12,7,5,20,0
2021,12,7,5,30,0
2021,12,7,5,40,0
2021,12,7,5,50,0
2021,12,7,6,0,0
2021,12,7,6,10,0
2021,12,7,6,20,0
2021,12,7,6,30,0
2021,12,7,6,40,0
2021,12,7,6,50,0
2021,12,7,7,0,0
2021,12,7,7,10,0
2021,12,7,7,20,0
2021,12,7,7,30,0
2021,12,7,7,40,0
2021,12,7,7,50,0
2021,12,7,8,0,0
2021,12,7,8,10,0
2021,12,7,8,20,0
2021,12,7,8,30,0
2021,12,7,8,40,0
2021,12,7,8,50,0
2021,12,7,9,0,0
2021,12,7,9,10,0
2021,12,7,9,20,0
2021,12,7,9,30,0
2021,12,7,9,40,4
2021,12,7,9,50,7
2021,12,7,10,0,16
2021,12,7,10,10,4
2021,12,7,10,20,22
2021,12,7,10,30,25
2021,12,7,10,40,8
2021,12,7,10,50,10
2021,12,7,11,0,75
2021,12,7,11,10,82
2021,12,7,11,20,79
2021,12,7,11,30,152
2021,12,7,11,40,160
2021,12,7,11,50,91
2021,12,7,12,0,110
2021,12,7,12,10,137
2021,12,7,12,20,133
2021,12,7,12,30,151
2021,12,7,12,40,285
2021,12,7,12,50,376
2021,12,7,13,0,537
2021,12,7,13,10,482
2021,12,7,13,20,247
2021,12,7,13,30,239
2021,12,7,13,40,390
2021,12,7,13,50,559
2021,12,7,14,0,594
2021,12,7,14,10,746
2021,12,7,14,20,568
2021,12,7,14,30,340
2021,12,7,14,40,443
2021,12,7,14,50,683
2021,12,7,15,0,292
2021,12,7,15,10,770
2021,12,7,15,20,856
2021,12,7,15,30,1022
2021,12,7,15,40,1007
2021,12,7,15,50,1143
2021,12,7,16,0,1147
2021,12,7,16,10,1036
2021,12,7,16,20,917
2021,12,7,16,30,724
2021,12,7,16,40,626
2021,12,7,16,50,726
2021,12,7,17,0,653
2021,12,7,17,10,806
2021,12,7,17,20,968
2021,12,7,17,30,866
2021,12,7,17,40,809
2021,12,7,17,50,857
2021,12,7,18,0,855
2021,12,7,18,10,771
2021,12,7,18,20,616
2021,12,7,18,30,712
2021,12,7,18,40,642
2021,12,7,18,50,724
2021,12,7,19,0,738
2021,12,7,19,10,689
2021,12,7,19,20,801
2021,12,7,19,30,769
2021,12,7,19,40,683
2021,12,7,19,50,630
2021,12,7,20,0,544
2021,12,7,20,10,446
2021,12,7,20,20,398
2021,12,7,20,30,303
2021,12,7,20,40,270
2021,12,7,20,50,187
2021,12,7,21,0,170
2021,12,7,21,10,174
2021,12,7,21,20,175
2021,12,7,21,30,119
2021,12,7,21,40,58
2021,12,7,21,50,47
2021,12,7,22,0,32
2021,12,7,22,10,26
2021,12,7,22,20,17
2021,12,7,22,30,12
2021,12,7,22,40,7
2021,12,7,22,50,0
2021,12,7,23,0,0
2021,12,7,23,10,0
2021,12,7,23,20,0
2021,12,7,23,30,0
2021,12,7,23,40,0
2021,12,7,23,50,0
2021,12,8,0,0,0
2021,12,8,0,10,0
2021,12,8,0,20,0
2021,12,8,0,30,0
2021,12,8,0,40,0
2021,12,8,0,50,0
2021,12,8,1,0,0
2021,12,8,1,10,0
2021,12,8,1,20,0
2021,12,8,1,30,0
2021,12,8,1,40,0
2021,12,8,1,50,0
2021,12,8,2,0,0
2021,12,8,2,10,0
2021,12,8,2,20,0
2021,12,8,2,30,0
2021,12,8,2,40,0
2021,12,8,2,50,0
2021,12,8,3,0,0
2021,12,8,3,10,0
2021,12,8,3,20,0
2021,12,8,3,30,0
2021,12,8,3,40,0
2021,12,8,3,50,0
2021,12,8,4,0,0
2021,12,8,4,10,0
2021,12,8,4,20,0
2021,12,8,4,30,0
2021,12,8,4,40,0
2021,12,8,4,50,0
2021,12,8,5,0,0
2021,12,8,5,10,0
2021,12,8,5,20,0
2021,12,8,5,30,0
2021,12,8,5,40,0
2021,12,8,5,50,0
2021,12,8,6,0,0
2021,12,8,6,10,0
2021,12,8,6,20,0
2021,12,8,6,30,0
2021,12,8,6,40,0
2021,12,8,6,50,0
2021,12,8,7,0,0
2021,12,8,7,10,0
2021,12,8,7,20,0
2021,12,8,7,30,0
2021,12,8,7,40,0
2021,12,8,7,50,0
2021,12,8,8,0,0
2021,12,8,8,10,0
2021,12,8,8,20,0
2021,12,8,8,30,0
2021,12,8,8,40,0
2021,12,8,8,50,0
2021,12,8,9,0,0
2021,12,8,9,10,0
2021,12,8,9,20,0
2021,12,8,9,30,0
2021,12,8,9,40,6
2021,12,8,9,50,23
2021,12,8,10,0,63
2021,12,8,10,10,71
2021,12,8,10,20,131
2021,12,8,10,30,89
2021,12,8,10,40,161
2021,12,8,10,50,204
2021,12,8,11,0,292
2021,12,8,11,10,334
2021,12,8,11,20,377
2021,12,8,11,30,279
2021,12,8,11,40,461
2021,12,8,11,50,409
2021,12,8,12,0,545
2021,12,8,12,10,586
2021,12,8,12,20,626
2021,12,8,12,30,665
2021,12,8,12,40,705
2021,12,8,12,50,742
2021,12,8,13,0,778
2021,12,8,13,10,701
2021,12,8,13,20,731
2021,12,8,13,30,811
2021,12,8,13,40,807
2021,12,8,13,50,836
2021,12,8,14,0,923
2021,12,8,14,10,869
2021,12,8,14,20,897
2021,12,8,14,30,1039
2021,12,8,14,40,1060
2021,12,8,14,50,1079
2021,12,8,15,0,1095
2021,12,8,15,10,1109
2021,12,8,15,20,1122
2021,12,8,15,30,1132
2021,12,8,15,40,1141
2021,12,8,15,50,1145
2021,12,8,16,0,1149
2021,12,8,16,10,1151
2021,12,8,16,20,1150
2021,12,8,16,30,1148
2021,12,8,16,40,1144
2021,12,8,16,50,1137
2021,12,8,17,0,1129
2021,12,8,17,10,1116
2021,12,8,17,20,1103
2021,12,8,17,30,1088
2021,12,8,17,40,1070
2021,12,8,17,50,1052
2021,12,8,18,0,962
2021,12,8,18,10,1009
2021,12,8,18,20,983
2021,12,8,18,30,957
2021,12,8,18,40,928
2021,12,8,18,50,693
2021,12,8,19,0,761
2021,12,8,19,10,782
2021,12,8,19,20,682
2021,12,8,19,30,594
2021,12,8,19,40,604
2021,12,8,19,50,628
2021,12,8,20,0,654
2021,12,8,20,10,580
2021,12,8,20,20,520
2021,12,8,20,30,403
2021,12,8,20,40,362
2021,12,8,20,50,255
2021,12,8,21,0,181
2021,12,8,21,10,233
2021,12,8,21,20,217
2021,12,8,21,30,196
2021,12,8,21,40,166
2021,12,8,21,50,136
2021,12,8,22,0,114
2021,12,8,22,10,90
2021,12,8,22,20,40
2021,12,8,22,30,24
2021,12,8,22,40,11
2021,12,8,22,50,3
2021,12,8,23,0,0
2021,12,8,23,10,0
2021,12,8,23,20,0
2021,12,8,23,30,0
2021,12,8,23,40,0
2021,12,8,23,50,0
2021,12,9,0,0,0
2021,12,9,0,10,0
2021,12,9,0,20,0
2021,12,9,0,30,0
2021,12,9,0,40,0
2021,12,9,0,50,0
2021,12,9,1,0,0
2021,12,9,1,10,0
2021,12,9,1,20,0
2021,12,9,1,30,0
2021,12,9,1,40,0
2021,12,9,1,50,0
2021,12,9,2,0,0
2021,12,9,2,10,0
2021,12,9,2,20,0
2021,12,9,2,30,0
2021,12,9,2,40,0
2021,12,9,2,50,0
2021,12,9,3,0,0
2021,12,9,3,10,0
2021,12,9,3,20,0
2021,12,9,3,30,0
2021,12,9,3,40,0
2021,12,9,3,50,0
2021,12,9,4,0,0
2021,12,9,4,10,0
2021,12,9,4,20,0
2021,12,9,4,30,0
2021,12,9,4,40,0
2021,12,9,4,50,0
2021,12,9,5,0,0
2021,12,9,5,10,0
2021,12,9,5,20,0
2021,12,9,5,30,0
2021,12,9,5,40,0
2021,12,9,5,50,0
2021,12,9,6,0,0
2021,12,9,6,10,0
2021,12,9,6,20,0
2021,12,9,6,30,0
2021,12,9,6,40,0
2021,12,9,6,50,0
2021,12,9,7,0,0
2021,12,9,7,10,0
2021,12,9,7,20,0
2021,12,9,7,30,0
2021,12,9,7,40,0
2021,12,9,7,50,0
2021,12,9,8,0,0
2021,12,9,8,10,0
2021,12,9,8,20,0
2021,12,9,8,30,0
2021,12,9,8,40,0
2021,12,9,8,50,0
2021,12,9,9,0,0
2021,12,9,9,10,0
2021,12,9,9,20,0
2021,12,9,9,30,0
2021,12,9,9,40,3
2021,12,9,9,50,9
2021,12,9,10,0,13
2021,12,9,10,10,46
2021,12,9,10,20,53
2021,12,9,10,30,29
2021,12,9,10,40,150
2021,12,9,10,50,5
2021,12,9,11,0,108
2021,12,9,11,10,196
2021,12,9,11,20,159
2021,12,9,11,30,222
2021,12,9,11,40,246
2021,12,9,11,50,322
2021,12,9,12,0,426
2021,12,9,12,10,457
2021,12,9,12,20,542
2021,12,9,12,30,502
2021,12,9,12,40,597
2021,12,9,12,50,328
2021,12,9,13,0,444
2021,12,9,13,10,674
2021,12,9,13,20,629
2021,12,9,13,30,676
2021,12,9,13,40,690
2021,12,9,13,50,776
2021,12,9,14,0,765
2021,12,9,14,10,822
2021,12,9,14,20,807
2021,12,9,14,30,894
2021,12,9,14,40,887
2021,12,9,14,50,884
2021,12,9,15,0,828
2021,12,9,15,10,778
2021,12,9,15,20,782
2021,12,9,15,30,612
2021,12,9,15,40,744
2021,12,9,15,50,948
2021,12,9,16,0,1029
2021,12,9,16,10,947
2021,12,9,16,20,965
2021,12,9,16,30,912
2021,12,9,16,40,961
2021,12,9,16,50,761
2021,12,9,17,0,425
2021,12,9,17,10,589
2021,12,9,17,20,841
2021,12,9,17,30,798
2021,12,9,17,40,912
2021,12,9,17,50,965
2021,12,9,18,0,740
2021,12,9,18,10,892
2021,12,9,18,20,950
2021,12,9,18,30,606
2021,12,9,18,40,522
2021,12,9,18,50,417
2021,12,9,19,0,136
2021,12,9,19,10,274
2021,12,9,19,20,34
2021,12,9,19,30,78
2021,12,9,19,40,56
2021,12,9,19,50,20
2021,12,9,20,0,60
2021,12,9,20,10,343
2021,12,9,20,20,487
2021,12,9,20,30,445
2021,12,9,20,40,452
2021,12,9,20,50,463
2021,12,9,21,0,421
2021,12,9,21,10,374
2021,12,9,21,20,317
2021,12,9,21,30,224
2021,12,9,21,40,116
2021,12,9,21,50,87
2021,12,9,22,0,4
2021,12,9,22,10,4
2021,12,9,22,20,27
2021,12,9,22,30,14
2021,12,9,22,40,8
2021,12,9,22,50,4
2021,12,9,23,0,0
2021,12,9,23,10,0
2021,12,9,23,20,0
2021,12,9,23,30,0
2021,12,9,23,40,0
2021,12,9,23,50,0
2021,12,10,0,0,0
2021,12,10,0,10,0
2021,12,10,0,20,0
2021,12,10,0,30,0
2021,12,10,0,40,0
2021,12,10,0,50,0
2021,12,10,1,0,0
2021,12,10,1,10,0
2021,12,10,1,20,0
2021,12,10,1,30,0
2021,12,10,1,40,0
2021,12,10,1,50,0
2021,12,10,2,0,0
2021,12,10,2,10,0
2021,12,10,2,20,0
2021,12,10,2,30,0
2021,12,10,2,40,0
2021,12,10,2,50,0
2021,12,10,3,0,0
2021,12,10,3,10,0
2021,12,10,3,20,0
2021,12,10,3,30,0
2021,12,10,3,40,0
2021,12,10,3,50,0
2021,12,10,4,0,0
2021,12,10,4,10,0
2021,12,10,4,20,0
2021,12,10,4,30,0
2021,12,10,4,40,0
2021,12,10,4,50,0
2021,12,10,5,0,0
2021,12,10,5,10,0
2021,12,10,5,20,0
2021,12,10,5,30,0
2021,12,10,5,40,0
2021,12,10,5,50,0
2021,12,10,6,0,0
2021,12,10,6,10,0
2021,12,10,6,20,0
2021,12,10,6,30,0
2021,12,10,6,40,0
2021,12,10,6,50,0
2021,12,10,7,0,0
2021,12,10,7,10,0
2021,12,10,7,20,0
2021,12,10,7,30,0
2021,12,10,7,40,0
2021,12,10,7,50,0
2021,12,10,8,0,0
2021,12,10,8,10,0
2021,12,10,8,20,0
2021,12,10,8,30,0
2021,12,10,8,40,0
2021,12,10,8,50,0
2021,12,10,9,0,0
2021,12,10,9,10,0
2021,12,10,9,20,0
2021,12,10,9,30,0
2021,12,10,9,40,5
2021,12,10,9,50,21
2021,12,10,10,0,37
2021,12,10,10,10,41
2021,12,10,10,20,77
2021,12,10,10,30,45
2021,12,10,10,40,91
2021,12,10,10,50,105
2021,12,10,11,0,71
2021,12,10,11,10,64
2021,12,10,11,20,213
2021,12,10,11,30,255
2021,12,10,11,40,335
2021,12,10,11,50,223
2021,12,10,12,0,307
2021,12,10,12,10,267
2021,12,10,12,20,496
2021,12,10,12,30,492
2021,12,10,12,40,352
2021,12,10,12,50,217
2021,12,10,13,0,568
2021,12,10,13,10,646
2021,12,10,13,20,417
2021,12,10,13,30,610
2021,12,10,13,40,555
2021,12,10,13,50,743
2021,12,10,14,0,468
2021,12,10,14,10,361
2021,12,10,14,20,440
2021,12,10,14,30,736
2021,12,10,14,40,870
2021,12,10,14,50,625
2021,12,10,15,0,356
2021,12,10,15,10,962
2021,12,10,15,20,1122
2021,12,10,15,30,1132
2021,12,10,15,40,999
2021,12,10,15,50,750
2021,12,10,16,0,728
2021,12,10,16,10,630
2021,12,10,16,20,924
2021,12,10,16,30,1015
2021,12,10,16,40,1014
2021,12,10,16,50,935
2021,12,10,17,0,795
2021,12,10,17,10,813
2021,12,10,17,20,916
2021,12,10,17,30,1089
2021,12,10,17,40,1072
2021,12,10,17,50,974
2021,12,10,18,0,1031
2021,12,10,18,10,1009
2021,12,10,18,20,986
2021,12,10,18,30,855
2021,12,10,18,40,814
2021,12,10,18,50,866
2021,12,10,19,0,770
2021,12,10,19,10,695
2021,12,10,19,20,810
2021,12,10,19,30,775
2021,12,10,19,40,593
2021,12,10,19,50,288
2021,12,10,20,0,389
2021,12,10,20,10,408
2021,12,10,20,20,228
2021,12,10,20,30,80
2021,12,10,20,40,202
2021,12,10,20,50,85
2021,12,10,21,0,9
2021,12,10,21,10,64
2021,12,10,21,20,16
2021,12,10,21,30,6
2021,12,10,21,40,13
2021,12,10,21,50,7
2021,12,10,22,0,4
2021,12,10,22,10,10
2021,12,10,22,20,15
2021,12,10,22,30,4
2021,12,10,22,40,18
2021,12,10,22,50,5
2021,12,10,23,0,0
2021,12,10,23,10,0
2021,12,10,23,20,0
2021,12,10,23,30,0
2021,12,10,23,40,0
2021,12,10,23,50,0
2021,12,11,0,0,0
2021,12,11,0,10,0
2021,12,11,0,20,0
2021,12,11,0,30,0
2021,12,11,0,40,0
2021,12,11,0,50,0
2021,12,11,1,0,0
2021,12,11,1,10,0
2021,12,11,1,20,0
2021,12,11,1,30,0
2021,12,11,1,40,0
2021,12,11,1,50,0
2021,12,11,2,0,0
2021,12,11,2,10,0
2021,12,11,2,20,0
2021,12,11,2,30,0
2021,12,11,2,40,0
2021,12,11,2,50,0
2021,12,11,3,0,0
2021,12,11,3,10,0
2021,12,11,3,20,0
2021,12,11,3,30,0
2021,12,11,3,40,0
2021,12,11,3,50,0
2021,12,11,4,0,0
2021,12,11,4,10,0
2021,12,11,4,20,0
2021,12,11,4,30,0
2021,12,11,4,40,0
2021,12,11,4,50,0
2021,12,11,5,0,0
2021,12,11,5,10,0
2021,12,11,5,20,0
2021,12,11,5,30,0
2021,12,11,5,40,0
2021,12,11,5,50,0
2021,12,11,6,0,0
2021,12,11,6,10,0
2021,12,11,6,20,0
2021,12,11,6,30,0
2021,12,11,6,40,0
2021,12,11,6,50,0
2021,12,11,7,0,0
2021,12,11,7,10,0
2021,12,11,7,20,0
2021,12,11,7,30,0
2021,12,11,7,40,0
2021,12,11,7,50,0
2021,12,11,8,0,0
2021,12,11,8,10,0
2021,12,11,8,20,0
2021,12,11,8,30,0
2021,12,11,8,40,0
2021,12,11,8,50,0
2021,12,11,9,0,0
2021,12,11,9,10,0
2021,12,11,9,20,0
2021,12,11,9,30,0
2021,12,11,9,40,6
2021,12,11,9,50,18
2021,12,11,10,0,19
2021,12,11,10,10,56
2021,12,11,10,20,41
2021,12,11,10,30,6
2021,12,11,10,40,58
2021,12,11,10,50,104
2021,12,11,11,0,80
2021,12,11,11,10,68
2021,12,11,11,20,118
2021,12,11,11,30,178
2021,12,11,11,40,362
2021,12,11,11,50,458
2021,12,11,12,0,476
2021,12,11,12,10,399
2021,12,11,12,20,560
2021,12,11,12,30,565
2021,12,11,12,40,492
2021,12,11,12,50,585
2021,12,11,13,0,681
2021,12,11,13,10,597
2021,12,11,13,20,779
2021,12,11,13,30,780
2021,12,11,13,40,826
2021,12,11,13,50,837
2021,12,11,14,0,742
2021,12,11,14,10,807
2021,12,11,14,20,932
2021,12,11,14,30,946
2021,12,11,14,40,1073
2021,12,11,14,50,1091
2021,12,11,15,0,887
2021,12,11,15,10,885
2021,12,11,15,20,978
2021,12,11,15,30,942
2021,12,11,15,40,910
2021,12,11,15,50,981
2021,12,11,16,0,641
2021,12,11,16,10,380
2021,12,11,16,20,490
2021,12,11,16,30,599
2021,12,11,16,40,555
2021,12,11,16,50,1013
2021,12,11,17,0,965
2021,12,11,17,10,919
2021,12,11,17,20,962
2021,12,11,17,30,967
2021,12,11,17,40,977
2021,12,11,17,50,847
2021,12,11,18,0,769
2021,12,11,18,10,852
2021,12,11,18,20,729
2021,12,11,18,30,629
2021,12,11,18,40,693
2021,12,11,18,50,778
2021,12,11,19,0,567
2021,12,11,19,10,660
2021,12,11,19,20,441
2021,12,11,19,30,645
2021,12,11,19,40,619
2021,12,11,19,50,573
2021,12,11,20,0,507
2021,12,11,20,10,552
2021,12,11,20,20,496
2021,12,11,20,30,465
2021,12,11,20,40,430
2021,12,11,20,50,348
2021,12,11,21,0,334
2021,12,11,21,10,324
2021,12,11,21,20,304
2021,12,11,21,30,252
2021,12,11,21,40,196
2021,12,11,21,50,149
2021,12,11,22,0,91
2021,12,11,22,10,132
2021,12,11,22,20,73
2021,12,11,22,30,45
2021,12,11,22,40,29
2021,12,11,22,50,10
2021,12,11,23,0,0
2021,12,11,23,10,0
2021,12,11,23,20,0
2021,12,11,23,30,0
2021,12,11,23,40,0
2021,12,11,23,50,0
2021,12,12,0,0,0
2021,12,12,0,10,0
2021,12,12,0,20,0
2021,12,12,0,30,0
2021,12,12,0,40,0
2021,12,12,0,50,0
2021,12,12,1,0,0
2021,12,12,1,10,0
2021,12,12,1,20,0
2021,12,12,1,30,0
2021,12,12,1,40,0
2021,12,12,1,50,0
2021,12,12,2,0,0
2021,12,12,2,10,0
2021,12,12,2,20,0
2021,12,12,2,30,0
2021,12,12,2,40,0
2021,12,12,2,50,0
2021,12,12,3,0,0
2021,12,12,3,10,0
2021,12,12,3,20,0
2021,12,12,3,30,0
2021,12,12,3,40,0
2021,12,12,3,50,0
2021,12,12,4,0,0
2021,12,12,4,10,0
2021,12,12,4,20,0
2021,12,12,4,30,0
2021,12,12,4,40,0
2021,12,12,4,50,0
2021,12,12,5,0,0
2021,12,12,5,10,0
2021,12,12,5,20,0
2021,12,12,5,30,0
2021,12,12,5,40,0
2021,12,12,5,50,0
2021,12,12,6,0,0
2021,12,12,6,10,0
2021,12,12,6,20,0
2021,12,12,6,30,0
2021,12,12,6,40,0
2021,12,12,6,50,0
2021,12,12,7,0,0
2021,12,12,7,10,0
2021,12,12,7,20,0
2021,12,12,7,30,0
2021,12,12,7,40,0
2021,12,12,7,50,0
2021,12,12,8,0,0
2021,12,12,8,10,0
2021,12,12,8,20,0
2021,12,12,8,30,0
2021,12,12,8,40,0
2021,12,12,8,50,0
2021,12,12,9,0,0
2021,12,12,9,10,0
2021,12,12,9,20,0
2021,12,12,9,30,0
2021,12,12,9,40,5
2021,12,12,9,50,39
2021,12,12,10,0,70
2021,12,12,10,10,107
2021,12,12,10,20,146
2021,12,12,10,30,187
2021,12,12,10,40,231
2021,12,12,10,50,275
2021,12,12,11,0,319
2021,12,12,11,10,363
2021,12,12,11,20,407
2021,12,12,11,30,455
2021,12,12,11,40,501
2021,12,12,11,50,544
2021,12,12,12,0,588
2021,12,12,12,10,630
2021,12,12,12,20,671
2021,12,12,12,30,712
2021,12,12,12,40,752
2021,12,12,12,50,790
2021,12,12,13,0,834
2021,12,12,13,10,870
2021,12,12,13,20,904
2021,12,12,13,30,938
2021,12,12,13,40,970
2021,12,12,13,50,1000
2021,12,12,14,0,1028
2021,12,12,14,10,1055
2021,12,12,14,20,1079
2021,12,12,14,30,1102
2021,12,12,14,40,1123
2021,12,12,14,50,1142
2021,12,12,15,0,1159
2021,12,12,15,10,1174
2021,12,12,15,20,1187
2021,12,12,15,30,1198
2021,12,12,15,40,1207
2021,12,12,15,50,1214
2021,12,12,16,0,1218
2021,12,12,16,10,1221
2021,12,12,16,20,1221
2021,12,12,16,30,1219
2021,12,12,16,40,1215
2021,12,12,16,50,1209
2021,12,12,17,0,1200
2021,12,12,17,10,1190
2021,12,12,17,20,1178
2021,12,12,17,30,1163
2021,12,12,17,40,1147
2021,12,12,17,50,1128
2021,12,12,18,0,1107
2021,12,12,18,10,1085
2021,12,12,18,20,1061
2021,12,12,18,30,1027
2021,12,12,18,40,1000
2021,12,12,18,50,970
2021,12,12,19,0,939
2021,12,12,19,10,907
2021,12,12,19,20,873
2021,12,12,19,30,837
2021,12,12,19,40,800
2021,12,12,19,50,757
2021,12,12,20,0,718
2021,12,12,20,10,678
2021,12,12,20,20,637
2021,12,12,20,30,592
2021,12,12,20,40,549
2021,12,12,20,50,506
2021,12,12,21,0,459
2021,12,12,21,10,416
2021,12,12,21,20,372
2021,12,12,21,30,326
2021,12,12,21,40,280
2021,12,12,21,50,235
2021,12,12,22,0,135
2021,12,12,22,10,153
2021,12,12,22,20,113
2021,12,12,22,30,77
2021,12,12,22,40,43
2021,12,12,22,50,9
2021,12,12,23,0,0
2021,12,12,23,10,0
2021,12,12,23,20,0
2021,12,12,23,30,0
2021,12,12,23,40,0
2021,12,12,23,50,0
2021,12,13,0,0,0
2021,12,13,0,10,0
2021,12,13,0,20,0
2021,12,13,0,30,0
2021,12,13,0,40,0
2021,12,13,0,50,0
2021,12,13,1,0,0
2021,12,13,1,10,0
2021,12,13,1,20,0
2021,12,13,1,30,0
2021,12,13,1,40,0
2021,12,13,1,50,0
2021,12,13,2,0,0
2021,12,13,2,10,0
2021,12,13,2,20,0
2021,12,13,2,30,0
2021,12,13,2,40,0
2021,12,13,2,50,0
2021,12,13,3,0,0
2021,12,13,3,10,0
2021,12,13,3,20,0
2021,12,13,3,30,0
2021,12,13,3,40,0
2021,12,13,3,50,0
2021,12,13,4,0,0
2021,12,13,4,10,0
2021,12,13,4,20,0
2021,12,13,4,30,0
2021,12,13,4,40,0
2021,12,13,4,50,0
2021,12,13,5,0,0
2021,12,13,5,10,0
2021,12,13,5,20,0
2021,12,13,5,30,0
2021,12,13,5,40,0
2021,12,13,5,50,0
2021,12,13,6,0,0
2021,12,13,6,10,0
2021,12,13,6,20,0
2021,12,13,6,30,0
2021,12,13,6,40,0
2021,12,13,6,50,0
2021,12,13,7,0,0
2021,12,13,7,10,0
2021,12,13,7,20,0
2021,12,13,7,30,0
2021,12,13,7,40,0
2021,12,13,7,50,0
2021,12,13,8,0,0
2021,12,13,8,10,0
2021,12,13,8,20,0
2021,12,13,8,30,0
2021,12,13,8,40,0
2021,12,13,8,50,0
2021,12,13,9,0,0
2021,12,13,9,10,0
2021,12,13,9,20,0
2021,12,13,9,30,0
2021,12,13,9,40,0
2021,12,13,9,50,23
2021,12,13,10,0,66
2021,12,13,10,10,102
2021,12,13,10,20,140
2021,12,13,10,30,181
2021,12,13,10,40,225
2021,12,13,10,50,268
2021,12,13,11,0,312
2021,12,13,11,10,356
2021,12,13,11,20,400
2021,12,13,11,30,445
2021,12,13,11,40,490
2021,12,13,11,50,534
2021,12,13,12,0,577
2021,12,13,12,10,619
2021,12,13,12,20,660
2021,12,13,12,30,696
2021,12,13,12,40,737
2021,12,13,12,50,776
2021,12,13,13,0,813
2021,12,13,13,10,849
2021,12,13,13,20,883
2021,12,13,13,30,916
2021,12,13,13,40,948
2021,12,13,13,50,978
2021,12,13,14,0,1006
2021,12,13,14,10,1033
2021,12,13,14,20,1057
2021,12,13,14,30,1080
2021,12,13,14,40,1102
2021,12,13,14,50,1121
2021,12,13,15,0,1138
2021,12,13,15,10,1153
2021,12,13,15,20,1166
2021,12,13,15,30,1177
2021,12,13,15,40,1185
2021,12,13,15,50,1192
2021,12,13,16,0,1197
2021,12,13,16,10,1199
2021,12,13,16,20,1200
2021,12,13,16,30,1198
2021,12,13,16,40,1193
2021,12,13,16,50,1187
2021,12,13,17,0,1179
2021,12,13,17,10,1169
2021,12,13,17,20,1157
2021,12,13,17,30,1142
2021,12,13,17,40,1119
2021,12,13,17,50,1101
2021,12,13,18,0,1080
2021,12,13,18,10,1058
2021,12,13,18,20,1034
2021,12,13,18,30,1008
2021,12,13,18,40,980
2021,12,13,18,50,951
2021,12,13,19,0,920
2021,12,13,19,10,887
2021,12,13,19,20,854
2021,12,13,19,30,818
2021,12,13,19,40,781
2021,12,13,19,50,743
2021,12,13,20,0,705
2021,12,13,20,10,665
2021,12,13,20,20,624
2021,12,13,20,30,582
2021,12,13,20,40,536
2021,12,13,20,50,491
2021,12,13,21,0,448
2021,12,13,21,10,404
2021,12,13,21,20,361
2021,12,13,21,30,317
2021,12,13,21,40,269
2021,12,13,21,50,227
2021,12,13,22,0,185
2021,12,13,22,10,145
2021,12,13,22,20,107
2021,12,13,22,30,72
2021,12,13,22,40,44
2021,12,13,22,50,20
2021,12,13,23,0,0
2021,12,13,23,10,0
2021,12,13,23,20,0
2021,12,13,23,30,0
2021,12,13,23,40,0
2021,12,13,23,50,0
2021,12,14,0,0,0
2021,12,14,0,10,0
2021,12,14,0,20,0
2021,12,14,0,30,0
2021,12,14,0,40,0
2021,12,14,0,50,0
2021,12,14,1,0,0
2021,12,14,1,10,0
2021,12,14,1,20,0
2021,12,14,1,30,0
2021,12,14,1,40,0
2021,12,14,1,50,0
2021,12,14,2,0,0
2021,12,14,2,10,0
2021,12,14,2,20,0
2021,12,14,2,30,0
2021,12,14,2,40,0
2021,12,14,2,50,0
2021,12,14,3,0,0
2021,12,14,3,10,0
2021,12,14,3,20,0
2021,12,14,3,30,0
2021,12,14,3,40,0
2021,12,14,3,50,0
2021,12,14,4,0,0
2021,12,14,4,10,0
2021,12,14,4,20,0
2021,12,14,4,30,0
2021,12,14,4,40,0
2021,12,14,4,50,0
2021,12,14,5,0,0
2021,12,14,5,10,0
2021,12,14,5,20,0
2021,12,14,5,30,0
2021,12,14,5,40,0
2021,12,14,5,50,0
2021,12,14,6,0,0
2021,12,14,6,10,0
2021,12,14,6,20,0
2021,12,14,6,30,0
2021,12,14,6,40,0
2021,12,14,6,50,0
2021,12,14,7,0,0
2021,12,14,7,10,0
2021,12,14,7,20,0
2021,12,14,7,30,0
2021,12,14,7,40,0
2021,12,14,7,50,0
2021,12,14,8,0,0
2021,12,14,8,10,0
2021,12,14,8,20,0
2021,12,14,8,30,0
2021,12,14,8,40,0
2021,12,14,8,50,0
2021,12,14,9,0,0
2021,12,14,9,10,0
2021,12,14,9,20,0
2021,12,14,9,30,0
2021,12,14,9,40,0
2021,12,14,9,50,20
2021,12,14,10,0,36
2021,12,14,10,10,64
2021,12,14,10,20,86
2021,12,14,10,30,173
2021,12,14,10,40,215
2021,12,14,10,50,257
2021,12,14,11,0,90
2021,12,14,11,10,46
2021,12,14,11,20,298
2021,12,14,11,30,348
2021,12,14,11,40,332
2021,12,14,11,50,417
2021,12,14,12,0,437
2021,12,14,12,10,601
2021,12,14,12,20,517
2021,12,14,12,30,681
2021,12,14,12,40,701
2021,12,14,12,50,758
2021,12,14,13,0,794
2021,12,14,13,10,829
2021,12,14,13,20,863
2021,12,14,13,30,896
2021,12,14,13,40,791
2021,12,14,13,50,714
2021,12,14,14,0,586
2021,12,14,14,10,843
2021,12,14,14,20,437
2021,12,14,14,30,764
2021,12,14,14,40,1000
2021,12,14,14,50,1037
2021,12,14,15,0,1046
2021,12,14,15,10,1021
2021,12,14,15,20,972
2021,12,14,15,30,962
2021,12,14,15,40,1028
2021,12,14,15,50,998
2021,12,14,16,0,1024
2021,12,14,16,10,992
2021,12,14,16,20,975
2021,12,14,16,30,1006
2021,12,14,16,40,974
2021,12,14,16,50,882
2021,12,14,17,0,819
2021,12,14,17,10,1069
2021,12,14,17,20,1127
2021,12,14,17,30,1113
2021,12,14,17,40,1096
2021,12,14,17,50,1078
2021,12,14,18,0,1058
2021,12,14,18,10,1036
2021,12,14,18,20,1013
2021,12,14,18,30,848
2021,12,14,18,40,960
2021,12,14,18,50,931
2021,12,14,19,0,898
2021,12,14,19,10,321
2021,12,14,19,20,296
2021,12,14,19,30,799
2021,12,14,19,40,767
2021,12,14,19,50,730
2021,12,14,20,0,692
2021,12,14,20,10,653
2021,12,14,20,20,561
2021,12,14,20,30,12
2021,12,14,20,40,85
2021,12,14,20,50,341
2021,12,14,21,0,133
2021,12,14,21,10,119
2021,12,14,21,20,188
2021,12,14,21,30,231
2021,12,14,21,40,38
2021,12,14,21,50,199
2021,12,14,22,0,192
2021,12,14,22,10,97
2021,12,14,22,20,113
2021,12,14,22,30,59
2021,12,14,22,40,35
2021,12,14,22,50,13
2021,12,14,23,0,0
2021,12,14,23,10,0
2021,12,14,23,20,0
2021,12,14,23,30,0
2021,12,14,23,40,0
2021,12,14,23,50,0
2021,12,15,0,0,0
2021,12,15,0,10,0
2021,12,15,0,20,0
2021,12,15,0,30,0
2021,12,15,0,40,0
2021,12,15,0,50,0
2021,12,15,1,0,0
2021,12,15,1,10,0
2021,12,15,1,20,0
2021,12,15,1,30,0
2021,12,15,1,40,0
2021,12,15,1,50,0
2021,12,15,2,0,0
2021,12,15,2,10,0
2021,12,15,2,20,0
2021,12,15,2,30,0
2021,12,15,2,40,0
2021,12,15,2,50,0
2021,12,15,3,0,0
2021,12,15,3,10,0
2021,12,15,3,20,0
2021,12,15,3,30,0
2021,12,15,3,40,0
2021,12,15,3,50,0
2021,12,15,4,0,0
2021,12,15,4,10,0
2021,12,15,4,20,0
2021,12,15,4,30,0
2021,12,15,4,40,0
2021,12,15,4,50,0
2021,12,15,5,0,0
2021,12,15,5,10,0
2021,12,15,5,20,0
2021,12,15,5,30,0
2021,12,15,5,40,0
2021,12,15,5,50,0
2021,12,15,6,0,0
2021,12,15,6,10,0
2021,12,15,6,20,0
2021,12,15,6,30,0
2021,12,15,6,40,0
2021,12,15,6,50,0
2021,12,15,7,0,0
2021,12,15,7,10,0
2021,12,15,7,20,0
2021,12,15,7,30,0
2021,12,15,7,40,0
2021,12,15,7,50,0
2021,12,15,8,0,0
2021,12,15,8,10,0
2021,12,15,8,20,0
2021,12,15,8,30,0
2021,12,15,8,40,0
2021,12,15,8,50,0
2021,12,15,9,0,0
2021,12,15,9,10,0
2021,12,15,9,20,0
2021,12,15,9,30,0
2021,12,15,9,40,0
2021,12,15,9,50,17
2021,12,15,10,0,33
2021,12,15,10,10,20
2021,12,15,10,20,31
2021,12,15,10,30,92
2021,12,15,10,40,139
2021,12,15,10,50,258
2021,12,15,11,0,301
2021,12,15,11,10,192
2021,12,15,11,20,325
2021,12,15,11,30,374
2021,12,15,11,40,474
2021,12,15,11,50,516
2021,12,15,12,0,500
2021,12,15,12,10,544
2021,12,15,12,20,641
2021,12,15,12,30,680
2021,12,15,12,40,673
2021,12,15,12,50,573
2021,12,15,13,0,502
2021,12,15,13,10,776
2021,12,15,13,20,814
2021,12,15,13,30,895
2021,12,15,13,40,926
2021,12,15,13,50,956
2021,12,15,14,0,984
2021,12,15,14,10,666
2021,12,15,14,20,1035
2021,12,15,14,30,1057
2021,12,15,14,40,1006
2021,12,15,14,50,960
2021,12,15,15,0,1108
2021,12,15,15,10,1123
2021,12,15,15,20,1136
2021,12,15,15,30,1147
2021,12,15,15,40,1156
2021,12,15,15,50,1163
2021,12,15,16,0,1168
2021,12,15,16,10,1171
2021,12,15,16,20,1171
2021,12,15,16,30,1170
2021,12,15,16,40,1163
2021,12,15,16,50,1157
2021,12,15,17,0,1149
2021,12,15,17,10,951
2021,12,15,17,20,617
2021,12,15,17,30,377
2021,12,15,17,40,263
2021,12,15,17,50,234
2021,12,15,18,0,261
2021,12,15,18,10,255
2021,12,15,18,20,44
2021,12,15,18,30,43
2021,12,15,18,40,119
2021,12,15,18,50,36
2021,12,15,19,0,163
2021,12,15,19,10,31
2021,12,15,19,20,329
2021,12,15,19,30,802
2021,12,15,19,40,767
2021,12,15,19,50,730
2021,12,15,20,0,692
2021,12,15,20,10,653
2021,12,15,20,20,442
2021,12,15,20,30,258
2021,12,15,20,40,36
2021,12,15,20,50,14
2021,12,15,21,0,106
2021,12,15,21,10,162
2021,12,15,21,20,115
2021,12,15,21,30,21
2021,12,15,21,40,6
2021,12,15,21,50,115
2021,12,15,22,0,105
2021,12,15,22,10,93
2021,12,15,22,20,68
2021,12,15,22,30,50
2021,12,15,22,40,31
2021,12,15,22,50,13
2021,12,15,23,0,0
2021,12,15,23,10,0
2021,12,15,23,20,0
2021,12,15,23,30,0
2021,12,15,23,40,0
2021,12,15,23,50,0
2021,12,16,0,0,0
2021,12,16,0,10,0
2021,12,16,0,20,0
2021,12,16,0,30,0
2021,12,16,0,40,0
2021,12,16,0,50,0
2021,12,16,1,0,0
2021,12,16,1,10,0
2021,12,16,1,20,0
2021,12,16,1,30,0
2021,12,16,1,40,0
2021,12,16,1,50,0
2021,12,16,2,0,0
2021,12,16,2,10,0
2021,12,16,2,20,0
2021,12,16,2,30,0
2021,12,16,2,40,0
2021,12,16,2,50,0
2021,12,16,3,0,0
2021,12,16,3,10,0
2021,12,16,3,20,0
2021,12,16,3,30,0
2021,12,16,3,40,0
2021,12,16,3,50,0
2021,12,16,4,0,0
2021,12,16,4,10,0
2021,12,16,4,20,0
2021,12,16,4,30,0
2021,12,16,4,40,0
2021,12,16,4,50,0
2021,12,16,5,0,0
2021,12,16,5,10,0
2021,12,16,5,20,0
2021,12,16,5,30,0
2021,12,16,5,40,0
2021,12,16,5,50,0
2021,12,16,6,0,0
2021,12,16,6,10,0
2021,12,16,6,20,0
2021,12,16,6,30,0
2021,12,16,6,40,0
2021,12,16,6,50,0
2021,12,16,7,0,0
2021,12,16,7,10,0
2021,12,16,7,20,0
2021,12,16,7,30,0
2021,12,16,7,40,0
2021,12,16,7,50,0
2021,12,16,8,0,0
2021,12,16,8,10,0
2021,12,16,8,20,0
2021,12,16,8,30,0
2021,12,16,8,40,0
2021,12,16,8,50,0
2021,12,16,9,0,0
2021,12,16,9,10,0
2021,12,16,9,20,0
2021,12,16,9,30,0
2021,12,16,9,40,0
2021,12,16,9,50,11
2021,12,16,10,0,21
2021,12,16,10,10,41
2021,12,16,10,20,80
2021,12,16,10,30,93
2021,12,16,10,40,66
2021,12,16,10,50,127
2021,12,16,11,0,120
2021,12,16,11,10,43
2021,12,16,11,20,82
2021,12,16,11,30,86
2021,12,16,11,40,178
2021,12,16,11,50,193
2021,12,16,12,0,223
2021,12,16,12,10,300
2021,12,16,12,20,270
2021,12,16,12,30,194
2021,12,16,12,40,123
2021,12,16,12,50,146
2021,12,16,13,0,416
2021,12,16,13,10,570
2021,12,16,13,20,842
2021,12,16,13,30,621
2021,12,16,13,40,687
2021,12,16,13,50,554
2021,12,16,14,0,726
2021,12,16,14,10,784
2021,12,16,14,20,889
2021,12,16,14,30,889
2021,12,16,14,40,946
2021,12,16,14,50,916
2021,12,16,15,0,974
2021,12,16,15,10,997
2021,12,16,15,20,986
2021,12,16,15,30,1024
2021,12,16,15,40,1144
2021,12,16,15,50,1151
2021,12,16,16,0,1156
2021,12,16,16,10,934
2021,12,16,16,20,914
2021,12,16,16,30,1038
2021,12,16,16,40,1002
2021,12,16,16,50,1149
2021,12,16,17,0,973
2021,12,16,17,10,849
2021,12,16,17,20,859
2021,12,16,17,30,314
2021,12,16,17,40,1022
2021,12,16,17,50,1019
2021,12,16,18,0,904
2021,12,16,18,10,886
2021,12,16,18,20,808
2021,12,16,18,30,732
2021,12,16,18,40,801
2021,12,16,18,50,908
2021,12,16,19,0,863
2021,12,16,19,10,770
2021,12,16,19,20,718
2021,12,16,19,30,458
2021,12,16,19,40,436
2021,12,16,19,50,121
2021,12,16,20,0,27
2021,12,16,20,10,14
2021,12,16,20,20,13
2021,12,16,20,30,14
2021,12,16,20,40,51
2021,12,16,20,50,66
2021,12,16,21,0,15
2021,12,16,21,10,159
2021,12,16,21,20,271
2021,12,16,21,30,96
2021,12,16,21,40,22
2021,12,16,21,50,14
2021,12,16,22,0,4
2021,12,16,22,10,4
2021,12,16,22,20,26
2021,12,16,22,30,16
2021,12,16,22,40,11
2021,12,16,22,50,8
2021,12,16,23,0,0
2021,12,16,23,10,0
2021,12,16,23,20,0
2021,12,16,23,30,0
2021,12,16,23,40,0
2021,12,16,23,50,0
2021,12,17,0,0,0
2021,12,17,0,10,0
2021,12,17,0,20,0
2021,12,17,0,30,0
2021,12,17,0,40,0
2021,12,17,0,50,0
2021,12,17,1,0,0
2021,12,17,1,10,0
2021,12,17,1,20,0
2021,12,17,1,30,0
2021,12,17,1,40,0
2021,12,17,1,50,0
2021,12,17,2,0,0
2021,12,17,2,10,0
2021,12,17,2,20,0
2021,12,17,2,30,0
2021,12,17,2,40,0
2021,12,17,2,50,0
2021,12,17,3,0,0
2021,12,17,3,10,0
2021,12,17,3,20,0
2021,12,17,3,30,0
2021,12,17,3,40,0
2021,12,17,3,50,0
2021,12,17,4,0,0
2021,12,17,4,10,0
2021,12,17,4,20,0
2021,12,17,4,30,0
2021,12,17,4,40,0
2021,12,17,4,50,0
2021,12,17,5,0,0
2021,12,17,5,10,0
2021,12,17,5,20,0
2021,12,17,5,30,0
2021,12,17,5,40,0
2021,12,17,5,50,0
2021,12,17,6,0,0
2021,12,17,6,10,0
2021,12,17,6,20,0
2021,12,17,6,30,0
2021,12,17,6,40,0
2021,12,17,6,50,0
2021,12,17,7,0,0
2021,12,17,7,10,0
2021,12,17,7,20,0
2021,12,17,7,30,0
2021,12,17,7,40,0
2021,12,17,7,50,0
2021,12,17,8,0,0
2021,12,17,8,10,0
2021,12,17,8,20,0
2021,12,17,8,30,0
2021,12,17,8,40,0
2021,12,17,8,50,0
2021,12,17,9,0,0
2021,12,17,9,10,0
2021,12,17,9,20,0
2021,12,17,9,30,0
2021,12,17,9,40,0
2021,12,17,9,50,21
2021,12,17,10,0,31
2021,12,17,10,10,45
2021,12,17,10,20,115
2021,12,17,10,30,163
2021,12,17,10,40,158
2021,12,17,10,50,245
2021,12,17,11,0,287
2021,12,17,11,10,330
2021,12,17,11,20,137
2021,12,17,11,30,242
2021,12,17,11,40,354
2021,12,17,11,50,448
2021,12,17,12,0,456
2021,12,17,12,10,474
2021,12,17,12,20,451
2021,12,17,12,30,663
2021,12,17,12,40,702
2021,12,17,12,50,739
2021,12,17,13,0,776
2021,12,17,13,10,811
2021,12,17,13,20,845
2021,12,17,13,30,877
2021,12,17,13,40,909
2021,12,17,13,50,939
2021,12,17,14,0,967
2021,12,17,14,10,993
2021,12,17,14,20,1017
2021,12,17,14,30,1040
2021,12,17,14,40,1058
2021,12,17,14,50,1077
2021,12,17,15,0,1094
2021,12,17,15,10,1109
2021,12,17,15,20,1122
2021,12,17,15,30,1134
2021,12,17,15,40,1144
2021,12,17,15,50,1151
2021,12,17,16,0,1156
2021,12,17,16,10,1159
2021,12,17,16,20,1160
2021,12,17,16,30,1158
2021,12,17,16,40,1156
2021,12,17,16,50,1151
2021,12,17,17,0,1095
2021,12,17,17,10,1133
2021,12,17,17,20,1051
2021,12,17,17,30,1108
2021,12,17,17,40,1094
2021,12,17,17,50,1077
2021,12,17,18,0,1057
2021,12,17,18,10,1036
2021,12,17,18,20,953
2021,12,17,18,30,936
2021,12,17,18,40,555
2021,12,17,18,50,634
2021,12,17,19,0,185
2021,12,17,19,10,304
2021,12,17,19,20,501
2021,12,17,19,30,591
2021,12,17,19,40,186
2021,12,17,19,50,301
2021,12,17,20,0,358
2021,12,17,20,10,197
2021,12,17,20,20,210
2021,12,17,20,30,152
2021,12,17,20,40,398
2021,12,17,20,50,482
2021,12,17,21,0,452
2021,12,17,21,10,409
2021,12,17,21,20,366
2021,12,17,21,30,324
2021,12,17,21,40,280
2021,12,17,21,50,238
2021,12,17,22,0,197
2021,12,17,22,10,157
2021,12,17,22,20,118
2021,12,17,22,30,82
2021,12,17,22,40,49
2021,12,17,22,50,24
2021,12,17,23,0,0
2021,12,17,23,10,0
2021,12,17,23,20,0
2021,12,17,23,30,0
2021,12,17,23,40,0
2021,12,17,23,50,0
2021,12,18,0,0,0
2021,12,18,0,10,0
2021,12,18,0,20,0
2021,12,18,0,30,0
2021,12,18,0,40,0
2021,12,18,0,50,0
2021,12,18,1,0,0
2021,12,18,1,10,0
2021,12,18,1,20,0
2021,12,18,1,30,0
2021,12,18,1,40,0
2021,12,18,1,50,0
2021,12,18,2,0,0
2021,12,18,2,10,0
2021,12,18,2,20,0
2021,12,18,2,30,0
2021,12,18,2,40,0
2021,12,18,2,50,0
2021,12,18,3,0,0
2021,12,18,3,10,0
2021,12,18,3,20,0
2021,12,18,3,30,0
2021,12,18,3,40,0
2021,12,18,3,50,0
2021,12,18,4,0,0
2021,12,18,4,10,0
2021,12,18,4,20,0
2021,12,18,4,30,0
2021,12,18,4,40,0
2021,12,18,4,50,0
2021,12,18,5,0,0
2021,12,18,5,10,0
2021,12,18,5,20,0
2021,12,18,5,30,0
2021,12,18,5,40,0
2021,12,18,5,50,0
2021,12,18,6,0,0
2021,12,18,6,10,0
2021,12,18,6,20,0
2021,12,18,6,30,0
2021,12,18,6,40,0
2021,12,18,6,50,0
2021,12,18,7,0,0
2021,12,18,7,10,0
2021,12,18,7,20,0
2021,12,18,7,30,0
2021,12,18,7,40,0
2021,12,18,7,50,0
2021,12,18,8,0,0
2021,12,18,8,10,0
2021,12,18,8,20,0
2021,12,18,8,30,0
2021,12,18,8,40,0
2021,12,18,8,50,0
2021,12,18,9,0,0
2021,12,18,9,10,0
2021,12,18,9,20,0
2021,12,18,9,30,0
2021,12,18,9,40,0
2021,12,18,9,50,21
2021,12,18,10,0,40
2021,12,18,10,10,68
2021,12,18,10,20,131
2021,12,18,10,30,156
2021,12,18,10,40,175
2021,12,18,10,50,234
2021,12,18,11,0,247
2021,12,18,11,10,233
2021,12,18,11,20,383
2021,12,18,11,30,426
2021,12,18,11,40,470
2021,12,18,11,50,512
2021,12,18,12,0,554
2021,12,18,12,10,495
2021,12,18,12,20,635
2021,12,18,12,30,675
2021,12,18,12,40,714
2021,12,18,12,50,752
2021,12,18,13,0,788
2021,12,18,13,10,823
2021,12,18,13,20,857
2021,12,18,13,30,890
2021,12,18,13,40,921
2021,12,18,13,50,951
2021,12,18,14,0,979
2021,12,18,14,10,1005
2021,12,18,14,20,1030
2021,12,18,14,30,1053
2021,12,18,14,40,1073
2021,12,18,14,50,1092
2021,12,18,15,0,1110
2021,12,18,15,10,1125
2021,12,18,15,20,1138
2021,12,18,15,30,1150
2021,12,18,15,40,1155
2021,12,18,15,50,782
2021,12,18,16,0,1167
2021,12,18,16,10,1170
2021,12,18,16,20,1171
2021,12,18,16,30,1170
2021,12,18,16,40,1166
2021,12,18,16,50,1161
2021,12,18,17,0,1153
2021,12,18,17,10,1144
2021,12,18,17,20,1132
2021,12,18,17,30,1119
2021,12,18,17,40,1103
2021,12,18,17,50,1085
2021,12,18,18,0,1066
2021,12,18,18,10,1044
2021,12,18,18,20,1018
2021,12,18,18,30,993
2021,12,18,18,40,966
2021,12,18,18,50,689
2021,12,18,19,0,465
2021,12,18,19,10,876
2021,12,18,19,20,843
2021,12,18,19,30,809
2021,12,18,19,40,772
2021,12,18,19,50,733
2021,12,18,20,0,696
2021,12,18,20,10,657
2021,12,18,20,20,617
2021,12,18,20,30,577
2021,12,18,20,40,533
2021,12,18,20,50,439
2021,12,18,21,0,360
2021,12,18,21,10,407
2021,12,18,21,20,363
2021,12,18,21,30,320
2021,12,18,21,40,276
2021,12,18,21,50,235
2021,12,18,22,0,176
2021,12,18,22,10,147
2021,12,18,22,20,100
2021,12,18,22,30,81
2021,12,18,22,40,39
2021,12,18,22,50,24
2021,12,18,23,0,0
2021,12,18,23,10,0
2021,12,18,23,20,0
2021,12,18,23,30,0
2021,12,18,23,40,0
2021,12,18,23,50,0
2021,12,19,0,0,0
2021,12,19,0,10,0
2021,12,19,0,20,0
2021,12,19,0,30,0
2021,12,19,0,40,0
2021,12,19,0,50,0
2021,12,19,1,0,0
2021,12,19,1,10,0
2021,12,19,1,20,0
2021,12,19,1,30,0
2021,12,19,1,40,0
2021,12,19,1,50,0
2021,12,19,2,0,0
2021,12,19,2,10,0
2021,12,19,2,20,0
2021,12,19,2,30,0
2021,12,19,2,40,0
2021,12,19,2,50,0
2021,12,19,3,0,0
2021,12,19,3,10,0
2021,12,19,3,20,0
2021,12,19,3,30,0
2021,12,19,3,40,0
2021,12,19,3,50,0
2021,12,19,4,0,0
2021,12,19,4,10,0
2021,12,19,4,20,0
2021,12,19,4,30,0
2021,12,19,4,40,0
2021,12,19,4,50,0
2021,12,19,5,0,0
2021,12,19,5,10,0
2021,12,19,5,20,0
2021,12,19,5,30,0
2021,12,19,5,40,0
2021,12,19,5,50,0
2021,12,19,6,0,0
2021,12,19,6,10,0
2021,12,19,6,20,0
2021,12,19,6,30,0
2021,12,19,6,40,0
2021,12,19,6,50,0
2021,12,19,7,0,0
2021,12,19,7,10,0
2021,12,19,7,20,0
2021,12,19,7,30,0
2021,12,19,7,40,0
2021,12,19,7,50,0
2021,12,19,8,0,0
2021,12,19,8,10,0
2021,12,19,8,20,0
2021,12,19,8,30,0
2021,12,19,8,40,0
2021,12,19,8,50,0
2021,12,19,9,0,0
2021,12,19,9,10,0
2021,12,19,9,20,0
2021,12,19,9,30,0
2021,12,19,9,40,0
2021,12,19,9,50,17
2021,12,19,10,0,59
2021,12,19,10,10,53
2021,12,19,10,20,131
2021,12,19,10,30,171
2021,12,19,10,40,212
2021,12,19,10,50,255
2021,12,19,11,0,268
2021,12,19,11,10,341
2021,12,19,11,20,347
2021,12,19,11,30,427
2021,12,19,11,40,470
2021,12,19,11,50,392
2021,12,19,12,0,494
2021,12,19,12,10,444
2021,12,19,12,20,537
2021,12,19,12,30,491
2021,12,19,12,40,487
2021,12,19,12,50,532
2021,12,19,13,0,597
2021,12,19,13,10,690
2021,12,19,13,20,750
2021,12,19,13,30,766
2021,12,19,13,40,925
2021,12,19,13,50,955
2021,12,19,14,0,983
2021,12,19,14,10,1010
2021,12,19,14,20,1035
2021,12,19,14,30,1055
2021,12,19,14,40,1076
2021,12,19,14,50,1095
2021,12,19,15,0,1113
2021,12,19,15,10,1000
2021,12,19,15,20,1142
2021,12,19,15,30,1153
2021,12,19,15,40,1158
2021,12,19,15,50,1103
2021,12,19,16,0,885
2021,12,19,16,10,1174
2021,12,19,16,20,1175
2021,12,19,16,30,1173
2021,12,19,16,40,1166
2021,12,19,16,50,1161
2021,12,19,17,0,1153
2021,12,19,17,10,1144
2021,12,19,17,20,1132
2021,12,19,17,30,1116
2021,12,19,17,40,1100
2021,12,19,17,50,1083
2021,12,19,18,0,1063
2021,12,19,18,10,1039
2021,12,19,18,20,1016
2021,12,19,18,30,991
2021,12,19,18,40,964
2021,12,19,18,50,935
2021,12,19,19,0,903
2021,12,19,19,10,872
2021,12,19,19,20,839
2021,12,19,19,30,806
2021,12,19,19,40,770
2021,12,19,19,50,733
2021,12,19,20,0,696
2021,12,19,20,10,657
2021,12,19,20,20,616
2021,12,19,20,30,576
2021,12,19,20,40,535
2021,12,19,20,50,494
2021,12,19,21,0,452
2021,12,19,21,10,410
2021,12,19,21,20,367
2021,12,19,21,30,325
2021,12,19,21,40,283
2021,12,19,21,50,241
2021,12,19,22,0,200
2021,12,19,22,10,160
2021,12,19,22,20,121
2021,12,19,22,30,85
2021,12,19,22,40,39
2021,12,19,22,50,18
2021,12,19,23,0,0
2021,12,19,23,10,0
2021,12,19,23,20,0
2021,12,19,23,30,0
2021,12,19,23,40,0
2021,12,19,23,50,0
2021,12,20,0,0,0
2021,12,20,0,10,0
2021,12,20,0,20,0
2021,12,20,0,30,0
2021,12,20,0,40,0
2021,12,20,0,50,0
2021,12,20,1,0,0
2021,12,20,1,10,0
2021,12,20,1,20,0
2021,12,20,1,30,0
2021,12,20,1,40,0
2021,12,20,1,50,0
2021,12,20,2,0,0
2021,12,20,2,10,0
2021,12,20,2,20,0
2021,12,20,2,30,0
2021,12,20,2,40,0
2021,12,20,2,50,0
2021,12,20,3,0,0
2021,12,20,3,10,0
2021,12,20,3,20,0
2021,12,20,3,30,0
2021,12,20,3,40,0
2021,12,20,3,50,0
2021,12,20,4,0,0
2021,12,20,4,10,0
2021,12,20,4,20,0
2021,12,20,4,30,0
2021,12,20,4,40,0
2021,12,20,4,50,0
2021,12,20,5,0,0
2021,12,20,5,10,0
2021,12,20,5,20,0
2021,12,20,5,30,0
2021,12,20,5,40,0
2021,12,20,5,50,0
2021,12,20,6,0,0
2021,12,20,6,10,0
2021,12,20,6,20,0
2021,12,20,6,30,0
2021,12,20,6,40,0
2021,12,20,6,50,0
2021,12,20,7,0,0
2021,12,20,7,10,0
2021,12,20,7,20,0
2021,12,20,7,30,0
2021,12,20,7,40,0
2021,12,20,7,50,0
2021,12,20,8,0,0
2021,12,20,8,10,0
2021,12,20,8,20,0
2021,12,20,8,30,0
2021,12,20,8,40,0
2021,12,20,8,50,0
2021,12,20,9,0,0
2021,12,20,9,10,0
2021,12,20,9,20,0
2021,12,20,9,30,0
2021,12,20,9,40,0
2021,12,20,9,50,13
2021,12,20,10,0,18
2021,12,20,10,10,23
2021,12,20,10,20,58
2021,12,20,10,30,29
2021,12,20,10,40,4
2021,12,20,10,50,4
2021,12,20,11,0,50
2021,12,20,11,10,153
2021,12,20,11,20,260
2021,12,20,11,30,315
2021,12,20,11,40,358
2021,12,20,11,50,405
2021,12,20,12,0,340
2021,12,20,12,10,412
2021,12,20,12,20,427
2021,12,20,12,30,518
2021,12,20,12,40,554
2021,12,20,12,50,533
2021,12,20,13,0,585
2021,12,20,13,10,571
2021,12,20,13,20,681
2021,12,20,13,30,745
2021,12,20,13,40,806
2021,12,20,13,50,936
2021,12,20,14,0,857
2021,12,20,14,10,777
2021,12,20,14,20,806
2021,12,20,14,30,798
2021,12,20,14,40,797
2021,12,20,14,50,807
2021,12,20,15,0,636
2021,12,20,15,10,784
2021,12,20,15,20,763
2021,12,20,15,30,683
2021,12,20,15,40,809
2021,12,20,15,50,500
2021,12,20,16,0,574
2021,12,20,16,10,718
2021,12,20,16,20,998
2021,12,20,16,30,934
2021,12,20,16,40,666
2021,12,20,16,50,365
2021,12,20,17,0,333
2021,12,20,17,10,211
2021,12,20,17,20,210
2021,12,20,17,30,208
2021,12,20,17,40,205
2021,12,20,17,50,202
2021,12,20,18,0,198
2021,12,20,18,10,195
2021,12,20,18,20,191
2021,12,20,18,30,988
2021,12,20,18,40,962
2021,12,20,18,50,934
2021,12,20,19,0,905
2021,12,20,19,10,874
2021,12,20,19,20,841
2021,12,20,19,30,808
2021,12,20,19,40,772
2021,12,20,19,50,736
2021,12,20,20,0,699
2021,12,20,20,10,660
2021,12,20,20,20,340
2021,12,20,20,30,384
2021,12,20,20,40,447
2021,12,20,20,50,499
2021,12,20,21,0,457
2021,12,20,21,10,414
2021,12,20,21,20,371
2021,12,20,21,30,329
2021,12,20,21,40,287
2021,12,20,21,50,245
2021,12,20,22,0,204
2021,12,20,22,10,164
2021,12,20,22,20,125
2021,12,20,22,30,89
2021,12,20,22,40,41
2021,12,20,22,50,29
2021,12,20,23,0,0
2021,12,20,23,10,0
2021,12,20,23,20,0
2021,12,20,23,30,0
2021,12,20,23,40,0
2021,12,20,23,50,0
2021,12,21,0,0,0
2021,12,21,0,10,0
2021,12,21,0,20,0
2021,12,21,0,30,0
2021,12,21,0,40,0
2021,12,21,0,50,0
2021,12,21,1,0,0
2021,12,21,1,10,0
2021,12,21,1,20,0
2021,12,21,1,30,0
2021,12,21,1,40,0
2021,12,21,1,50,0
2021,12,21,2,0,0
2021,12,21,2,10,0
2021,12,21,2,20,0
2021,12,21,2,30,0
2021,12,21,2,40,0
2021,12,21,2,50,0
2021,12,21,3,0,0
2021,12,21,3,10,0
2021,12,21,3,20,0
2021,12,21,3,30,0
2021,12,21,3,40,0
2021,12,21,3,50,0
2021,12,21,4,0,0
2021,12,21,4,10,0
2021,12,21,4,20,0
2021,12,21,4,30,0
2021,12,21,4,40,0
2021,12,21,4,50,0
2021,12,21,5,0,0
2021,12,21,5,10,0
2021,12,21,5,20,0
2021,12,21,5,30,0
2021,12,21,5,40,0
2021,12,21,5,50,0
2021,12,21,6,0,0
2021,12,21,6,10,0
2021,12,21,6,20,0
2021,12,21,6,30,0
2021,12,21,6,40,0
2021,12,21,6,50,0
2021,12,21,7,0,0
2021,12,21,7,10,0
2021,12,21,7,20,0
2021,12,21,7,30,0
2021,12,21,7,40,0
2021,12,21,7,50,0
2021,12,21,8,0,0
2021,12,21,8,10,0
2021,12,21,8,20,0
2021,12,21,8,30,0
2021,12,21,8,40,0
2021,12,21,8,50,0
2021,12,21,9,0,0
2021,12,21,9,10,0
2021,12,21,9,20,0
2021,12,21,9,30,0
2021,12,21,9,40,0
2021,12,21,9,50,16
2021,12,21,10,0,38
2021,12,21,10,10,47
2021,12,21,10,20,106
2021,12,21,10,30,137
2021,12,21,10,40,168
2021,12,21,10,50,192
2021,12,21,11,0,226
2021,12,21,11,10,174
2021,12,21,11,20,167
2021,12,21,11,30,187
2021,12,21,11,40,201
2021,12,21,11,50,300
2021,12,21,12,0,415
2021,12,21,12,10,453
2021,12,21,12,20,456
2021,12,21,12,30,283
2021,12,21,12,40,301
2021,12,21,12,50,298
2021,12,21,13,0,344
2021,12,21,13,10,625
2021,12,21,13,20,572
2021,12,21,13,30,648
2021,12,21,13,40,595
2021,12,21,13,50,595
2021,12,21,14,0,755
2021,12,21,14,10,361
2021,12,21,14,20,357
2021,12,21,14,30,287
2021,12,21,14,40,553
2021,12,21,14,50,825
2021,12,21,15,0,930
2021,12,21,15,10,943
2021,12,21,15,20,952
2021,12,21,15,30,957
2021,12,21,15,40,1144
2021,12,21,15,50,565
2021,12,21,16,0,452
2021,12,21,16,10,320
2021,12,21,16,20,98
2021,12,21,16,30,64
2021,12,21,16,40,102
2021,12,21,16,50,379
2021,12,21,17,0,230
2021,12,21,17,10,500
2021,12,21,17,20,810
2021,12,21,17,30,398
2021,12,21,17,40,560
2021,12,21,17,50,636
2021,12,21,18,0,599
2021,12,21,18,10,689
2021,12,21,18,20,1015
2021,12,21,18,30,883
2021,12,21,18,40,964
2021,12,21,18,50,748
2021,12,21,19,0,690
2021,12,21,19,10,26
2021,12,21,19,20,488
2021,12,21,19,30,266
2021,12,21,19,40,143
2021,12,21,19,50,174
2021,12,21,20,0,474
2021,12,21,20,10,440
2021,12,21,20,20,382
2021,12,21,20,30,326
2021,12,21,20,40,349
2021,12,21,20,50,390
2021,12,21,21,0,322
2021,12,21,21,10,154
2021,12,21,21,20,264
2021,12,21,21,30,266
2021,12,21,21,40,262
2021,12,21,21,50,228
2021,12,21,22,0,154
2021,12,21,22,10,168
2021,12,21,22,20,77
2021,12,21,22,30,62
2021,12,21,22,40,35
2021,12,21,22,50,21
2021,12,21,23,0,0
2021,12,21,23,10,0
2021,12,21,23,20,0
2021,12,21,23,30,0
2021,12,21,23,40,0
2021,12,21,23,50,0
2021,12,22,0,0,0
2021,12,22,0,10,0
2021,12,22,0,20,0
2021,12,22,0,30,0
2021,12,22,0,40,0
2021,12,22,0,50,0
2021,12,22,1,0,0
2021,12,22,1,10,0
2021,12,22,1,20,0
2021,12,22,1,30,0
2021,12,22,1,40,0
2021,12,22,1,50,0
2021,12,22,2,0,0
2021,12,22,2,10,0
2021,12,22,2,20,0
2021,12,22,2,30,0
2021,12,22,2,40,0
2021,12,22,2,50,0
2021,12,22,3,0,0
2021,12,22,3,10,0
2021,12,22,3,20,0
2021,12,22,3,30,0
2021,12,22,3,40,0
2021,12,22,3,50,0
2021,12,22,4,0,0
2021,12,22,4,10,0
2021,12,22,4,20,0
2021,12,22,4,30,0
2021,12,22,4,40,0
2021,12,22,4,50,0
2021,12,22,5,0,0
2021,12,22,5,10,0
2021,12,22,5,20,0
2021,12,22,5,30,0
2021,12,22,5,40,0
2021,12,22,5,50,0
2021,12,22,6,0,0
2021,12,22,6,10,0
2021,12,22,6,20,0
2021,12,22,6,30,0
2021,12,22,6,40,0
2021,12,22,6,50,0
2021,12,22,7,0,0
2021,12,22,7,10,0
2021,12,22,7,20,0
2021,12,22,7,30,0
2021,12,22,7,40,0
2021,12,22,7,50,0
2021,12,22,8,0,0
2021,12,22,8,10,0
2021,12,22,8,20,0
2021,12,22,8,30,0
2021,12,22,8,40,0
2021,12,22,8,50,0
2021,12,22,9,0,0
2021,12,22,9,10,0
2021,12,22,9,20,0
2021,12,22,9,30,0
2021,12,22,9,40,0
2021,12,22,9,50,8
2021,12,22,10,0,27
2021,12,22,10,10,26
2021,12,22,10,20,56
2021,12,22,10,30,62
2021,12,22,10,40,83
2021,12,22,10,50,36
2021,12,22,11,0,54
2021,12,22,11,10,84
2021,12,22,11,20,108
2021,12,22,11,30,123
2021,12,22,11,40,285
2021,12,22,11,50,201
2021,12,22,12,0,350
2021,12,22,12,10,265
2021,12,22,12,20,235
2021,12,22,12,30,407
2021,12,22,12,40,446
2021,12,22,12,50,563
2021,12,22,13,0,687
2021,12,22,13,10,707
2021,12,22,13,20,612
2021,12,22,13,30,274
2021,12,22,13,40,342
2021,12,22,13,50,350
2021,12,22,14,0,518
2021,12,22,14,10,615
2021,12,22,14,20,589
2021,12,22,14,30,642
2021,12,22,14,40,609
2021,12,22,14,50,712
2021,12,22,15,0,588
2021,12,22,15,10,915
2021,12,22,15,20,887
2021,12,22,15,30,869
2021,12,22,15,40,938
2021,12,22,15,50,875
2021,12,22,16,0,867
2021,12,22,16,10,870
2021,12,22,16,20,981
2021,12,22,16,30,901
2021,12,22,16,40,998
2021,12,22,16,50,773
2021,12,22,17,0,1141
2021,12,22,17,10,917
2021,12,22,17,20,1121
2021,12,22,17,30,909
2021,12,22,17,40,805
2021,12,22,17,50,876
2021,12,22,18,0,843
2021,12,22,18,10,783
2021,12,22,18,20,850
2021,12,22,18,30,989
2021,12,22,18,40,963
2021,12,22,18,50,936
2021,12,22,19,0,906
2021,12,22,19,10,876
2021,12,22,19,20,844
2021,12,22,19,30,810
2021,12,22,19,40,776
2021,12,22,19,50,738
2021,12,22,20,0,574
2021,12,22,20,10,531
2021,12,22,20,20,527
2021,12,22,20,30,572
2021,12,22,20,40,545
2021,12,22,20,50,483
2021,12,22,21,0,462
2021,12,22,21,10,359
2021,12,22,21,20,257
2021,12,22,21,30,130
2021,12,22,21,40,211
2021,12,22,21,50,195
2021,12,22,22,0,159
2021,12,22,22,10,114
2021,12,22,22,20,59
2021,12,22,22,30,41
2021,12,22,22,40,22
2021,12,22,22,50,19
2021,12,22,23,0,0
2021,12,22,23,10,0
2021,12,22,23,20,0
2021,12,22,23,30,0
2021,12,22,23,40,0
2021,12,22,23,50,0
2021,12,23,0,0,0
2021,12,23,0,10,0
2021,12,23,0,20,0
2021,12,23,0,30,0
2021,12,23,0,40,0
2021,12,23,0,50,0
2021,12,23,1,0,0
2021,12,23,1,10,0
2021,12,23,1,20,0
2021,12,23,1,30,0
2021,12,23,1,40,0
2021,12,23,1,50,0
2021,12,23,2,0,0
2021,12,23,2,10,0
2021,12,23,2,20,0
2021,12,23,2,30,0
2021,12,23,2,40,0
2021,12,23,2,50,0
2021,12,23,3,0,0
2021,12,23,3,10,0
2021,12,23,3,20,0
2021,12,23,3,30,0
2021,12,23,3,40,0
2021,12,23,3,50,0
2021,12,23,4,0,0
2021,12,23,4,10,0
2021,12,23,4,20,0
2021,12,23,4,30,0
2021,12,23,4,40,0
2021,12,23,4,50,0
2021,12,23,5,0,0
2021,12,23,5,10,0
2021,12,23,5,20,0
2021,12,23,5,30,0
2021,12,23,5,40,0
2021,12,23,5,50,0
2021,12,23,6,0,0
2021,12,23,6,10,0
2021,12,23,6,20,0
2021,12,23,6,30,0
2021,12,23,6,40,0
2021,12,23,6,50,0
2021,12,23,7,0,0
2021,12,23,7,10,0
2021,12,23,7,20,0
2021,12,23,7,30,0
2021,12,23,7,40,0
2021,12,23,7,50,0
2021,12,23,8,0,0
2021,12,23,8,10,0
2021,12,23,8,20,0
2021,12,23,8,30,0
2021,12,23,8,40,0
2021,12,23,8,50,0
2021,12,23,9,0,0
2021,12,23,9,10,0
2021,12,23,9,20,0
2021,12,23,9,30,0
2021,12,23,9,40,0
2021,12,23,9,50,10
2021,12,23,10,0,21
2021,12,23,10,10,33
2021,12,23,10,20,64
2021,12,23,10,30,59
2021,12,23,10,40,144
2021,12,23,10,50,177
2021,12,23,11,0,196
2021,12,23,11,10,247
2021,12,23,11,20,279
2021,12,23,11,30,319
2021,12,23,11,40,305
2021,12,23,11,50,400
2021,12,23,12,0,312
2021,12,23,12,10,325
2021,12,23,12,20,383
2021,12,23,12,30,226
2021,12,23,12,40,305
2021,12,23,12,50,470
2021,12,23,13,0,481
2021,12,23,13,10,403
2021,12,23,13,20,357
2021,12,23,13,30,421
2021,12,23,13,40,411
2021,12,23,13,50,421
2021,12,23,14,0,330
2021,12,23,14,10,523
2021,12,23,14,20,529
2021,12,23,14,30,571
2021,12,23,14,40,662
2021,12,23,14,50,780
2021,12,23,15,0,652
2021,12,23,15,10,723
2021,12,23,15,20,593
2021,12,23,15,30,795
2021,12,23,15,40,934
2021,12,23,15,50,803
2021,12,23,16,0,881
2021,12,23,16,10,806
2021,12,23,16,20,819
2021,12,23,16,30,869
2021,12,23,16,40,896
2021,12,23,16,50,541
2021,12,23,17,0,510
2021,12,23,17,10,507
2021,12,23,17,20,462
2021,12,23,17,30,310
2021,12,23,17,40,574
2021,12,23,17,50,400
2021,12,23,18,0,549
2021,12,23,18,10,438
2021,12,23,18,20,261
2021,12,23,18,30,303
2021,12,23,18,40,471
2021,12,23,18,50,684
2021,12,23,19,0,792
2021,12,23,19,10,747
2021,12,23,19,20,726
2021,12,23,19,30,714
2021,12,23,19,40,790
2021,12,23,19,50,651
2021,12,23,20,0,615
2021,12,23,20,10,545
2021,12,23,20,20,635
2021,12,23,20,30,515
2021,12,23,20,40,456
2021,12,23,20,50,280
2021,12,23,21,0,336
2021,12,23,21,10,239
2021,12,23,21,20,288
2021,12,23,21,30,273
2021,12,23,21,40,211
2021,12,23,21,50,254
2021,12,23,22,0,189
2021,12,23,22,10,129
2021,12,23,22,20,132
2021,12,23,22,30,95
2021,12,23,22,40,39
2021,12,23,22,50,32
2021,12,23,23,0,0
2021,12,23,23,10,0
2021,12,23,23,20,0
2021,12,23,23,30,0
2021,12,23,23,40,0
2021,12,23,23,50,0
2021,12,24,0,0,0
2021,12,24,0,10,0
2021,12,24,0,20,0
2021,12,24,0,30,0
2021,12,24,0,40,0
2021,12,24,0,50,0
2021,12,24,1,0,0
2021,12,24,1,10,0
2021,12,24,1,20,0
2021,12,24,1,30,0
2021,12,24,1,40,0
2021,12,24,1,50,0
2021,12,24,2,0,0
2021,12,24,2,10,0
2021,12,24,2,20,0
2021,12,24,2,30,0
2021,12,24,2,40,0
2021,12,24,2,50,0
2021,12,24,3,0,0
2021,12,24,3,10,0
2021,12,24,3,20,0
2021,12,24,3,30,0
2021,12,24,3,40,0
2021,12,24,3,50,0
2021,12,24,4,0,0
2021,12,24,4,10,0
2021,12,24,4,20,0
2021,12,24,4,30,0
2021,12,24,4,40,0
2021,12,24,4,50,0
2021,12,24,5,0,0
2021,12,24,5,10,0
2021,12,24,5,20,0
2021,12,24,5,30,0
2021,12,24,5,40,0
2021,12,24,5,50,0
2021,12,24,6,0,0
2021,12,24,6,10,0
2021,12,24,6,20,0
2021,12,24,6,30,0
2021,12,24,6,40,0
2021,12,24,6,50,0
2021,12,24,7,0,0
2021,12,24,7,10,0
2021,12,24,7,20,0
2021,12,24,7,30,0
2021,12,24,7,40,0
2021,12,24,7,50,0
2021,12,24,8,0,0
2021,12,24,8,10,0
2021,12,24,8,20,0
2021,12,24,8,30,0
2021,12,24,8,40,0
2021,12,24,8,50,0
2021,12,24,9,0,0
2021,12,24,9,10,0
2021,12,24,9,20,0
2021,12,24,9,30,0
2021,12,24,9,40,0
2021,12,24,9,50,12
2021,12,24,10,0,30
2021,12,24,10,10,45
2021,12,24,10,20,60
2021,12,24,10,30,109
2021,12,24,10,40,127
2021,12,24,10,50,158
2021,12,24,11,0,149
2021,12,24,11,10,98
2021,12,24,11,20,230
2021,12,24,11,30,343
2021,12,24,11,40,381
2021,12,24,11,50,426
2021,12,24,12,0,494
2021,12,24,12,10,537
2021,12,24,12,20,562
2021,12,24,12,30,537
2021,12,24,12,40,560
2021,12,24,12,50,593
2021,12,24,13,0,592
2021,12,24,13,10,440
2021,12,24,13,20,359
2021,12,24,13,30,441
2021,12,24,13,40,484
2021,12,24,13,50,623
2021,12,24,14,0,720
2021,12,24,14,10,673
2021,12,24,14,20,665
2021,12,24,14,30,638
2021,12,24,14,40,920
2021,12,24,14,50,1080
2021,12,24,15,0,1098
2021,12,24,15,10,1114
2021,12,24,15,20,1127
2021,12,24,15,30,937
2021,12,24,15,40,1050
2021,12,24,15,50,941
2021,12,24,16,0,1159
2021,12,24,16,10,983
2021,12,24,16,20,1165
2021,12,24,16,30,1164
2021,12,24,16,40,1161
2021,12,24,16,50,1156
2021,12,24,17,0,1048
2021,12,24,17,10,704
2021,12,24,17,20,860
2021,12,24,17,30,1019
2021,12,24,17,40,1099
2021,12,24,17,50,1082
2021,12,24,18,0,913
2021,12,24,18,10,930
2021,12,24,18,20,850
2021,12,24,18,30,767
2021,12,24,18,40,567
2021,12,24,18,50,306
2021,12,24,19,0,213
2021,12,24,19,10,156
2021,12,24,19,20,211
2021,12,24,19,30,162
2021,12,24,19,40,23
2021,12,24,19,50,25
2021,12,24,20,0,87
2021,12,24,20,10,106
2021,12,24,20,20,15
2021,12,24,20,30,20
2021,12,24,20,40,32
2021,12,24,20,50,17
2021,12,24,21,0,11
2021,12,24,21,10,37
2021,12,24,21,20,20
2021,12,24,21,30,10
2021,12,24,21,40,6
2021,12,24,21,50,5
2021,12,24,22,0,5
2021,12,24,22,10,4
2021,12,24,22,20,27
2021,12,24,22,30,20
2021,12,24,22,40,12
2021,12,24,22,50,9
2021,12,24,23,0,0
2021,12,24,23,10,0
2021,12,24,23,20,0
2021,12,24,23,30,0
2021,12,24,23,40,0
2021,12,24,23,50,0
2021,12,25,0,0,0
2021,12,25,0,10,0
2021,12,25,0,20,0
2021,12,25,0,30,0
2021,12,25,0,40,0
2021,12,25,0,50,0
2021,12,25,1,0,0
2021,12,25,1,10,0
2021,12,25,1,20,0
2021,12,25,1,30,0
2021,12,25,1,40,0
2021,12,25,1,50,0
2021,12,25,2,0,0
2021,12,25,2,10,0
2021,12,25,2,20,0
2021,12,25,2,30,0
2021,12,25,2,40,0
2021,12,25,2,50,0
2021,12,25,3,0,0
2021,12,25,3,10,0
2021,12,25,3,20,0
2021,12,25,3,30,0
2021,12,25,3,40,0
2021,12,25,3,50,0
2021,12,25,4,0,0
2021,12,25,4,10,0
2021,12,25,4,20,0
2021,12,25,4,30,0
2021,12,25,4,40,0
2021,12,25,4,50,0
2021,12,25,5,0,0
2021,12,25,5,10,0
2021,12,25,5,20,0
2021,12,25,5,30,0
2021,12,25,5,40,0
2021,12,25,5,50,0
2021,12,25,6,0,0
2021,12,25,6,10,0
2021,12,25,6,20,0
2021,12,25,6,30,0
2021,12,25,6,40,0
2021,12,25,6,50,0
2021,12,25,7,0,0
2021,12,25,7,10,0
2021,12,25,7,20,0
2021,12,25,7,30,0
2021,12,25,7,40,0
2021,12,25,7,50,0
2021,12,25,8,0,0
2021,12,25,8,10,0
2021,12,25,8,20,0
2021,12,25,8,30,0
2021,12,25,8,40,0
2021,12,25,8,50,0
2021,12,25,9,0,0
2021,12,25,9,10,0
2021,12,25,9,20,0
2021,12,25,9,30,0
2021,12,25,9,40,0
2021,12,25,9,50,2
2021,12,25,10,0,3
2021,12,25,10,10,3
2021,12,25,10,20,43
2021,12,25,10,30,17
2021,12,25,10,40,18
2021,12,25,10,50,59
2021,12,25,11,0,37
2021,12,25,11,10,61
2021,12,25,11,20,7
2021,12,25,11,30,12
2021,12,25,11,40,151
2021,12,25,11,50,137
2021,12,25,12,0,59
2021,12,25,12,10,77
2021,12,25,12,20,79
2021,12,25,12,30,84
2021,12,25,12,40,146
2021,12,25,12,50,250
2021,12,25,13,0,345
2021,12,25,13,10,295
2021,12,25,13,20,285
2021,12,25,13,30,357
2021,12,25,13,40,479
2021,12,25,13,50,503
2021,12,25,14,0,416
2021,12,25,14,10,380
2021,12,25,14,20,391
2021,12,25,14,30,431
2021,12,25,14,40,558
2021,12,25,14,50,561
2021,12,25,15,0,548
2021,12,25,15,10,541
2021,12,25,15,20,554
2021,12,25,15,30,583
2021,12,25,15,40,607
2021,12,25,15,50,573
2021,12,25,16,0,549
2021,12,25,16,10,484
2021,12,25,16,20,466
2021,12,25,16,30,455
2021,12,25,16,40,569
2021,12,25,16,50,696
2021,12,25,17,0,763
2021,12,25,17,10,440
2021,12,25,17,20,548
2021,12,25,17,30,654
2021,12,25,17,40,582
2021,12,25,17,50,479
2021,12,25,18,0,350
2021,12,25,18,10,381
2021,12,25,18,20,420
2021,12,25,18,30,348
2021,12,25,18,40,543
2021,12,25,18,50,743
2021,12,25,19,0,705
2021,12,25,19,10,634
2021,12,25,19,20,586
2021,12,25,19,30,480
2021,12,25,19,40,530
2021,12,25,19,50,563
2021,12,25,20,0,494
2021,12,25,20,10,176
2021,12,25,20,20,411
2021,12,25,20,30,67
2021,12,25,20,40,264
2021,12,25,20,50,179
2021,12,25,21,0,175
2021,12,25,21,10,70
2021,12,25,21,20,79
2021,12,25,21,30,27
2021,12,25,21,40,23
2021,12,25,21,50,49
2021,12,25,22,0,160
2021,12,25,22,10,103
2021,12,25,22,20,70
2021,12,25,22,30,44
2021,12,25,22,40,34
2021,12,25,22,50,22
2021,12,25,23,0,0
2021,12,25,23,10,0
2021,12,25,23,20,0
2021,12,25,23,30,0
2021,12,25,23,40,0
2021,12,25,23,50,0
2021,12,26,0,0,0
2021,12,26,0,10,0
2021,12,26,0,20,0
2021,12,26,0,30,0
2021,12,26,0,40,0
2021,12,26,0,50,0
2021,12,26,1,0,0
2021,12,26,1,10,0
2021,12,26,1,20,0
2021,12,26,1,30,0
2021,12,26,1,40,0
2021,12,26,1,50,0
2021,12,26,2,0,0
2021,12,26,2,10,0
2021,12,26,2,20,0
2021,12,26,2,30,0
2021,12,26,2,40,0
2021,12,26,2,50,0
2021,12,26,3,0,0
2021,12,26,3,10,0
2021,12,26,3,20,0
2021,12,26,3,30,0
2021,12,26,3,40,0
2021,12,26,3,50,0
2021,12,26,4,0,0
2021,12,26,4,10,0
2021,12,26,4,20,0
2021,12,26,4,30,0
2021,12,26,4,40,0
2021,12,26,4,50,0
2021,12,26,5,0,0
2021,12,26,5,10,0
2021,12,26,5,20,0
2021,12,26,5,30,0
2021,12,26,5,40,0
2021,12,26,5,50,0
2021,12,26,6,0,0
2021,12,26,6,10,0
2021,12,26,6,20,0
2021,12,26,6,30,0
2021,12,26,6,40,0
2021,12,26,6,50,0
2021,12,26,7,0,0
2021,12,26,7,10,0
2021,12,26,7,20,0
2021,12,26,7,30,0
2021,12,26,7,40,0
2021,12,26,7,50,0
2021,12,26,8,0,0
2021,12,26,8,10,0
2021,12,26,8,20,0
2021,12,26,8,30,0
2021,12,26,8,40,0
2021,12,26,8,50,0
2021,12,26,9,0,0
2021,12,26,9,10,0
2021,12,26,9,20,0
2021,12,26,9,30,0
2021,12,26,9,40,0
2021,12,26,9,50,8
2021,12,26,10,0,15
2021,12,26,10,10,18
2021,12,26,10,20,82
2021,12,26,10,30,123
2021,12,26,10,40,147
2021,12,26,10,50,125
2021,12,26,11,0,207
2021,12,26,11,10,146
2021,12,26,11,20,206
2021,12,26,11,30,238
2021,12,26,11,40,252
2021,12,26,11,50,334
2021,12,26,12,0,357
2021,12,26,12,10,244
2021,12,26,12,20,333
2021,12,26,12,30,485
2021,12,26,12,40,318
2021,12,26,12,50,538
2021,12,26,13,0,655
2021,12,26,13,10,619
2021,12,26,13,20,661
2021,12,26,13,30,738
2021,12,26,13,40,722
2021,12,26,13,50,746
2021,12,26,14,0,812
2021,12,26,14,10,869
2021,12,26,14,20,878
2021,12,26,14,30,1044
2021,12,26,14,40,1065
2021,12,26,14,50,1085
2021,12,26,15,0,1034
2021,12,26,15,10,1036
2021,12,26,15,20,997
2021,12,26,15,30,1053
2021,12,26,15,40,1151
2021,12,26,15,50,1041
2021,12,26,16,0,1017
2021,12,26,16,10,1096
2021,12,26,16,20,1035
2021,12,26,16,30,1070
2021,12,26,16,40,1043
2021,12,26,16,50,1040
2021,12,26,17,0,1095
2021,12,26,17,10,1146
2021,12,26,17,20,1132
2021,12,26,17,30,861
2021,12,26,17,40,918
2021,12,26,17,50,961
2021,12,26,18,0,987
2021,12,26,18,10,647
2021,12,26,18,20,864
2021,12,26,18,30,488
2021,12,26,18,40,205
2021,12,26,18,50,397
2021,12,26,19,0,340
2021,12,26,19,10,480
2021,12,26,19,20,266
2021,12,26,19,30,149
2021,12,26,19,40,127
2021,12,26,19,50,131
2021,12,26,20,0,200
2021,12,26,20,10,340
2021,12,26,20,20,303
2021,12,26,20,30,193
2021,12,26,20,40,534
2021,12,26,20,50,420
2021,12,26,21,0,406
2021,12,26,21,10,345
2021,12,26,21,20,313
2021,12,26,21,30,326
2021,12,26,21,40,274
2021,12,26,21,50,214
2021,12,26,22,0,194
2021,12,26,22,10,155
2021,12,26,22,20,118
2021,12,26,22,30,75
2021,12,26,22,40,45
2021,12,26,22,50,22
2021,12,26,23,0,0
2021,12,26,23,10,0
2021,12,26,23,20,0
2021,12,26,23,30,0
2021,12,26,23,40,0
2021,12,26,23,50,0
2021,12,27,0,0,0
2021,12,27,0,10,0
2021,12,27,0,20,0
2021,12,27,0,30,0
2021,12,27,0,40,0
2021,12,27,0,50,0
2021,12,27,1,0,0
2021,12,27,1,10,0
2021,12,27,1,20,0
2021,12,27,1,30,0
2021,12,27,1,40,0
2021,12,27,1,50,0
2021,12,27,2,0,0
2021,12,27,2,10,0
2021,12,27,2,20,0
2021,12,27,2,30,0
2021,12,27,2,40,0
2021,12,27,2,50,0
2021,12,27,3,0,0
2021,12,27,3,10,0
2021,12,27,3,20,0
2021,12,27,3,30,0
2021,12,27,3,40,0
2021,12,27,3,50,0
2021,12,27,4,0,0
2021,12,27,4,10,0
2021,12,27,4,20,0
2021,12,27,4,30,0
2021,12,27,4,40,0
2021,12,27,4,50,0
2021,12,27,5,0,0
2021,12,27,5,10,0
2021,12,27,5,20,0
2021,12,27,5,30,0
2021,12,27,5,40,0
2021,12,27,5,50,0
2021,12,27,6,0,0
2021,12,27,6,10,0
2021,12,27,6,20,0
2021,12,27,6,30,0
2021,12,27,6,40,0
2021,12,27,6,50,0
2021,12,27,7,0,0
2021,12,27,7,10,0
2021,12,27,7,20,0
2021,12,27,7,30,0
2021,12,27,7,40,0
2021,12,27,7,50,0
2021,12,27,8,0,0
2021,12,27,8,10,0
2021,12,27,8,20,0
2021,12,27,8,30,0
2021,12,27,8,40,0
2021,12,27,8,50,0
2021,12,27,9,0,0
2021,12,27,9,10,0
2021,12,27,9,20,0
2021,12,27,9,30,0
2021,12,27,9,40,0
2021,12,27,9,50,6
2021,12,27,10,0,15
2021,12,27,10,10,37
2021,12,27,10,20,26
2021,12,27,10,30,122
2021,12,27,10,40,64
2021,12,27,10,50,174
2021,12,27,11,0,200
2021,12,27,11,10,102
2021,12,27,11,20,245
2021,12,27,11,30,359
2021,12,27,11,40,400
2021,12,27,11,50,441
2021,12,27,12,0,482
2021,12,27,12,10,523
2021,12,27,12,20,563
2021,12,27,12,30,602
2021,12,27,12,40,642
2021,12,27,12,50,679
2021,12,27,13,0,716
2021,12,27,13,10,752
2021,12,27,13,20,786
2021,12,27,13,30,819
2021,12,27,13,40,854
2021,12,27,13,50,885
2021,12,27,14,0,913
2021,12,27,14,10,940
2021,12,27,14,20,966
2021,12,27,14,30,990
2021,12,27,14,40,1050
2021,12,27,14,50,1069
2021,12,27,15,0,1087
2021,12,27,15,10,1101
2021,12,27,15,20,1115
2021,12,27,15,30,1127
2021,12,27,15,40,1137
2021,12,27,15,50,1054
2021,12,27,16,0,1151
2021,12,27,16,10,1155
2021,12,27,16,20,1157
2021,12,27,16,30,1157
2021,12,27,16,40,1154
2021,12,27,16,50,1149
2021,12,27,17,0,1143
2021,12,27,17,10,1131
2021,12,27,17,20,1121
2021,12,27,17,30,1108
2021,12,27,17,40,950
2021,12,27,17,50,949
2021,12,27,18,0,566
2021,12,27,18,10,884
2021,12,27,18,20,1004
2021,12,27,18,30,979
2021,12,27,18,40,884
2021,12,27,18,50,350
2021,12,27,19,0,704
2021,12,27,19,10,317
2021,12,27,19,20,230
2021,12,27,19,30,266
2021,12,27,19,40,25
2021,12,27,19,50,233
2021,12,27,20,0,245
2021,12,27,20,10,170
2021,12,27,20,20,115
2021,12,27,20,30,60
2021,12,27,20,40,44
2021,12,27,20,50,52
2021,12,27,21,0,36
2021,12,27,21,10,33
2021,12,27,21,20,8
2021,12,27,21,30,12
2021,12,27,21,40,92
2021,12,27,21,50,77
2021,12,27,22,0,35
2021,12,27,22,10,8
2021,12,27,22,20,16
2021,12,27,22,30,38
2021,12,27,22,40,17
2021,12,27,22,50,10
2021,12,27,23,0,3
2021,12,27,23,10,0
2021,12,27,23,20,0
2021,12,27,23,30,0
2021,12,27,23,40,0
2021,12,27,23,50,0
2021,12,28,0,0,0
2021,12,28,0,10,0
2021,12,28,0,20,0
2021,12,28,0,30,0
2021,12,28,0,40,0
2021,12,28,0,50,0
2021,12,28,1,0,0
2021,12,28,1,10,0
2021,12,28,1,20,0
2021,12,28,1,30,0
2021,12,28,1,40,0
2021,12,28,1,50,0
2021,12,28,2,0,0
2021,12,28,2,10,0
2021,12,28,2,20,0
2021,12,28,2,30,0
2021,12,28,2,40,0
2021,12,28,2,50,0
2021,12,28,3,0,0
2021,12,28,3,10,0
2021,12,28,3,20,0
2021,12,28,3,30,0
2021,12,28,3,40,0
2021,12,28,3,50,0
2021,12,28,4,0,0
2021,12,28,4,10,0
2021,12,28,4,20,0
2021,12,28,4,30,0
2021,12,28,4,40,0
2021,12,28,4,50,0
2021,12,28,5,0,0
2021,12,28,5,10,0
2021,12,28,5,20,0
2021,12,28,5,30,0
2021,12,28,5,40,0
2021,12,28,5,50,0
2021,12,28,6,0,0
2021,12,28,6,10,0
2021,12,28,6,20,0
2021,12,28,6,30,0
2021,12,28,6,40,0
2021,12,28,6,50,0
2021,12,28,7,0,0
2021,12,28,7,10,0
2021,12,28,7,20,0
2021,12,28,7,30,0
2021,12,28,7,40,0
2021,12,28,7,50,0
2021,12,28,8,0,0
2021,12,28,8,10,0
2021,12,28,8,20,0
2021,12,28,8,30,0
2021,12,28,8,40,0
2021,12,28,8,50,0
2021,12,28,9,0,0
2021,12,28,9,10,0
2021,12,28,9,20,0
2021,12,28,9,30,0
2021,12,28,9,40,0
2021,12,28,9,50,5
2021,12,28,10,0,14
2021,12,28,10,10,10
2021,12,28,10,20,13
2021,12,28,10,30,24
2021,12,28,10,40,18
2021,12,28,10,50,8
2021,12,28,11,0,33
2021,12,28,11,10,54
2021,12,28,11,20,44
2021,12,28,11,30,62
2021,12,28,11,40,109
2021,12,28,11,50,123
2021,12,28,12,0,173
2021,12,28,12,10,179
2021,12,28,12,20,164
2021,12,28,12,30,209
2021,12,28,12,40,214
2021,12,28,12,50,185
2021,12,28,13,0,211
2021,12,28,13,10,181
2021,12,28,13,20,199
2021,12,28,13,30,211
2021,12,28,13,40,193
2021,12,28,13,50,167
2021,12,28,14,0,206
2021,12,28,14,10,389
2021,12,28,14,20,669
2021,12,28,14,30,692
2021,12,28,14,40,653
2021,12,28,14,50,653
2021,12,28,15,0,808
2021,12,28,15,10,717
2021,12,28,15,20,822
2021,12,28,15,30,752
2021,12,28,15,40,596
2021,12,28,15,50,780
2021,12,28,16,0,718
2021,12,28,16,10,461
2021,12,28,16,20,569
2021,12,28,16,30,648
2021,12,28,16,40,598
2021,12,28,16,50,708
2021,12,28,17,0,984
2021,12,28,17,10,1138
2021,12,28,17,20,1128
2021,12,28,17,30,652
2021,12,28,17,40,924
2021,12,28,17,50,798
2021,12,28,18,0,857
2021,12,28,18,10,785
2021,12,28,18,20,746
2021,12,28,18,30,505
2021,12,28,18,40,844
2021,12,28,18,50,928
2021,12,28,19,0,899
2021,12,28,19,10,778
2021,12,28,19,20,836
2021,12,28,19,30,800
2021,12,28,19,40,759
2021,12,28,19,50,723
2021,12,28,20,0,61
2021,12,28,20,10,61
2021,12,28,20,20,609
2021,12,28,20,30,569
2021,12,28,20,40,438
2021,12,28,20,50,379
2021,12,28,21,0,38
2021,12,28,21,10,18
2021,12,28,21,20,180
2021,12,28,21,30,281
2021,12,28,21,40,266
2021,12,28,21,50,226
2021,12,28,22,0,187
2021,12,28,22,10,150
2021,12,28,22,20,114
2021,12,28,22,30,71
2021,12,28,22,40,47
2021,12,28,22,50,27
2021,12,28,23,0,7
2021,12,28,23,10,0
2021,12,28,23,20,0
2021,12,28,23,30,0
2021,12,28,23,40,0
2021,12,28,23,50,0
2021,12,29,0,0,0
2021,12,29,0,10,0
2021,12,29,0,20,0
2021,12,29,0,30,0
2021,12,29,0,40,0
2021,12,29,0,50,0
2021,12,29,1,0,0
2021,12,29,1,10,0
2021,12,29,1,20,0
2021,12,29,1,30,0
2021,12,29,1,40,0
2021,12,29,1,50,0
2021,12,29,2,0,0
2021,12,29,2,10,0
2021,12,29,2,20,0
2021,12,29,2,30,0
2021,12,29,2,40,0
2021,12,29,2,50,0
2021,12,29,3,0,0
2021,12,29,3,10,0
2021,12,29,3,20,0
2021,12,29,3,30,0
2021,12,29,3,40,0
2021,12,29,3,50,0
2021,12,29,4,0,0
2021,12,29,4,10,0
2021,12,29,4,20,0
2021,12,29,4,30,0
2021,12,29,4,40,0
2021,12,29,4,50,0
2021,12,29,5,0,0
2021,12,29,5,10,0
2021,12,29,5,20,0
2021,12,29,5,30,0
2021,12,29,5,40,0
2021,12,29,5,50,0
2021,12,29,6,0,0
2021,12,29,6,10,0
2021,12,29,6,20,0
2021,12,29,6,30,0
2021,12,29,6,40,0
2021,12,29,6,50,0
2021,12,29,7,0,0
2021,12,29,7,10,0
2021,12,29,7,20,0
2021,12,29,7,30,0
2021,12,29,7,40,0
2021,12,29,7,50,0
2021,12,29,8,0,0
2021,12,29,8,10,0
2021,12,29,8,20,0
2021,12,29,8,30,0
2021,12,29,8,40,0
2021,12,29,8,50,0
2021,12,29,9,0,0
2021,12,29,9,10,0
2021,12,29,9,20,0
2021,12,29,9,30,0
2021,12,29,9,40,0
2021,12,29,9,50,6
2021,12,29,10,0,20
2021,12,29,10,10,72
2021,12,29,10,20,52
2021,12,29,10,30,94
2021,12,29,10,40,111
2021,12,29,10,50,89
2021,12,29,11,0,209
2021,12,29,11,10,86
2021,12,29,11,20,129
2021,12,29,11,30,310
2021,12,29,11,40,264
2021,12,29,11,50,341
2021,12,29,12,0,448
2021,12,29,12,10,421
2021,12,29,12,20,474
2021,12,29,12,30,467
2021,12,29,12,40,506
2021,12,29,12,50,610
2021,12,29,13,0,643
2021,12,29,13,10,663
2021,12,29,13,20,665
2021,12,29,13,30,875
2021,12,29,13,40,685
2021,12,29,13,50,661
2021,12,29,14,0,968
2021,12,29,14,10,995
2021,12,29,14,20,1021
2021,12,29,14,30,1045
2021,12,29,14,40,1069
2021,12,29,14,50,1089
2021,12,29,15,0,1108
2021,12,29,15,10,1124
2021,12,29,15,20,1139
2021,12,29,15,30,1151
2021,12,29,15,40,1163
2021,12,29,15,50,1171
2021,12,29,16,0,1177
2021,12,29,16,10,1181
2021,12,29,16,20,1183
2021,12,29,16,30,1183
2021,12,29,16,40,1181
2021,12,29,16,50,1173
2021,12,29,17,0,1167
2021,12,29,17,10,1158
2021,12,29,17,20,1148
2021,12,29,17,30,1135
2021,12,29,17,40,1120
2021,12,29,17,50,1103
2021,12,29,18,0,1085
2021,12,29,18,10,1064
2021,12,29,18,20,1042
2021,12,29,18,30,1018
2021,12,29,18,40,988
2021,12,29,18,50,960
2021,12,29,19,0,931
2021,12,29,19,10,900
2021,12,29,19,20,868
2021,12,29,19,30,834
2021,12,29,19,40,795
2021,12,29,19,50,759
2021,12,29,20,0,722
2021,12,29,20,10,683
2021,12,29,20,20,644
2021,12,29,20,30,603
2021,12,29,20,40,561
2021,12,29,20,50,518
2021,12,29,21,0,475
2021,12,29,21,10,433
2021,12,29,21,20,390
2021,12,29,21,30,347
2021,12,29,21,40,303
2021,12,29,21,50,261
2021,12,29,22,0,219
2021,12,29,22,10,178
2021,12,29,22,20,138
2021,12,29,22,30,101
2021,12,29,22,40,66
2021,12,29,22,50,37
2021,12,29,23,0,15
2021,12,29,23,10,0
2021,12,29,23,20,0
2021,12,29,23,30,0
2021,12,29,23,40,0
2021,12,29,23,50,0
2021,12,30,0,0,0
2021,12,30,0,10,0
2021,12,30,0,20,0
2021,12,30,0,30,0
2021,12,30,0,40,0
2021,12,30,0,50,0
2021,12,30,1,0,0
2021,12,30,1,10,0
2021,12,30,1,20,0
2021,12,30,1,30,0
2021,12,30,1,40,0
2021,12,30,1,50,0
2021,12,30,2,0,0
2021,12,30,2,10,0
2021,12,30,2,20,0
2021,12,30,2,30,0
2021,12,30,2,40,0
2021,12,30,2,50,0
2021,12,30,3,0,0
2021,12,30,3,10,0
2021,12,30,3,20,0
2021,12,30,3,30,0
2021,12,30,3,40,0
2021,12,30,3,50,0
2021,12,30,4,0,0
2021,12,30,4,10,0
2021,12,30,4,20,0
2021,12,30,4,30,0
2021,12,30,4,40,0
2021,12,30,4,50,0
2021,12,30,5,0,0
2021,12,30,5,10,0
2021,12,30,5,20,0
2021,12,30,5,30,0
2021,12,30,5,40,0
2021,12,30,5,50,0
2021,12,30,6,0,0
2021,12,30,6,10,0
2021,12,30,6,20,0
2021,12,30,6,30,0
2021,12,30,6,40,0
2021,12,30,6,50,0
2021,12,30,7,0,0
2021,12,30,7,10,0
2021,12,30,7,20,0
2021,12,30,7,30,0
2021,12,30,7,40,0
2021,12,30,7,50,0
2021,12,30,8,0,0
2021,12,30,8,10,0
2021,12,30,8,20,0
2021,12,30,8,30,0
2021,12,30,8,40,0
2021,12,30,8,50,0
2021,12,30,9,0,0
2021,12,30,9,10,0
2021,12,30,9,20,0
2021,12,30,9,30,0
2021,12,30,9,40,0
2021,12,30,9,50,7
2021,12,30,10,0,22
2021,12,30,10,10,71
2021,12,30,10,20,61
2021,12,30,10,30,57
2021,12,30,10,40,66
2021,12,30,10,50,81
2021,12,30,11,0,181
2021,12,30,11,10,315
2021,12,30,11,20,359
2021,12,30,11,30,402
2021,12,30,11,40,447
2021,12,30,11,50,490
2021,12,30,12,0,533
2021,12,30,12,10,575
2021,12,30,12,20,620
2021,12,30,12,30,661
2021,12,30,12,40,702
2021,12,30,12,50,741
2021,12,30,13,0,779
2021,12,30,13,10,815
2021,12,30,13,20,851
2021,12,30,13,30,885
2021,12,30,13,40,917
2021,12,30,13,50,948
2021,12,30,14,0,978
2021,12,30,14,10,1006
2021,12,30,14,20,1032
2021,12,30,14,30,1056
2021,12,30,14,40,1078
2021,12,30,14,50,1099
2021,12,30,15,0,1114
2021,12,30,15,10,1130
2021,12,30,15,20,1145
2021,12,30,15,30,1157
2021,12,30,15,40,1168
2021,12,30,15,50,1172
2021,12,30,16,0,1178
2021,12,30,16,10,1183
2021,12,30,16,20,1185
2021,12,30,16,30,1185
2021,12,30,16,40,1179
2021,12,30,16,50,1174
2021,12,30,17,0,1168
2021,12,30,17,10,1160
2021,12,30,17,20,1149
2021,12,30,17,30,1133
2021,12,30,17,40,1118
2021,12,30,17,50,1101
2021,12,30,18,0,881
2021,12,30,18,10,773
2021,12,30,18,20,675
2021,12,30,18,30,758
2021,12,30,18,40,744
2021,12,30,18,50,207
2021,12,30,19,0,40
2021,12,30,19,10,398
2021,12,30,19,20,601
2021,12,30,19,30,565
2021,12,30,19,40,631
2021,12,30,19,50,521
2021,12,30,20,0,558
2021,12,30,20,10,606
2021,12,30,20,20,513
2021,12,30,20,30,613
2021,12,30,20,40,571
2021,12,30,20,50,529
2021,12,30,21,0,486
2021,12,30,21,10,443
2021,12,30,21,20,320
2021,12,30,21,30,302
2021,12,30,21,40,310
2021,12,30,21,50,269
2021,12,30,22,0,226
2021,12,30,22,10,185
2021,12,30,22,20,54
2021,12,30,22,30,62
2021,12,30,22,40,25
2021,12,30,22,50,20
2021,12,30,23,0,5
2021,12,30,23,10,0
2021,12,30,23,20,0
2021,12,30,23,30,0
2021,12,30,23,40,0
2021,12,30,23,50,0
2021,12,31,0,0,0
2021,12,31,0,10,0
2021,12,31,0,20,0
2021,12,31,0,30,0
2021,12,31,0,40,0
2021,12,31,0,50,0
2021,12,31,1,0,0
2021,12,31,1,10,0
2021,12,31,1,20,0
2021,12,31,1,30,0
2021,12,31,1,40,0
2021,12,31,1,50,0
2021,12,31,2,0,0
2021,12,31,2,10,0
2021,12,31,2,20,0
2021,12,31,2,30,0
2021,12,31,2,40,0
2021,12,31,2,50,0
2021,12,31,3,0,0
2021,12,31,3,10,0
2021,12,31,3,20,0
2021,12,31,3,30,0
2021,12,31,3,40,0
2021,12,31,3,50,0
2021,12,31,4,0,0
2021,12,31,4,10,0
2021,12,31,4,20,0
2021,12,31,4,30,0
2021,12,31,4,40,0
2021,12,31,4,50,0
2021,12,31,5,0,0
2021,12,31,5,10,0
2021,12,31,5,20,0
2021,12,31,5,30,0
2021,12,31,5,40,0
2021,12,31,5,50,0
2021,12,31,6,0,0
2021,12,31,6,10,0
2021,12,31,6,20,0
2021,12,31,6,30,0
2021,12,31,6,40,0
2021,12,31,6,50,0
2021,12,31,7,0,0
2021,12,31,7,10,0
2021,12,31,7,20,0
2021,12,31,7,30,0
2021,12,31,7,40,0
2021,12,31,7,50,0
2021,12,31,8,0,0
2021,12,31,8,10,0
2021,12,31,8,20,0
2021,12,31,8,30,0
2021,12,31,8,40,0
2021,12,31,8,50,0
2021,12,31,9,0,0
2021,12,31,9,10,0
2021,12,31,9,20,0
2021,12,31,9,30,0
2021,12,31,9,40,0
2021,12,31,9,50,6
2021,12,31,10,0,27
2021,12,31,10,10,42
2021,12,31,10,20,96
2021,12,31,10,30,133
2021,12,31,10,40,172
2021,12,31,10,50,212
2021,12,31,11,0,254
2021,12,31,11,10,296
2021,12,31,11,20,339
2021,12,31,11,30,383
2021,12,31,11,40,425
2021,12,31,11,50,468
2021,12,31,12,0,510
2021,12,31,12,10,552
2021,12,31,12,20,594
2021,12,31,12,30,634
2021,12,31,12,40,673
2021,12,31,12,50,711
2021,12,31,13,0,750
2021,12,31,13,10,786
2021,12,31,13,20,821
2021,12,31,13,30,855
2021,12,31,13,40,888
2021,12,31,13,50,918
2021,12,31,14,0,948
2021,12,31,14,10,976
2021,12,31,14,20,1006
2021,12,31,14,30,1030
2021,12,31,14,40,1056
2021,12,31,14,50,1077
2021,12,31,15,0,1095
2021,12,31,15,10,1112
2021,12,31,15,20,1127
2021,12,31,15,30,1140
2021,12,31,15,40,1150
2021,12,31,15,50,1158
2021,12,31,16,0,1165
2021,12,31,16,10,1169
2021,12,31,16,20,1175
2021,12,31,16,30,1175
2021,12,31,16,40,1175
2021,12,31,16,50,1171
2021,12,31,17,0,1164
2021,12,31,17,10,1156
2021,12,31,17,20,1145
2021,12,31,17,30,1132
2021,12,31,17,40,1118
2021,12,31,17,50,1101
2021,12,31,18,0,1083
2021,12,31,18,10,1062
2021,12,31,18,20,1039
2021,12,31,18,30,1015
2021,12,31,18,40,988
2021,12,31,18,50,961
2021,12,31,19,0,932
2021,12,31,19,10,901
2021,12,31,19,20,868
2021,12,31,19,30,834
2021,12,31,19,40,801
2021,12,31,19,50,765
2021,12,31,20,0,727
2021,12,31,20,10,688
2021,12,31,20,20,649
2021,12,31,20,30,608
2021,12,31,20,40,562
2021,12,31,20,50,404
2021,12,31,21,0,378
2021,12,31,21,10,272
2021,12,31,21,20,9
2021,12,31,21,30,236
2021,12,31,21,40,191
2021,12,31,21,50,106
2021,12,31,22,0,15
2021,12,31,22,10,23
2021,12,31,22,20,4
2021,12,31,22,30,34
2021,12,31,22,40,47
2021,12,31,22,50,27
2021,12,31,23,0,7
2021,12,31,23,10,0
2021,12,31,23,20,0
2021,12,31,23,30,0
2021,12,31,23,40,0
2021,12,31,23,50,0
